jet0Pt,jet0Eta,jet0Phi,jet1Pt,jet1Eta,jet1Phi,DiTauPt,DiTauEta,DiTauPhi,SignedDeltaPhi,Weight
225.84,1.84325,2.91359,209.683,-1.83249,-1.93163,204.549,0.0635917,0.452851,-1.43797,0.0339627
247.779,-2.497,2.33062,83.9525,2.05549,-1.80548,137.025,-1.88054,-0.500056,2.14708,0.0384648
83.0818,2.95176,-0.174863,64.0986,-1.49038,1.17177,85.4374,2.07396,-2.47436,-1.34664,0.0325673
234.487,2.32134,0.868267,87.6692,-4.09103,-2.37632,56.2693,1.03047,-1.93807,-3.0386,0.0364653
50.3404,-4.1884,-0.573821,47.5905,4.15376,-0.223962,84.6907,-1.119,2.75779,0.349859,0.0343363
43.4337,-3.65136,0.817592,30.0865,1.56485,-0.382728,38.113,-1.33576,2.33423,-1.20032,0.0310418
230.391,2.01737,-1.70466,34.8887,-4.36359,2.75655,91.5519,-0.668203,1.01106,1.82198,0.0355435
99.0816,2.32193,0.239874,94.2564,-3.45706,1.81167,138.685,-0.425763,-2.24475,-1.57179,0.0345161
202.994,1.18336,1.28694,43.9529,-2.26896,1.23734,144.271,0.351831,-1.87327,0.0496023,0.0320084
265.746,2.69004,1.80286,190.37,-1.82499,-0.649247,101.769,0.0963824,-1.27511,2.4521,0.035369
98.7327,2.5018,3.02624,88.3209,-1.56622,-2.67177,145.957,0.997573,0.201316,-0.58517,0.0321021
130.82,-2.84931,-0.270922,30.2322,1.74182,2.65199,76.4549,-1.8401,-2.75911,2.92291,0.0322661
210.804,3.06851,1.90759,103.156,-1.60789,-1.32866,68.2521,1.38898,-1.19745,-3.04694,0.0346848
126.703,-2.48773,0.646337,52.1079,2.16023,2.9661,53.0081,-0.762111,-1.85627,2.31976,0.0323073
116.345,-2.00453,-0.922301,76.7915,2.01621,-1.1152,31.9982,1.67425,1.20502,-0.192902,0.0333199
159.654,2.76873,-0.882173,66.4799,-2.08825,0.709812,84.3629,-0.312641,2.6742,-1.59198,0.0333308
193.677,2.84527,0.806147,67.5738,-0.547652,-1.48306,107.963,0.608097,-2.72028,2.28921,0.0304835
67.2866,-4.09376,0.148735,64.6169,2.08586,0.643754,94.8928,-0.835415,2.83726,0.495019,0.0328601
103.187,-0.242247,2.46089,81.4303,4.2983,0.830576,83.8763,1.26804,-1.17157,-1.63031,0.0347738
82.8846,-1.81007,-0.516835,42.4834,3.8202,-2.2353,73.5296,1.725,2.1855,-1.71847,0.0319713
128.9,-1.63214,-1.95467,68.2691,2.92834,-1.91023,135.763,0.941599,0.98398,0.0444394,0.0328272
170.722,1.82209,2.20172,30.366,-3.68355,2.79633,120.285,-0.388164,-0.727365,-0.594608,0.0351194
95.0632,-3.15475,-1.76098,73.9477,2.9619,-0.829047,106.8,0.0240863,2.15174,0.931933,0.0311217
86.6615,-2.25194,-0.452304,66.3893,3.0842,-0.0667193,115.991,-0.383476,2.71067,0.385585,0.0332472
98.2206,2.17053,-0.922295,84.3137,-1.0028,3.0516,97.5102,0.817892,2.11705,2.30929,0.0303868
67.5084,-3.14179,2.9419,55.9576,1.36621,2.4883,69.8798,-0.155353,-0.46792,-0.453602,0.0303421
162.98,1.55147,1.4503,61.0743,-3.12195,0.405143,135.808,-0.212815,-1.47882,1.04516,0.0330158
111.197,2.10653,1.60265,63.2024,-4.11117,0.208882,86.0759,1.03836,-2.12237,1.39377,0.0357028
67.8813,2.59136,-1.08585,62.4332,-3.36864,-1.3034,71.1328,0.81401,1.66876,0.217549,0.0335616
115.578,-3.14841,0.180048,92.0999,1.53287,1.85042,115.296,-1.54676,-2.49364,1.67037,0.0368463
74.8617,2.54238,1.94925,42.2774,-1.19966,-2.57972,64.0708,0.192827,-0.438693,-1.75421,0.0291407
47.257,3.54225,2.7233,38.6422,-1.71953,-1.40752,35.7476,1.74952,0.752823,-2.15236,0.0325705
102.939,2.68038,-1.27723,63.7444,-2.24418,3.06654,78.4551,1.55421,0.820435,1.93942,0.0313
113.33,1.70387,-0.533598,57.8207,-2.84551,2.01444,50.8346,0.931741,2.96025,-2.54804,0.0321892
165.75,-3.05155,-1.02708,57.0041,0.585824,2.06028,63.25,-1.95293,2.26438,3.08736,0.0325036
104.524,-0.332179,2.37589,52.5338,4.61069,-1.29329,20.7179,2.22374,-0.653918,2.614,0.0323265
131.326,1.39827,1.86643,96.8189,-2.45238,2.80586,130.532,0.363412,-0.744334,-0.939435,0.0325186
175.987,-2.42926,-2.84092,65.0037,2.25694,0.99347,112.135,-0.249251,0.000441902,-2.44879,0.0339386
79.3146,-0.470445,-1.5508,40.5767,4.7441,-0.294488,51.9186,1.51896,1.55174,1.25631,0.035324
95.3972,2.53201,0.0704494,43.1571,-2.78138,-1.50742,62.3816,1.77751,2.30006,1.57787,0.0323155
129.597,3.13775,3.03349,91.251,-3.45621,-1.82087,80.5504,-1.87916,1.10491,-1.42882,0.0364105
98.6476,-3.14341,-0.638697,66.5727,1.83309,0.0467052,111.964,-1.00713,2.67571,0.685402,0.0340149
121.197,2.53967,2.98566,66.5927,-0.49238,3.05385,73.2158,1.93157,-0.40336,-0.0681868,0.0335221
110.081,2.59487,2.66081,71.9884,-1.22306,0.884218,56.7908,-0.386874,-0.512018,1.77659,0.0318617
134.681,-1.58565,-2.04391,72.5073,2.99825,-3.13369,160.65,-0.485859,0.73331,-1.08978,0.0326654
78.6878,3.1787,2.87668,39.5797,-1.55139,2.23764,119.2,1.50921,-0.666817,0.639041,0.0297347
111.112,2.79873,1.8618,90.0029,-2.27704,1.69286,167.346,1.7843,-1.64507,0.168943,0.0329263
269.36,3.08911,-2.24432,76.4522,-1.78891,2.76372,123.745,-0.292512,0.649055,1.27514,0.0336466
291.433,-1.8048,0.952331,201.189,2.03432,-2.19744,258.326,1.32538,-1.85556,3.13341,0.0345156
97.4936,-2.55489,0.335202,39.141,2.1004,-0.838787,82.8185,-1.52849,3.09041,-1.17399,0.0315279
87,-2.35603,0.178444,58.6449,2.10673,-0.237965,117.644,-1.1161,3.11475,-0.416409,0.0318871
53.4496,-2.6919,-0.0723626,44.68,3.17428,-0.64456,79.1368,1.01252,2.71775,-0.572198,0.033376
87.0378,0.845321,-0.510302,47.3528,-3.23066,-0.314972,184.291,-0.0440233,2.76421,-0.19533,0.0297805
74.8963,3.02235,1.77353,53.2235,-1.00943,2.02221,65.0763,0.47532,-2.59656,-0.248681,0.0339084
157.579,0.813271,2.44562,51.4905,-2.32867,1.7584,51.1497,-0.382895,-0.770369,0.68722,0.0314058
190.818,-2.2997,-2.5136,93.7425,1.55969,-2.75107,212.441,-1.07046,0.457553,-0.237466,0.0333331
151.025,1.04434,-3.0973,66.6854,-3.40178,-2.56272,106.437,0.0257312,0.212289,-0.534577,0.0310498
90.2248,-3.43811,-0.708446,34.7415,0.374439,1.72088,44.6786,-2.15177,2.94619,2.42932,0.0320242
89.1992,3.88643,-0.462283,64.0674,-1.40983,1.97835,39.7304,-1.41954,2.76157,-2.44063,0.0336315
100.355,-3.12793,-0.297723,46.0084,1.63733,-0.7287,83.7108,0.674974,3.03648,-0.430977,0.0331567
130.975,2.08568,-2.77398,120.842,-2.72662,-1.81053,200.25,0.982103,0.799732,-0.963445,0.0359638
169.369,-0.708809,3.02486,41.0285,3.22873,2.65358,133.356,1.26887,-0.228856,-0.371283,0.0327529
74.7191,0.382127,-0.618114,58.6511,-4.62936,-2.17258,78.095,-1.15711,1.30518,1.55447,0.033681
82.8656,-3.1852,2.86375,70.9764,3.48029,-2.35147,119.452,2.13307,0.252136,1.06796,0.036437
56.3631,-3.03049,-2.87258,44.837,3.17999,2.79738,54.7813,0.433617,0.468623,-0.61323,0.0325767
83.3227,2.01336,0.885502,51.3267,-1.78848,1.01088,107.027,1.45854,-2.2745,-0.125383,0.0279168
160.279,-2.14737,0.404557,57.6606,1.58762,-0.628226,159.482,-0.272287,-2.85738,-1.03278,0.0323542
400.349,1.41618,-1.66265,59.9612,-3.25039,2.99508,272.831,0.810989,1.3169,1.62546,0.0325826
153.561,-2.80921,-2.76077,53.5107,3.29581,-2.86302,139.362,0.211263,-0.0374951,-0.102244,0.036292
179.138,-2.7053,2.16965,75.4226,1.91257,0.250163,103.502,-1.32153,-1.34773,-1.91949,0.0330928
82.7706,1.77715,-1.35367,74.102,-2.71269,0.0897394,73.8969,1.14017,3.11741,-1.44341,0.0329328
87.7718,-3.78537,2.20119,48.9217,0.612198,-0.302564,24.3511,-0.924951,-1.22229,-2.50376,0.0327752
99.5043,2.87094,2.6752,58.7324,-2.85711,1.30247,77.0703,-0.142291,-1.52802,1.37273,0.0340011
211.042,-1.32931,-2.21779,41.7715,1.9351,1.0961,156.709,1.13315,0.904659,-2.96929,0.035899
92.1326,1.96588,-2.85916,70.0748,-4.51472,-1.85424,162.994,-0.801529,0.680748,-1.00493,0.0372446
139.136,3.36915,1.5951,98.2628,-1.93215,-0.867366,53.472,0.0991738,-2.23464,2.46247,0.0344033
180.816,-2.47555,-1.785,61.0379,2.4741,2.18785,69.8469,-1.14218,1.19581,-2.31033,0.0316745
260.699,1.98479,1.00095,52.0146,-2.82308,-0.251891,143.521,0.381308,-2.44455,1.25284,0.0334222
144.072,3.10851,-0.84165,100.832,-2.15088,1.63669,37.2322,1.07564,2.9878,-2.47834,0.0323666
168.772,-2.31614,-2.2266,57.1176,2.96018,-3.09887,109.726,1.02352,0.429703,-0.872275,0.0339955
84.2217,1.75551,1.66584,70.1457,-3.40199,-0.876821,50.7709,-2.44557,-2.13338,2.54266,0.0330488
168.55,2.13238,3.05751,138.117,-1.74194,1.723,175.979,0.392284,-0.665672,1.33451,0.0328585
146.978,1.03724,2.58949,90.9352,-3.72473,0.394033,131.691,-0.736427,-1.10238,2.19546,0.0327306
140.656,-0.88883,-0.162197,80.9407,3.36778,-0.484599,148.786,2.08572,2.92056,-0.322402,0.0337229
72.8733,-2.59259,0.551544,44.4917,2.72871,-2.46497,40.612,1.61693,-2.80626,-3.01651,0.0286168
82.9249,-2.6091,-2.43217,82.8759,2.91908,1.83913,126.886,1.48769,-0.483916,-2.01189,0.033643
113.768,0.266205,2.23547,54.2714,-2.89831,1.52471,96.3454,-0.442113,-1.3203,0.710753,0.0317692
142.4,3.6945,-2.6606,106.27,-0.968961,-1.38136,88.8336,0.564762,1.12764,-1.27924,0.0346195
191.114,0.297412,2.47915,40.4973,-3.20008,-0.217917,106.918,-1.15777,-0.982122,2.69706,0.0324448
170.02,-2.66376,-2.00679,41.3467,1.14905,-0.158133,53.3112,-0.897518,1.72941,1.84866,0.0315832
81.7705,2.67695,-1.60446,70.9777,-2.68139,-0.880525,77.7739,1.06378,1.19141,-0.723936,0.0351288
122.297,2.0558,-1.86673,111.618,-2.22466,-3.01798,125.469,-0.242493,1.10567,1.15126,0.0326743
91.9301,1.81308,1.09955,58.1279,-2.60355,-1.16275,24.1818,-2.23934,-2.42033,2.26231,0.030671
195.882,-3.31443,3.05848,38.7184,1.91466,0.138941,86.4807,0.630493,-0.292511,-2.91954,0.0315622
84.2763,-2.81939,-2.64995,56.1063,4.30415,-1.97786,104.784,-1.26999,0.914248,0.672092,0.0356641
242.039,2.14732,-1.37045,43.1621,-2.91011,-2.34037,210.017,1.0033,1.6005,0.969914,0.0339117
198.821,-1.72073,1.12941,35.6761,4.14883,3.01448,118.78,1.19897,-1.81127,1.88507,0.0333789
106.855,2.33396,2.89688,103.409,-2.29223,-1.75403,61.9329,-0.276833,0.375311,-1.63227,0.0328135
257.884,-2.9632,-0.439443,52.1564,3.10079,0.583737,279.642,0.467861,2.77638,1.02318,0.0354685
103.825,3.11183,1.56682,50.2358,-2.45118,-2.16976,65.806,1.40773,-1.27681,-2.5466,0.0334431
85.4178,2.11638,2.39956,44.0041,-1.58899,1.81554,112.619,0.941579,-1.04109,0.584023,0.0296193
152.637,2.21266,-0.568859,74.2689,-3.66386,-0.521126,121.33,-1.5389,2.58218,-0.0477327,0.0354051
79.4372,-1.82617,-1.78553,40.2652,2.27286,-0.395514,59.153,0.551512,2.09428,1.39002,0.0315936
118.635,-0.710825,-0.224361,90.9732,2.67963,-1.49097,138.615,-0.293492,2.42619,-1.26661,0.0315819
318.55,-1.60142,0.60672,57.538,3.0447,-1.1797,171.421,1.32671,-2.69984,-1.78642,0.0345808
74.0954,0.145431,1.61058,58.1906,-3.74563,1.22997,70.0214,-1.10092,-1.9225,0.380615,0.0319072
200.117,-0.606718,-2.68515,100.72,3.75384,-0.215384,139.184,0.307336,1.29554,2.46977,0.0345437
114.05,-0.51132,-0.484069,30.9321,3.50496,1.84416,99.1491,2.10941,2.83672,2.32823,0.0307542
60.8724,3.4255,-1.20924,39.8235,-2.59,-2.99723,55.6777,0.999292,1.47,1.78799,0.0317106
77.822,-2.58403,1.36823,41.5441,3.45914,-3.0475,60.1749,0.795852,-0.986885,1.86745,0.0331896
85.6068,-2.12734,2.59345,38.3908,3.42369,2.37282,54.0217,-1.68628,-0.499303,-0.220637,0.0320099
168.141,2.86244,-2.75901,81.7677,-3.49369,-1.40766,118.246,1.67421,0.558635,-1.35135,0.0370258
244.648,1.71083,2.59388,60.563,-4.39867,0.0127765,67.1474,-0.00388085,-0.752057,2.5811,0.0363305
188.91,-2.02012,-1.1147,74.4011,2.32114,2.56905,116.46,0.237603,1.63286,-2.59943,0.0333882
201.247,1.86959,2.30294,54.81,-2.63818,-2.76752,84.9687,-0.536285,-0.452689,-1.21273,0.0304811
134.31,3.04671,1.52206,54.1585,-2.72571,2.70023,153.765,-1.14798,-1.36664,-1.17817,0.0342089
74.4853,-4.56057,-3.08747,58.3243,0.626643,2.86153,111.598,-0.811094,0.0767134,-0.334187,0.035588
45.0215,4.01797,0.615803,36.3533,-2.86815,0.408609,60.4371,2.46955,-2.49736,0.207194,0.0359172
141.984,-2.07634,2.15805,40.4826,1.54444,-1.03428,109.593,0.106694,-0.915636,3.09086,0.0315255
135.697,-2.25589,0.0786642,47.5536,3.43072,-1.53651,173.864,-1.9912,2.63859,-1.61518,0.0337268
108.116,1.78482,1.14448,72.34,-2.67485,2.83442,62.1585,-1.26759,-1.30642,-1.68994,0.0322138
226.18,-0.843318,2.48485,152.581,2.67402,2.48363,167.935,0.964525,-0.654084,-0.00121784,0.0326768
145.362,2.92427,-2.1917,35.7653,-3.63885,-1.30068,55.6015,1.67864,0.782381,-0.891025,0.0351612
88.9937,3.00604,-0.42913,88.013,-2.36549,-2.22683,72.3468,1.1442,1.84505,1.7977,0.0333925
143.789,2.37886,2.82437,40.7115,-3.72418,-2.69767,57.002,-1.05915,-0.524016,-0.761144,0.0341761
144.68,-1.81437,-1.28178,43.0297,2.89401,-2.50892,157.526,2.25257,1.48931,-1.22715,0.0345811
101.721,3.0926,0.291891,98.1227,-2.07105,1.34894,105.08,-0.177255,-1.97642,-1.05705,0.0338596
152.183,-1.15231,-3.01143,68.743,4.04832,-0.720397,59.7871,0.927955,0.697688,2.29103,0.0347655
87.7423,2.52494,3.11516,77.4759,-3.42422,-1.01388,60.7332,-1.42971,1.06472,-2.15414,0.0329669
88.7565,3.91867,-0.591837,46.2818,-1.12734,1.42183,42.5661,1.25022,-2.3678,-2.01366,0.0340964
231.404,1.95733,-0.241424,52.4871,-1.4525,-2.64354,145.131,1.59701,2.70716,2.40212,0.0323277
141.312,-1.42058,-2.52199,47.1962,4.08353,-2.11414,125.857,0.102187,1.07938,0.407848,0.032574
202.057,2.72294,0.560087,32.7614,-1.28294,-2.28681,84.256,2.12432,-2.06105,2.84689,0.0322013
155.656,-1.80108,1.87132,70.7271,2.84543,-1.8086,74.2908,0.821904,-0.460063,2.60326,0.0329666
243.71,2.50012,-2.31612,93.6049,-1.77951,1.30572,112.177,1.97988,0.170468,2.66135,0.0323143
221.139,-0.649516,0.811317,105.009,2.49139,-0.712554,158.67,0.281874,-2.55759,-1.52387,0.032734
158.451,-1.46566,0.0910313,58.9371,2.45731,-2.46241,70.7729,0.434798,3.07481,-2.55344,0.0294689
120.266,-2.60351,-3.10991,56.9062,2.61332,2.6787,51.8612,0.899872,-0.682606,-0.494578,0.0323317
63.2041,1.40585,-0.0227717,58.4704,-2.45063,-0.29396,60.1449,-1.99979,2.83335,0.271188,0.0297394
187.573,-2.4304,-2.73857,153.606,1.90429,2.39848,226.35,-1.18299,0.193759,-1.14614,0.0334548
63.177,3.66209,-0.823808,37.4157,-2.58183,-1.3493,97.6705,-0.205047,2.14198,0.525491,0.0360235
184.729,3.38866,1.54098,100.133,-0.809258,2.34612,88.8549,2.41205,-1.38478,-0.80514,0.0342923
111.844,-2.24519,-2.53273,77.586,2.82789,2.69054,109.533,0.154336,-0.111823,-1.05991,0.0332575
137.153,-3.17651,-1.88251,68.3502,1.67392,2.94118,77.4338,-0.585259,1.18809,-1.4595,0.0337625
221.645,2.77094,2.83509,107.023,-2.95594,-2.28453,185.215,0.232374,-0.220946,-1.16356,0.0357182
140.592,2.02181,-2.64209,57.387,-3.58193,-1.87944,166.909,-0.252681,0.589244,-0.762652,0.0343583
154.22,2.26653,1.46386,90.4784,-3.65426,1.13654,165.366,-0.474739,-2.03931,0.327314,0.0358183
164.112,-1.97257,-1.18619,104.354,3.01952,3.04436,101.575,-1.06803,1.57087,-2.05263,0.0344138
269.49,-3.51169,2.1813,198.866,1.73197,-2.07226,115.544,0.0529736,0.524895,2.02962,0.0374972
73.833,-2.87895,0.472562,68.618,1.69528,0.600043,94.4569,-0.98926,-2.6111,0.127481,0.0290443
218.132,1.76407,0.776536,104.105,-1.24341,-2.59638,79.1119,1.32128,-2.7594,-2.91027,0.0303363
152.193,0.534344,-0.437292,71.5909,-3.16238,-2.3352,105.544,-0.32631,2.58211,1.89791,0.0322317
89.5886,2.82095,-2.72765,42.1233,-4.41293,-1.78966,82.1608,-1.44774,0.540748,-0.937986,0.0352716
132.037,-2.70737,-1.55562,46.3308,2.73166,-0.233448,95.8699,-1.83018,1.897,1.32218,0.0288806
93.1139,-2.64922,-2.97001,60.5348,2.51588,-0.925714,91.0047,1.9032,0.926903,2.0443,0.0345384
86.8785,1.9932,2.17153,68.1323,-3.78663,0.161664,59.9074,0.295802,-1.73629,2.00986,0.0386071
61.444,3.94699,1.266,50.6842,-0.795411,-0.809943,75.8233,-0.93591,-2.53893,2.07594,0.0333792
97.7183,0.4179,2.45119,65.2649,-4.21683,2.49378,139.19,-2.22819,-0.293589,-0.042587,0.0351623
81.3759,0.289168,-1.86897,55.6504,-3.85139,-1.35348,137.631,-1.04395,1.53048,-0.51549,0.0306968
95.411,-2.15974,-0.697111,50.9627,2.38003,-1.15733,85.6894,-0.0791546,2.45067,-0.460214,0.0308648
164.74,2.41475,-0.18266,45.887,-3.13782,2.1875,101.093,0.978014,-2.97265,-2.37016,0.0335195
99.4521,2.89774,-0.015187,53.8029,-2.57513,-0.0952508,121.479,0.0169761,2.92085,0.0800638,0.0336257
167.298,-1.44003,-2.16157,45.3145,3.09678,2.9346,135.055,1.63638,0.538589,-1.18702,0.0335437
69.0961,3.84756,-1.49775,40.748,-2.51072,-1.04023,47.9995,0.572886,2.19662,-0.457511,0.0337767
114.781,-2.30659,0.960791,53.0913,3.42799,3.13344,120.834,1.25926,-1.48999,2.17265,0.0341855
111.213,-1.40098,1.43906,84.741,3.55445,1.01001,80.6471,0.332935,-1.69483,-0.429048,0.0335931
172.214,-2.50882,-0.046184,47.2119,1.2121,1.57154,134.024,-0.998491,-2.88914,1.61772,0.0303642
93.4331,-1.72647,1.09807,69.9692,1.96881,1.73973,53.0883,-0.31168,-1.0609,0.641657,0.0314378
143.73,-2.81151,-1.8459,33.397,1.78999,-2.89317,113.153,-1.04578,0.966218,-1.04726,0.0322681
321.223,1.59455,0.040421,32.7857,-3.24871,3.05879,212.634,0.249835,-3.11667,-3.01837,0.0337756
161.113,-2.45641,0.343323,51.5145,4.01061,1.04437,168.106,-0.103948,-2.75509,0.701043,0.033224
83.5299,-2.40099,0.134094,69.3658,1.1979,-0.194707,86.422,-1.06989,2.8466,-0.328801,0.0316593
105.218,-2.43889,0.125917,101.984,1.74671,0.979743,125.991,0.588504,-2.68836,0.853826,0.0324339
93.4855,4.12355,-2.20946,65.7008,-1.93745,-2.57912,74.6456,0.502221,0.643069,0.369662,0.0351784
110.65,1.98428,0.193995,48.5232,-2.54599,1.48962,66.907,1.36431,-2.71035,-1.29562,0.0294486
143.533,3.123,-1.16165,42.883,-2.5131,0.864286,104.158,-0.31969,2.54082,-2.02594,0.0321149
372.366,-1.9765,2.08149,122.906,3.08528,-1.49448,166.274,0.648242,-0.756802,2.70722,0.034168
254.836,1.42581,-0.0965166,90.146,-2.93816,-0.991355,210.866,0.128385,2.88907,0.894839,0.0337818
95.2497,-2.40592,-2.40968,48.1787,4.18019,-0.165901,47.2284,0.252836,1.30746,2.24378,0.0346653
46.6717,3.15846,2.44386,37.3767,-4.15002,-2.47901,67.4924,-1.43151,0.122634,-1.36031,0.0313598
208.212,1.44497,-0.164106,92.4724,-3.44246,2.56073,58.9571,-0.57159,2.71772,-2.72483,0.0342417
341.802,-1.04662,-0.129458,55.2115,2.51361,3.03818,191.467,0.304135,2.91278,-3.11555,0.0307191
241.667,-1.77039,-0.511387,50.7481,3.52776,-3.06786,88.7786,-0.0395976,2.72452,-2.55647,0.033917
149.542,2.49626,2.38586,66.9335,-3.37248,-2.24932,70.0922,-1.34791,-0.470689,-1.648,0.034408
103.991,-3.4324,2.04235,34.2582,3.34835,1.84993,75.4614,-1.86414,-1.25889,-0.192412,0.0345761
83.2119,-2.56896,-0.246088,80.0611,4.79734,-1.15916,40.0716,-2.06481,1.9094,-0.913077,0.0406778
123.494,-2.56127,0.838302,87.829,2.04283,0.662418,96.6972,-0.545877,-2.45817,-0.175884,0.0331812
140.118,-1.56546,-1.52025,57.1639,2.34647,0.045138,129.445,2.13057,2.13325,1.56539,0.0320324
93.5399,-1.27222,-1.76162,82.3763,2.66892,-2.71446,46.3246,2.03544,0.646905,-0.952842,0.0307209
162.916,2.93991,2.29628,41.5907,-2.61816,3.07586,92.0572,-0.808609,-0.601332,-0.77958,0.0303582
120.748,-2.07945,2.46407,87.4885,3.41752,0.0450577,57.857,1.80713,-1.7166,-2.41901,0.034039
133.284,-2.26679,-0.818518,80.5383,1.75129,-0.607942,137.376,0.395729,2.49913,0.210576,0.0327533
78.5525,-2.15531,2.28165,43.4295,1.65042,2.08821,105.889,-0.502998,-0.789945,-0.193443,0.0310456
155.214,-1.67906,0.840075,49.831,1.88365,-2.15302,56.9501,-0.904359,-2.22943,-2.9931,0.0294911
229.128,-1.01337,-2.13957,105.375,2.82158,-0.395041,91.7426,0.431648,1.77379,1.74453,0.0311463
79.06,2.94242,-2.22853,54.8644,-3.96995,1.18891,34.4061,1.54667,-1.5095,2.86574,0.0343791
122.264,-1.11013,2.62342,59.1176,2.91831,2.00116,69.3552,1.60769,-1.08208,-0.622265,0.0321428
99.4466,1.78955,0.265664,56.8177,-1.92337,0.21184,71.4696,0.28566,-2.51747,0.0538245,0.0317324
132.258,2.3822,-0.162398,96.9325,-1.74638,1.72686,138.226,0.18663,-2.30409,-1.88926,0.0313996
121.92,-1.18252,0.938899,60.04,3.40868,-0.272627,115.487,1.05514,-2.97262,-1.21153,0.0331271
168.12,-1.47656,0.395395,77.1935,3.22996,-0.811562,94.7913,1.58939,-2.97303,-1.20696,0.0338402
86.3946,-1.24437,-1.05477,36.2927,4.18101,0.276378,83.1054,2.02978,2.38776,1.33115,0.0328281
360.017,1.18988,-0.8299,92.6502,-4.03715,3.0031,236.943,-0.0608204,2.19057,2.45019,0.0363331
245.59,1.4873,-0.507498,68.4732,-4.4136,0.559706,173.482,0.261744,2.80955,-1.0672,0.0360568
103.881,-3.09152,-2.8106,79.8476,3.61716,-1.51551,94.4593,-0.915703,0.929492,1.29509,0.0360427
170.684,-1.55554,0.663658,64.3392,1.85896,-3.07351,28.8916,-1.5191,-1.79443,2.54602,0.0304595
169.126,-2.67684,-1.77935,91.954,2.62776,-0.676649,121.811,0.462305,1.78717,1.1027,0.0330776
202.099,2.57474,-2.27035,87.62,-2.00922,1.4177,62.2824,1.73516,0.611622,2.59513,0.0321634
139.535,3.39537,-0.975364,37.4459,-2.76118,1.51201,51.351,0.480638,1.9755,-2.48738,0.034916
108.715,-0.67874,-0.959005,88.3512,3.57494,-0.222955,120.192,0.219618,2.36823,0.73605,0.0307305
99.3949,-3.53768,-2.53468,33.7703,1.60734,2.75239,58.7497,-1.01488,0.970872,-0.996114,0.0323334
302.682,1.30959,1.90103,98.5187,-3.20594,-2.63475,195.032,-0.975379,-1.05845,-1.74741,0.0351177
183.595,-0.744986,-0.176677,68.9301,3.35567,1.96624,67.1661,1.20432,-2.96341,2.14292,0.0315616
117.077,2.5519,0.358261,72.3942,-0.712288,1.13228,73.9464,0.198161,-2.41269,-0.774023,0.031928
106.189,-2.43523,-2.71263,50.2633,0.947981,1.99634,69.8334,-0.784501,-0.0994221,-1.57422,0.0315194
194.379,-2.73655,2.60544,122.083,1.42153,-1.99198,155.89,-2.01507,-0.008121,1.68577,0.0342133
167.26,-2.23866,1.78913,82.7716,1.61794,0.58314,63.2648,-0.90639,-1.83871,-1.20599,0.0309907
171.454,-0.357023,3.12838,160.785,2.96723,3.05839,226.575,0.844251,-0.0370563,-0.069984,0.0338926
46.7687,-3.63489,0.175562,44.2299,3.75359,0.723708,71.6851,-0.0183146,-2.78123,0.548146,0.0338706
121.05,-0.880361,-0.599995,43.2961,4.09323,0.152619,138.184,2.16923,2.65757,0.752614,0.0335932
205.182,-1.55608,-2.23861,64.3225,2.63775,2.68087,148.488,1.08318,0.419576,-1.36371,0.0333405
94.8644,-2.58037,-1.18819,53.5895,4.74323,0.592764,114.781,1.02113,2.81599,1.78095,0.0369973
187.637,-1.11554,2.82394,85.2871,2.42223,0.559791,47.0079,0.834115,-0.594014,-2.26415,0.03316
43.0021,1.6871,-0.377631,40.3149,-4.50725,-0.267922,61.3976,-0.0628174,2.67102,-0.109709,0.0335374
144.359,0.765284,-2.31608,60.4232,-3.18794,1.89294,56.9274,-1.2832,1.34075,2.07416,0.0321815
132.678,-2.97845,0.0195921,91.2512,1.45227,0.182771,130.378,-1.31639,-3.01015,0.163179,0.0319841
110.814,2.40086,-1.90846,104.46,-3.06388,-2.62126,129.485,-0.272147,0.944378,0.712801,0.0342832
88.3211,-2.7562,1.54153,45.4388,2.18293,-0.749025,87.1615,-1.42566,2.73431,-2.29056,0.0326658
104.223,-3.03212,0.943332,66.6617,2.73095,2.07527,120.541,0.719709,-2.25772,1.13194,0.0338859
79.9495,-3.0882,-1.96372,30.6104,2.22493,-3.13879,79.5641,1.83481,1.18475,-1.17507,0.0324168
61.6018,4.47106,-0.181731,58.887,-2.38012,0.978049,54.9721,-1.58947,-2.30825,-1.15978,0.035284
114.048,-3.56726,2.67475,63.6583,0.442068,2.96666,67.0218,-1.15942,-0.11979,0.291911,0.0331253
174.9,-0.464998,2.54435,103.239,2.78759,-1.41554,66.8826,0.656868,0.315848,2.32329,0.0323019
120.832,-2.37175,-0.321619,42.5221,1.3517,-3.12302,69.4897,0.183299,2.02476,-2.8014,0.0296287
195.763,-2.91796,-0.607646,70.9613,2.57844,0.323984,110.066,1.91717,2.81981,0.93163,0.0357815
71.2416,-2.29792,-0.877514,64.6006,2.91857,-1.87958,53.9093,-0.181093,1.48876,-1.00207,0.0305971
141.871,2.38305,-2.29848,128.625,-2.28349,2.53202,136.268,-0.48327,0.930179,1.45269,0.0310042
237.119,-2.39329,2.85082,92.0298,1.41362,-0.2541,67.5768,-0.420544,-1.19335,-3.10492,0.0330817
55.5239,-2.47952,0.897626,45.1761,2.9594,1.45359,60.7323,-0.0530294,-1.3333,0.555968,0.0319827
126.838,1.76491,-0.706266,52.6094,-4.18402,1.59147,63.3054,-2.16144,2.39648,-2.29774,0.0344241
174.955,1.4224,0.504212,72.1696,-2.52505,1.83636,237.566,-1.83482,-1.91711,-1.33215,0.0330215
70.601,1.23205,2.07288,51.013,-3.6839,2.5535,62.7415,-0.957051,-0.538348,-0.480617,0.0320411
78.1379,2.07851,1.08939,55.9075,-4.01364,-0.992736,84.5535,-1.15346,-2.5282,2.08213,0.0339769
191.526,-0.309187,2.91755,55.8181,3.19797,1.7331,106.687,1.03225,-0.505709,-1.18445,0.0327761
222.076,1.17371,-1.39729,65.7993,-4.01329,-0.198164,171.705,0.197812,1.85815,-1.19913,0.0355183
109.793,-3.25038,-0.659207,77.2961,1.31997,1.55133,114.152,0.835518,-3.05495,2.21054,0.0331897
165.754,2.28226,-1.33722,66.9719,-4.06996,0.576947,113.122,-0.167916,2.13046,-1.91417,0.0355887
201.687,-2.29554,3.01098,63.1638,3.00011,0.337544,69.3347,1.15074,-0.731676,-2.67344,0.0340225
187.805,-1.51658,-0.380686,82.6829,2.91134,-0.524003,108.288,-0.627654,2.73177,-0.143317,0.032723
191.52,-0.793096,0.731592,44.791,3.43375,2.97799,110.82,0.825917,-2.363,2.2464,0.0318319
151.478,2.45586,0.0391813,121.539,-3.17987,2.00478,166.388,-0.459268,-2.3629,-1.9656,0.0346547
261.675,1.56891,-2.8597,44.9006,-4.37263,1.55051,118.888,0.225089,-0.215063,1.87298,0.0365716
41.717,-1.79526,0.0462242,37.1324,2.72659,0.545399,42.4651,-0.0342076,-2.49196,0.499175,0.0312604
49.2504,2.64492,2.31603,37.4468,-3.33978,0.253504,45.2726,0.212918,-1.5492,2.06252,0.0327545
139.879,2.16244,0.384167,90.4704,-3.00871,2.22029,122.953,-0.239915,-1.8699,-1.83612,0.0343102
131.559,2.1573,2.06164,65.4748,-2.15791,-2.79504,60.9183,0.347001,-1.035,-1.42651,0.0308664
131.064,2.54136,0.0564616,43.9217,-4.6351,-2.42511,128.621,0.0951215,2.49149,2.48157,0.0290895
181.49,1.34591,-0.796165,59.3663,-2.2656,2.03636,66.814,0.965526,2.2065,-2.83253,0.031959
132.574,1.46436,2.53966,123.96,-2.42033,2.89307,157.373,-0.96049,-0.517564,-0.353405,0.0329821
84.5004,-2.1024,2.58243,33.9458,2.8814,-0.997629,46.6624,1.84524,-1.14956,2.70312,0.0322856
44.1037,-2.93292,3.02908,40.872,3.5811,-0.670655,45.4166,-0.998322,2.62663,2.58345,0.0334865
119.557,-2.76983,1.77904,59.4772,0.682532,2.91801,93.4222,-1.39879,-0.503727,1.13896,0.0319383
129.606,1.04885,0.930271,49.5992,-2.14388,2.51615,98.3725,-0.688269,-1.57957,-1.58588,0.0313854
111.827,-2.14703,-1.03593,65.9749,1.78357,0.282743,95.6984,-0.568715,2.84394,1.31868,0.0321145
110.217,2.40245,2.77955,108.03,-2.68507,2.62368,129.043,-2.18446,0.0400265,0.155867,0.0346649
219.852,1.46508,-0.878177,56.3947,-4.01637,0.209739,144.039,-0.37878,2.51239,-1.08792,0.0352391
105.398,-2.03239,-2.7013,63.5296,1.94484,1.87711,62.224,0.49707,-0.0264718,-1.70478,0.0326741
89.7208,-3.7366,-0.281233,75.5322,4.18166,-1.16482,48.9377,-2.03955,1.97625,-0.88359,0.0391517
127.65,-2.20734,1.68521,45.6718,1.80984,-2.66102,89.1597,1.90456,-0.969789,1.93695,0.03263
138.658,1.5203,1.36084,57.2916,-4.09318,0.935968,167.708,-0.327685,-1.88646,0.424868,0.0326281
80.2903,1.8842,-0.787547,55.0684,-2.63292,-1.93803,84.1964,-1.4884,2.02949,1.15049,0.0304922
104.864,1.70035,-2.70476,47.9012,-2.65173,-2.24725,149.572,0.214598,0.483009,-0.45751,0.0311049
179.134,-2.66637,-2.54681,104.527,2.14087,1.27053,62.0411,1.77478,0.102692,-2.46584,0.034245
83.8244,1.01638,2.56067,45.6542,-2.41644,-0.150424,37.9873,0.928243,-0.739223,2.7111,0.0310585
119.561,2.0332,-2.45869,84.5597,-2.67723,2.28061,159.217,-0.69466,0.0256647,1.54388,0.0332879
151.771,-1.22742,1.3281,64.187,2.24355,0.115482,112.224,-1.18777,-2.05192,-1.21261,0.0312002
188.444,-1.31566,1.20104,65.889,2.80486,-2.63804,123.344,0.541954,-1.25577,2.4441,0.0330557
83.2538,2.86374,-0.391014,33.8063,-2.08412,2.66675,40.3071,0.267777,2.41602,-3.05776,0.033032
97.8135,2.16437,-2.7197,96.2569,-1.56352,-0.796534,73.4339,-1.02123,0.931745,-1.92317,0.0321336
159.774,-1.75286,0.482977,96.6754,2.67193,0.262606,180.228,0.561956,-2.82306,-0.220371,0.033995
87.1521,-3.45771,-1.11941,36.1539,4.81642,-1.30653,72.5847,0.335524,1.76956,-0.187114,0.0378664
91.3527,-2.84595,-2.42483,69.1657,1.66861,0.213117,69.6067,-1.10643,0.495729,2.63795,0.0298465
98.1448,1.93208,-0.669439,44.1909,-1.65867,0.796637,76.0916,0.0552221,2.92479,-1.46608,0.0290832
90.1078,-1.76944,2.16406,72.6018,2.29763,0.277627,44.7631,2.28336,-2.85147,-1.88643,0.0320025
101.248,-1.46379,1.94939,34.6007,4.07546,1.82599,100.692,1.5244,-1.36583,-0.123397,0.0325337
102.845,0.228781,-1.15994,30.9987,-4.52208,-0.974654,107.085,-1.69911,2.05948,-0.185284,0.0333942
115.51,1.92575,1.10193,40.7571,-1.62426,2.26494,48.8174,0.660003,-1.52763,-1.16301,0.0311327
128.818,-1.64608,-0.272271,113.46,3.41636,-1.82583,148.216,1.2825,1.76037,-1.55356,0.034434
91.4161,-1.30973,2.23436,82.2737,2.213,1.69699,123.049,0.838066,-1.16185,-0.537365,0.030386
77.8996,1.98323,-0.863582,76.1179,-3.04956,3.08152,28.9779,-0.270043,1.88915,2.33808,0.030291
72.1786,-1.29097,0.881996,44.6981,3.17904,0.841269,88.1406,0.781538,-2.62349,-0.040727,0.0317289
175.722,3.01112,-1.71258,95.5732,-2.64426,-2.82468,99.9951,-0.625688,0.0914428,1.1121,0.0362079
228.273,2.51651,1.51426,109.384,-2.22555,0.310717,256.043,-0.924394,-1.97778,1.20355,0.0346875
228.769,2.66459,2.03725,34.5545,-3.81831,-1.94667,88.7986,-1.00763,-0.966432,-2.29927,0.0352805
228.947,2.1639,2.00332,191.832,-2.76731,-1.67965,78.7189,1.97813,0.532816,-2.60021,0.0357094
95.4802,2.7154,-1.09743,41.0347,-4.20449,-1.50806,94.1996,-1.39868,1.69554,0.410629,0.0355759
130.749,-3.35041,-2.88169,34.1588,1.80808,-1.02527,64.789,-1.32861,0.446101,1.85642,0.029831
174.83,-0.903515,-1.31853,53.1633,2.6575,-1.63685,172.789,0.544845,1.69404,-0.318312,0.0324675
192.558,-2.27205,2.46399,33.1037,3.43941,0.207711,77.9526,-0.376086,-0.85823,-2.25628,0.0339953
126.121,-0.523896,1.21313,124.791,3.37094,-0.434975,101.946,0.0789155,-2.89226,-1.64811,0.0337968
63.8215,-3.57609,-2.17374,50.8242,0.443548,-2.24363,39.9816,-1.62998,0.514,-0.0698979,0.0312363
220.189,-1.65944,2.30808,37.3135,2.52232,0.615651,77.9788,0.13818,-0.795702,-1.69243,0.0314479
111.385,-3.15014,0.142136,94.6472,1.74939,-1.46644,101.304,0.302114,2.66097,-1.60858,0.0331526
158.291,2.00884,-2.17235,53.4917,-2.10875,-2.84655,220.74,-0.077257,0.989273,0.674196,0.0334471
101.866,-1.28763,-1.08698,39.6898,4.41477,1.00177,87.7166,2.00284,2.1685,2.08875,0.0347316
95.0429,-1.43531,2.73385,87.0497,2.59127,-2.66613,33.4647,0.0129594,-0.0504644,0.883207,0.0316872
202.541,-1.97381,2.70265,79.5371,3.92152,-1.99892,134.822,1.26512,-0.161508,1.58161,0.0359625
158.39,3.54227,0.298622,78.5624,-2.52129,-0.338133,75.9935,-1.0365,-2.6306,0.636755,0.0361688
184.945,-1.1484,-1.64826,128.048,2.16824,2.72141,133.033,-0.193573,0.879233,-1.91351,0.0316167
118.292,-3.06134,-0.0845745,46.262,2.85022,-0.572835,107.345,1.46198,2.42547,-0.488261,0.0343037
62.965,-0.516423,2.22243,35.4957,4.13744,1.65286,34.2369,1.55758,-1.37259,-0.569578,0.0296703
60.0442,3.63632,-2.18111,57.4358,-3.41177,-1.6297,146.186,2.46721,1.48391,-0.551411,0.0336387
123.372,-2.48758,0.765107,51.7165,2.40004,2.86231,60.5174,1.18891,-1.71322,2.0972,0.0326093
72.5071,-2.97771,-0.991223,49.0425,2.94864,-0.883771,99.253,0.414139,1.90365,0.107452,0.0330243
85.9037,1.53647,1.09178,63.6888,-1.7157,0.924299,130.697,1.29078,-2.371,0.167478,0.0313864
111.947,3.02467,1.48195,74.1176,-1.3867,1.96113,146.014,1.47273,-1.40802,-0.479181,0.0329453
64.9945,-2.67944,-1.91579,38.9838,3.7827,-2.5314,22.665,2.27709,1.99493,-0.615613,0.033107
138.516,-2.57126,-2.91621,130.829,1.51998,-1.32536,122.063,-1.32107,0.821333,1.59085,0.0306349
150.583,-2.47747,-2.3336,143.716,1.64691,2.9975,117.175,-1.85429,0.458273,-0.952081,0.0334102
84.1171,1.5095,1.55101,70.0764,-2.81728,0.937647,85.0795,-2.24771,-2.21339,0.61336,0.032662
155.174,-1.58992,1.10107,41.1774,4.58115,-2.24971,48.0703,1.7947,-1.58661,2.93241,0.0354162
126.703,-2.28948,2.1288,32.3596,3.0809,2.43458,89.3398,1.03598,-1.03937,0.305779,0.0325622
169.274,1.23364,1.10898,89.9103,-2.89296,-1.25029,95.4486,0.179047,-2.22136,2.35927,0.0311416
157.598,1.54447,2.14106,63.9085,-2.45427,-2.61778,124.119,-1.16863,-0.685503,-1.52435,0.0329145
117.069,-2.68355,-0.368027,78.7498,1.75017,0.65546,147.853,-1.05107,3.07815,1.02349,0.033303
224.386,3.08247,2.30606,67.2388,-1.05787,-1.39948,114.672,1.09709,-0.196393,-2.57764,0.0314946
130.868,1.53007,-0.215717,81.1036,-3.21501,1.49197,100.716,-0.879105,-2.9049,-1.70769,0.0321498
93.5158,-1.61084,-1.36056,53.2814,3.14449,-2.64424,68.8272,0.512954,1.49441,-1.28367,0.0309492
117.607,1.0544,-2.11051,72.5298,-3.36196,-3.0071,81.4663,0.474878,0.598787,0.896586,0.0310943
113.496,-3.16763,1.83671,37.6931,1.46617,-2.00857,96.5109,0.647919,-0.981055,2.43791,0.0336873
73.7829,2.88536,1.22496,45.3008,-4.19062,2.51158,42.8,0.0315733,-2.17746,-1.28661,0.0351781
62.0694,2.67372,-1.62996,43.932,-1.16224,0.0388073,35.7512,1.74324,2.43674,-1.66877,0.0285724
69.5601,-3.85493,2.58829,46.1455,0.8465,-1.68203,46.9817,-2.54454,-0.0841967,2.01286,0.032386
101.095,-1.37399,2.67893,62.387,2.34242,1.93531,66.0896,-0.352966,-0.309274,-0.743628,0.033316
243.223,2.17753,-2.40229,32.8461,-0.951925,1.63913,117.045,0.241186,0.526883,2.24176,0.0321245
114.787,2.22352,-0.28719,61.711,-2.49058,0.901867,81.4189,0.688892,-2.74159,-1.18906,0.0313604
137.726,2.36994,1.25785,40.6097,-3.97732,-1.73219,68.3369,-1.34173,-2.36039,2.99004,0.0346509
58.6052,1.24266,-0.671271,35.8455,-4.29385,-0.380436,33.4014,-1.03151,2.31417,-0.290835,0.0329887
103.817,1.25483,0.671951,103.447,-2.81166,-1.25464,107.505,-1.23186,-2.99081,1.92659,0.0312035
232.676,2.08089,-2.9665,109.11,-2.59948,1.49438,96.6992,1.09943,-0.494227,1.82231,0.0342699
77.3628,3.15448,-2.97258,32.3147,-4.63173,2.36183,66.8323,-0.144659,-0.149104,0.94877,0.0334994
106.813,-3.15475,-0.600012,40.5552,0.370262,0.104255,95.0954,-0.55984,2.56468,0.704267,0.0304032
340.526,-0.850743,-0.903753,45.1847,2.81187,0.0222684,328.675,0.76361,2.26809,0.926021,0.0331231
78.1068,-1.44801,-0.840797,72.0952,3.3085,-0.796313,118.964,1.38722,2.20467,0.0444838,0.0327665
93.9064,1.61857,0.806471,92.6727,-3.67188,2.63642,73.6638,0.143774,-1.21495,-1.82995,0.033368
119.849,2.52779,-2.77589,95.5418,-2.66653,-3.01511,67.1128,0.111632,0.534993,0.239221,0.0332501
138.275,-1.84863,0.38275,67.673,1.56834,-2.7663,59.1488,0.855256,-2.67497,3.13413,0.0319035
103.449,0.458756,0.0115818,31.3198,-3.40341,-2.68537,87.1005,-1.944,2.78339,2.69696,0.0314385
92.7597,1.76583,0.960755,46.9372,-3.15862,0.648454,64.1055,-1.34343,-2.45733,0.312301,0.0321918
160.401,2.75931,2.48693,135.58,-2.15106,2.07564,177.509,0.737953,-0.840341,0.411291,0.0343062
177.19,2.64556,-2.90464,134.133,-3.42404,1.62325,143.522,-0.853799,-0.656319,1.7553,0.0363959
183.854,1.69315,1.32216,105.454,-3.89394,0.572838,217.91,-0.35396,-2.21743,0.749323,0.0344523
129.736,-0.307609,-2.12507,46.276,4.18827,2.54863,137.792,0.701687,1.06751,-1.60948,0.0335301
96.6068,2.21342,-0.240813,62.3889,-1.51029,-1.36685,74.1352,1.14722,2.54652,1.12604,0.0285931
175.811,1.76187,-2.07519,47.5647,-1.84851,-1.17678,186.911,-0.627603,1.31484,-0.898406,0.0312351
145.568,1.64848,0.0901444,94.8447,-1.62647,-1.00819,72.6413,-1.20446,2.27104,1.09834,0.0330106
73.425,-2.05059,0.758963,38.7048,3.51156,1.66311,99.5939,0.784472,-2.1058,0.90415,0.0324186
291.56,1.19643,0.629236,51.2233,-3.52853,0.546826,88.9303,-0.676225,-2.74907,0.0824102,0.0335177
90.3457,3.08732,-0.385062,58.1919,-1.7694,-0.400927,131.03,-0.02646,2.71061,0.0158644,0.0332978
169.958,-1.94884,2.00745,87.4998,1.86262,1.73115,154.477,-0.807515,-1.25437,-0.276298,0.0331071
101.695,-1.88327,-1.84622,54.8887,1.96951,-2.05487,113.718,-0.57364,1.47659,-0.20865,0.0322336
189.552,-1.59106,1.69311,37.1208,1.74455,1.13063,150.727,-0.115548,-1.70836,-0.562482,0.0314526
71.4166,-1.04642,0.555445,71.063,3.4179,1.0154,83.1938,1.15219,-2.51494,0.459951,0.032773
61.2793,0.459368,2.59594,36.1321,-4.05178,-2.84812,80.4719,-1.09608,-0.290629,-0.839125,0.0317812
104.624,-3.63068,2.96502,93.9292,1.87024,-1.49849,75.2841,0.814901,0.534595,1.81967,0.0345647
87.2788,-3.81524,0.319202,40.6859,2.50181,-2.46914,42.8178,-0.582332,-2.52858,-2.78835,0.0339961
162.145,-1.01875,2.9323,38.2367,3.73561,1.35806,52.6016,0.926672,-0.879465,-1.57424,0.0337865
82.2888,-3.19631,0.911998,55.3034,2.1455,-0.687548,78.7435,0.996724,2.85637,-1.59955,0.0336012
122.67,1.47088,-2.96006,39.7773,-3.13671,-0.385263,47.7098,0.458832,0.422144,-2.57479,0.0319866
92.9739,-1.62588,1.69508,86.72,2.87365,-2.59402,42.9077,2.57777,-0.545243,1.99409,0.0307265
265.269,-1.73254,1.6308,214.032,2.1681,-0.923498,111.319,0.899678,-2.79815,-2.5543,0.0344215
124.174,-1.80718,-1.91341,56.6953,2.37179,-2.4195,72.8974,-1.33634,1.00103,-0.50609,0.034465
160.139,-1.73366,1.92783,45.21,3.2509,-3.10024,69.2766,-0.869905,-0.655513,1.25512,0.0329396
113.595,1.64203,-0.33206,44.7892,-2.31911,-0.268287,123.804,-0.443292,2.6786,-0.0637723,0.0313975
239.159,2.6977,0.171076,55.8989,-2.61189,-1.01495,102.799,0.877455,3.12289,1.18603,0.0306246
74.3531,0.8162,-2.80027,38.6551,-3.92849,-0.553433,46.6247,-1.25914,1.21546,-2.24684,0.0322002
246.518,-1.97225,-0.127726,187.315,3.17957,-0.747916,144.124,-0.938447,2.64741,-0.62019,0.0365775
133.325,-0.5425,-0.306914,96.2662,3.50949,2.2525,67.7288,2.43051,-2.47411,2.55942,0.0337647
87.2884,-1.05509,-2.59233,37.3505,2.65743,-0.405492,54.4288,1.48046,0.32711,2.18684,0.0293193
230.952,-2.01467,1.36299,124.688,2.52854,0.988094,92.8778,0.140089,-2.0437,-0.374891,0.0331728
112.481,3.17804,1.8224,34.4143,-2.08806,-0.417512,61.6264,1.43303,-1.36549,2.23991,0.0324991
131.02,2.43006,-2.32102,74.9507,-3.75634,-1.26181,106.168,0.685475,1.20165,-1.05921,0.035221
136.24,1.34127,-0.697587,40.8161,-4.58796,-1.75086,54.3919,-0.439814,2.44768,1.05327,0.0322978
76.1734,-2.53917,-1.63633,71.5009,2.12161,0.100471,27.9758,1.9519,2.0891,1.7368,0.0351378
208.508,2.45995,-2.17823,44.4089,-1.19549,-1.8158,206.035,0.0704781,1.08739,-0.362427,0.031552
80.0723,-0.152473,3.00849,47.5644,4.52071,-1.81744,64.0445,1.24299,0.147829,1.45725,0.0310712
95.5003,-0.340149,3.09401,57.1003,3.43408,-1.95287,89.7848,1.24666,0.649108,1.2363,0.0305218
361.896,0.844389,-2.52041,48.1185,-2.74988,0.752319,187.42,-1.1943,0.429746,3.01046,0.0330453
377.496,2.34485,-2.22108,148.197,-3.02569,0.725876,121.911,-0.475555,0.862337,-2.94695,0.0366483
123.531,-3.21639,0.968395,82.4797,2.05174,2.71085,64.5143,-1.72566,-1.70945,1.74246,0.0342464
130.832,-0.288567,-1.95422,62.9307,2.80963,-1.63453,206.291,1.17022,1.52309,0.319688,0.0322052
161.076,1.78661,1.10196,103.547,-2.73606,1.6355,194.76,-1.23357,-1.79314,-0.533541,0.033911
110.415,2.64609,1.38162,64.2518,-4.06304,-0.781743,49.282,-1.02559,-2.32648,2.16336,0.0352229
139.561,2.09008,2.59657,33.3693,-1.45453,1.51727,96.6147,0.139813,-0.900954,1.0793,0.0307759
67.1967,-3.17764,2.38079,31.608,3.57031,1.16138,57.5795,-0.0566,-0.91705,-1.21941,0.033486
95.49,2.57602,-2.87424,37.4256,-1.37408,0.577669,40.3091,1.51807,-0.84123,2.83127,0.0293027
150.165,3.1165,-1.67844,65.0852,-0.624575,2.18546,82.9149,0.56072,1.32351,2.41929,0.0353222
113.727,1.79976,2.79638,47.8749,-1.89713,1.13134,96.7762,1.76484,-0.950735,1.66504,0.0322325
132.732,-0.955402,0.773139,71.2371,3.29928,1.41801,158.482,0.349776,-1.68017,0.644866,0.031189
70.9894,3.48601,-2.75923,54.6977,-4.57759,0.763933,29.7484,-1.17448,-0.177565,2.76002,0.0365158
197.317,0.993706,2.91454,31.993,-4.60722,-3.02909,62.3612,-0.406455,0.03172,-0.339552,0.0343965
266.612,-1.92925,-2.25583,43.0225,1.60874,1.52852,142.69,0.165331,0.989251,-2.49883,0.0318888
184.823,0.628964,2.82601,110.703,-3.36359,0.982701,84.757,-1.49194,-1.15843,1.84331,0.033551
66.6094,3.19928,-1.98681,56.4874,-1.82518,-2.02509,44.6597,-1.58024,1.80392,0.0382792,0.0331742
59.2555,-1.15011,-0.278849,53.4832,4.46208,-1.6267,35.5979,0.370097,2.343,-1.34785,0.0344545
50.7285,1.14378,0.223459,33.1703,-3.26188,0.472872,37.6265,-1.54549,-3.04094,-0.249413,0.0306834
166.408,-0.249504,-0.637973,98.1011,3.55449,-2.52439,129.89,0.725034,1.85803,-1.88642,0.0334019
51.1881,-3.85762,0.344555,48.9194,1.25184,0.989357,45.5366,-1.86045,-2.40545,0.644802,0.0297089
281.791,1.70881,-2.54115,193.949,-1.93715,-0.15211,85.4212,-0.233613,1.35588,-2.38904,0.0335377
80.488,1.1587,0.680417,75.8894,-2.31713,2.74029,28.1973,-2.40914,-1.38187,-2.05988,0.0313582
85.8485,-1.32225,-1.01646,72.2846,2.80192,-0.241703,54.7277,-0.813861,2.29793,0.774753,0.0324694
280.206,1.67421,-1.98672,81.0975,-1.33468,-0.415022,103.563,-0.414786,1.44016,-1.5717,0.0306002
229.023,-0.919525,-2.39715,83.1021,2.14316,-2.01199,67.3925,0.539457,0.957022,0.385159,0.0303887
185.476,2.69366,-2.63326,135.312,-2.36283,-2.52666,167.816,-0.245015,0.554857,-0.106598,0.0348426
197.128,2.83574,0.15903,75.7776,-1.35064,1.8067,106.538,1.42862,-2.75357,-1.64767,0.0305331
155.952,2.03881,-0.0265017,92.8018,-3.63912,-0.665622,62.4608,-0.597926,2.9132,0.63912,0.0340619
55.631,-2.59356,2.94619,42.1499,4.36187,2.58856,65.0706,-0.523125,-0.878027,-0.357635,0.0358677
105.197,-2.79966,2.02831,71.8636,3.38916,-2.37531,104.03,-0.285392,-0.353564,1.87956,0.0346391
103.801,-2.86047,0.50219,49.4455,2.07395,-2.96883,71.3986,0.373474,-2.93207,2.81216,0.0320285
224.001,2.35843,0.43779,73.253,-3.58484,1.10972,167.353,1.36128,-2.44967,-0.671933,0.0355638
112.554,-2.37516,1.41767,111.623,3.75573,2.94409,165.672,0.295969,-0.881544,1.52642,0.0370428
98.545,2.4721,-1.83681,50.2908,-1.09321,-0.796114,80.4535,-1.22535,2.09801,-1.0407,0.0326011
100.011,-1.45417,-0.722089,43.1373,4.51426,-1.65525,120.669,0.668341,2.09493,-0.933157,0.036076
151.741,2.68133,1.25367,52.7678,-1.81222,2.7896,118.725,-0.695424,-1.78147,-1.53593,0.0350944
123.868,-2.90793,0.0382855,92.3627,3.14896,-3.1224,126.972,1.14809,1.18981,3.1225,0.0354026
78.4483,-1.78738,-2.72282,62.5931,2.65054,-2.97639,94.0588,-0.523405,-0.123712,-0.25357,0.0324054
208.795,2.50548,-1.09744,64.471,-3.77278,1.91902,59.6255,-2.64786,1.636,-3.01646,0.036609
225.419,0.831165,-1.45971,61.2576,-2.66123,1.27328,112.373,-0.528524,1.71268,-2.733,0.0319935
204.015,-1.63517,0.0795489,49.7148,2.47505,2.89031,91.5346,0.732839,-3.09235,2.81077,0.0327924
149.189,-2.1443,2.56006,89.126,4.39676,2.50874,84.7155,1.25232,-0.503398,-0.051321,0.0377993
125.561,-1.16609,1.97048,40.7233,2.86112,0.920101,55.0223,0.714991,-0.998561,-1.05038,0.0317932
111.416,-1.15485,-0.510195,90.2025,4.18045,0.275505,140.511,1.85222,3.07254,0.7857,0.0359519
109.664,-2.15448,-2.82755,38.4662,2.62901,2.97212,45.5801,0.742043,0.619862,-0.48351,0.0323953
71.123,-1.28997,-0.674738,52.8927,3.54336,-2.69107,66.483,-1.03361,1.66166,-2.01634,0.0334541
137.175,-2.19892,2.27889,62.5493,2.10766,-2.79207,130.51,-0.478002,-0.309077,1.21222,0.0306534
88.4528,-3.19902,0.665048,41.5535,3.71034,-1.46873,69.925,0.952709,-2.5798,-2.13378,0.0349787
197.747,1.2463,2.36248,128.443,-2.89427,-2.17647,127.315,-0.130527,0.0696852,-1.74424,0.0343517
96.6063,-1.82685,-2.58918,55.0904,3.98855,2.23773,111.849,-0.126426,-0.0445781,-1.45627,0.0341413
93.3572,3.09154,-2.58959,50.3099,-1.83674,-1.08746,75.9948,-0.122388,0.988271,-1.50213,0.0317474
258.356,-1.94143,0.661985,158.27,3.0747,-2.68652,77.3759,-0.420194,-2.50562,2.93468,0.0357988
153.697,-1.48132,-2.16774,42.7067,2.59828,-0.663511,88.3544,1.1385,1.24039,1.50423,0.03244
116.979,-3.0144,0.228396,95.951,1.97096,0.0655576,43.5881,-0.503785,-2.60837,-0.162839,0.0322967
74.278,2.66289,-0.954282,42.0818,-2.28941,1.36024,42.5176,1.11172,-2.70057,-2.31452,0.0298255
111.267,2.00984,-2.82444,30.0205,-3.83277,-0.673142,73.9355,-2.49923,0.0289605,-2.15129,0.0338254
162.604,-2.93638,2.85001,56.1314,3.89623,2.09852,107.939,-0.764204,-0.329553,-0.751494,0.037511
71.7252,-2.90789,-1.56998,53.3329,3.90483,0.0731243,63.1223,-1.4953,2.30253,1.64311,0.0348797
132.064,2.71718,0.799648,64.0265,-1.08643,2.56855,119.577,1.03103,-2.07116,-1.7689,0.0317608
65.5279,0.998798,-1.6297,35.7067,-3.13923,-0.623264,60.2427,-1.60704,1.95902,-1.00643,0.0300142
49.0808,2.68328,-2.80653,37.7546,-2.58117,-0.96009,29.7392,-1.27691,0.72533,-1.84644,0.0321181
131.775,-3.09045,-0.546002,34.7249,4.52086,3.02558,38.3277,1.61433,1.25641,-2.7116,0.0376978
123.103,-0.318878,-2.6024,90.7691,2.88097,0.994277,30.9606,2.27277,0.0612895,-2.68651,0.0303617
76.5842,3.91773,1.97765,62.0196,-4.0459,-2.73121,96.0329,-0.97478,-0.44665,-1.57432,0.0394118
151.28,-2.94948,-1.6708,94.9224,3.15684,-0.512829,100.575,-0.435413,1.97903,1.15798,0.0331241
104.796,3.10869,1.8921,63.1597,-2.19276,0.668237,100.152,1.12483,-1.51665,1.22386,0.0317448
113.305,2.50554,-2.17179,104.52,-1.82775,-2.99321,57.958,0.236176,0.603796,0.821416,0.0329389
269.163,-1.2057,1.0283,63.6927,4.21265,-3.03555,200.974,-0.0797611,-1.86226,2.21933,0.0356207
187.594,-2.95837,-1.61572,60.9537,2.56419,1.03486,78.0691,-0.489517,1.4302,2.65059,0.0345553
101.461,-2.81671,2.85939,90.8708,2.58507,-1.91281,40.5984,1.06939,0.570536,1.51099,0.033856
166.511,0.992487,0.222356,74.4188,-2.33128,2.32935,105.432,-0.465809,-2.26984,-2.10699,0.0320317
178.924,2.87618,-2.53648,161.713,-1.74037,-0.0255726,41.7887,-0.0400884,2.15577,-2.51091,0.034354
191.045,-1.42753,-2.30633,64.3034,3.02758,-2.66319,85.9189,0.0442793,0.943461,-0.356859,0.0326723
96.1484,-2.87542,-2.98858,62.765,1.67156,-2.05924,69.0922,-1.43565,1.33184,0.929338,0.0331876
122.595,2.53273,0.0479708,119.573,-2.18262,0.640039,174.006,-0.0598844,-2.82472,-0.592068,0.0333954
80.5776,3.12086,-2.74159,41.1993,-0.69424,-0.605387,71.1368,0.471073,0.845021,-2.1362,0.0338758
57.2108,1.9737,0.485458,42.5974,-2.07051,0.556211,72.4368,1.65103,-3.02181,-0.0707533,0.0316508
279.138,2.93546,-1.09759,37.0142,-1.42672,1.85379,216.974,0.188888,2.10256,-2.95139,0.0339813
65.0803,-2.2548,2.20461,33.1691,4.85871,-2.22613,33.966,1.18799,0.55814,1.85245,0.0354814
151.583,2.36904,-1.29904,79.8546,-3.57942,2.79589,94.0979,-0.161497,1.38329,2.18826,0.03541
246.699,3.07066,-0.904381,164.814,-1.71814,0.813612,128.986,-0.100173,-3.09347,-1.71799,0.0358545
120.86,-2.88387,-0.720671,46.6963,2.06239,-0.387673,118.242,1.30666,2.20145,0.332998,0.0333943
137.677,-1.81421,2.68658,41.0471,3.73017,-2.27205,119.683,-0.0628895,-0.030531,1.32456,0.031387
127.135,-3.18871,2.59225,68.7467,2.9274,1.22373,106.677,0.0634203,-0.68757,-1.36852,0.034729
78.0151,-3.10082,-0.757654,61.8467,2.86401,-2.61699,41.6801,-1.89391,2.74283,-1.85934,0.0309576
83.8564,3.56004,-0.308233,44.6862,-1.25822,-1.14155,72.9805,-0.425914,-2.98986,0.833315,0.0330312
129.384,3.06126,2.42386,50.1321,-0.141275,-2.03634,61.7981,0.895446,0.0811458,-1.82299,0.0319824
218.715,-0.768904,2.3538,80.9411,3.34705,0.218264,158.303,0.26903,-1.11656,-2.13553,0.0339552
174.228,0.27233,-0.933555,38.1359,-2.78748,-1.17363,182.026,-1.90223,2.22531,0.24008,0.0328649
197.609,1.48588,-3.02587,43.6837,-4.18836,2.62775,194.176,-0.466528,-0.0953124,0.629564,0.0343639
110.141,-4.20867,-0.592556,30.0754,2.80441,-0.657646,123.458,0.7346,2.71895,-0.0650897,0.0384347
107.994,-1.57658,-0.0305326,83.056,3.1226,-2.75115,65.5681,2.01867,0.905403,-2.72061,0.0331046
157.893,1.67852,-0.14002,34.6759,-3.69366,-0.0878702,163.435,-0.0927829,3.01451,-0.05215,0.0319544
59.5566,-2.6797,-1.70235,44.3587,2.78684,2.04411,31.2484,1.74748,0.972862,-2.53672,0.0278002
203.217,-1.9795,-0.0616611,73.0455,2.91546,-2.89408,35.7218,-0.527392,2.71052,-2.83242,0.0330414
241.377,-1.58295,-1.19634,93.6986,3.37959,-3.0487,97.5182,0.917728,1.23115,-1.85236,0.0350601
91.3974,2.38664,1.67804,50.3642,-2.27592,0.832146,109.68,1.74461,-1.52307,0.845889,0.0319644
168.449,-2.39148,-0.640882,95.434,2.11431,-2.01926,120.491,0.91535,1.78778,-1.37838,0.0338657
88.4099,1.15562,1.61311,64.5642,-4.1624,1.33443,60.8293,-1.44679,-1.94124,0.278688,0.0344328
99.9036,-1.80743,1.6363,63.6927,3.13385,2.31301,97.1857,2.31355,-1.11785,0.676714,0.0332567
108.814,1.8858,0.873388,34.332,-1.82002,1.11391,103.362,-1.10621,-1.98252,-0.240525,0.0315957
115.728,1.48188,0.39487,54.6267,-2.10238,-2.86388,45.0415,-2.09489,2.99331,-3.02444,0.0315485
89.4541,-1.11356,-1.87739,56.2956,3.10001,0.383532,62.3416,0.829581,1.58359,2.26092,0.0318103
249.998,-0.589408,1.7602,82.5935,2.96953,-1.66321,245.762,0.439206,-1.31598,2.85978,0.0321046
81.3426,-2.46912,-0.901199,74.0822,3.43347,-0.667104,167.873,0.71432,2.4331,0.234095,0.0342015
97.5914,1.22175,-2.16464,55.145,-2.14401,-0.175737,55.121,-0.938036,1.65765,-1.9889,0.0308484
120.15,-0.348797,2.90897,58.4314,3.04402,0.638519,90.9966,0.746881,-0.647475,-2.27045,0.0304234
105.015,-2.33785,-1.15982,58.1755,0.877418,0.443901,69.6423,-1.87955,2.71132,1.60372,0.0316162
99.386,1.18758,0.353808,89.3404,-3.2936,1.24545,59.8903,-0.113737,-2.394,-0.891645,0.032243
85.4875,-2.59163,3.08354,76.6247,3.53929,1.8514,111.863,0.114818,-0.512353,-1.23214,0.0344568
70.524,2.23905,1.9023,41.0422,-4.43453,0.814759,40.0496,-0.222621,-1.53545,1.08754,0.0340799
179.736,-2.05638,2.96194,45.3854,3.83759,1.52478,72.7663,1.9877,-0.431301,-1.43716,0.034898
66.951,-3.41589,0.265084,35.879,2.2133,-1.11967,60.4963,-1.49805,2.93451,-1.38476,0.0343258
81.1848,2.96018,1.32014,74.937,-2.72749,1.85637,107.132,0.406191,-1.61878,-0.536229,0.0315861
57.4817,0.67238,-2.44999,37.4595,-3.90128,2.91995,59.3869,-0.770946,0.777932,0.913242,0.0262188
94.8014,-0.178211,1.40704,61.1999,3.02129,2.56119,60.1975,1.71126,-1.07585,1.15415,0.0315519
205.843,-2.39336,-3.00569,75.3134,2.83974,0.477477,95.3053,0.128364,0.451304,-2.80002,0.0341507
119.815,-1.30367,-1.55167,47.9131,4.2645,0.194941,86.183,-0.114787,1.89503,1.74661,0.030795
115.159,-0.335568,1.48335,92.6508,3.54148,0.81342,79.551,0.935117,-2.17808,-0.669926,0.0311599
178.082,1.14879,0.0109006,128.338,-2.59912,-0.614554,160.009,0.461009,2.68831,0.625455,0.0335178
202.336,1.73088,-1.86873,39.7042,-4.10638,2.33441,90.5091,1.55826,0.9405,2.08004,0.0343802
168.648,-3.0022,-2.96222,64.4908,1.86518,-1.4887,230.045,-1.01653,0.130783,1.47353,0.0339808
55.4768,2.68124,2.55948,47.6626,-2.82625,-1.7393,45.3079,-1.32963,0.67824,-1.98441,0.032328
91.7974,3.13505,-0.271809,55.5814,-3.38018,-2.52726,41.0711,-0.578841,2.35892,2.25545,0.034975
67.1679,3.83518,-0.135024,45.0441,-2.26971,-0.781358,43.5354,1.27934,2.50874,0.646334,0.0335414
86.8061,-0.635233,-0.872807,81.3048,2.88258,-2.54857,48.9428,1.37537,1.49122,-1.67577,0.0314479
158.371,-2.9285,-1.5705,141.054,2.58339,0.930696,54.4149,0.195755,2.1829,2.5012,0.0341148
125.49,-0.823207,0.734667,49.5994,4.6484,1.2858,103.482,1.18918,-2.07966,0.551131,0.0344245
75.8279,0.764781,-1.73026,40.1046,-3.52715,2.90202,76.951,-0.501633,0.413869,1.6509,0.0303319
77.0218,2.25436,-1.72755,63.2202,-3.77506,-0.608456,63.6623,-1.07559,1.80214,-1.1191,0.0296023
86.7694,-1.03802,0.22562,43.8205,3.19372,0.503961,83.685,0.711623,-3.02367,0.27834,0.0319679
97.1444,-2.01437,-1.07768,49.6382,3.60255,-0.402532,87.9279,1.04644,2.21871,0.675148,0.0334842
106.073,2.86128,-2.22765,90.8257,-1.19405,-2.35127,145.101,2.36635,0.826633,0.123621,0.031983
85.1318,3.07628,1.10233,46.0861,-3.73819,-0.205219,70.2346,0.861704,-2.92656,1.30755,0.0345659
94.9235,-3.38042,-0.478301,32.6186,3.77389,0.890684,64.3275,0.315305,3.02345,1.36898,0.0326724
85.1412,2.7272,-1.16201,66.0951,-2.8407,-1.94739,63.8397,-2.08436,1.59588,0.785386,0.0324801
140.524,-2.31873,-1.77888,87.1117,3.63693,-0.219896,75.4257,1.06083,1.95552,1.55899,0.0342442
115.864,1.62571,1.59427,68.6158,-2.17768,1.12815,137.059,-0.936018,-1.69957,0.466114,0.0318699
238.957,1.90098,2.78234,93.4319,-3.42012,2.20658,320.678,-0.0529825,-0.521984,0.575761,0.0326018
309.968,-1.2978,2.59615,104.791,1.78532,0.911739,261.407,0.953375,-0.485648,-1.68441,0.0335979
49.6605,-2.57903,0.388501,46.0345,3.95955,0.228286,79.3316,0.743531,-2.58514,-0.160215,0.0330514
91.3522,-1.92472,2.34227,63.9072,1.86958,-2.03105,33.1924,-2.07659,0.527494,1.90986,0.0302045
242.523,-1.88959,0.521519,31.6479,2.95215,-2.53491,169.704,-1.21152,-2.71634,-3.05643,0.0327867
72.2221,2.27096,2.62621,47.303,-2.3595,-3.06006,83.8929,-1.93011,-0.612425,-0.596911,0.0322227
147.863,-1.16484,-2.82495,80.9582,1.9263,-0.8703,45.0282,1.00262,0.634311,1.95465,0.0344369
118.543,2.32184,1.26454,56.159,-1.43189,1.00404,116.331,-1.11154,-1.95613,0.260503,0.0309187
78.3582,3.03008,-0.985803,74.6663,-0.68514,-2.37298,74.0472,0.692038,1.55339,1.38717,0.0293877
170.085,-1.54376,3.09148,31.1335,4.43493,-2.07272,105.988,1.44986,0.0803949,1.11899,0.0353506
266.698,2.03702,-2.29756,159.665,-1.99218,-0.436888,136.527,0.916589,2.62415,-1.86068,0.0346464
104.683,2.22903,1.35925,88.2863,-2.07742,0.414903,106.221,-1.92881,-2.444,0.944348,0.0349817
40.7002,3.12974,-3.09842,36.7535,-1.64597,-2.99459,35.1076,1.61831,-0.242107,-0.103827,0.0310322
135.712,-1.84463,-1.45877,48.7394,2.25113,2.78826,128.456,-0.525332,1.40905,-2.03615,0.0316049
84.4683,-1.85077,0.81276,57.0625,3.12113,2.62058,60.8369,0.0884188,-0.991634,1.80782,0.0302343
130.812,-2.86332,0.875101,88.0051,1.76326,1.34811,87.8649,-1.2535,-2.69948,0.473006,0.0376606
89.4361,-1.43432,-0.832352,56.8122,3.51361,1.66893,39.0355,-0.301456,2.66651,2.50128,0.0325846
145.392,0.881075,1.0109,32.3687,-3.63212,-2.68955,95.2386,0.197861,-2.01121,-2.58274,0.0324009
162.062,-0.861392,-1.47022,65.4573,3.39818,-2.32954,163.226,0.146387,1.31007,-0.859319,0.0329985
185.314,-0.00824266,-1.87642,108.976,3.21722,-1.3138,222.682,2.00979,1.46585,0.562617,0.0343501
81.259,4.22414,1.77014,40.6048,-2.38051,0.642923,30.8756,2.54569,-1.28103,1.12721,0.0349661
80.8036,2.68386,2.66122,49.1973,-1.58266,1.53736,67.0606,1.1581,-0.983814,1.12386,0.0311036
147.222,-2.34011,-2.72562,75.8524,3.09438,1.93046,251.669,-0.518047,-0.588033,-1.6271,0.0335495
394.312,-2.27574,1.99581,40.0086,0.870274,-2.6645,355.604,0.204289,-1.17307,1.62288,0.0354855
121.033,-1.75539,2.30618,62.7116,3.28526,0.654177,41.8297,1.44362,-1.1829,-1.652,0.0334511
117.85,-1.6731,-0.793783,116.198,1.8318,-2.17774,123.341,-1.23537,1.32994,-1.38395,0.0314348
131.191,2.75475,-3.04433,91.8891,-2.49631,-2.86853,146.846,-0.691057,-0.0739442,-0.175797,0.0337631
205.717,-2.14001,-0.981642,50.28,2.58013,2.3447,59.6015,-0.885503,2.13693,-2.95684,0.0332793
214.013,1.6105,2.37947,76.1147,-1.44412,-2.94355,179.516,-0.419607,-0.549226,-0.960166,0.0328938
96.9793,3.38167,1.19795,64.4059,-2.83116,1.49798,122.313,-0.755955,-1.67768,-0.300037,0.0345417
219.005,3.03622,0.110869,51.3106,-4.24618,-0.0286391,209.46,-1.52,-2.94844,0.139508,0.0378193
107.023,-1.89441,0.0166377,72.3838,2.03295,-0.445923,155.439,-1.30538,2.87952,-0.46256,0.0325607
306.749,-0.0550316,-2.21007,122.06,3.24695,0.760314,110.84,0.874592,1.05935,2.97038,0.0335654
107.619,1.63499,-2.87151,52.8299,-1.72342,-1.82874,132.695,0.857055,0.243211,-1.04277,0.032222
169.258,3.34067,0.146486,52.4802,-4.19419,-1.08683,137.843,0.663873,3.01679,1.23331,0.0374485
119.326,1.7732,-0.262075,39.3344,-2.27941,-1.65522,64.8888,-1.12499,2.80264,1.39314,0.0317558
235.057,2.47794,2.88265,111.562,-3.47107,-2.72801,167.345,-1.34392,-0.0831435,-0.672531,0.0366138
78.8774,2.15433,-2.51173,52.08,-2.01036,-0.613618,45.7154,1.2453,1.78921,-1.89811,0.0313586
79.3132,0.446841,-1.70359,60.1121,-3.44656,-0.882676,32.4019,-1.77765,1.51553,-0.820919,0.0297419
170.335,-3.42734,0.807614,83.236,1.67859,-1.11981,145.919,-0.991345,-2.84967,-1.92742,0.0347914
84.2188,3.94053,-1.28303,39.2837,-0.324807,-0.632181,90.6641,0.775579,2.33357,-0.65085,0.0326599
194.221,1.38818,0.485669,80.3525,-2.62328,0.20983,165.669,-1.02975,-2.8009,0.275839,0.0329585
128.795,1.02324,0.397183,54.2306,-4.11219,-2.72158,53.6344,-2.21162,-2.71054,3.11876,0.0334165
98.9732,0.866917,2.01806,35.6794,-4.42423,-2.92954,49.7915,-2.12048,-1.06933,-1.33559,0.0311397
161.205,-1.20482,1.77625,49.9589,3.06658,2.32767,158.782,0.840407,-1.1566,0.55142,0.0325232
123.219,2.27848,0.452309,101.65,-2.76598,1.631,92.8417,-0.777164,-2.07141,-1.17869,0.0335964
111.756,0.72459,1.57567,58.9017,-4.52163,2.34632,126.562,-0.969971,-1.4844,-0.770649,0.0352956
88.6203,3.05723,2.61452,62.7369,-1.46631,-1.88356,52.9807,0.718189,-0.188364,-1.78511,0.0321864
105.812,-2.16315,2.58202,30.8652,3.371,2.52402,100.023,-1.18834,0.0464972,-0.0580008,0.0326826
148.177,-2.80338,-1.73159,89.4782,4.14329,-2.26793,98.4995,-1.02407,1.07262,-0.536343,0.0311188
85.6157,-2.36357,1.40848,30.9736,4.21756,-2.87475,51.8229,2.7825,-0.866443,1.99995,0.0336611
150.219,-3.48775,-0.0454517,82.2883,3.2967,-2.28727,58.41,0.565237,2.08621,-2.24182,0.0374091
108.24,1.12339,0.341899,90.7006,-2.73903,-0.281729,74.9329,0.618907,-2.91464,0.623628,0.0321246
219.832,-1.72521,2.52102,33.5059,1.44747,-1.5628,149.937,-0.443878,-0.59953,2.19937,0.0341068
100.608,2.58317,2.09209,47.5718,-3.21529,-2.60197,106.931,-0.550664,-0.747087,-1.58913,0.0329223
121.062,-2.14628,2.16131,32.3366,2.00217,1.13645,197.567,0.663366,-1.02591,-1.02486,0.0324294
297.627,-3.1033,2.7209,71.0713,3.78058,-0.581505,148.721,-0.239923,-0.486501,2.98078,0.0384179
92.11,-2.71248,-2.21372,37.1889,3.58362,-0.492424,74.35,0.657163,1.51966,1.72129,0.0337656
86.423,1.75599,-2.24907,50.8068,-3.39338,-0.995222,57.4884,0.194879,2.16718,-1.25385,0.0329408
124.39,3.07359,1.60256,61.9107,-0.596219,0.219286,116.426,0.885443,-1.69563,1.38327,0.0323307
129.183,0.940786,-1.61045,81.5806,-2.62144,0.938356,64.3535,-1.63343,1.6743,-2.54881,0.0324805
107.384,3.79142,-2.49059,52.6491,-3.76258,-2.37113,113.45,0.769501,0.386308,-0.119453,0.0370733
140.939,-3.11714,3.05043,53.0004,1.7661,-1.42423,64.929,-0.139259,0.652137,1.80852,0.0332198
65.5905,-3.02499,1.12104,42.7586,2.30933,0.161151,89.4216,1.29476,-2.44336,-0.95989,0.0328834
143.387,2.22645,2.57526,125.455,-2.43187,2.55978,170.585,0.374653,-0.816785,0.0154793,0.0342679
94.1062,-0.551659,1.43573,72.8744,2.64456,1.72533,78.2639,1.6136,-1.23309,0.289597,0.0317478
116.155,-2.22958,-0.838492,107.405,2.09354,1.32413,77.6574,0.491095,2.52163,2.16262,0.032891
72.497,1.211,-2.65957,31.2539,-3.8784,-2.11543,41.7222,0.721053,0.827977,-0.544141,0.0320467
91.6152,2.92606,-1.84781,78.029,-0.673651,2.05085,30.5584,1.23581,0.771375,2.38453,0.0294948
246.776,-2.06549,-1.07103,58.7878,1.05689,2.01172,88.5482,-0.388578,2.24803,3.08275,0.0321251
199.249,-0.213944,-0.338049,78.7272,3.0497,-1.66944,192.729,1.56148,2.55016,-1.33139,0.0318505
144.524,2.50607,-3.06775,36.626,-2.89391,2.55157,138.112,0.695539,-0.238909,0.663872,0.0327741
45.9186,0.429937,1.71022,36.143,-4.41274,0.181616,24.9133,-1.98416,-2.67039,1.52861,0.0319556
78.608,2.92195,1.31135,65.4972,-3.10648,0.804217,54.214,0.802163,-1.77682,0.507135,0.0356411
156.32,-2.13343,1.43553,57.8825,1.91295,-2.34353,93.7641,-1.99456,-1.10643,2.50412,0.0308188
77.5422,3.99346,-1.44156,64.8073,-3.46985,-2.53677,148.911,-0.682337,1.1619,1.09521,0.0349079
84.6681,1.19199,-0.361787,80.8328,-3.96086,-2.25321,51.8384,-1.04241,1.64695,1.89142,0.0338775
98.6479,0.942944,1.55439,36.2644,-2.76958,-2.88684,56.7032,-0.110527,-1.64528,-1.84195,0.0309283
211.578,2.37476,-2.55554,67.0311,-2.70955,-0.433596,177.814,-2.14474,0.711262,-2.12195,0.0350983
99.9975,3.21365,2.41539,73.1639,-2.94438,-2.9986,43.8329,-0.0526484,0.10014,-0.869199,0.0345392
73.2103,-2.23235,1.68877,64.6577,3.03786,1.95869,107.637,0.684963,-1.39727,0.269922,0.0330126
47.6099,-4.05957,-1.54739,45.0848,3.4099,-0.150952,43.2055,-0.597878,2.79157,1.39644,0.0330711
104.102,3.06868,2.55761,30.3328,-2.47792,2.08742,107.731,0.159064,-1.11415,0.470189,0.0328496
73.988,-4.02878,-0.533523,55.862,0.526397,-0.627452,42.2197,-1.58657,2.35145,-0.0939296,0.0314727
301.114,-1.33787,2.28959,72.6905,2.27073,1.4422,181.528,0.0732475,-1.00378,-0.847397,0.0330774
91.4229,2.34834,0.119194,57.3017,-1.05481,-1.38906,45.1805,0.272798,3.09897,1.50825,0.0312947
105.519,-0.0651112,-2.97933,64.6791,3.39561,-0.616129,41.2775,2.53183,0.956886,2.3632,0.0324887
190.484,-2.96911,-0.24558,126.117,1.38369,-0.247505,228.242,-1.043,2.88233,-0.00192474,0.0345687
108.276,2.14591,-2.7312,31.4173,-2.5202,1.77494,52.9951,0.0650004,-0.263815,1.77705,0.0318002
157.56,1.05939,0.283855,46.1074,-4.193,-0.713944,72.3457,-0.784238,-3.10631,0.997799,0.0343771
161.742,0.970561,0.733386,53.9654,-2.96588,-2.98963,41.3909,-0.387405,-2.85767,-2.56017,0.0311489
144.019,-1.07194,1.10223,55.1163,2.31829,-2.18651,80.6365,1.05466,-1.52955,2.99444,0.0321593
82.5006,0.914653,-2.00019,36.6108,-3.97276,-1.36096,71.7683,-1.6434,1.22063,-0.639226,0.0322898
73.2018,-4.23561,0.879927,49.0282,0.468413,-1.28049,20.0999,-2.32706,2.68158,-2.16042,0.0332094
80.4615,3.12951,-0.18445,65.3657,-0.459404,-2.69603,46.4592,1.55738,1.35424,2.51158,0.0312638
72.6529,3.3944,-0.492413,64.33,-1.08422,-2.81519,40.8196,2.14705,1.56181,2.32277,0.0325402
170.887,2.27063,-2.34294,119.849,-1.54298,-1.37433,178.845,0.0198914,1.15772,-0.968604,0.0330924
76.5538,3.38701,-1.28703,36.2601,-4.11752,-2.24218,47.0792,0.769705,1.95594,0.955148,0.0352376
67.5539,-4.2446,-1.93439,38.2781,2.00049,-0.703995,28.4878,-1.5036,1.44385,1.23039,0.0338193
209.939,2.64918,-1.16518,142.629,-1.31989,-2.5206,90.1266,0.233655,1.31752,1.35542,0.032046
73.5302,-2.0105,2.64854,60.667,1.65055,0.485009,36.3079,1.15909,-1.5251,-2.16354,0.0310769
179.247,-2.39931,0.0268143,31.7913,4.70124,-1.8932,129.2,0.812853,2.9739,-1.92001,0.0377026
101.102,2.16113,-1.7498,35.1349,-1.7936,-0.0558114,65.9338,1.27116,1.85602,-1.69399,0.0301627
156.346,-2.27202,-0.365626,83.4521,1.72663,0.0421385,130.948,-1.17613,3.02952,0.407765,0.0309645
148.305,-2.32065,-3.05706,44.8191,3.73355,-2.90472,126.718,0.47286,-0.0447625,0.152333,0.0335491
235.051,-2.0355,0.740919,40.2039,2.24532,-1.66052,156.708,-1.43242,-2.59394,-2.40144,0.0291342
313.872,-1.52806,2.62271,36.7601,2.43217,0.943226,222.002,0.0437754,-0.553585,-1.67948,0.0325263
161.939,-2.88539,1.47043,52.0788,2.37008,-0.114332,132.623,-0.905618,-1.86641,-1.58476,0.030473
113.628,-2.99598,-2.03487,81.1043,2.10836,2.89242,108.303,1.51799,0.430532,-1.35589,0.0336149
131.448,-1.81472,2.3561,73.6773,3.26459,1.94289,144.92,-1.15206,-0.926433,-0.41321,0.0335191
242.073,-2.23747,-0.114978,146.688,1.73821,1.29217,151.816,-2.13592,-3.00792,1.40715,0.0347615
57.1538,3.04523,-0.599671,54.1428,-4.30906,-0.424652,75.5596,-2.04097,2.59367,-0.175019,0.0357378
49.1202,-3.05321,0.90616,32.4051,2.18836,0.046027,67.4128,1.21222,-2.40697,-0.860133,0.0296347
117.617,1.14693,-2.47806,98.7978,-2.68905,-1.15121,139.066,-0.667908,1.6169,-1.32685,0.031738
210.805,0.838227,-2.39835,61.9627,-3.91768,-2.33408,92.3083,-1.53784,0.72125,-0.0642672,0.0349431
97.6577,-3.91892,2.66509,52.2647,0.0169623,-1.65775,30.4453,-2.18694,-0.790044,1.96034,0.0319249
75.5446,0.589452,-2.44833,52.1187,-3.25803,-1.20156,74.3743,-2.44372,1.038,-1.24677,0.0324721
183.623,-2.50526,0.995583,31.3326,3.50028,-2.96387,70.1934,1.29386,-1.95732,2.32373,0.0345941
331.379,2.3052,1.69634,150.131,-3.50394,0.772354,211.878,-1.46065,-1.5408,0.923991,0.0382901
111.004,2.19137,0.564022,92.9724,-3.31957,-0.847028,102.322,0.193606,2.8975,1.41105,0.0342824
92.6683,1.69155,-1.47808,90.2987,-3.19955,-3.13378,91.2586,-0.881399,1.15631,1.6557,0.0338416
79.412,1.26807,1.13378,68.4958,-2.40081,-0.125673,133.645,0.920383,-2.31589,1.25945,0.0331784
71.7252,1.49223,-1.48594,68.2643,-3.19628,-2.21292,119.714,-0.528556,1.12913,0.726978,0.0292271
124.632,2.9125,-0.213702,102.312,-0.317379,-2.1849,74.983,2.06271,2.12463,1.9712,0.0322997
99.3941,-1.85976,1.86589,49.1012,3.10412,1.19219,87.0264,1.87982,-1.65936,-0.6737,0.0332803
185.877,-2.09567,-1.61439,43.6151,4.07296,1.69737,74.0953,0.288248,1.43467,-2.97142,0.035286
109.156,-2.39526,2.10625,58.8817,0.683649,-2.89285,141.302,-0.160285,-0.91062,1.28408,0.0333605
224.067,-0.96705,-2.65093,63.2954,3.05676,0.91675,116.605,1.28834,0.652171,-2.71551,0.0330697
75.1149,-2.57142,0.989048,41.7863,4.03499,1.6987,59.4584,-0.374215,-2.05036,0.709654,0.0347915
245.965,-2.05849,-2.20626,55.8893,2.2864,-0.902859,192.207,-1.26461,1.3811,1.3034,0.0307966
106.247,2.16737,1.40415,38.5038,-1.24173,-1.82619,50.4335,0.16725,-1.67096,-3.05284,0.0307305
97.5608,3.02684,1.79563,49.5635,-2.10461,2.52201,105.833,-2.21799,-1.38999,-0.726382,0.0344452
152.839,3.4455,2.63312,96.3162,-1.88564,-2.34167,159.33,0.509867,-0.069482,-1.30839,0.0351113
82.9942,2.88543,0.108845,67.287,-1.77329,0.831811,77.3501,0.897793,-3.07596,-0.722965,0.0321441
41.5102,-4.60379,0.453452,32.1174,2.42372,-0.734616,51.895,-0.878158,3.10212,-1.18807,0.0338643
252.651,-1.6651,-2.91196,84.5265,3.35156,-1.51361,163.876,0.404846,0.319556,1.39835,0.0356801
163.062,0.870654,1.26854,84.6868,-3.13664,1.29298,93.0725,-1.87175,-1.88187,-0.0244392,0.0333759
137.737,-2.37207,-1.51051,53.4853,1.75299,2.51784,78.8822,-0.417616,0.98974,-2.25484,0.0320245
41.222,-1.50632,-0.00631118,37.6684,3.56216,0.561003,42.5007,-0.51184,-3.07299,0.567314,0.032156
103.08,1.8924,-2.8165,69.4603,-3.36543,2.00507,74.85,-0.635024,0.079265,1.46161,0.0316938
70.2928,-2.12564,0.414336,56.4141,3.63957,-0.587567,39.8428,0.0586645,2.58194,-1.0019,0.0330654
76.2029,1.95409,0.830771,71.0798,-4.30411,1.67301,97.0958,-1.75595,-2.04459,-0.842234,0.0347898
161.884,1.15619,-2.83304,83.7318,-3.59423,-2.41308,130.482,0.272799,0.527091,-0.419957,0.0322937
57.7271,2.49611,-0.133436,55.8708,-3.9892,-2.0746,39.3227,2.46796,2.54163,1.94117,0.034339
62.7916,2.88889,0.203131,44.3066,-2.9881,0.701751,89.4801,-0.313475,-2.09148,-0.49862,0.0327259
135.314,-0.898471,-0.867371,36.8967,4.24766,-1.59719,107.043,1.81325,2.09175,-0.729822,0.0334922
76.5468,2.9744,1.35075,30.9114,-1.04963,2.35761,36.8062,2.05185,-1.38425,-1.00686,0.0304242
79.7131,-1.82052,2.8221,53.9191,3.32883,1.0856,44.9432,0.985935,-0.551929,-1.7365,0.0325172
192.351,2.2828,1.27204,84.402,-1.5256,1.67643,160.793,1.00315,-1.91975,-0.404387,0.032637
116.806,-1.59894,1.34003,63.7306,2.99045,1.38048,87.9006,2.24975,-2.40251,0.0404447,0.0339537
175.277,3.73146,3.11992,113.838,-3.58933,0.629567,77.8193,2.03394,-0.480179,2.49035,0.0408801
130.853,1.22015,0.497133,70.806,-3.76707,-0.000226653,123.355,-1.28113,-2.91148,0.49736,0.0316052
65.2902,-2.33295,-1.64394,51.7093,2.46936,-2.37306,63.3783,0.727128,1.0528,-0.729124,0.0323538
186.786,1.16901,1.91703,68.4545,-2.96037,2.25692,162.593,-0.0767526,-1.14229,-0.339892,0.0328539
169.852,1.69639,-0.680706,157.904,-2.44023,-2.62638,92.2565,-0.12704,1.50869,1.94567,0.0336057
172.255,3.41402,-0.501097,49.4989,-2.07004,1.40852,104.934,0.465118,3.02065,-1.90961,0.0354224
152.817,3.29051,-2.75337,64.8425,-2.95074,-0.824793,59.8444,-0.780346,0.740693,-1.92857,0.0350004
127.176,1.12288,3.05251,64.5525,-3.06944,0.909097,148.023,-0.385727,-0.409432,2.14341,0.0324187
216.803,-1.30957,1.6314,59.8245,2.6729,-1.22321,62.7489,0.687786,-1.7986,-2.85461,0.0327409
107.655,1.87231,1.70706,49.6747,-2.93268,0.542515,51.1159,-1.09622,-1.73944,1.16454,0.0325293
66.7147,-1.22795,-1.64793,61.5349,4.1346,-0.960877,90.0089,0.751493,1.47288,0.68705,0.0329119
91.796,1.44546,0.82649,34.7267,-2.28369,-0.250951,45.4578,-1.3566,-2.70321,1.07744,0.0311497
103.747,-1.73727,1.986,100.923,3.60544,-0.231226,57.8981,1.81334,-2.16338,-2.21723,0.0347952
302.994,2.41281,2.35299,144.504,-0.775244,-1.65831,227.238,0.736176,-0.408668,-2.27189,0.0320072
52.3168,-3.25667,-0.412635,47.31,2.54936,-2.2225,38.8519,2.4237,1.22301,-1.80987,0.0301183
139.478,-2.5048,2.31505,65.273,2.5279,3.02255,145.884,0.71035,-0.632086,0.707503,0.034467
170.943,-2.29279,1.45423,69.86,3.68909,1.47839,56.3741,-0.369346,-1.90375,0.0241667,0.0352374
108.076,-3.98724,2.88413,62.9596,3.02506,3.05002,73.1811,0.520972,-0.212479,0.165889,0.0367153
200.581,-1.03728,-1.92916,35.9796,3.38094,0.555449,110.074,0.371797,1.23908,2.48461,0.0320674
380.647,-1.34731,1.04056,131.828,2.65548,-2.23326,121.038,-0.923273,-1.94899,3.00936,0.0346003
108.609,1.92088,-0.702848,61.7,-1.29756,-2.00121,45.9825,1.51993,-3.04005,1.29836,0.0307631
117.165,-0.368798,0.0358623,61.9752,3.05912,1.7781,84.6676,0.134212,-2.49047,1.74224,0.0304346
122.381,2.43532,-1.82072,51.5036,-3.8585,2.73493,65.8015,-0.167869,0.944668,1.72753,0.0344202
86.4184,-2.61277,1.75809,30.9797,4.35743,-2.11431,36.8851,1.32517,-0.486278,2.41078,0.0337578
102.879,2.57913,-1.96301,101.882,-1.25077,2.69449,101.032,-0.204195,0.286997,1.62568,0.0318776
149.865,2.33061,2.54443,97.6751,-1.06732,-2.15778,97.6737,0.899546,0.479341,-1.58098,0.032222
121.776,1.93837,-2.73631,56.9303,-2.42003,-3.02805,144.999,-1.17971,0.0499413,0.291749,0.0342139
378.414,-0.929043,-2.08944,86.8669,2.36184,1.12176,92.1655,-0.0661143,1.08188,-3.07198,0.0332785
268.818,2.49841,0.0840847,80.5452,-2.78773,-1.67773,77.3213,0.940995,2.84295,1.76181,0.0360691
112.248,-1.78645,-1.53023,86.5955,3.19949,2.92486,96.6065,-0.343942,1.22111,-1.8281,0.0322548
58.8478,-2.92827,-2.2955,50.6568,4.43079,-1.31602,86.1811,1.04221,2.2104,0.979478,0.0361854
94.5695,-0.776105,0.0673217,36.6413,4.03183,-1.95638,36.866,1.95635,1.92665,-2.02371,0.0321295
82.2685,-1.23076,2.04859,43.4555,2.8668,2.15079,111.797,0.888587,-0.862621,0.102202,0.0321014
95.0374,2.81938,-1.14537,58.6863,-1.60581,-2.33656,57.8984,-0.246577,2.27032,1.19119,0.0319324
67.2103,-3.31364,-0.794263,48.557,1.69149,-2.17597,30.6259,0.0801722,1.23987,-1.38171,0.0321096
120.812,2.30991,-1.83442,83.5116,-2.9943,-2.30768,126.602,-1.34023,1.30864,0.473263,0.0351795
89.842,-4.40554,2.91487,88.3498,2.70645,2.80263,56.8938,-1.6141,-0.313905,-0.112246,0.0373559
276.883,-1.89407,-1.4183,69.7516,2.54166,-2.28936,281.443,0.0064414,1.53685,-0.871055,0.0336333
225.155,-2.07891,-0.959375,197.64,1.53024,-2.51864,134.645,0.000330907,1.47299,-1.55927,0.0340661
49.1075,-1.27004,-1.01557,33.5095,4.13129,-2.56356,30.4323,-1.50983,1.72007,-1.54799,0.0311542
170.416,0.619735,-0.264491,63.8499,-2.65248,0.471581,130.718,-0.930689,3.05463,-0.736072,0.0321312
127.151,3.02664,-0.802968,65.3923,-3.60837,0.249898,139.241,-0.155398,2.92433,-1.05287,0.0361423
54.4221,-4.30506,1.4013,35.87,2.69158,0.333233,39.5186,1.49576,-3.12973,-1.06807,0.0338886
171.36,3.05232,1.41907,168.883,-0.377567,2.11592,140.694,0.317405,-1.47249,-0.696851,0.0327506
231.064,-1.66494,-2.24374,112.149,2.2281,2.36503,171.258,0.667506,0.58391,-1.67441,0.0331567
112.123,1.58251,-1.94164,40.0911,-3.94754,0.235005,57.1287,-2.55768,1.35628,-2.17665,0.0330649
144.715,-0.880452,1.13172,62.1719,3.02993,1.24365,135.402,0.536855,-1.61768,0.111939,0.0281537
69.4148,1.61183,0.831436,47.4667,-4.33738,-0.482015,35.2893,-1.97674,2.7998,1.31345,0.0336357
115.616,-2.75129,1.53999,90.6506,0.266497,-1.51633,57.3025,-0.713424,-1.89092,-3.05631,0.0329943
196.102,2.69658,-2.74683,192.731,-1.96461,1.86865,243.282,-0.281258,-0.343322,1.6677,0.034833
92.9532,3.17365,1.83406,58.1669,-3.29919,2.50379,56.615,0.845476,-0.905887,-0.669739,0.0345893
205.433,2.51474,-0.435056,31.1455,-1.79986,-1.15022,146.014,0.294233,2.70291,0.715169,0.0380511
56.8005,2.51927,-2.67219,53.4114,-3.33522,-2.66313,57.4244,-1.72052,0.237896,-0.00906634,0.0329266
85.2472,-2.09606,-1.35817,56.4901,3.72627,2.909,61.4701,2.28126,1.42769,-2.01601,0.0327092
201.114,1.22965,2.83449,61.7942,-3.64403,-0.644866,123.257,0.873376,-0.361486,-2.80383,0.0325335
159.418,-2.38575,2.0127,88.0985,2.46703,0.158344,72.6535,-1.95035,-1.61372,-1.85435,0.0338534
154.762,-3.01145,-0.886036,82.0143,2.33219,-0.783587,75.6218,-1.06531,2.26438,0.102449,0.0343501
91.8651,-1.85039,-2.04192,48.0077,4.23404,-2.82742,44.4016,1.81024,0.652596,-0.785495,0.0323421
157.696,1.05029,2.04444,76.35,-4.29188,-0.179681,96.553,-1.18574,-1.84342,2.22412,0.0341551
91.3344,-2.68648,-0.686767,52.8803,1.98891,0.614761,56.7137,0.472653,2.92426,1.30153,0.0295859
183.54,-0.98607,0.899935,49.7599,2.45435,1.82558,122.373,-0.397102,-2.18448,0.92564,0.0319349
97.4688,3.2564,1.72918,32.3077,-0.616973,0.817514,47.2986,1.71755,-1.682,0.911669,0.0311024
101.325,-3.12859,-1.10332,45.7809,2.84532,0.480653,100.591,0.905041,2.34205,1.58397,0.0321809
113.749,-1.99686,0.521629,39.6854,2.49791,2.9796,50.3187,-0.0404151,-2.02673,2.45797,0.0314681
76.0984,-1.17305,0.711748,35.6034,3.67564,2.58698,40.0077,1.91449,-2.56573,1.87523,0.0299207
178.277,1.43275,-2.15016,90.4295,-2.35857,-2.52643,183.961,0.263292,0.992607,0.37627,0.0332084
135.706,-3.1821,-3.09825,46.2068,1.87173,-2.38578,133.645,-1.18235,0.336824,0.712471,0.0328459
170.662,-0.44047,-2.08973,38.0464,3.95909,1.92915,110.03,0.248385,0.860655,-2.26431,0.0326097
115.827,-0.950291,-0.506354,51.5964,3.02832,-0.374445,122.405,1.66562,2.55385,0.131909,0.0326242
206.732,2.64152,-3.09686,80.7957,-1.59107,-0.698503,126.414,2.17037,0.382755,-2.39835,0.0329227
107.407,2.9443,-2.2354,41.1155,-2.99111,-1.1834,150.926,0.292709,1.13956,-1.052,0.0310366
113.195,-1.90313,0.985456,62.937,2.00006,1.75099,80.6061,-1.27785,-2.36696,0.765532,0.0318856
95.6114,2.57274,-2.71168,93.3471,-1.86762,-1.2193,124.048,-0.00438919,1.20072,-1.49238,0.0322714
134.446,2.96297,-2.03958,67.0153,-2.83726,-0.782645,78.2201,0.60086,1.55528,-1.25693,0.0343725
153.743,-1.39068,-2.52931,66.7389,2.47355,2.17374,70.0198,1.47724,0.714801,-1.58014,0.0327851
150.697,2.28493,-2.40852,38.5872,-2.35448,0.369173,52.7843,0.44385,0.981548,-2.7777,0.0311461
99.1081,1.63927,-2.96305,42.8624,-2.97373,0.595524,70.3774,-0.617193,-0.0404874,2.72461,0.0299362
293.684,-2.14231,1.83962,146.87,2.42033,-1.50571,96.5169,0.701964,-1.49886,2.93786,0.0325289
101.657,1.83748,-0.873553,38.8059,-3.38952,-1.52765,135.581,0.807479,2.29589,0.654101,0.0327436
140.896,1.22329,-2.69742,46.0707,-2.28318,-3.08456,183.738,0.444191,0.242009,0.387143,0.0317882
75.5133,-2.78887,1.60293,59.7543,2.72416,2.09862,68.8667,-0.445523,-1.14169,0.495691,0.0312596
119.016,0.467683,0.893497,85.2138,-2.76585,-1.3396,66.0044,-0.518369,-3.11679,2.23309,0.0318282
167.362,-1.75691,-0.41217,131.808,3.09668,1.05941,155.967,0.338085,-2.69517,1.47158,0.0340263
144.092,0.963705,-2.84424,55.1694,-3.01419,-1.47467,118.832,-1.15325,0.651079,-1.36957,0.0319757
149.695,1.20856,-2.9367,66.963,-2.88088,-2.50799,52.4241,-0.264849,0.869688,-0.428708,0.0330096
119.871,-3.70881,-0.459989,64.9676,4.19814,-1.93324,110.259,-0.0662773,1.93569,-1.47325,0.0386383
198.163,2.17266,1.9364,54.8817,-2.84997,1.89234,87.8501,-0.482257,-1.28629,0.044064,0.0336414
183.782,1.18805,2.59539,50.4761,-3.98749,0.980677,164.809,-0.181228,-0.823824,1.61471,0.0329107
99.4549,-2.0454,0.0711725,85.0711,3.30173,1.96728,51.1987,0.84056,-2.47878,1.89611,0.034032
162.742,-0.0261405,1.88805,59.5304,3.03956,-3.13127,142.78,0.915269,-0.939874,1.26386,0.0315377
91.4189,0.0473251,1.42653,66.5784,-3.87463,0.119195,48.6109,-1.74625,-2.78788,1.30734,0.0299057
278.446,0.722521,-1.17618,90.4119,-2.55109,2.78406,67.674,-0.778147,1.59885,2.32295,0.0328135
106.533,-1.59033,2.71785,100.812,4.39809,-2.34339,119.443,-0.0934348,0.150813,1.22195,0.0372701
98.4878,2.29005,0.642239,60.6359,-3.02899,-0.818596,63.8318,-0.281981,2.90874,1.46083,0.0332647
144.835,-3.2748,1.33866,69.5381,0.858106,2.99712,122.18,-1.69195,-1.02248,1.65845,0.0325335
276.005,1.01241,0.044318,128.954,-3.25702,-0.0111617,258.798,0.0220034,2.984,0.0554797,0.0347984
71.4865,2.93123,-1.58162,42.6794,-3.05194,-1.82083,109.033,-0.641618,1.34838,0.239208,0.0337983
200.596,2.57824,2.88911,52.0655,-2.61512,-2.62679,194.279,0.774049,-0.388816,-0.767287,0.0336446
207.023,3.12566,0.167826,84.0544,-0.743743,0.476337,240.597,1.36962,-2.83019,-0.308511,0.0339359
136.16,-1.98155,2.52848,35.9272,4.61689,-2.6523,84.1562,0.510008,-0.409354,1.1024,0.0357987
72.8083,1.88754,-1.54594,32.9575,-4.69468,-0.783727,60.868,-1.87509,1.93822,-0.762213,0.0342396
276.054,-1.5456,0.292453,50.9349,3.96937,-1.67628,193.248,2.41641,-2.97824,-1.96873,0.0366428
176.783,-2.88514,-0.746394,120.1,3.2249,-3.02945,88.3167,0.980127,2.13848,-2.28306,0.0359991
118.261,1.25404,-1.2427,64.8693,-2.96115,-0.304054,53.9282,-1.32618,2.49356,-0.938649,0.0326434
116.995,-1.82718,-1.32715,53.9824,1.9276,-1.70635,92.1876,-1.07194,1.8813,-0.379198,0.0318387
97.1097,-3.36202,0.0861114,74.066,0.762446,-0.396377,61.0694,-2.06862,2.49476,-0.482488,0.0328224
227.312,1.83859,-2.13576,34.081,-3.45146,1.30111,134.955,0.454384,1.05345,2.84632,0.0347071
272.955,-2.72681,-0.934637,146.133,1.05011,1.03351,134.676,-0.822319,1.99988,1.96815,0.0341403
127.913,1.26916,-2.20856,101.463,-2.5172,2.08881,66.0075,-1.88825,0.1627,1.98581,0.0329761
146.016,3.02217,1.1535,65.5438,-3.5596,1.22281,156.03,-0.173231,-2.15098,-0.0693076,0.0352955
107.727,0.104313,-2.3158,95.5532,-2.89859,2.34741,94.9075,-1.253,0.104996,1.61997,0.031946
130.039,2.99209,2.3547,53.3749,-3.82039,0.944521,106.32,0.722506,-1.51972,1.41017,0.0354369
73.2275,2.905,0.0244025,51.8015,-3.17838,1.09421,101.397,-1.03754,-2.75071,-1.0698,0.0336407
98.3892,-0.93364,0.255411,88.2354,2.87771,2.17681,86.4887,0.342242,-1.9257,1.92139,0.0323334
277.943,1.94461,-2.22489,58.9045,-2.49714,2.38172,264.744,0.314008,0.700085,1.67658,0.0333113
126.434,-0.706653,1.95215,54.2427,2.88838,-2.9338,53.3662,-0.192367,-0.597253,1.39723,0.0306216
81.3891,-2.06821,0.142213,42.1054,4.55814,0.552401,75.1976,1.76274,-2.90079,0.410188,0.0331091
116.133,-2.73941,-2.47714,30.0457,1.98424,-0.428724,63.2432,-1.74782,1.34017,2.04842,0.0316312
61.373,2.44775,-3.10148,47.1502,-4.80023,-1.24243,44.3643,-2.25551,1.53072,-1.85906,0.0364103
260.243,-1.25124,1.66355,62.8445,2.71821,1.51237,118.248,0.00429309,-1.57513,-0.151181,0.0331596
105.418,1.37728,-2.26273,103.881,-2.21285,-2.2292,146.915,-1.43805,1.2028,-0.0335214,0.0309289
110.283,3.13181,2.36827,51.2567,-2.10617,0.175929,57.7039,0.765916,-1.93093,2.19234,0.0334754
167.763,-2.19305,1.4567,59.5062,2.62265,-1.68216,38.2899,-0.89047,-1.29989,-3.13887,0.0333611
112.618,-3.86241,0.0236781,77.3272,3.14865,-1.60855,73.2046,-0.0424967,2.80824,-1.63223,0.0367146
72.1006,2.55772,0.75249,30.6543,-4.19149,-0.322431,52.082,1.78393,3.12843,1.07492,0.0339532
375.468,2.89465,1.01413,74.9172,-2.09688,1.97727,283.819,0.305573,-1.70572,-0.963148,0.035046
154.676,1.86544,-2.36848,103.4,-3.1469,2.65752,171.164,-0.545167,0.373372,1.25719,0.0339406
137.749,0.995315,0.72398,72.5625,-3.75875,2.56161,152.279,-0.945271,-1.91229,-1.83763,0.0338233
130.36,2.51415,3.07855,72.9406,-2.17706,-1.35314,152.544,1.25998,0.97404,-1.8515,0.0332443
194.609,1.9922,0.270563,72.9531,-2.36042,-2.6761,128.941,0.96008,-2.73178,2.94666,0.033228
121.963,1.48285,-2.15125,57.6536,-3.51231,2.72063,60.214,-0.541126,0.988601,1.41131,0.0330995
201.836,1.74345,-0.158672,122.249,-3.03913,-1.50751,151.122,-2.09266,2.24832,1.34884,0.0352235
74.5185,-2.28875,-1.47791,59.2036,2.09928,2.4735,68.5913,-0.839816,1.68794,-2.33178,0.0317506
198.362,-2.00683,-2.16562,70.54,2.8862,2.76219,118.256,1.41387,0.8249,-1.35537,0.033826
116.51,-2.30154,1.86117,109.409,3.7376,1.52363,137.288,-1.4034,-1.35899,-0.337542,0.0346352
92.7486,1.06108,1.85749,73.6974,-3.54344,1.03651,69.7032,1.17749,-1.54851,0.820978,0.0315052
197.595,-1.82398,-1.14577,37.9398,2.47989,-0.741638,175.099,-0.5953,2.09314,0.404137,0.0324916
129.239,2.27038,-1.95383,96.8291,-1.25443,1.69,87.6867,-0.918498,0.258196,2.63936,0.0306811
134.631,-0.983832,-2.25306,78.1895,2.6103,-1.30542,177.698,0.176016,1.22644,0.94764,0.0317747
376.699,-0.269217,0.580432,80.4267,3.39639,-2.95507,249.268,0.295744,-2.61387,2.74768,0.0341792
222.836,2.91097,1.39591,106.945,-1.78449,1.9234,200.158,0.0331328,-1.14619,-0.527496,0.0353356
152.541,-3.1218,-3.01356,80.584,1.79065,0.159551,43.0283,-2.03059,0.471033,-3.11008,0.0326565
160.068,-1.42391,0.777773,72.1902,1.6901,-1.84477,40.0337,1.37084,3.02477,-2.62255,0.0318134
126.571,1.6694,-0.746723,31.0239,-4.55693,0.225493,66.1145,-2.52839,2.49476,-0.972216,0.035869
108.96,2.61421,2.88546,92.7749,-3.53857,2.00973,118.773,2.12861,-1.0937,0.875723,0.0358238
122.222,-1.64733,-2.63132,40.1235,3.77772,-1.70482,113.498,-0.425312,0.482743,0.926506,0.0339089
280.294,1.48323,-1.9828,46.6045,-4.56883,-1.66884,233.572,0.918837,1.24346,-0.313961,0.0365945
205.76,-3.02623,2.29991,66.2892,1.58853,0.274621,99.8993,-1.36868,-1.08961,-2.02529,0.0344723
187.479,1.06755,-2.68735,53.9031,-3.10078,-2.35395,99.0889,-1.29733,0.634243,-0.333401,0.0330427
121.715,1.58126,0.44311,114.277,-2.71131,-1.82199,54.657,-1.4985,2.75811,2.2651,0.0321389
132.841,1.76113,-2.15191,46.114,-4.08488,-1.69014,64.1073,-0.581492,0.987586,-0.461771,0.0340602
119.598,-0.0323717,0.267753,38.8706,3.97234,2.66875,128.643,1.40462,3.12674,2.401,0.0324184
96.4569,-3.1807,1.47314,94.0571,3.14594,0.688687,105.713,-0.279202,-1.90284,-0.78445,0.0323682
214.772,1.93024,-1.8725,94.545,-1.86476,0.181888,127.439,0.753106,1.61376,-2.05439,0.0301028
102.572,-1.31069,2.79964,59.3651,3.94495,2.61044,93.1938,1.2768,-0.363407,-0.1892,0.0340354
140.266,-1.65433,1.47588,90.6515,3.06384,-2.74689,80.4892,1.32898,-1.20853,2.06041,0.0304789
134.44,2.06106,2.84732,133.344,-1.96758,1.93083,136.031,-0.370539,-0.881973,0.916492,0.0325313
143.886,1.26655,0.586439,60.4496,-2.01531,1.29968,137.46,0.309198,-2.51315,-0.713239,0.0306851
179.728,-0.978867,-1.2322,139.208,2.36134,-2.24016,192.282,1.07905,1.54572,-1.00796,0.033096
67.7366,3.0761,2.6637,36.8029,-3.68003,2.4974,54.5743,1.34223,0.119233,0.166301,0.0348246
129.453,3.24735,2.92143,40.6336,-1.14071,2.22427,108.365,0.638235,-0.402907,0.697158,0.0314946
127.916,-2.39799,-0.300237,57.2997,4.39038,0.0460604,136.488,-1.37948,2.94409,0.346298,0.0368961
212.85,0.87781,2.46936,64.6523,-2.25942,2.4041,73.3577,-1.0181,-0.267208,0.0652554,0.0301905
125.562,-1.47343,-2.62509,41.3435,3.52014,-2.2732,126.38,-0.266181,0.199978,0.351889,0.0327971
134.24,-2.78573,-1.52847,68.368,2.91402,-1.26329,185.263,-0.276352,1.49064,0.265179,0.034329
289.584,1.97529,-2.85438,47.5154,-1.97603,2.1852,213.58,-0.844732,0.0961935,1.2436,0.0338349
136.084,-2.28732,-0.661684,35.046,1.21429,-2.13568,118.094,-0.453118,2.2147,-1.474,0.0312435
190.493,-3.133,-3.06534,54.8526,1.43088,0.285127,80.5774,-2.28102,-0.466138,-2.93272,0.0312236
101.513,-3.1337,3.05942,39.5938,3.56527,-2.87918,99.6341,-0.198752,-0.11526,0.344591,0.0324223
137.596,-1.07351,-0.224464,36.2195,3.78611,-0.493223,65.7941,0.424332,2.75915,-0.26876,0.0320179
157.233,2.08355,-0.620577,42.6495,-4.41357,2.61633,39.0537,0.865773,2.39894,3.04628,0.0362799
117.496,2.37542,1.92478,76.1796,-2.83906,-2.64324,118.669,-1.09859,-0.439771,-1.71516,0.0341045
224.024,-1.45419,0.408417,53.3911,2.84219,-1.85455,139.598,0.278226,-2.71227,-2.26297,0.0329444
337.009,1.63572,0.743779,107.318,-2.28654,-1.15215,291.22,-1.1231,-2.61496,1.89593,0.0346675
170.784,0.463618,-0.0359384,44.6409,-4.13292,-0.263446,106.251,-0.35383,-3.08915,0.227507,0.0343655
61.1129,2.36901,-0.737896,55.2853,-3.81008,1.15954,53.6311,-1.53355,2.91364,-1.89744,0.0331617
98.2919,2.47234,-2.47126,44.4311,-3.34633,-1.31522,78.5651,-0.996599,0.783984,-1.15604,0.03395
123.341,2.45192,-1.11643,118.37,-0.952448,-0.724354,144.279,0.839359,2.54223,-0.392077,0.0307656
137.338,-0.770352,0.940669,48.0785,3.09477,-2.05037,73.5744,1.89706,-2.93861,-2.99104,0.0326855
96.8278,0.521926,2.57293,54.9923,-4.03409,-2.1329,97.5412,-1.71765,0.453466,-1.57736,0.0338179
280.282,2.02669,-1.9363,59.3977,-1.0585,1.5329,210.294,0.792901,1.00135,2.81398,0.0323852
141.915,-1.00856,2.14628,35.9189,3.44009,2.88585,75.8147,1.51131,-0.856016,0.73957,0.0318217
113.519,2.16012,2.20665,32.1083,-2.76292,0.76684,73.6951,-0.242327,-1.70906,1.43981,0.0315055
102.393,-1.07123,-2.66864,59.5603,3.57634,1.31232,99.1428,0.362485,-0.808818,-2.30223,0.0330879
111.461,-2.90747,1.99396,86.005,2.78355,2.68487,103.028,0.0510578,-0.662201,0.690905,0.0340871
146.402,1.15279,0.826118,38.5197,-2.7007,-1.65477,68.3332,-0.971048,-2.31277,2.48088,0.0299868
133.444,0.831626,-1.14919,38.7824,-4.13753,-1.9393,75.8123,-2.25352,1.62829,0.790106,0.032284
226.908,-2.43152,0.19091,141.561,2.36502,-0.505335,189.729,0.586108,3.09244,-0.696244,0.0349854
101.319,-2.53388,-1.00105,59.0793,3.68166,0.613906,123.04,0.742773,2.2507,1.61496,0.0341857
181.209,2.93172,-2.97325,103.1,-0.304943,2.31781,89.9592,0.146651,-0.0347687,0.992124,0.0342522
194.851,2.24891,0.808304,50.6567,-2.2904,-1.28756,85.7362,-0.627607,-2.68452,2.09586,0.0321433
275.602,-0.141773,-1.64918,40.1905,3.0586,1.6046,130.937,1.0132,1.51824,-3.0294,0.0324172
98.1704,0.72411,-0.849956,38.4453,-4.04065,-0.624391,131.759,0.377733,2.15987,-0.225565,0.0333795
72.8457,1.87614,-0.684488,58.3967,-2.77667,0.305383,87.4543,-1.75762,2.98234,-0.989872,0.0325395
305.831,-1.35998,1.03481,75.267,2.71298,2.49449,295.08,-0.556535,-1.89584,1.45968,0.0333076
104.455,-1.37827,-1.47389,40.327,3.33086,2.58617,37.0036,-1.00034,0.497773,-2.22313,0.0325143
127.759,1.42039,1.37586,121.832,-2.7,-2.01218,92.5173,0.687253,-2.4215,-2.89514,0.0332604
88.5536,-1.95274,1.81161,77.0855,1.75521,-0.649468,84.077,-1.38116,-1.72968,-2.46108,0.0298455
109.421,1.49082,-0.275615,61.0307,-2.00252,-0.48327,66.6395,-0.55879,-3.1359,0.207655,0.0303185
123.263,-2.3226,1.17963,66.6102,3.46479,0.591518,187.591,-1.0583,-2.36792,-0.588114,0.0342767
91.3526,-1.21449,-0.723021,55.3642,2.37761,0.522621,104.321,0.991678,2.85186,1.24564,0.0320652
54.0093,3.22267,1.35689,50.6407,-1.71425,2.90723,69.6495,-0.380795,-1.38422,-1.55033,0.0321716
171.788,-1.2848,0.758448,45.6457,4.50556,0.957185,199.247,-0.81408,-2.34774,0.198737,0.0364457
104.744,3.13884,-1.50112,35.0623,-3.20533,-1.51869,71.6652,0.062942,1.72473,0.0175669,0.0348932
140.278,1.65628,1.30477,51.1227,-2.49308,3.08297,179.179,0.187537,-1.2172,-1.7782,0.0323594
86.0872,-1.87766,2.8966,55.7253,1.9442,1.42136,102.643,-0.599234,-0.785152,-1.47525,0.0346852
94.1066,-2.93309,-0.875313,51.5965,3.74084,1.243,61.5879,-0.603544,2.33202,2.11831,0.0349152
163.115,0.559748,0.436615,80.1583,-2.6132,1.75921,121.185,-2.48243,-2.23506,-1.3226,0.032242
113.911,-2.83709,-1.55547,103.206,3.04846,-1.59571,148.99,0.906722,1.72706,-0.040241,0.0318955
179.866,2.02529,2.1034,80.6225,-1.15672,1.04847,137.725,1.08426,-1.38651,1.05493,0.0320219
80.2512,4.48363,-1.97921,59.112,-2.56553,-1.44168,119.815,0.54993,1.82,-0.537523,0.0373159
91.8634,3.8229,-0.443326,64.7578,-1.78986,-1.49525,62.4692,-0.438184,2.33225,1.05192,0.0346617
226.799,2.62225,3.09587,112.756,-3.04033,2.15953,168.993,1.65738,-0.246138,0.93634,0.0368179
133.697,-1.30976,-2.77394,45.5634,3.2892,0.307891,82.3143,2.0411,0.464333,3.08183,0.0333904
390.106,-2.24127,-0.298052,90.7512,3.32332,2.28032,202.821,-1.06042,2.85692,2.57837,0.0354985
247.719,2.76102,0.23521,166.628,-0.965441,2.50816,81.1545,0.232551,-2.44759,-2.27295,0.0341183
358.433,1.00953,0.0329467,56.2237,-4.00508,0.401964,270.931,-0.668421,-3.0835,-0.369018,0.0355214
80.4429,2.83393,0.695035,71.6342,-2.57526,-0.0809939,93.0127,1.58044,-2.45834,0.776029,0.0333559
104.214,2.33154,-2.31882,84.1393,-3.59296,-1.83242,129.56,-0.747803,0.809842,-0.486395,0.0346912
135.319,-2.84901,2.30043,74.8917,2.36313,-3.05044,144.292,-1.21665,-0.2478,0.932313,0.033773
105.7,-3.61529,-1.1796,47.2233,2.11673,-0.506832,63.1112,1.28481,2.29303,0.672765,0.034313
176.373,-2.59951,-3.13394,90.4405,1.27762,2.4756,111.551,0.219345,0.061066,-0.673648,0.0334433
118.878,-2.97123,0.866226,61.2547,3.18301,1.50099,95.7144,1.42191,-2.14362,0.634767,0.0343304
129.114,-0.534991,-1.01243,121.27,3.16245,2.71945,46.4954,2.08005,0.69227,-2.5513,0.0311886
77.8004,3.4268,-1.24515,53.3005,-2.64402,-2.58418,56.2428,-1.50361,1.57894,1.33903,0.0352339
129.786,1.35014,0.239757,38.9054,-3.22801,1.54353,123.09,-0.942703,-2.56752,-1.30377,0.0323068
69.9898,-2.99327,-2.84004,48.3251,2.92961,-3.02849,53.897,2.27602,0.369332,-0.188447,0.0339144
104.456,1.65595,-0.875894,83.9981,-4.23667,0.810396,136.426,-0.351605,2.66725,-1.68629,0.0361899
113.225,-1.14644,0.440834,67.2578,1.86373,1.04767,160.501,0.545249,-2.48658,0.606833,0.0285911
285.08,1.3595,-1.16507,77.2469,-3.29363,-1.15353,314.706,0.966435,1.94614,-0.0115379,0.0347848
149.773,1.75934,0.71173,134.174,-1.33274,-0.0282716,218.477,-0.611724,-2.74476,0.740002,0.0326939
102.866,1.16427,1.11323,102.581,-4.3885,0.53739,40.3693,-0.403257,-1.76494,0.575839,0.0369854
217.507,-2.12061,-0.361329,78.358,3.31725,2.03997,146.79,-0.542282,-2.85793,2.4013,0.0338927
107.32,-1.59399,0.265626,41.7535,3.20564,-0.0545103,118.835,1.19479,-3.05549,-0.320136,0.0309578
137.525,0.63427,2.08149,57.5437,-3.47871,-1.52786,52.476,-1.98889,-0.551882,-2.67383,0.0305347
116.673,1.40193,2.29911,77.9833,-2.20563,1.69275,118.867,-0.107085,-1.13676,0.606361,0.033463
133.403,3.65924,-2.02468,50.3713,-2.36129,1.01103,52.635,-0.880923,1.19001,-3.03571,0.0352146
178.549,2.43699,1.0124,84.0805,-2.77526,-1.8027,50.3281,0.544229,-2.32108,2.8151,0.0338987
102.48,-0.788077,-0.683677,58.8529,3.5473,-1.36302,133.373,1.9115,2.26495,-0.679341,0.0313706
186.625,-1.41405,0.39336,125.333,2.70669,-1.32109,79.9921,0.880064,-3.07852,-1.71445,0.0326356
56.1753,-0.333292,-2.5443,47.3745,3.86761,2.37967,47.2407,1.60374,0.155056,-1.35921,0.0300905
101.317,2.95696,-0.874518,32.0031,-2.0033,1.80426,56.0633,1.84223,1.98436,-2.67878,0.0283559
63.3438,1.63566,1.8732,37.2321,-4.12616,2.10644,42.0149,-1.99507,-1.70492,-0.233241,0.0332461
95.3664,-0.127975,1.47307,69.8742,3.44549,1.91696,98.5466,0.903266,-1.49908,0.443884,0.0324665
105.877,-1.52122,-3.07331,58.3663,3.05775,-2.68049,87.9482,2.37216,0.513137,0.39282,0.0334494
82.1939,1.37647,-2.89209,72.2085,-4.17238,-2.50221,78.5732,-1.97339,0.302437,-0.389887,0.0329971
52.252,-1.95226,1.29013,43.9568,2.95161,0.832337,52.0124,-1.24376,-1.84496,-0.457795,0.0324748
93.0038,-2.70903,-2.25114,39.6774,3.19329,2.55391,82.8369,-0.905613,0.669716,-1.47813,0.0329949
275.939,3.02251,1.12385,69.3557,-2.41555,-2.65175,159.963,0.60792,-2.05849,-2.50759,0.035388
116.376,1.86508,-1.4134,87.0137,-1.89187,-1.39737,76.8366,0.794954,1.88295,-0.0160351,0.0301388
126.168,-2.39273,-2.47168,58.3043,1.99801,-0.735702,113.978,-1.11971,1.09929,1.73598,0.032704
78.1596,2.00151,-0.833478,55.5086,-3.3942,1.02015,58.4833,-1.75835,3.09525,-1.85362,0.0331986
156.295,2.92652,0.223126,51.02,-3.3758,-1.92683,115.024,-0.80475,-3.11274,2.14996,0.0348471
72.0959,2.27834,0.415259,43.1333,-1.9853,0.599213,199.665,0.32466,3.10894,-0.183954,0.0332327
349.708,-0.29691,-2.82481,46.9387,3.49323,-0.499056,210.615,1.23009,0.246453,2.32575,0.0307856
141.771,0.929791,0.562981,74.4386,-2.66323,1.04389,169.993,0.347661,-2.38156,-0.480907,0.0290386
78.7637,1.90466,-2.29827,44.0787,-4.55892,-1.41104,62.0269,-0.0965654,1.48862,-0.887227,0.0352438
128.55,2.67626,2.41623,77.9456,-2.59264,-2.43346,46.2479,1.23943,-0.667687,-1.43349,0.0325461
113.301,1.65153,1.26951,77.4439,-3.32188,1.24937,127.449,-1.09689,-1.9152,0.0201391,0.0334921
172.029,2.71064,2.42356,86.2603,-1.46932,-1.98667,137.132,0.701217,-0.559414,-1.87296,0.0324236
182.86,-0.896887,0.0858419,52.7687,4.70022,-2.14219,29.9321,2.67282,-2.94435,-2.22803,0.0358455
72.4642,4.61213,-2.21222,63.3436,-2.49825,-1.93071,85.8535,-1.40958,1.06854,-0.28151,0.0379
84.2676,4.35521,-0.522004,54.4948,-0.206592,0.0366323,69.9525,1.17853,2.71058,-0.558636,0.0339831
160.988,1.56114,1.84074,49.8323,-2.74789,-1.35261,126.487,1.34448,-1.00174,-3.08984,0.0323111
103.714,-0.260414,0.818705,64.4438,3.51274,0.88519,55.8456,1.84887,-2.17559,0.066485,0.0328368
100.913,-2.76242,-1.81343,56.3586,3.71001,-1.11804,148.353,1.11367,1.63881,0.695399,0.0352881
125.371,3.32085,-1.8205,70.604,-1.22484,-2.47,131.94,2.12419,0.678752,0.6495,0.0307527
127.151,-0.865058,1.72137,81.7074,2.97284,-2.70113,118.961,1.39512,-1.11144,1.86068,0.0316365
265.928,1.98222,-1.92846,135.286,-2.3351,-3.09705,280.043,-0.544349,0.627219,1.16859,0.0344824
174.421,-0.905038,1.54507,38.0901,3.544,1.01298,92.6884,1.18084,-1.68821,-0.532093,0.032811
154.637,-2.69786,0.395681,142.532,1.79987,0.944349,272.264,-1.25713,-2.48593,0.548668,0.0339613
108.021,0.59389,1.0738,48.1602,-4.45736,-2.90799,44.9487,-2.31782,-1.78727,-2.30139,0.0333769
147.294,-2.54163,-1.59468,106.687,1.19258,-0.983202,208.462,-0.36395,1.7401,0.611479,0.0310834
167.631,-1.32123,-1.01261,58.9748,3.28005,0.215944,200.086,1.16594,2.27276,1.22855,0.0337296
112.027,-1.90159,-1.8179,74.2505,2.67758,-2.98693,107.483,1.92604,1.01384,-1.16902,0.0334927
102.471,2.1676,-1.8091,66.9458,-3.98905,-0.901882,98.828,-2.03496,1.75797,-0.907222,0.0356958
98.3959,1.01122,1.90501,85.2943,-2.23121,-0.433113,48.3641,-1.18194,-2.63085,2.33813,0.0307024
81.8022,-2.70059,-0.872359,62.2914,1.68248,1.3055,36.5678,1.87101,-2.61199,2.17785,0.0318922
266.636,-0.630275,1.28668,50.433,3.19972,-0.241042,90.6737,1.19329,-2.3048,-1.52772,0.0327504
179.633,2.08123,-0.814022,60.3341,-3.16768,1.50888,121.774,-1.13886,2.73415,-2.3229,0.0338809
96.9388,-1.83634,-0.702435,52.63,2.91788,-2.59855,36.9402,1.28721,1.15848,-1.89611,0.0321036
97.2565,-3.06975,-3.11283,50.1454,3.1429,0.471552,39.2021,-1.80238,-1.33832,-2.6988,0.0329289
88.6603,1.66144,0.505944,63.7112,-1.856,0.200639,88.9372,1.48329,-2.69068,0.305305,0.0315286
81.1694,2.9548,0.166473,39.4141,-1.49343,1.14591,63.7241,1.95615,-2.65723,-0.979438,0.0296449
108.952,-3.23148,-0.780159,59.0194,3.37326,-0.65696,119.398,-0.740812,2.64,0.123199,0.0325707
155.701,-3.57983,0.43612,133.443,1.94334,-0.247744,222.335,-2.34548,-2.93034,-0.683865,0.0372219
65.723,-1.44019,2.80587,62.6234,3.47182,-0.94262,62.5858,1.95464,0.996065,2.53469,0.0322728
75.808,2.94562,0.534874,68.8561,-0.514956,-0.646613,82.1681,1.97789,-2.74874,1.18149,0.0307753
177.167,2.11252,0.538349,76.7035,-3.28709,0.82681,175.947,-1.19085,-2.69267,-0.288461,0.0353195
74.3212,2.17739,1.30048,58.8464,-2.11166,2.71217,32.302,0.257713,0.294424,-1.41168,0.0314786
158.814,-2.36317,0.831361,82.3444,1.89982,0.831671,297.672,-0.748882,-2.14946,0.000309706,0.032661
42.0665,-3.44329,-1.44497,39.7941,4.08297,-0.0459727,45.7271,1.88781,-2.90668,1.399,0.034586
187.813,1.50412,1.53019,168.663,-3.09801,0.39389,95.934,-1.18584,-3.08392,1.1363,0.0344548
189.133,2.94933,2.19398,139.872,-3.63621,-1.46638,99.6981,-0.777964,-0.89239,-2.62282,0.0384713
166.027,-2.4264,0.558317,47.7007,3.19197,-0.30013,94.0993,1.25824,-2.67452,-0.858447,0.0341764
124.291,-2.23363,-2.52982,108.491,1.23674,-1.04465,161.656,0.0552007,1.66912,1.48518,0.0326374
73.4953,-2.18011,-1.19058,62.5056,1.38987,-1.8313,75.4548,0.238566,1.27668,-0.640719,0.0314159
112.772,2.82326,2.98738,49.8885,-3.35994,2.67344,111.738,-0.144181,-0.167962,0.313942,0.0335311
92.3957,2.94063,2.8145,74.9211,-3.18874,-2.61937,53.5679,-2.108,-0.426896,-0.849316,0.0346967
132.965,-2.32735,-0.113032,72.3112,1.22305,0.0506034,102.314,-0.147504,3.06612,0.163636,0.032278
206.442,-2.11811,-1.82733,63.7092,3.889,0.0466392,188.671,0.882293,1.5679,1.87396,0.0359515
180.119,-2.27472,1.84024,46.3656,1.11213,-1.19264,147.399,-2.25665,-1.20124,-3.03288,0.0312131
150.935,2.51625,-0.764281,52.1871,-1.0452,-2.1244,106.239,0.508112,2.46468,1.36012,0.0317604
90.503,1.78259,2.72838,40.5722,-2.30055,1.09843,74.785,-1.69193,-1.35574,1.62994,0.0319469
142.244,-1.82992,-3.00064,55.3914,4.11692,-0.95479,70.777,-1.10172,0.577634,2.04585,0.0355697
342.314,0.868339,-2.11911,37.3786,-3.03516,-1.9078,115.784,-0.0309958,0.921722,-0.211304,0.0330017
54.5079,-3.96107,0.934266,40.5435,0.514023,2.47168,42.6885,0.364797,-1.8908,1.53741,0.033623
70.607,-2.92389,-2.71504,49.8152,2.62083,-2.85751,92.0125,1.03001,0.621809,-0.142469,0.0329662
116.411,-1.6217,1.06708,61.2836,3.44267,2.83,74.1018,1.49289,-1.19276,1.76292,0.0317488
130.44,-1.26568,-0.684654,71.8035,2.42406,1.04459,22.7717,0.462785,-2.63066,1.72924,0.03007
113.943,-1.36374,-2.37516,49.4437,2.97834,2.85108,94.5813,-0.498431,0.419297,-1.05695,0.0321645
61.6287,-3.70043,-2.98357,34.4049,2.79763,1.92532,74.7563,1.27284,-0.691872,-1.37429,0.0333501
183.084,0.311304,-1.9107,54.9116,-4.72346,-1.38885,78.6914,-0.47381,0.988757,-0.521849,0.0364963
89.8659,-1.68894,2.23285,41.4243,2.70006,1.56119,88.489,0.556654,-0.857566,-0.671659,0.0297195
295.402,2.72043,1.13511,167.23,-2.767,3.12288,207.054,1.57113,-1.43363,-1.98778,0.037614
122.566,-3.02125,1.5716,80.3604,2.4806,0.0831253,102.009,-0.547018,-2.20356,-1.48848,0.0339391
103.74,-3.00458,-2.92834,73.2116,1.35072,1.50958,52.9873,-1.50454,-0.0908734,-1.84526,0.0325524
86.8385,3.96468,-3.08529,66.9467,-0.848625,-1.98091,56.3841,1.19416,0.404703,-1.10438,0.0332816
135.656,-2.83834,0.932435,70.5113,3.56046,1.60539,93.823,-0.467491,-2.21684,0.672954,0.0354876
87.9374,-2.28358,0.433482,44.1175,2.43867,-2.38731,44.431,1.24628,-2.369,-2.82079,0.0318427
119.266,2.29074,1.78564,98.0137,-1.42194,2.58215,79.8162,1.10124,-0.848054,-0.796505,0.0321026
137.623,2.2396,2.2149,59.4694,-2.56597,2.32116,89.6443,-0.572453,-0.50901,-0.106266,0.0315532
197.536,-1.85449,0.497,52.1835,4.07419,0.786128,148.838,0.940547,-2.51836,0.289128,0.0345423
91.5206,-2.03174,2.85475,70.5502,4.25019,1.82508,126.245,0.909996,-0.863032,-1.02967,0.0357101
422.127,-1.54888,1.45164,74.9924,2.42265,-0.820424,240.332,-0.817526,-1.76952,-2.27206,0.0323378
61.3199,2.692,-3.00608,34.7987,-3.09093,-3.02479,66.7128,-0.111322,0.233768,0.018713,0.0298606
148.148,1.82581,2.68289,56.0179,-3.55943,-0.578309,41.3389,-0.409698,1.19604,-3.02199,0.0339172
93.247,-1.08157,-1.51828,92.0938,2.95259,0.0938106,125.581,0.148737,2.71937,1.61209,0.0343685
95.9566,1.17451,1.06054,54.1174,-1.95098,-1.22682,42.167,0.357685,-2.4737,2.28736,0.0310205
113.003,-2.04596,2.92717,82.9053,2.24399,-1.90319,93.0924,1.53701,0.214661,1.45282,0.0329694
65.0402,-1.21388,-2.69832,55.5891,3.28754,-2.84448,99.4714,1.14827,0.201765,-0.146155,0.0303185
89.5934,-0.730761,-0.145404,48.6534,4.14937,1.23581,73.4639,1.09656,-2.8524,1.38122,0.0319698
70.0975,2.66797,-1.14489,31.7109,-3.34281,0.260905,48.8757,1.12074,2.02756,-1.40579,0.033657
154.207,-2.44727,0.610033,93.5702,2.17472,-1.45341,78.5156,-0.91229,-3.12704,-2.06345,0.0331459
143.536,-3.4247,0.0686197,31.1277,1.6926,0.215691,76.9202,-1.14058,2.94959,0.147071,0.0339022
160.757,1.74384,-2.39551,44.0986,-2.46543,-3.0733,107.229,-0.979489,0.559175,0.677787,0.0328805
92.6903,-4.42156,-0.261403,34.1636,4.33897,1.82604,78.6575,-1.70237,3.10633,2.08744,0.0397379
131.581,3.40408,0.649931,119.471,-3.22932,-0.940629,82.4278,0.107363,2.85231,1.59056,0.0356405
105.489,2.27177,2.73618,64.7274,-3.15804,2.28349,147.101,1.29468,-0.588095,0.452693,0.0335759
97.3052,-1.72237,-0.32118,64.9623,1.89342,2.0383,56.6697,0.0311943,2.73224,2.35948,0.0287876
152.4,1.48805,-1.04411,42.3044,-3.67934,-3.13087,96.5747,-1.87613,1.88316,2.08675,0.0335179
216.594,-1.92742,2.17345,37.3334,1.38783,0.295489,103.828,0.466857,-1.12571,-1.87796,0.0321079
168.807,1.44672,-2.0029,106.266,-2.94353,2.72887,160.082,1.16175,0.872289,1.55141,0.03381
121.787,3.12186,-1.38068,82.7836,-1.93806,-2.69017,71.3599,0.546311,0.73995,1.30949,0.0320386
158.685,2.13312,-1.19402,89.4049,-2.45719,-2.18658,134.102,-0.359806,1.6067,0.992553,0.0335387
93.0877,1.97751,1.09457,37.0331,-3.70011,3.13891,61.3085,0.659527,-1.56911,-2.04433,0.0327349
314.33,2.67609,-1.06442,52.3843,-3.37904,-0.906849,185.209,-0.0666568,2.08625,-0.157568,0.0358058
107.342,-1.66422,2.92537,50.5028,3.70193,-2.34083,103.209,1.91172,0.377632,1.01699,0.0335002
75.3684,2.60276,1.03861,68.6144,-2.35741,1.70361,109.479,-1.27181,-1.72068,-0.664997,0.0308785
197.773,1.98735,2.54165,37.9299,-4.27435,-1.59629,139.161,-0.639992,-0.543296,-2.14525,0.0361913
91.2801,2.97756,0.970138,31.003,-2.51727,-0.985777,71.2006,0.101547,-2.3957,1.95592,0.0330604
92.6917,2.61601,2.14677,55.6571,-3.91421,-2.60008,71.7498,-1.85715,-0.56329,-1.53634,0.0352052
106.137,1.9738,0.943193,33.8737,-2.23512,2.00002,77.0793,-1.49486,-2.14893,-1.05683,0.0270373
131.022,0.912795,1.67616,59.2627,-3.04859,-0.578919,42.4159,-1.64357,-1.66371,2.25508,0.0320138
132.669,1.00596,-0.0125045,54.339,-2.80431,3.13956,32.3195,-2.03624,2.21973,3.13112,0.0325097
83.0326,1.8626,-0.825023,48.1955,-2.17644,-0.417314,116.901,-0.736105,2.765,-0.407709,0.0304291
64.0612,-3.441,2.04189,39.7561,2.28553,-0.198721,43.3834,0.297629,-2.49565,-2.24061,0.0326454
96.4132,1.97334,-1.51236,30.692,-2.71349,-0.819403,76.3439,0.706321,1.80569,-0.692956,0.031583
113.93,1.72655,-1.86319,89.1973,-3.38891,-2.41792,166.766,0.771032,1.039,0.554727,0.0329772
125.159,1.30626,0.840642,98.9915,-3.53017,3.06451,63.752,-1.2242,-1.88405,-2.22387,0.0352958
68.3605,-2.85091,-0.679137,63.7,1.31196,0.138497,61.7148,0.0414213,2.85864,0.817634,0.0316458
167.413,0.808753,1.34206,108.794,-3.37826,2.63103,153.731,-0.400921,-1.35202,-1.28897,0.0327924
208.169,-1.79507,2.95688,90.4945,1.26221,-1.30099,88.0969,-1.42927,0.0699533,2.02532,0.0297629
92.5096,-1.70719,1.30618,86.9353,3.72659,-0.538808,134.976,1.67411,-3.09877,-1.84499,0.0328183
200.643,2.48971,2.80804,171.352,-1.00521,1.63393,239.36,1.0111,-0.643629,1.17411,0.033703
122.486,-3.40806,0.361298,39.4834,0.401791,-2.55483,43.4965,-1.8399,-3.12265,-2.91613,0.0320716
119.5,-1.62319,-2.01904,30.4277,3.49603,-2.91542,107.767,1.34367,0.875538,-0.896378,0.0325882
126.085,2.84506,-0.768829,42.8861,-2.26555,-2.84282,59.9043,0.478118,1.56994,2.07399,0.0321283
185.391,-1.96315,-3.10432,46.1703,2.70227,0.365658,51.3767,-2.13416,0.0928008,-2.81321,0.0328817
243.949,-2.27976,0.57132,53.9265,2.92529,0.152076,178.089,0.333242,-2.22523,-0.419244,0.0359706
148.724,2.09162,-2.51091,33.6222,-4.08774,1.5683,113.89,0.0537997,0.889977,2.20398,0.0322506
102.502,-2.44613,2.23292,64.1807,2.72161,-2.55157,70.4843,0.159851,0.190454,1.49869,0.0327552
199.643,2.14014,0.599773,73.6505,-3.97011,2.47759,135.097,0.256489,-2.13981,-1.87782,0.0345439
103.867,-3.00659,-1.28285,84.752,2.86853,2.75045,56.43,0.881082,1.74007,-2.24988,0.0313852
105.556,2.49586,-0.259246,47.2609,-3.7951,-0.669323,113.87,0.257093,2.70669,0.410077,0.0341795
177.557,3.1417,-2.52066,36.4277,-3.65955,1.19738,80.0284,0.509441,0.384685,2.56515,0.0339688
284.19,-0.980689,-0.377337,81.9919,4.17171,0.450987,132.503,0.825099,2.55438,0.828324,0.0360557
88.5272,1.13289,-2.39121,41.157,-3.63718,1.14368,33.3571,-1.88828,-0.850868,2.7483,0.032775
79.4144,-1.4329,1.02938,76.4605,3.88434,1.19022,80.6165,1.09565,-2.18202,0.160841,0.0306669
51.8015,-0.350694,3.0092,44.8258,4.43712,-2.23531,63.2535,1.34924,0.562125,1.03868,0.0323641
93.9809,-1.44141,-2.98773,58.8738,3.39258,-1.88916,116.767,1.36961,0.461115,1.09857,0.0316712
141.945,2.45521,1.52596,60.3884,-1.55607,1.41846,99.1831,1.96381,-1.60003,0.107496,0.0323842
85.0564,2.13764,-2.04107,71.0635,-1.8552,-2.4982,47.7857,1.52395,0.23014,0.457132,0.0291973
156.877,-2.78099,-1.22725,81.9519,1.17068,0.540998,92.1033,-0.666579,2.75739,1.76825,0.0322073
59.8432,2.8304,0.543666,54.4508,-3.18581,3.05719,29.4769,-0.558845,-1.52572,-2.51353,0.0300787
108.776,-2.53697,-0.0595658,75.5998,2.66324,-3.02778,26.9533,0.835667,3.07814,-2.96821,0.0329711
82.7547,1.69385,-0.308756,54.5039,-1.81361,2.41711,40.933,-0.536628,-2.53094,-2.72586,0.0296718
149.409,1.27374,-1.24365,34.4117,-4.08568,-2.95496,74.4317,-0.502333,1.40035,1.71132,0.0331989
111.679,-2.93162,-0.93601,56.4372,1.07734,0.985836,91.4431,-1.52665,2.63987,1.92185,0.0326244
170.91,0.58047,1.83938,43.8799,-3.06779,-1.15749,98.9149,-0.455904,-1.24098,2.99687,0.0307217
80.6723,2.72716,-1.64814,34.2654,-1.93802,-3.032,67.7889,1.3045,0.613566,1.38386,0.0319135
62.327,-1.61629,-0.437274,58.501,3.33126,1.52332,47.1282,2.44818,3.01956,1.9606,0.033181
180.211,2.46978,-1.11447,38.0801,-2.98723,0.509991,157.782,-1.77668,2.23008,-1.62446,0.0361768
243.53,2.82175,0.405962,64.201,-1.38495,-2.01699,127.74,1.00128,-2.63735,2.42296,0.0334486
181.069,-3.04708,1.32746,57.5472,4.61863,0.283256,152.758,-1.2259,-1.98792,-1.04421,0.0395816
88.7527,-3.40833,0.523364,79.7274,0.637058,-0.82485,57.538,-2.32599,-2.77602,-1.34821,0.0323302
90.4667,0.480806,1.0333,85.4416,-2.57087,-1.79886,49.9579,-2.30601,1.21609,2.83215,0.0304318
56.3092,2.90824,-2.97344,49.8051,-3.79515,-2.99044,59.7984,-2.24401,0.542324,0.0170012,0.033782
140.139,-2.13644,2.69711,30.0542,2.92091,2.02659,131.675,0.19578,-0.313803,-0.670528,0.0320023
197.92,-2.1868,-1.29799,80.2141,2.86051,1.17704,44.6456,-0.295016,2.07383,2.47502,0.0341157
92.6476,3.75823,-0.968211,37.1676,-3.11076,-3.09723,34.8552,0.628155,2.52596,2.12902,0.03259
163.104,-2.70118,-2.92012,49.5429,4.19726,-1.52235,115.254,0.37847,0.505016,1.39777,0.0364704
311.308,0.671497,1.10574,120.968,-3.62962,2.31106,200.571,0.381674,-1.75967,-1.20532,0.0353028
103.066,-1.4601,0.945814,51.1871,1.91223,0.234408,141.597,-0.618931,-2.19438,-0.711406,0.0310769
121.779,1.80697,0.134671,96.3312,-1.52705,-0.779644,50.0218,0.803882,3.10895,0.914316,0.0301623
138.657,1.33082,-2.5222,54.442,-3.68827,0.86848,50.5004,-1.26498,0.313116,2.89251,0.0330414
528.981,-0.961833,-0.000600302,370.87,2.10344,2.96727,207.338,-0.466384,-2.43486,2.96787,0.0348978
214.976,-2.05972,-1.09017,157.774,2.52742,3.08565,68.3946,-1.95881,1.14611,-2.10736,0.0347027
70.8927,-1.88474,1.38017,38.0512,3.95767,0.156402,67.9726,2.40319,-3.02709,-1.22377,0.0332719
103.737,0.804576,-3.12695,66.5169,-2.99242,-2.54097,90.1839,-1.89588,0.496291,-0.58598,0.0328983
129.068,2.55176,-1.52911,76.3429,-1.01003,-1.03484,83.5833,-0.287689,1.85818,-0.494269,0.0323042
153.281,-1.64594,0.540954,30.0058,2.33559,0.273255,129.464,-1.15971,-2.62838,-0.267698,0.0317642
85.772,2.40708,1.82715,44.5099,-2.15891,-2.22372,51.9505,-0.609012,-0.0692986,-2.23232,0.0296587
222.208,0.985176,-1.12927,32.8033,-3.86783,1.1775,131.499,-1.25748,2.04232,-2.30677,0.0337952
77.8794,1.56025,-1.78915,33.9018,-2.99733,-3.01654,68.795,-1.50646,1.16617,1.22739,0.0298442
110.495,-3.0016,2.43541,77.2073,3.22117,2.74905,154.594,0.9587,-0.921567,0.313637,0.0338189
216.864,-2.06694,-0.425089,58.3049,3.1036,0.42881,111.903,0.455134,2.85081,0.853898,0.0340871
79.7837,-2.09919,-1.35175,72.8841,1.58742,-2.49014,107.919,0.316859,1.06056,-1.13839,0.0300544
129.731,2.51659,2.51785,80.8719,-1.57081,1.54056,168.65,-0.504684,-1.14247,0.97729,0.0299704
111.045,0.619507,-2.44406,77.3978,-3.43893,3.00581,116.386,-2.18899,0.287264,0.833312,0.032793
102.283,-2.81294,-1.7394,30.1458,0.959261,-2.86981,76.8457,-1.78018,0.993639,-1.13041,0.030938
122.055,3.16597,-2.81914,75.5151,-4.07026,2.34506,32.8522,-1.65034,0.467591,1.11898,0.0375574
85.1152,1.54942,-0.625095,39.0935,-4.43225,-2.74768,38.9482,-2.70219,2.64545,2.12259,0.0348596
444.016,1.57148,-1.58686,52.737,-2.89715,-0.647949,174.421,-0.803816,1.66754,-0.938911,0.0349796
194.333,-0.54275,0.79001,54.3596,4.29017,0.460572,196.756,1.62598,-2.36765,-0.329437,0.0320461
72.5274,1.66079,-1.29608,39.8893,-2.27965,1.20028,23.5488,-1.18417,1.2573,-2.49636,0.0286423
88.9707,2.92209,-1.38098,59.0989,-1.21036,2.96015,115.402,-0.703416,1.18075,1.94206,0.0319509
170.855,-1.7758,2.65395,50.3171,2.81941,1.55404,178.094,-0.715173,-0.589076,-1.09991,0.0329499
136.473,1.17394,-2.47245,124.537,-3.50929,-2.73367,94.0929,-1.01763,0.488236,0.26122,0.0350892
153.775,-1.67296,1.38664,81.0829,3.85755,-2.63625,36.9588,1.25686,-0.529368,2.26029,0.0344978
78.2452,2.72822,1.81076,47.1519,-0.831467,1.65554,56.863,1.19479,-1.63242,0.155225,0.0278925
43.3842,-3.47437,1.48011,35.7164,2.34788,-0.545734,31.6954,-1.09724,-2.68224,-2.02584,0.0330841
93.669,-1.69291,2.86847,55.9018,2.47949,-1.64266,75.9499,-1.28866,0.604898,1.77206,0.0319345
120.906,-0.734921,-3.08551,52.1853,3.84491,-2.00681,109.796,0.85157,0.551905,1.0787,0.0319298
161.254,-1.77128,-2.33067,48.1449,4.00208,1.12062,100.57,-0.499108,0.649133,-2.83189,0.0342061
143.723,1.44895,-2.69865,99.61,-2.87682,0.83352,61.7299,-0.113915,0.748726,2.75102,0.0331833
79.5252,2.82766,1.8003,60.7835,-3.13349,-2.8617,78.7129,-0.0239169,-0.580808,-1.62119,0.0336656
140.237,-2.47347,1.47718,43.0287,1.56254,-2.94113,52.5738,0.456501,-1.03885,1.86488,0.0318048
150.151,3.10623,0.239455,69.4971,-2.91706,2.24451,70.2327,-0.764567,-2.21296,-2.00505,0.0351149
99.5971,-2.48375,0.521995,40.9769,2.81259,0.636232,63.3904,-1.05218,-2.27417,0.114238,0.0323522
156.877,-2.38379,-1.29355,82.7478,4.34226,0.312696,136.351,-0.833127,2.77743,1.60625,0.0383584
138.429,-0.908676,-0.0303772,102.172,3.14111,2.3024,91.0256,1.68452,-2.53287,2.33278,0.0331799
262.186,2.08974,-0.632064,104.35,-2.61256,2.83927,115.49,-0.152263,1.85893,2.81185,0.0338552
198.836,-3.04724,0.386692,42.763,3.6467,2.48309,141.401,-1.16472,-2.31774,2.0964,0.0357882
85.2554,-2.07768,0.56741,74.9842,3.95133,2.27878,73.5236,0.306809,-1.22252,1.71137,0.0351803
289.903,-1.34777,2.80893,55.3987,3.78223,2.34696,191.851,0.919924,-0.26925,-0.461966,0.0348695
74.7568,2.90513,-0.80032,57.1512,-1.39888,0.474278,93.1485,0.272529,3.09119,-1.2746,0.0302284
123.936,-3.27044,-2.24788,38.3467,0.0669049,2.91471,146.044,-0.935453,0.728123,-1.1206,0.0324881
138.341,3.25445,-2.36031,68.5721,-1.95761,-1.2432,122.843,1.56169,1.15032,-1.11711,0.0340326
297.323,0.79052,-3.04018,59.9096,-4.03247,2.95369,204.83,-1.50063,0.22428,0.289322,0.0358454
192.952,-2.41316,-1.87002,78.6812,1.83402,-0.388183,186.427,-0.286412,1.54838,1.48184,0.0307294
166.543,-2.05022,1.43348,133.319,2.39877,2.86753,176.677,-1.28175,-1.03572,1.43405,0.0342103
130.201,-3.15628,-0.255172,96.3681,0.376541,-1.88634,132.789,0.0203547,2.09035,-1.63117,0.0305081
165.587,2.36217,-2.85754,105.304,-2.02304,-1.39412,135.039,0.34985,0.986619,-1.46343,0.0338005
117.261,-0.28484,0.833815,73.5624,4.11631,1.17616,114.592,2.13492,-2.03093,0.342344,0.0344941
168.62,-1.39119,3.03014,41.8319,3.4161,2.27861,60.5663,-0.54113,-0.311074,-0.751531,0.0326147
130.704,2.81518,-2.64266,103.883,-0.817134,-1.51253,144.197,1.18806,0.884747,-1.13013,0.0330436
230.548,-2.81815,-1.66754,62.8532,3.19158,2.0169,97.5848,-0.148937,1.13809,-2.59874,0.0347654
98.6474,3.24082,-0.338314,98.2561,-1.16636,2.1828,48.8002,0.852226,-2.46987,-2.52111,0.0337722
68.5505,-3.79804,-0.949181,59.6484,1.36388,-0.760322,70.4442,-1.78563,2.10994,0.188859,0.0335602
145.226,-1.81559,1.69121,32.9013,4.5447,-2.70269,48.8382,0.785681,-2.1057,1.88929,0.0331115
221.348,1.49989,-2.56277,146.588,-3.17608,-0.879441,218.179,-0.352909,1.12913,-1.68333,0.0338205
204.322,2.56547,0.414324,66.8395,-2.68794,2.88857,50.0596,-0.666779,-3.06502,-2.47424,0.034896
136.461,2.76868,-0.808348,88.7841,-1.84198,0.893886,59.6039,0.948758,-2.81167,-1.70223,0.0329985
58.7816,-1.97204,2.35458,42.7264,3.56533,0.601791,43.6685,0.12965,-1.39134,-1.75279,0.032712
112.986,2.47318,2.18781,37.3112,-4.07056,3.07002,75.2836,1.54201,-0.933835,-0.882205,0.0345217
241.227,1.72834,-1.12441,178.123,-2.12654,-0.692614,303.714,-0.520854,2.11421,-0.431798,0.0330494
78.2301,-4.02939,2.02885,71.7306,3.1555,-0.535251,41.2412,2.43349,-1.23493,-2.5641,0.0368095
422.462,-2.29871,1.10191,63.9362,3.28932,0.309131,217.589,1.56846,-2.1624,-0.792784,0.0368981
123.296,-1.44379,-0.108033,105.648,1.94881,2.39415,55.3663,0.544141,-2.11777,2.50218,0.0306789
78.6111,2.96663,2.77502,53.896,-2.70105,-2.27415,98.3889,-0.0752208,-0.206977,-1.23402,0.032169
69.1144,-2.4699,0.476011,66.8618,2.36889,1.31735,108.158,0.580841,-2.03861,0.841338,0.0325962
147.772,-2.47481,1.03685,86.4952,2.18872,3.00782,168.372,1.27805,-1.36806,1.97098,0.0315454
76.1602,-1.98651,-2.3671,75.9156,2.89329,-1.64114,84.1396,-1.10674,1.24154,0.725966,0.0321689
261.431,1.85468,-2.75397,216.808,-1.68977,-1.45492,176.668,-0.032884,0.838555,-1.29905,0.0337273
223.192,-0.991796,-1.72871,60.832,3.83155,1.44766,70.485,0.761706,1.44022,-3.10681,0.0345307
221.22,2.6455,-1.08106,90.9573,-1.84219,0.00940631,228.722,1.3814,2.22487,-1.09047,0.0341982
112.117,3.01923,-0.925428,58.6737,-2.90617,-0.0057096,109.67,-0.531667,2.62621,-0.919719,0.0340735
153.38,-2.51586,-0.0130556,56.7491,3.15218,2.33108,83.843,-2.21803,-2.69049,2.34413,0.0320545
56.5086,-1.55199,1.82223,46.7952,4.68063,-2.33974,37.797,-1.4295,-1.15644,2.12122,0.0350327
182.8,-1.9166,-2.34783,99.1074,1.68537,-0.0796876,74.8526,0.260844,1.52986,2.26814,0.0325709
160.973,2.35364,2.33435,56.361,-4.55143,-1.92029,133.729,-1.31299,-0.298831,-2.02854,0.036902
242.319,-1.15059,0.566474,87.8698,4.01868,-1.12071,96.5975,0.104247,-3.05107,-1.68718,0.0348237
221.944,1.66094,-0.0157553,50.7629,-4.61071,0.996102,81.9751,-1.20847,3.11097,-1.01186,0.0366592
103.194,1.1534,0.956295,44.4441,-3.15271,0.370571,85.9111,-1.54646,-2.4648,0.585724,0.0289127
398.654,-2.23653,0.911649,154.317,3.16589,-2.72533,154.202,1.36256,-1.84854,2.6462,0.0370785
73.8967,2.38306,-2.0133,49.3975,-2.60855,-2.71589,78.635,2.34448,0.604613,0.702595,0.032989
87.9218,-2.32109,-0.963289,32.3055,2.38655,-2.68288,72.3928,0.0730795,2.10334,-1.71959,0.0314428
127.567,0.777089,-0.559317,86.1422,-3.43783,1.29336,185.36,-0.261103,-2.57112,-1.85267,0.0338384
40.9169,3.31972,2.04436,33.5496,-2.96666,2.36507,60.7576,-1.03464,-0.421882,-0.320708,0.0287968
103.768,2.77184,0.101963,38.8099,-1.39672,-2.28723,49.931,0.592415,-3.11428,2.38919,0.0316609
167.725,2.37923,-0.624915,118.893,-1.44497,-1.24198,122.529,0.465876,2.27901,0.617064,0.0330854
109.541,2.92876,-1.81196,38.2676,-1.30609,0.279963,63.2558,0.379267,2.16835,-2.09192,0.0317846
58.48,-1.77568,1.53222,52.4506,4.03291,0.726645,55.3087,-0.916008,-2.09484,-0.805578,0.0337801
134.085,2.57536,2.04478,72.7373,-2.4297,2.21849,81.0862,0.900772,-1.13346,-0.173711,0.0349183
66.4485,-2.93253,1.84998,54.3716,1.61822,1.24338,80.6063,0.818887,-1.35209,-0.606594,0.032239
325.022,1.53386,-1.10382,62.172,-4.44425,0.910986,67.0542,-1.12163,2.20695,-2.0148,0.0363143
197.645,-2.37154,0.579698,62.2902,1.75228,-2.16796,147.318,0.0145443,-2.94497,-2.74766,0.0310587
115.062,1.78688,-3.07831,33.9677,-2.42304,0.230203,67.7703,1.60327,-0.0565885,2.97467,0.0315422
98.3264,-2.60108,0.261323,41.8725,2.63546,-0.438891,90.4354,1.39972,-2.99527,-0.700213,0.0328485
157.948,-2.43661,-0.628358,117.245,2.09108,-1.12768,164.824,1.66779,2.55524,-0.499324,0.0355763
140.918,-2.15112,2.30345,30.8194,3.31029,2.06535,63.3132,-0.952729,-0.591547,-0.2381,0.0325156
145.938,1.64561,0.091705,110.436,-2.397,2.37194,72.0347,-0.48235,-1.7812,-2.28024,0.0325922
118.751,2.64601,1.78945,34.0227,-1.48939,1.61565,99.4837,2.07181,-1.08588,0.173801,0.0294661
108.32,-1.33985,-2.08027,93.7374,2.98577,0.994763,71.0026,1.16695,-1.87396,3.07503,0.030806
71.5689,-1.17878,1.69158,39.5118,3.7481,1.76092,49.7953,1.60609,-1.02819,0.0693461,0.0312558
103.779,2.22536,-1.62357,60.3679,-1.88926,-2.73066,83.8688,-0.164897,0.990278,1.1071,0.0318145
173.411,-2.14333,-2.98857,94.753,3.97779,-1.70213,51.3958,0.994627,0.884418,1.28644,0.0353701
123.03,-3.15509,2.0699,78.1103,3.99929,1.44318,77.9846,0.790472,-1.53423,-0.626717,0.0380067
70.827,1.7477,0.0840098,58.9811,-2.05037,-1.75385,43.4033,0.808897,2.74354,1.83786,0.0317666
77.8891,-2.27605,0.502418,54.9741,1.99745,2.96466,59.9145,-1.81542,-2.74887,2.46224,0.0293113
126.059,1.64417,-1.05043,53.7139,-2.96375,-2.81596,133.452,-0.304513,1.76043,1.76553,0.0329174
138.321,3.06351,-0.520187,65.9882,-0.403435,-2.17979,121.3,0.90827,2.24876,1.6596,0.0320993
78.2808,2.51878,-1.02044,77.5321,-2.45287,-0.947096,81.0443,-0.309855,1.61857,-0.0733434,0.0335024
119.434,-1.69287,-1.81547,76.3994,2.7058,-0.419823,123.397,0.602823,1.61313,1.39565,0.032466
250.896,-1.25473,-2.36842,44.8344,4.1668,-1.47103,188.715,1.81003,0.855634,0.89739,0.035894
68.265,2.08658,-0.433389,48.0113,-2.27105,0.0776615,35.3286,1.68818,2.81317,-0.511051,0.0307051
135.353,1.29952,-1.75578,38.9561,-4.57454,2.9451,95.747,-1.06269,1.07691,1.58231,0.0359612
240.708,-1.14783,-1.78001,48.3973,1.91891,1.33402,115.722,-1.05591,1.31616,3.11403,0.0313817
88.4029,-4.06569,-0.197925,68.5509,2.62848,3.1062,99.732,1.28524,-2.9846,-2.97906,0.0334044
195.341,3.18907,-0.770287,95.6334,-2.43872,-1.11443,224.427,-1.52136,2.30275,0.344145,0.0364073
167.788,-2.02371,0.825671,60.6706,1.17554,-0.53915,180.75,-1.18624,-2.39001,-1.36482,0.0306034
121.539,-2.25682,1.46638,85.047,3.5244,-2.58253,83.8339,1.4507,-1.25438,2.23428,0.0346074
189.199,-1.29668,-1.1873,82.7004,3.48906,2.16674,68.5766,1.82189,1.84116,-2.92914,0.0336154
123.802,1.74266,0.0041,46.6569,-3.35834,1.45807,82.1363,1.04432,-3.01545,-1.45397,0.0333825
187.023,2.04297,0.611328,73.5689,-2.7829,1.54416,197.712,-0.186692,-2.24086,-0.932832,0.0335703
343.979,1.85018,-0.0279428,140.461,-1.63014,-2.12411,319.757,-0.716898,3.04942,2.09616,0.0334731
145.675,-1.82491,2.32825,99.5041,3.47719,-2.57952,152.269,-0.942285,-0.403929,1.37542,0.0345843
115.571,2.84982,-3.06563,100.205,-1.01273,2.6156,99.2147,0.464769,-0.197171,0.601952,0.0311389
114.015,2.87399,-1.51704,39.8532,-2.94056,-0.242181,107.414,-1.3087,2.05117,-1.27486,0.0339329
293.728,-2.11379,1.48746,59.581,2.43424,-2.03161,100.727,0.645114,-1.85462,2.76412,0.0336227
97.8766,-2.10255,-1.49483,65.9392,1.89666,-2.61307,94.826,0.688948,1.43356,-1.11825,0.0291137
80.3026,2.6635,1.55203,63.1345,-3.05831,2.31251,116.501,0.70101,-1.48244,-0.760479,0.0343695
110.819,3.09621,1.44962,40.8558,-2.41738,0.884868,46.5218,0.344255,-1.70867,0.56475,0.0330305
58.7123,2.33778,-0.0925029,57.8198,-2.94042,-2.11278,24.7637,-1.17489,2.14313,2.02027,0.032222
113.581,-0.666548,1.79043,47.2761,4.12373,-2.11624,70.2929,1.27321,-1.25426,2.37652,0.0327941
103.392,1.55449,-0.361652,48.1711,-4.31567,-0.779439,59.1969,1.59207,2.96851,0.417787,0.0344826
68.8175,2.38883,2.12054,41.3045,-4.2085,-0.448839,27.7024,1.04467,-2.05526,2.56938,0.0319009
83.3182,1.576,2.14996,47.8744,-4.07207,1.43865,89.1642,-0.157456,-1.69516,0.711306,0.0324394
181.2,-1.38758,2.89534,33.6374,4.33652,0.718489,118.704,0.633413,-0.293025,-2.17685,0.0323161
83.0733,0.914939,-1.66969,72.5783,-2.9636,0.482581,42.9244,-0.763875,2.7395,-2.15227,0.0316821
135.891,-1.49283,-2.19673,70.1995,4.40549,-3.00359,92.1323,0.283658,0.960067,-0.806864,0.0322303
140.383,2.51678,-0.872167,60.3399,-0.725455,-1.71892,73.2153,1.62757,2.06395,0.846755,0.0324943
119.249,-2.63804,1.79882,71.3884,2.43861,-0.0906602,49.9703,-0.830241,-2.64693,-1.88948,0.0331028
62.551,4.41705,2.37022,56.8139,-2.44512,0.41272,43.8488,-0.663261,-1.68447,1.9575,0.0351049
127.155,3.40491,1.26534,84.2082,-3.79033,0.66885,97.4062,0.288086,-1.65366,0.596486,0.0364437
172.562,-2.06543,-1.09683,72.1789,3.33881,0.991386,51.7545,2.43543,1.66047,2.08822,0.0344049
131.99,-2.26668,0.0586206,103.113,1.28614,0.598198,205.279,0.371677,-2.91276,0.539577,0.0314266
74.2898,-2.92862,-0.564875,71.7815,1.26525,-0.740153,56.0008,-1.10909,2.63127,-0.175278,0.0307317
107.574,-3.3566,0.490134,103.924,0.446319,-1.34288,35.4307,-2.37451,1.87108,-1.83302,0.0329491
125.26,-2.48058,0.890746,55.5717,3.19184,-0.514792,65.7296,-0.771327,-2.55633,-1.40554,0.0337217
333.448,2.04213,2.54376,42.0541,-4.08744,-2.34949,226.196,0.99188,-0.566344,-1.38994,0.0361782
83.5266,-2.35062,0.760973,73.7066,3.78552,0.900634,77.2986,1.85297,-2.29599,0.139661,0.0352611
49.6994,1.92847,-2.72837,37.8798,-3.05667,-2.26358,42.4466,-0.726255,0.684459,-0.464793,0.028189
159.758,-2.69084,0.240614,120.69,1.79631,-1.20652,130.307,-1.81832,2.95701,-1.44714,0.0340006
59.1297,3.20153,-2.42215,30.562,-3.04406,-1.50426,37.085,2.59834,1.26422,-0.91789,0.0321726
225.209,-1.55773,1.59962,37.5501,2.65222,0.843485,127,2.08559,-1.59049,-0.756138,0.0347205
114.814,3.35266,-0.165881,66.9439,-2.7345,2.69372,42.8105,-0.555339,-2.2529,-2.85961,0.0332983
86.9304,-1.82973,-0.54038,38.9019,4.35136,2.16472,72.7605,-0.694043,1.49017,2.7051,0.0319545
77.6799,-2.44207,-0.304465,36.0218,3.8564,-1.24661,86.1644,0.886174,2.52144,-0.942149,0.0333167
122.6,1.3349,-2.30852,36.6341,-2.6429,-3.05576,123.085,-1.29555,0.834834,0.747246,0.0310216
149.109,-0.596111,-2.60932,102.197,3.46134,-0.332615,82.4678,1.50095,1.21644,2.2767,0.0334083
97.2517,-2.76566,0.873649,31.2129,4.85658,-3.05467,48.9786,-1.25018,-1.98538,2.35487,0.0362898
130.666,2.42677,0.484954,48.4175,-3.72705,-2.1246,58.493,0.559368,-2.35361,2.60955,0.0347526
107.744,2.21836,1.27934,76.3828,-2.55313,-0.903108,66.9693,-1.39494,-2.77233,2.18245,0.032894
158.051,2.17492,-0.114614,70.629,-3.0512,-2.38974,105.16,0.371322,2.51138,2.27513,0.0336642
116.788,2.62284,0.565965,66.9578,-1.25621,0.904671,56.922,1.4299,-2.48731,-0.338706,0.0300365
116.269,-2.2623,1.7537,43.6879,2.9231,2.33111,161.591,0.544407,-1.48772,0.577408,0.0325756
302.608,-1.35129,-1.51858,40.3371,4.0649,1.17684,68.9946,1.12839,2.04506,2.69542,0.0349664
185.279,2.25616,2.19098,67.2473,-1.73686,0.589275,94.7638,1.57179,-1.39669,1.60171,0.0329652
155.09,-3.05603,-2.28274,152.959,2.37802,1.13841,67.7521,-2.35886,0.16337,-2.86204,0.0353711
101.785,0.982942,-2.50383,63.984,-3.35418,-2.6511,54.8848,-0.717401,1.09993,0.147267,0.0324886
245.895,2.09517,-1.80092,63.9304,-2.91721,1.27297,164.963,-0.815381,1.52499,-3.07389,0.0336757
218.459,-2.84919,1.16805,101.602,3.77642,-1.22731,126.569,-0.371866,-2.87044,-2.39535,0.036673
120.05,-3.15237,-0.563443,69.1054,2.57108,-0.654042,81.3795,0.911437,2.44601,-0.0905988,0.0354613
105.178,-2.78873,0.585379,53.733,2.67777,0.608899,82.1786,-0.464532,-2.82912,0.0235199,0.033295
258.302,1.51313,-0.985905,76.7577,-3.06124,0.727139,184.9,-0.901992,1.98572,-1.71304,0.0341078
128.045,-2.03912,-0.648165,48.5039,2.1571,-2.87697,54.9217,0.589768,2.10373,-2.22881,0.0319479
98.4944,-1.65745,-0.5071,83.781,3.09168,2.27168,57.5173,-0.161079,-1.81587,2.77878,0.0310167
135.802,-2.0937,-1.19833,87.8411,2.99311,-0.777879,152.333,-0.342717,2.06473,0.420447,0.0336966
208.984,-1.64684,2.84298,65.2139,2.41784,2.27687,161.696,0.456571,-0.343846,-0.566111,0.0319466
110.55,3.06334,0.00782097,51.9685,-0.551748,1.74628,93.2034,-0.184806,-2.42545,-1.73846,0.0322341
96.756,-2.14505,-2.11742,33.5867,2.24696,1.87444,46.4752,0.575387,1.00367,-2.29133,0.0308889
57.8984,-3.28806,-1.91035,57.1912,1.03141,-2.33041,79.3852,-0.375801,0.695728,-0.420056,0.0304494
188.051,2.32613,-0.483388,40.0436,-1.81255,2.30739,61.9272,-1.08542,-2.872,-2.79078,0.0326949
243.69,-2.06002,2.65794,127.444,1.42709,1.72174,162.819,0.225205,-0.524064,-0.936202,0.0332955
187.993,1.23384,-1.88559,133.114,-1.96727,0.966049,44.5854,0.303038,1.14469,-2.85164,0.0322687
72.1784,1.8982,0.107406,34.6973,-4.03235,1.99522,31.9729,-1.45318,-2.85863,-1.88782,0.0309489
139.699,3.19025,-1.49728,51.6871,-3.17644,1.56116,32.0063,-2.16236,2.35051,-3.05844,0.0350459
87.7746,2.40482,-1.60741,58.2847,-2.67566,2.82289,54.4803,-0.56186,0.060346,1.85288,0.0322601
167.018,-1.42801,-1.13687,91.962,2.29339,-0.307979,128.612,1.06123,2.1927,0.828895,0.0326084
281.729,2.32552,0.285595,147.222,-1.3417,3.09487,110.87,0.177507,-2.33224,-2.80928,0.0339512
97.7717,3.0302,2.72351,71.6707,-1.7429,2.52497,100.187,0.513323,-0.465899,0.198538,0.0332796
76.0598,-2.88859,-0.000592575,59.4076,3.21206,-1.9415,56.2057,-0.720678,1.68268,-1.94091,0.033354
100.206,-0.715335,2.21177,76.7578,2.35754,1.00213,115.447,0.548276,-1.21974,-1.20963,0.0295427
84.9143,2.23895,-2.51019,44.6294,-1.69011,-1.25809,73.3555,-0.893438,0.486339,-1.2521,0.0282081
92.1941,-2.2662,0.0470183,60.5994,3.85169,-1.27629,53.0367,-1.08489,2.76347,-1.3233,0.033011
81.3807,-1.54486,2.6387,69.5744,2.77714,-2.49111,80.4612,1.74457,0.274312,1.15338,0.0323857
112.262,-2.32096,-1.32192,70.4986,1.76799,-2.77856,46.2057,-0.997958,1.65588,-1.45664,0.0324165
279.06,2.12872,-1.43681,95.6607,-2.66074,1.06345,65.1036,-0.337787,2.08827,-2.50027,0.0344788
78.7016,-3.5845,1.08076,39.0411,1.22595,0.0300602,44.6385,-0.971345,-2.18054,-1.0507,0.0323931
68.1325,-3.44916,0.0154102,67.732,1.88256,0.646813,90.6803,-0.0329429,-2.90008,0.631403,0.0316925
132.335,-2.93566,-0.41668,113.109,0.655827,-2.22356,76.0337,-1.93887,1.65907,-1.80688,0.0313068
143.046,-0.946861,1.84388,36.2534,3.77871,1.71202,63.9957,1.41902,-1.4977,-0.131855,0.0331925
214.116,1.93748,0.968453,45.9191,-1.65998,-3.05668,163.205,-1.10894,-1.48849,-2.25805,0.0337064
147.276,-1.8789,2.60542,95.2324,1.39713,1.78722,160.408,1.16085,-0.832331,-0.818202,0.0328551
77.7709,-1.45889,0.922329,53.7878,1.99398,-0.0379614,101.744,-0.272955,-2.68138,-0.960291,0.0292021
141.106,0.994823,-2.32594,136.72,-2.5278,1.74706,66.4096,-0.555768,-0.578616,2.21019,0.030872
221.673,-1.81365,1.24244,101.19,2.58944,-1.5105,85.7096,-0.179341,-1.84958,-2.75294,0.0337621
55.2225,-1.11563,0.0838894,50.7785,3.19114,-0.85109,57.3627,0.087155,2.58661,-0.934979,0.0299584
93.1041,0.493073,1.17601,67.2254,-3.4545,1.13902,66.8407,-2.054,-1.70496,0.0369933,0.0324165
84.39,-1.461,-1.33107,44.9299,3.9512,1.51503,42.0651,2.24336,2.66521,2.84609,0.0333202
278.138,2.0905,2.2313,88.0691,-1.60733,2.48373,227.432,-0.423865,-0.736153,-0.252432,0.031668
107.898,-2.94553,0.978002,59.6589,2.24727,0.145579,88.344,0.0241467,-2.39837,-0.832423,0.0329677
129.087,-0.185734,3.04085,70.4265,3.76329,1.73495,76.5255,1.79855,-0.46664,-1.30591,0.0329186
112.283,1.73645,2.63724,54.5442,-2.10438,-2.63193,85.2545,-0.577901,-0.45249,-1.01401,0.0316748
104.402,1.99467,0.606854,48.1703,-3.25462,2.26859,23.8555,-2.9944,-3.04555,-1.66174,0.0335977
70.0858,0.426993,0.455906,50.0565,-3.70649,2.35457,44.7119,-1.88905,-2.07828,-1.89867,0.0292386
108.2,0.592563,1.1561,43.7365,-4.07927,-0.920634,39.1211,-2.31063,-2.54716,2.07673,0.030982
91.2745,3.57252,-0.99573,61.1338,-2.72034,0.856525,52.063,-1.47652,2.61614,-1.85225,0.0344907
142.163,-3.32067,-0.214354,33.9837,3.3662,-1.47507,110.378,0.507086,2.63528,-1.26071,0.0350631
113.332,3.12189,1.58373,77.0891,-1.89194,-2.54202,65.0534,-0.956392,-1.07511,-2.15744,0.0335979
250.917,-1.8534,-2.85345,37.8263,3.61809,0.169363,91.2108,2.02355,0.175546,3.02282,0.0342134
83.3654,-3.61278,0.843512,55.0413,1.69773,2.54202,80.4816,0.0821308,-1.11112,1.6985,0.0326943
111.142,-3.19457,2.84218,83.7364,1.96901,-0.982319,30.7555,-1.69898,0.640637,2.45869,0.0332794
146.136,-3.04629,1.22519,83.025,2.04472,-1.67102,99.8656,-2.47781,-1.6592,-2.89621,0.034404
182.929,-2.44394,0.186808,115.857,3.26336,1.1258,155.452,0.28158,-2.48663,0.938994,0.0353318
185.179,-1.37356,-1.02577,58.0485,4.04251,-2.22936,67.3837,1.38855,1.66358,-1.20359,0.0350681
64.9483,3.27707,-1.15389,56.6892,-3.86941,-0.346672,70.4319,0.673071,2.86026,-0.807219,0.035555
131.076,1.8707,-2.81915,106.237,-2.24028,-2.03406,171.946,-0.622272,0.850621,-0.785092,0.0311613
112.628,-3.08866,-2.22611,40.7632,2.74534,-1.62926,173.719,-1.80367,0.97499,0.596848,0.0312565
118.108,-2.38098,0.00380816,71.2631,3.04001,-1.8779,67.8156,0.975889,3.03304,-1.88171,0.0333886
167.535,-3.36667,2.91727,97.8561,0.4998,0.440789,79.706,-0.206213,-0.29056,-2.47648,0.0340917
148.176,0.863754,0.633886,71.9203,-3.28347,1.93015,150.587,-1.31539,-2.14088,-1.29626,0.0336268
109.062,1.18672,-2.11897,35.2636,-2.65615,-1.67968,132.492,-0.879646,1.35601,-0.439284,0.0303707
84.9287,1.94798,-1.88439,56.2537,-2.4459,-0.0912271,74.1785,-1.7269,1.05193,-1.79316,0.0318732
87.0276,2.15878,-2.6324,71.7579,-2.41702,-1.74412,59.2789,0.364574,1.05584,-0.888284,0.0322976
144.057,-2.3539,1.43665,41.8571,1.2951,-2.82202,48.7122,-2.21435,-1.54518,2.02451,0.0301277
85.5025,0.105955,-2.87705,59.165,-3.9383,-0.546045,42.7732,-2.66049,0.444045,-2.331,0.0329957
300.074,1.86731,2.90717,93.5325,-1.52947,0.594814,116.502,-0.778052,-0.747208,2.31236,0.0318379
299.024,2.18718,0.262902,294.877,-2.00498,1.82477,242.754,-0.326569,-1.99488,-1.56187,0.0350766
138.745,1.70368,-2.04645,96.9444,-3.20362,0.206988,147.792,-1.07123,1.41221,-2.25344,0.0327341
99.2517,-3.02425,2.29045,40.8454,3.55504,2.37371,92.3926,-1.30298,-0.885374,0.0832553,0.0338153
141.978,-2.43801,-1.8242,76.8169,1.77313,2.34094,60.7481,0.70076,1.29713,-2.11804,0.0326012
225.715,1.52732,-2.04308,33.2627,-3.88298,0.109433,216.183,-0.493788,0.713447,-2.15251,0.0338625
93.1784,1.6854,0.592909,45.9203,-1.90103,2.67693,45.8523,-0.277581,-1.99042,-2.08403,0.0292518
109.304,3.74983,1.19605,62.5071,-4.366,-0.184708,103.391,-1.56941,-2.22808,1.38076,0.037566
275.309,1.93965,2.01178,49.2004,-2.10592,3.13788,272.387,-0.361893,-0.969393,-1.1261,0.0329905
85.4528,2.33884,1.89929,44.3671,-3.89716,-2.08448,55.9775,-1.86064,-0.452339,-2.29942,0.032649
94.2868,-0.311853,-2.29368,63.3613,3.65567,-3.13359,116.249,1.48914,0.408717,-0.839914,0.0322163
267.42,2.20113,0.0965421,56.9919,-3.48637,0.981285,169.301,0.27787,-2.87969,-0.884743,0.0347608
90.594,-1.60995,-1.94674,58.8188,4.38435,2.5941,66.9909,-0.64,0.567465,-1.74234,0.0334718
165.737,-2.20067,0.806962,31.4594,2.341,-0.586217,128.524,-0.866202,-2.33133,-1.39318,0.0321536
151.115,-1.05073,-0.746172,52.9736,3.12636,-2.98151,38.3798,1.6142,2.26053,-2.23534,0.0322538
103.835,3.62448,-2.98652,40.9504,-2.53315,-2.17671,94.1728,1.51476,0.107749,-0.809813,0.0343978
90.3276,-2.65769,0.219997,50.2755,1.61021,0.484455,80.6715,0.862658,2.93694,0.264459,0.0321652
68.3594,-2.34953,-0.912491,44.8342,2.46775,0.00847345,45.6701,1.68835,2.75668,0.920965,0.0326145
111.048,-2.34166,2.44914,59.8212,3.15135,1.19117,58.5881,0.899188,-1.07636,-1.25797,0.0318754
125.079,2.55943,-2.41423,47.4769,-2.74879,-1.62111,172.081,-0.0931264,0.785578,-0.79312,0.033331
178.56,1.78201,-0.437823,118.86,-1.64143,0.0442813,127.446,-0.862667,-2.86885,-0.482104,0.0329665
141.091,1.03717,-1.43267,48.761,-2.70845,2.05354,50.7107,0.0426419,1.74641,2.79698,0.0316249
99.2078,-3.16021,0.171372,37.1727,2.36397,1.7035,81.9585,0.404379,-2.25108,1.53213,0.031691
85.2664,1.28094,2.76327,74.0894,-2.40165,0.260379,62.4681,-0.07306,-1.76422,2.50289,0.0291269
110.375,-2.48167,1.56879,69.0371,3.94614,2.88827,155.492,-0.489529,-0.777823,1.31948,0.0310658
198.138,1.43592,1.30832,61.2225,-2.67574,-0.856895,107.101,0.08327,-1.84262,2.16521,0.0327255
78.5397,2.92085,-0.621415,57.9304,-1.10716,0.140707,48.3978,0.825545,2.96822,-0.762122,0.0320238
102.443,0.791172,0.629454,85.0746,-2.37671,-0.565946,71.2787,-0.708016,2.96847,1.1954,0.0293537
216.96,0.316294,1.98465,52.1993,-4.45969,2.28658,213.894,-1.52441,-1.17423,-0.301924,0.035504
285.507,-0.254539,0.807184,78.8816,3.51818,-2.01116,110.092,2.17697,-2.44349,-2.81834,0.0325872
81.1516,3.46839,1.1136,54.1267,-1.86481,2.27226,65.0185,-1.76112,-1.24201,-1.15865,0.0315768
189.576,-2.63113,-0.408402,173.07,2.64527,-2.14751,122.298,0.958738,2.24885,-1.73911,0.0353565
144.578,-3.16652,-0.844704,97.5157,3.67978,-1.00234,285.249,-0.386011,2.22638,-0.157635,0.0374089
236.442,-2.45362,-1.81775,120.155,1.17716,2.77323,217.811,0.506488,0.830761,-1.69221,0.0338831
79.3351,2.00358,0.0670305,56.1314,-2.39009,1.46711,75.4552,0.245095,-2.40246,-1.40008,0.0319482
141.631,-3.22148,2.91428,38.8974,0.877617,1.25888,107.02,0.370153,-0.101399,-1.6554,0.0296422
111.178,3.42693,-0.616725,84.6793,-3.64465,-0.0315239,151.373,0.919695,2.47884,-0.585201,0.0373576
173.227,3.28857,-1.86344,122.575,-2.20206,1.78672,33.4368,1.6099,0.995748,2.63302,0.0357428
120.972,3.09097,-0.635878,92.439,-1.41546,-1.35553,106.155,0.77775,1.89083,0.719647,0.0363678
163.757,3.38247,-1.90381,159.944,-2.56371,-1.49429,199.26,0.658996,1.39181,-0.409521,0.0364396
76.2439,-3.28951,-1.11716,42.9482,1.45057,-1.94525,59.9706,-0.763686,1.31801,-0.828096,0.0320526
114.266,-0.896232,2.88073,34.8974,3.00426,1.89863,78.2465,0.928739,-0.359666,-0.982101,0.0314283
109.414,-1.60706,-1.65454,34.4303,2.51514,-1.21814,55.019,-1.17289,1.227,0.436397,0.029415
128.376,-0.560951,-1.13224,95.9142,3.15333,-0.736945,99.0948,0.0610501,2.01922,0.395294,0.0332694
135.542,0.630771,2.25932,68.9836,-3.61519,2.66884,79.2267,0.0944981,-0.69334,-0.40952,0.0337385
107.364,3.39174,-1.34503,41.5426,-2.35281,-0.980727,92.6929,1.86768,2.1699,-0.364305,0.0372924
92.1558,1.79302,1.13418,49.166,-3.92401,2.98076,39.1172,0.755939,-1.37056,-1.84658,0.0327331
164.6,2.87086,-2.40708,33.1864,-3.64046,-2.21255,101.319,1.05923,0.556436,-0.194531,0.0353076
92.4811,1.11216,-2.47404,60.4158,-2.97379,-0.0735267,46.1236,-1.82871,1.87363,-2.40051,0.0305882
226.952,-1.02489,-1.89217,59.4473,2.96155,0.22277,72.118,1.04581,1.32365,2.11494,0.0330423
169.992,-1.77802,0.113538,65.3019,1.2239,-2.32063,110.576,0.00677664,2.76759,-2.43417,0.0319022
71.1536,1.36924,-2.13633,45.7572,-3.00659,-2.18061,42.9868,-0.276242,1.33388,0.0442719,0.0315669
92.2762,-2.1539,1.8686,38.7868,3.15337,-0.381785,41.0867,-1.46743,-2.32397,-2.25038,0.0291995
86.1112,-2.43102,-1.18321,71.3885,3.43118,-1.93631,55.3246,1.79075,1.58882,-0.753091,0.0333985
52.441,2.34462,1.96333,42.9032,-2.57671,1.18267,46.5378,1.38424,-0.822833,0.780658,0.0319182
219.818,2.34535,0.589752,77.6093,-1.84972,-0.45234,111.483,0.475997,-2.67888,1.04209,0.033015
70.5285,-3.72393,1.37355,50.3632,1.86908,-0.0892456,44.0149,0.508268,-2.27457,-1.4628,0.028183
215.754,-0.598109,-0.605111,169.372,2.93321,1.98332,80.1473,1.65637,-2.78101,2.58843,0.033591
311.606,2.74633,-1.14968,69.9196,-1.58957,1.00235,195.786,1.79034,2.21251,-2.15203,0.0348806
259.469,-1.79983,2.55552,151.658,2.4707,2.22014,252.47,-0.0605689,-0.604869,-0.335377,0.0343221
130.255,-1.37321,0.172952,32.9945,2.66907,2.95785,69.7551,0.320062,2.87793,2.7849,0.0353494
124.675,2.07795,-2.92726,83.7881,-2.39386,-1.54706,99.3892,-0.910308,0.389843,-1.38021,0.033401
104.507,-2.06534,1.14182,85.919,1.95441,1.10478,112.19,-0.629477,-1.54057,-0.0370347,0.03226
100.149,-2.1875,2.01877,65.0374,2.54606,-2.29672,95.9392,1.68093,-0.391419,1.9677,0.0304019
71.3888,-2.50524,-2.40166,38.9747,1.60372,-1.56975,60.8557,-0.589932,0.908403,0.831912,0.0291406
324.545,-2.05903,-1.73012,152.777,2.16094,-2.44469,217.39,-1.05352,1.4668,-0.714576,0.0348499
132.457,-1.78353,-1.15494,64.5573,2.90865,0.00266817,80.7308,1.06456,1.73882,1.15761,0.0303057
130.135,-2.53208,2.06232,54.7042,3.36365,1.55844,97.1209,0.765903,-1.01235,-0.503887,0.0341102
173.016,2.40022,-1.20334,66.7235,-0.983745,-2.43135,110.129,-0.621772,1.83048,1.22801,0.0325775
185.458,-1.59332,-0.182839,76.5787,2.95007,0.184613,83.103,1.16243,3.00282,0.367452,0.0327892
77.2796,-2.90546,0.974037,35.0755,1.95385,1.91163,85.6869,-0.000940906,-2.10382,0.937589,0.0316809
71.8835,4.01018,-0.988254,56.4934,-2.16482,-0.829704,70.4279,1.75498,2.72314,-0.158549,0.0313625
61.4568,1.85846,2.32197,59.3862,-2.64935,0.601666,75.8833,-0.881461,-1.50365,1.72031,0.0321023
194.025,0.132868,1.34258,65.9692,-4.46118,-2.89238,100.126,-1.79211,-1.25443,-2.04822,0.0362311
129.589,1.36122,-0.382202,94.5711,-3.4255,0.98092,67.6337,-0.0810211,2.9226,-1.36312,0.0340937
118.086,0.461224,-2.55856,71.5931,-3.8182,-0.320389,51.5537,-2.22578,1.65551,-2.23817,0.033072
195.891,2.74795,-1.11719,66.0522,-3.45629,0.994199,35.6978,0.263798,2.38629,-2.11139,0.0355669
51.1407,3.07355,1.19452,43.2856,-3.27222,0.441797,49.8692,0.379018,-2.47601,0.752727,0.0334699
225.104,-2.58776,-1.6844,168.555,1.54314,-1.25514,70.8221,-0.421653,1.70949,0.429261,0.0351056
135.127,-1.03709,-2.87602,56.4079,4.22915,-0.0686461,34.9679,1.95515,0.542592,2.80737,0.0344086
109.94,-2.88448,0.657998,59.6337,2.57253,1.47073,73.117,-1.10655,-2.04527,0.812737,0.0337544
203.546,-2.24564,0.88701,84.1757,2.39062,0.975947,150.632,0.11956,-2.28643,0.088937,0.0328195
89.2746,2.34857,-2.37339,68.3058,-1.31919,-1.98273,75.8406,0.674546,1.29327,-0.390659,0.0324848
238.82,-0.818513,-2.09034,67.7931,3.37674,-0.537078,102.496,1.44815,1.75296,1.55327,0.0336789
205.963,-1.07294,2.12415,30.6689,3.84646,-2.31046,142.827,0.399352,-0.980774,1.84858,0.0333473
141.236,2.17618,-2.852,135.935,-3.07882,-2.65115,66.1319,-0.265609,0.863362,-0.200854,0.0348207
83.9885,3.55176,-2.70643,69.3206,-0.139811,-0.214688,35.8307,1.09548,2.18021,-2.49174,0.0328212
94.034,-1.71048,-2.9897,55.732,2.66847,-1.71701,128.683,-0.645267,0.972613,1.27269,0.0292792
105.083,-3.53415,2.98034,58.9894,1.4259,-1.49013,35.7455,0.33717,0.441117,1.81271,0.0340965
155.13,-2.48518,-0.803295,62.6961,2.22841,2.61812,124.013,-1.79789,1.99978,-2.86177,0.0330789
112.549,-0.85667,-2.22199,68.0106,3.46478,-3.04542,104.73,0.257997,1.00906,-0.823426,0.0333794
52.8188,-1.84747,2.13718,51.9509,2.16312,2.47245,51.9905,-1.35803,-0.908037,0.335262,0.0308324
142.838,2.3712,-1.42387,36.6901,-2.6254,2.48955,69.9947,0.826898,1.48914,2.36976,0.0347498
122.648,-1.5592,-1.39069,72.7544,1.68553,-1.12758,44.3433,-0.0748443,1.9421,0.26311,0.0285083
43.4943,-4.12946,2.87693,41.1281,0.20333,-1.5851,40.7793,-0.168025,0.159716,1.82115,0.0263898
233.818,-2.482,0.809348,100.192,1.16112,0.61714,287.705,0.300125,-2.48904,-0.192208,0.0325923
82.637,1.29622,3.03211,56.0063,-2.46304,1.59124,35.0932,0.892325,0.120655,1.44086,0.0297607
284.768,-1.34929,1.55252,93.4458,1.68334,-2.8748,102.565,1.15637,-1.1814,1.85587,0.0335384
294.594,1.40688,1.194,70.2618,-3.09035,-1.81673,115.084,0.0444223,-2.05717,3.01073,0.0331244
124.353,2.31181,-2.11112,91.9664,-1.09189,-1.14216,118.85,0.960494,1.45237,-0.968965,0.0321013
159.843,2.59121,-1.29305,33.7111,-1.88578,-1.84499,83.8315,-0.48491,1.74598,0.551943,0.0321633
123.023,2.87826,-2.26643,59.9436,-1.88326,-2.18138,78.2339,0.573822,1.42118,-0.0850499,0.0325315
131.872,-1.49177,0.521169,52.569,3.20962,0.659466,69.6152,0.614937,-2.58447,0.138297,0.0328749
179.679,1.52282,-1.63334,34.397,-2.26533,-3.01899,68.417,-0.470308,0.910957,1.38565,0.0321241
99.0594,-3.17509,0.263279,67.1034,0.279437,0.501213,154.598,-0.874838,-2.9328,0.237933,0.0321647
74.1294,-2.26005,-2.75605,49.5625,2.48342,2.1856,40.9183,-1.51779,-0.106653,-1.34154,0.0293747
135.112,3.55147,-1.30045,111.405,-0.543699,0.0637951,167.147,0.472842,2.63366,-1.36424,0.0338843
94.8636,2.85931,-1.38201,90.934,-2.67452,0.620904,72.9163,-1.17272,2.92039,-2.00291,0.0301667
102.162,2.90879,-0.879746,92.7598,-1.11504,-0.660264,99.4576,1.54519,2.38814,-0.219482,0.0327913
230.257,-0.638248,1.16853,40.3948,3.01612,-3.00547,166.343,-0.101796,-1.51075,2.10919,0.0321148
111.067,1.42131,-1.61111,61.0377,-2.42067,-0.475907,124.602,0.285542,2.14097,-1.1352,0.0317632
138.13,-2.50193,2.1258,123.897,1.38829,-3.11754,147.594,-0.300393,-0.639066,1.03984,0.0329776
152.746,-1.19079,1.55533,65.3304,3.22326,-3.02504,105.423,0.124079,-1.5558,1.70281,0.0326861
132.937,2.02129,2.68217,59.9833,-2.96447,-2.21927,42.2158,0.126903,-0.0212885,-1.38175,0.032897
144.959,2.14233,-0.628929,121.022,-2.54136,-1.32429,150.525,0.647506,2.11052,0.695365,0.0342866
297.244,-2.90246,1.33959,42.9714,2.19073,3.11947,136.742,-0.422034,-1.75506,1.77987,0.0345123
267.47,-1.28878,-2.6165,38.2001,3.72246,-1.46073,243.651,-0.787039,0.571014,1.15577,0.0339528
194.699,-2.71201,2.58629,153.639,1.16979,1.59473,200.334,-0.323107,-0.903169,-0.991566,0.0329771
88.453,-2.55896,2.58854,65.2096,1.60679,-2.37794,23.7238,-2.4952,1.02737,1.31671,0.0290651
184.607,-2.40809,-2.45297,32.7845,3.73698,-2.3092,157.529,0.844404,0.629002,0.143767,0.0342272
78.7633,2.84923,-1.40063,47.0909,-1.96997,1.43761,62.3147,0.060517,2.38425,-2.83823,0.0329254
83.5895,-3.57397,1.29143,59.7308,3.10855,-1.0875,69.25,0.266021,-1.75755,-2.37893,0.0332357
162.588,0.377559,0.776918,50.7676,-3.65447,2.27131,134.257,-1.01088,-2.1185,-1.49439,0.0307281
61.7516,3.68792,-0.954159,46.2279,-1.0359,-2.00612,62.2343,1.12609,2.30842,1.05196,0.0300819
455.327,1.33404,-2.03249,110.69,-2.12508,0.58194,295.045,-0.706589,1.28707,-2.61443,0.0338526
354.664,1.9218,1.86545,315.72,-1.50773,1.66391,576.752,-0.289921,-1.346,0.201543,0.035098
63.6709,2.38457,1.88257,55.1125,-2.22971,0.933445,73.5569,1.77124,-1.62043,0.949121,0.0319144
97.5672,2.12683,2.00472,67.0331,-1.30385,-2.58114,90.9,-0.804301,-0.289175,-1.69733,0.031272
72.968,-0.855941,2.4029,64.3126,4.10732,2.34791,53.1279,1.56637,-0.858026,-0.054996,0.0312101
163.93,2.39769,-1.64896,73.0341,-3.06895,-1.789,157.143,-1.26591,1.34292,0.140042,0.0332182
193.924,1.86977,3.12738,40.3262,-2.17567,-2.99254,137.641,1.44242,-0.0225241,-0.163265,0.0322958
90.2014,-3.80942,0.0775603,88.4827,3.01102,0.89979,101.701,-0.89578,2.98822,0.822229,0.0361119
127.403,-2.0866,-0.824753,97.1522,2.52482,-2.9631,95.5774,-1.79014,1.63109,-2.13835,0.0331981
165.097,-2.74911,2.55175,60.6457,1.8455,2.35059,151.516,-0.901692,-0.738417,-0.201158,0.0329471
117.283,-0.804613,2.51128,37.3222,4.61967,-2.23048,121.272,0.440835,-0.154177,1.54142,0.0348744
93.2524,2.91064,-2.57588,75.4195,-2.5644,-1.42112,141.265,-0.0541537,1.23117,-1.15476,0.0341882
151.924,-2.53385,-2.61383,71.3318,2.91791,2.99179,116.759,-0.164045,0.210639,-0.677559,0.0343704
136.921,1.56316,-1.19566,73.6322,-3.4918,0.100033,102.493,-0.527576,2.67181,-1.29569,0.0333475
150.053,-3.2565,-1.24462,88.0181,3.13878,2.98964,78.2621,2.26719,1.17412,-2.04892,0.0362082
122.139,-3.17332,1.95408,85.9988,3.65629,-0.168766,79.7415,-2.19189,-2.37954,-2.12284,0.0351627
59.3602,-2.77862,2.57786,30.4993,1.77634,0.536187,60.7755,-0.83839,-1.08704,-2.04168,0.0303734
76.0936,1.02527,-2.70825,72.3959,-3.42396,-2.94435,94.0172,-0.993456,0.276295,0.236097,0.033208
74.6046,-1.98086,1.13407,45.7893,2.12422,-0.635241,40.1032,0.426761,-2.52253,-1.76931,0.0311299
132.511,2.04537,1.94008,49.9288,-3.18305,1.25512,112.337,-0.899754,-1.39995,0.684967,0.0298332
167.353,-1.75847,2.29925,83.6124,2.43331,-1.65915,78.2664,0.581804,-0.199405,2.32479,0.0313791
90.9216,-3.92939,1.27879,58.0651,1.45433,2.77604,60.8307,0.595812,-1.45449,1.49724,0.0342802
201.729,-2.77782,2.43939,71.2377,4.21737,-0.201955,145.568,-0.582338,-0.998103,-2.64134,0.037545
67.4159,-2.52797,0.525163,66.9579,3.09167,2.36884,39.0202,1.07409,-1.67004,1.84368,0.0328439
132.176,-2.95835,3.13684,60.3279,3.89489,-1.22986,112.02,2.04709,0.834675,1.91649,0.0361093
329.661,-2.50973,-0.433874,101.985,1.76353,0.687477,309.803,0.306797,2.90978,1.12135,0.0355602
68.2772,0.828314,2.06389,41.2047,-4.41106,1.5453,32.3288,-1.20734,-0.317726,0.518593,0.0338047
131.539,2.32759,2.53237,62.9982,-2.09564,2.4934,78.867,-0.37102,-0.412412,0.03897,0.0327457
67.741,-3.85176,2.9122,62.5251,1.40521,-2.72159,88.9021,-2.42166,-0.579406,0.649392,0.0341254
255.443,-1.71838,-1.54689,76.8049,2.55533,1.08024,140.491,-1.05312,1.72336,2.62713,0.0333765
79.6348,1.67849,2.75764,43.9462,-2.18573,2.67421,73.5477,0.936896,-0.417637,0.0834212,0.0282209
167.284,-1.32068,-2.77128,112.908,3.53711,2.49272,84.5381,0.211934,0.190156,-1.01918,0.0332601
102.278,-0.0246288,-0.95718,32.7375,4.60635,1.26756,58.8178,2.31544,2.18745,2.22474,0.0310779
153.089,-1.24562,1.06521,96.6933,3.58916,-0.933332,121.834,2.01777,-2.8694,-1.99854,0.0348721
79.2529,1.92825,0.0222468,70.3779,-2.76143,-0.154822,64.7249,-1.8863,2.44049,0.177069,0.0348261
139.082,3.14829,0.89137,76.0269,-2.90515,0.231318,149.699,0.509542,-2.27662,0.660052,0.0360274
91.8668,-1.2714,1.0068,41.2829,3.07168,0.313721,53.1674,0.678947,-2.20234,-0.693081,0.0323764
92.7396,2.73921,-1.92944,68.656,-3.78852,2.21827,67.5663,-2.00356,-0.374667,2.13547,0.033007
134.18,-2.127,-0.663307,63.6102,3.20993,0.358586,161.164,0.762465,2.81756,1.02189,0.0328721
104.661,-1.38939,2.36502,61.4476,2.84586,0.322592,57.2882,0.78698,-1.56815,-2.04242,0.0319116
262.23,0.887552,-3.02124,61.5276,-4.09583,-2.16246,262.532,-1.11764,0.28277,-0.858774,0.0354589
116.874,-3.23852,1.25724,73.6575,0.831535,0.999188,136.48,-1.88727,-1.67901,-0.258052,0.0328191
85.8951,0.814337,1.01661,53.5789,-2.93888,2.42422,67.0868,0.422955,-1.84037,-1.4076,0.0318463
88.5305,-3.59257,1.11076,75.1376,2.73711,3.10411,45.3656,2.48446,-1.07143,1.99335,0.0360507
132.606,-3.06166,-1.01504,104.652,3.85102,2.51564,101.172,-1.27512,-0.852637,-2.7525,0.0386369
101.57,-1.45072,-1.54583,40.9617,2.45049,-1.74724,54.6429,1.3107,1.73472,-0.201414,0.0292606
171.261,-2.55601,-1.30721,64.7613,1.10801,-1.96722,148.549,-1.20776,1.451,-0.660004,0.0327705
75.4791,-2.58632,0.194957,40.4044,2.13629,-0.0652667,89.2336,0.0580216,-3.13427,-0.260224,0.0316879
121.167,2.05672,0.891306,93.7613,-2.13034,0.480552,132.238,-0.54033,-2.44777,0.410754,0.0326287
99.0138,-1.68387,-1.44763,74.5224,3.40216,-0.433072,128.388,1.24156,1.96589,1.01456,0.0336864
393.4,-2.2098,3.02903,178.34,1.80138,2.63377,291.323,-0.717441,-0.223875,-0.395257,0.0353521
162.034,3.54976,2.32092,136.396,-2.7876,0.478265,65.0742,0.439929,-1.25408,1.84266,0.0364519
105.965,2.65326,1.83566,60.8511,-2.2905,-0.0773369,81.4162,-0.350072,-1.87568,1.913,0.0296477
84.7996,-1.47381,-0.694752,57.0692,2.44811,0.151916,49.8765,1.64348,1.90417,0.846667,0.0315618
89.101,-2.03815,-1.1901,59.9714,2.72703,-1.86249,97.4787,-0.862807,1.53256,-0.672393,0.03029
288.628,1.70725,2.9957,128.69,-2.1188,-2.93409,166.723,-0.401506,-0.504873,-0.353399,0.0344404
128.696,2.61156,-0.217468,123.31,-2.00999,-0.102726,97.2003,1.15523,3.07715,-0.114743,0.0335437
113.136,-2.22075,-1.15514,86.8996,1.22657,2.97453,81.2096,-1.52975,1.16589,-2.15352,0.0319683
129.698,1.20573,1.1791,79.3435,-4.10926,-0.14841,143.6,-1.90756,-2.5392,1.32751,0.0339836
172.877,-2.33895,0.963083,56.2519,4.24355,-1.92918,66.4698,-0.512358,-2.21565,-2.89227,0.0359375
457.389,2.25423,-1.68405,95.7932,-1.66352,2.10251,156.859,-0.127995,1.24597,2.49663,0.0347183
89.208,1.9768,1.26405,60.8138,-2.23991,0.879482,146.24,1.53113,-2.1958,0.384567,0.0307317
267.136,-1.72774,0.248978,132.659,2.34422,-2.92737,49.2247,-0.58398,3.06262,3.10684,0.0339102
124.062,-0.711802,-1.4718,35.1665,4.68202,2.62903,51.5287,2.38349,1.16175,-2.18235,0.0337514
78.6266,1.74122,-2.13873,54.6451,-2.99668,2.11221,57.8883,-0.199613,0.0148113,2.03224,0.0331871
180.243,-1.30073,-2.77472,77.6787,2.39997,0.316461,90.747,0.409758,0.505804,3.09119,0.032302
95.7913,1.638,-2.38882,30.4516,-3.50166,-0.730406,64.8366,0.265931,0.676586,-1.65842,0.0321383
95.5873,2.63758,1.72625,74.3197,-2.87485,2.18535,58.4665,-0.555137,-1.24274,-0.459092,0.0320775
81.9746,-3.05409,-1.6086,53.2305,3.06768,-1.17673,79.3871,1.62031,1.47136,0.431872,0.0320325
89.3753,0.651098,1.56558,76.3578,-3.9873,-2.55277,27.7816,0.0408975,-1.53744,-2.16484,0.0341244
230.826,-2.13159,-3.08442,47.4768,2.31474,-0.528871,163.81,-0.991291,0.0689888,2.55555,0.0330026
113.506,2.89317,0.975409,90.8303,-1.7525,2.96154,85.6873,-0.0793101,-1.83993,-1.98613,0.0339718
268.045,-2.0904,0.458966,64.3866,3.62011,0.0562454,197.091,-1.22296,-2.81655,-0.402721,0.0354683
73.1966,-3.8372,-0.185144,66.3025,0.886796,0.670292,43.8931,-1.8215,-2.6812,0.855436,0.0313734
133.268,3.14982,2.35466,47.9254,-2.06992,0.482424,64.8975,-0.269078,-0.985672,1.87223,0.0333974
56.9537,-3.1984,0.832376,53.2697,1.06879,1.42572,76.6937,-0.543488,-2.02673,0.593348,0.0313781
230.266,1.96015,-2.00476,44.2773,-4.1101,-0.557063,161.66,-1.01375,1.42496,-1.4477,0.0336092
187.356,-3.0078,-0.950878,48.0983,4.5379,-0.68847,209.039,0.611124,2.14296,0.262408,0.0384867
121.055,2.86294,0.768003,50.0413,-3.06929,0.483649,75.2353,-0.521539,-2.49518,0.284354,0.034
114.283,1.79615,0.606961,43.5159,-2.90721,-0.894794,65.6009,0.96595,-3.12913,1.50175,0.0322129
201.858,-2.27926,2.18216,117.409,1.87476,1.2771,128.043,-0.131592,-1.39399,-0.905061,0.0336921
165.852,-2.11776,0.546654,157.795,1.10909,1.69077,234.173,0.619507,-1.93858,1.14412,0.0319736
70.9901,2.824,2.24611,51.5053,-1.77048,2.24477,110.357,-0.775731,-0.848099,0.00133777,0.0311457
64.5913,-4.43195,1.62787,47.5705,3.34288,-3.03775,42.2465,-0.432317,-1.34153,1.61756,0.0379882
212.899,-1.72224,2.62689,73.7891,3.81056,-0.148208,126.052,2.0767,-0.87272,-2.7751,0.0363258
68.7752,2.15464,-2.68001,65.3552,-3.44657,-1.23524,56.6434,-0.750504,1.13101,-1.44478,0.0336794
105.926,0.317098,-1.86675,55.8444,-3.36444,0.520984,54.6984,-0.916676,1.37377,-2.38773,0.0316538
79.8019,-2.09452,-1.96419,73.2565,2.64241,-2.58492,84.5036,-0.814306,0.750701,-0.620735,0.0324001
89.3925,2.86662,-2.60927,40.3255,-3.2682,1.87041,61.5873,-0.156369,-0.282503,1.80351,0.0312518
107.555,3.77271,2.99086,104.02,-2.35119,2.98335,165.128,0.0987899,-0.222456,0.0075047,0.0355595
82.4302,1.60353,2.17624,43.6192,-1.94468,0.172174,43.6163,0.960939,-1.72597,2.00407,0.0310322
126.831,2.65084,-0.374656,64.5456,-2.3062,-1.85761,72.6075,0.135388,2.00275,1.48296,0.0328902
391.608,-1.43484,2.05149,122.648,2.20865,-1.1599,86.5455,-0.256145,-1.01431,3.0718,0.0335495
139.942,0.504615,-1.75172,30.1999,-4.43492,-1.9388,128.442,-0.737955,1.24211,0.187083,0.031304
72.1238,2.90249,1.9412,43.1024,-1.45588,-2.68387,32.1187,2.03167,-0.687515,-1.65811,0.0312168
154.75,-1.17619,0.805524,99.1725,2.65145,-0.857285,106.209,0.706087,-2.23703,-1.66281,0.0330243
293.353,-1.18936,-2.71648,232.697,2.56835,1.46209,194.293,1.28282,-0.931189,-2.10462,0.0350731
110.136,1.2423,0.403733,93.5186,-2.21905,-0.135735,121.756,-0.0262003,3.06727,0.539468,0.0326712
174.586,-1.98784,1.56725,42.2117,2.22715,0.404592,143.765,0.657436,-1.74787,-1.16265,0.0325973
97.072,0.111703,-2.62985,72.5721,-2.89485,-2.70591,50.7062,-1.51489,0.52558,0.0760593,0.0318066
114.378,2.32994,0.159745,114.264,-1.88814,0.777637,214.432,-0.952632,-2.8333,-0.617893,0.0318438
122.322,1.86234,-2.15104,71.3678,-3.42135,-2.41054,171.723,0.289589,0.968825,0.259499,0.0334983
64.0977,2.08143,-0.821658,63.3719,-2.01718,-0.465315,76.2563,-1.3114,2.43406,-0.356343,0.0321932
148.005,3.53823,-2.21846,40.7302,-1.20595,0.458692,46.2882,1.27761,0.318587,-2.67716,0.0337758
92.2564,2.38593,0.928875,40.3804,-2.70902,-1.9916,42.4766,-0.0429325,-2.51002,2.92048,0.0319559
178.586,-0.861862,3.05392,79.9493,2.14627,0.229746,85.9664,1.35501,-0.481846,-2.82417,0.0320781
229.937,0.821264,-1.17957,72.6098,-3.35634,2.4359,96.8616,0.253909,1.80816,2.66772,0.033325
92.6741,-2.27572,2.89309,67.7757,3.48661,1.18741,92.5836,-1.60919,-0.964184,-1.70568,0.0337836
175.631,-2.8503,-3.06823,40.6116,1.25033,1.87661,149.908,-1.66342,-0.103982,-1.33834,0.03286
179.994,2.16052,-0.149595,119.972,-1.04265,3.08362,73.7799,0.358495,1.05977,3.04997,0.0313828
81.913,0.0854729,-3.12339,58.3096,-3.24727,1.8451,83.9612,-1.25146,-0.460426,1.3147,0.0310482
158.406,-2.34028,-1.11034,39.829,2.91067,2.79979,90.3449,-1.19241,1.68576,-2.37306,0.0330516
182.56,1.8919,0.390334,77.3436,-2.63123,-2.22666,121.965,-1.91416,-2.88265,2.61699,0.0305383
104.348,-0.750397,1.16053,30.4546,4.90776,-1.12613,96.1842,-0.531284,-2.1639,-2.28667,0.0350105
120.824,1.92595,2.79032,68.1004,-1.19392,-1.10092,35.861,2.09606,1.1253,-2.39194,0.031231
104.163,-3.0908,1.54365,51.5847,2.15921,-0.875411,70.9078,1.39794,-2.17043,-2.41906,0.0328592
94.3901,3.15637,0.627141,60.9106,-1.4961,2.66441,83.6769,0.345242,-1.89058,-2.03726,0.032127
88.2465,-2.32256,-0.768556,60.016,3.12541,1.0343,80.8989,0.84081,2.52753,1.80286,0.0339844
182.206,3.05632,-0.608602,49.7815,-1.33037,-2.66603,58.8218,0.017177,1.9323,2.05742,0.0350192
148.382,2.64997,-1.96479,73.5144,-2.54702,2.35952,54.6909,-0.451981,0.496475,1.95888,0.0334966
62.7877,-1.46735,3.10851,61.2915,3.42024,-1.53407,64.4608,2.57354,0.474374,1.6406,0.0329781
99.0807,1.72287,0.050331,83.8875,-2.66839,0.543299,116.668,0.966249,-2.94017,-0.492968,0.0328968
226.125,-2.84954,1.53227,85.562,2.36519,-0.896821,183.757,0.934098,-2.13207,-2.42909,0.0352764
110.666,1.84751,-2.91342,53.219,-2.82749,-1.8685,119.689,-0.221584,0.875643,-1.04492,0.0307331
180.184,-1.06659,-2.49342,44.6205,3.15127,0.873401,86.081,0.814819,0.767951,-2.91636,0.0325441
160.898,-2.03876,-0.97665,50.1343,3.75807,0.491554,129.766,1.32309,2.51023,1.4682,0.0348866
106.936,-2.43538,-2.426,72.3786,2.49105,-1.44556,132.044,0.767577,1.21556,0.980439,0.0332823
213.059,1.15675,2.80285,46.1874,-3.32994,-0.775693,93.0918,0.731159,-0.551527,-2.70464,0.0312912
212.083,-2.11961,0.0886714,46.0706,2.39222,-3.13962,153.292,-0.225402,2.66974,3.05489,0.0326428
51.1052,-3.02469,0.533183,37.9104,4.65525,2.53345,60.8074,-0.250979,-1.07831,2.00027,0.0355573
53.4033,-3.91657,-0.0450541,36.017,1.32052,1.36929,65.8262,-2.69006,-1.98665,1.41435,0.0327523
120.968,-3.24644,-2.16663,98.5436,2.93592,0.521229,27.384,-1.73298,1.1786,2.68785,0.0350297
120.357,2.15832,-1.90719,91.3034,-2.43369,2.35218,71.6374,1.03633,-0.0524595,2.02382,0.0332361
58.1808,-3.79039,-0.24342,54.6374,1.44668,0.49959,94.1896,-1.58804,-2.64035,0.743011,0.0325986
93.5104,-3.08325,-0.608686,41.9885,3.77875,-0.869557,83.8933,-0.875476,2.37014,-0.260871,0.0326719
81.1735,2.4432,2.3127,74.5543,-3.31007,1.82019,87.3477,-0.438873,-1.12768,0.492512,0.0337065
72.139,1.63062,-2.67025,39.3662,-2.91054,2.98779,62.3521,-0.414551,0.330606,0.625149,0.0325849
111.523,-2.2943,1.07773,81.9982,2.41026,-1.56447,62.8387,1.12187,-3.01738,-2.64221,0.0301825
84.3002,1.81694,-0.153461,35.4204,-4.17106,-0.849238,53.1605,0.91183,-3.04076,0.695776,0.0344474
69.3801,0.822667,2.49173,38.4584,-3.4466,-2.98788,52.5504,-0.433562,-0.574694,-0.803571,0.0309731
68.1942,2.2524,2.70703,30.7897,-3.30768,2.28922,50.7142,-0.405864,-0.579241,0.417809,0.030945
71.1451,-2.42217,-0.186793,52.8832,1.51652,-0.560024,135.484,-0.365628,2.94426,-0.37323,0.029449
245.742,1.94365,-2.31197,37.1519,-1.32811,2.20159,194.195,0.530082,0.651345,1.76963,0.0345153
88.9697,-2.97688,2.81998,70.1289,0.168606,1.42715,51.3834,-2.00903,-0.724009,-1.39283,0.031056
216.24,1.42247,-1.63013,64.006,-3.85676,1.36333,113.009,-1.89345,1.31258,-2.99346,0.0353672
81.7529,-1.74033,-3.1085,65.6825,2.03098,-1.35152,53.7771,-0.21529,0.730739,1.75699,0.0302114
87.2938,2.95534,2.81894,82.0067,-0.475136,1.8923,88.1398,2.06421,-0.743709,0.926648,0.0324361
73.1663,1.48887,-2.69975,70.3277,-2.46743,-1.69029,37.9256,-1.06515,0.762021,-1.00946,0.0302595
203.02,-2.00048,0.43548,70.2662,1.27328,0.774746,172.6,-1.58963,-2.3243,0.339266,0.0328523
149.785,-0.618943,0.107415,55.9202,2.74891,-3.06317,63.4803,2.64575,-2.74774,3.1126,0.0308611
319.577,-1.48373,1.60043,49.5237,1.98235,-2.74072,158.391,-0.779025,-1.20711,1.94203,0.0324231
86.137,1.91458,3.07285,67.859,-2.52318,0.980566,57.2532,-2.55964,-0.523398,2.09228,0.0310767
337.524,-0.682829,0.803504,119.162,2.89483,1.91385,194.548,1.03432,-1.98561,1.11035,0.0346481
188.742,2.1756,-2.99076,34.5381,-2.69613,0.432679,94.8979,-0.216808,-0.209718,2.85975,0.0329112
98.5519,-0.782947,1.24879,34.9074,3.59155,-0.185735,53.0354,1.27076,-2.0606,-1.43452,0.0303612
288.061,-1.26554,1.80351,72.2689,1.85196,-1.73217,153.157,0.0100468,-1.26584,2.7475,0.032686
99.7035,2.82539,1.34393,57.0873,-1.06973,-0.672376,46.8194,1.71309,-2.2146,2.01631,0.0322418
99.4,-0.543292,0.28007,94.5592,3.60966,-2.13151,43.1579,2.54326,2.34579,-2.41158,0.0316909
82.158,1.39038,-0.189114,46.5939,-2.57998,2.4393,26.3668,-1.90711,-2.85495,-2.62841,0.0312444
268.851,-1.39279,2.89428,35.7564,2.12505,1.34583,172.511,-0.257956,-0.465053,-1.54845,0.0321765
110.201,0.964219,-0.845749,36.6288,-2.72647,0.513994,113.93,-0.949912,2.27212,-1.35974,0.0278599
101.889,1.673,-1.81052,87.485,-3.16191,-1.47415,58.2176,-1.32277,0.971266,-0.336372,0.0329239
90.9254,1.17186,-2.11502,58.2045,-3.94121,-2.53632,74.0532,-1.3191,0.482558,0.421304,0.0338312
118.659,-2.18288,-2.88754,60.0189,2.35262,0.865643,67.488,0.419018,-0.538505,-2.53001,0.0301186
83.3669,2.63717,-0.240515,46.5952,-2.48557,-2.41785,53.5704,-0.961783,2.29763,2.17733,0.0288832
82.5086,2.3752,2.00212,58.5404,-1.87128,3.05014,103.738,0.123962,-0.725475,-1.04802,0.0311975
125.921,-1.92813,2.58249,73.8027,1.97847,1.90002,144.903,0.175562,-1.09145,-0.682472,0.0325486
67.7521,2.33314,-1.14737,32.304,-2.60528,-0.420247,65.3584,-1.49894,2.25416,-0.727123,0.0320852
131.991,2.80255,-0.12361,59.3243,-4.38182,-0.688897,128.588,-0.563413,-3.10686,0.565287,0.0375338
50.6023,-2.20878,-0.140868,37.9325,2.55678,1.04583,79.0952,1.40228,-2.56477,1.1867,0.0324548
87.0217,4.14389,0.125821,38.4175,-2.09634,-2.56802,29.5873,0.715346,3.00374,2.69384,0.0344457
128.75,-2.81608,0.923933,48.8822,3.45003,-0.522292,40.4281,0.779782,-2.02387,-1.44623,0.0339978
173.317,2.50262,0.374818,123.07,-2.96185,2.67156,72.4742,-0.296609,-2.19115,-2.29674,0.034507
175.344,-0.874389,-1.82028,98.649,3.38538,2.67014,146.173,1.74597,0.935798,-1.79276,0.0331269
135.791,-1.99546,0.617049,91.1978,1.55015,1.50031,125.694,-0.0836016,-2.4666,0.883264,0.0300442
157.584,2.88457,-0.992191,63.1922,-0.587013,-1.62678,140.994,1.12746,2.1752,0.634594,0.0327709
109.109,3.09017,0.5452,83.5484,-2.4504,0.272688,113.256,-0.845198,-2.72741,0.272511,0.0338786
116.743,-1.05326,-1.11037,82.9826,3.62947,1.04201,70.9262,2.53718,-2.75653,2.15238,0.0342188
170.592,-1.08845,0.62065,36.9353,3.55992,3.088,82.2347,2.45029,-1.88849,2.46735,0.0332168
109.633,-2.53456,-1.70009,55.7016,3.11195,-0.903994,106.11,-0.67261,1.73071,0.796099,0.0334781
164.707,0.139717,-2.94109,73.5246,-3.23685,-1.72874,118.688,-1.15318,0.474096,-1.21235,0.033405
173.184,-1.74495,2.77169,150.984,2.06459,-0.0770121,22.9909,-2.58417,-1.83917,-2.8487,0.0334094
97.6162,2.89354,1.17337,87.156,-0.721313,3.01559,39.0454,-0.0799959,-1.70268,-1.84222,0.0287473
118.462,-3.28675,2.93452,68.4152,1.01742,0.606253,52.2175,-0.303292,-0.485072,-2.32827,0.032982
250.432,2.08632,1.34358,62.1375,-3.09125,2.12137,134.14,-0.637053,-1.68418,-0.777792,0.0337899
168.45,0.312021,-0.809427,87.5506,-3.55663,1.28402,77.2262,-1.31818,2.60082,-2.09345,0.0332095
146.187,-2.38384,0.957393,64.3499,1.84923,-2.72277,40.8808,-0.268775,-1.73221,2.60302,0.0307839
147.762,-2.21774,-0.622031,88.7952,2.02764,-1.94837,117.051,-0.815139,1.87839,-1.32634,0.0308517
196.413,1.82653,2.48705,32.3409,-4.09576,2.61172,64.4909,0.980017,-0.595878,-0.124667,0.0343719
138.086,2.42025,1.70404,61.8365,-4.28213,-2.22434,34.9179,-2.88827,-2.14138,-2.3548,0.0369692
113.284,-3.1907,1.95161,61.5835,0.223377,2.64697,87.8513,-1.25119,-1.0093,0.69536,0.0328982
84.0734,-2.23504,-1.87666,40.3194,4.64166,-3.07046,79.4034,1.8656,1.04549,-1.19381,0.0332839
99.1666,-2.75678,-2.38589,58.3369,1.73593,-1.77142,92.8976,-0.425895,0.835663,0.614466,0.032003
107.874,2.57854,1.59437,48.4699,-3.18964,-1.38481,60.2423,1.08392,-1.01378,2.97918,0.0295915
204.716,1.63065,-1.5242,43.955,-3.21534,1.93611,70.3003,-1.22193,1.25201,2.82287,0.0313351
150.115,2.54368,2.16693,33.5544,-2.36473,0.599211,111.041,1.27393,-1.12398,1.56771,0.0284489
80.2732,-3.10775,-0.230824,70.1984,2.10197,-1.65829,27.1558,-0.815164,-2.95261,-1.42747,0.0306039
161.305,-2.55862,-2.9146,91.8796,3.67085,-2.51558,156.836,0.833788,0.364013,0.399021,0.0354314
74.3726,2.50228,-0.796286,73.0213,-1.87096,-0.62822,132.81,0.887988,2.48248,-0.168065,0.032243
89.3247,2.34184,-1.06144,59.3276,-1.65677,-0.564078,114.578,-0.317705,1.94045,-0.497361,0.0310891
213.982,1.01866,-0.669867,43.4384,-4.50107,0.569433,144.578,-1.55967,2.63124,-1.2393,0.0350316
122.337,3.13461,2.20421,121.557,-0.154619,1.52449,84.7881,0.936359,-1.13217,0.679722,0.0323387
49.4135,3.8431,1.73168,46.7513,-4.56389,2.59093,45.4977,-1.69175,-1.12956,-0.85925,0.0383481
101.263,4.06975,-0.0400718,32.3974,-4.61116,-0.468713,54.1501,-1.0329,2.98803,0.428642,0.0382992
131.391,-0.6584,-1.7069,79.6973,3.1771,-2.51297,142.128,1.23771,0.962066,-0.806077,0.0322038
195.062,-2.83966,2.30662,30.3423,0.83097,-0.174838,127.572,0.113637,-0.770427,-2.48146,0.0327579
72.044,-1.54753,0.783858,46.5042,4.32725,-0.387744,87.188,0.698467,-2.69832,-1.1716,0.0345793
160.708,-1.84768,-3.05313,33.4354,2.21547,2.72117,127.517,-0.208793,-0.0892095,-0.508889,0.0301642
119.028,-1.61125,-1.16779,58.802,3.08699,1.26407,81.2356,1.47287,2.94876,2.43186,0.032545
103.463,3.72154,-2.25848,38.9579,-2.65729,0.247744,71.2912,0.455678,2.08054,-2.50622,0.0353749
121.575,-3.10762,-1.55824,47.8903,2.42127,-0.927101,95.0832,1.33019,1.44832,0.631143,0.0338407
74.5508,-2.90602,-1.5981,42.22,3.4906,-1.68166,34.6758,1.63568,1.4574,-0.0835609,0.0338176
74.908,2.20378,-3.03682,48.503,-3.1833,-1.66918,65.7221,1.59043,0.262891,-1.36764,0.0302485
162.702,-1.13702,-1.98522,91.5544,2.09442,-0.265521,163.527,0.008005,1.20979,1.7197,0.0317105
118.995,1.96535,2.67073,100.23,-2.66162,2.46252,162.082,0.958043,-0.624279,0.208207,0.0333163
48.4372,2.02038,-0.489928,46.388,-2.43872,1.0498,36.4646,-1.36548,-2.78876,-1.53973,0.0346867
159.843,1.79837,1.86753,118.41,-2.6884,1.63738,192.702,0.219575,-1.47627,0.230149,0.0337355
98.1672,0.896701,0.240641,40.2227,-3.64821,-2.31187,41.1696,-2.62006,-2.62523,2.55251,0.0323084
201.008,-1.73958,-1.37798,107.004,2.18662,2.40587,44.4723,1.65365,0.759744,-2.49934,0.0332848
125.934,2.98331,-2.95765,115.093,-3.14417,-0.785519,152.419,1.26458,1.54965,-2.17213,0.036979
98.8034,2.10131,0.639984,77.0433,-2.36859,-1.25144,110.378,-0.304517,2.94654,1.89143,0.0309489
214.003,2.49329,1.7738,65.4641,-3.20366,2.23927,192.417,-0.797722,-0.972093,-0.465465,0.0337489
109.052,-2.49489,-1.29544,61.9127,4.61125,-0.876116,103.116,-0.731971,1.96621,0.419324,0.0382786
123.182,-2.12703,-2.63658,59.9202,3.41894,-1.64353,136.035,1.32429,0.848182,0.993043,0.0348112
153.306,-1.984,-2.16434,48.0854,2.8899,0.302534,99.6719,-1.8648,1.078,2.46688,0.0330936
45.2934,-2.75822,0.560751,38.9684,3.9214,2.32004,45.6135,0.433891,2.98721,1.75929,0.0332332
109.143,-1.83252,-1.90464,53.8512,2.55655,-1.67287,93.9207,-1.27756,1.21808,0.231766,0.0301314
41.5068,-1.45862,-2.91041,41.0032,3.98547,-2.43193,57.1234,2.38727,0.720174,0.478483,0.0311395
92.3099,2.8549,2.35029,76.4397,-1.86478,1.07385,105.96,0.692483,-1.05041,1.27645,0.0327264
81.3244,3.10941,-0.739797,56.1401,-2.84099,2.43803,40.9925,0.283826,2.01097,3.10536,0.0334106
139.016,-1.37762,-2.87282,134.647,3.03268,-1.91526,174.698,0.822868,1.02666,0.957561,0.033806
200.622,-1.56879,-0.166214,165.101,2.30671,-3.07034,114.035,1.16606,-2.68112,-2.90413,0.0326513
301.124,-1.88764,-2.93206,86.3356,1.79464,-1.92482,239.65,0.429354,0.155971,1.00723,0.0333349
106.472,2.95489,2.03093,48.0392,-0.470506,-2.24288,63.5073,1.85802,-0.632014,-2.00938,0.0312254
218.721,-2.36016,3.10313,167.385,1.98769,-0.985131,93.4219,0.858796,0.930702,2.19493,0.0342381
154.928,2.49569,1.7498,49.2242,-4.52861,0.922454,142.666,-0.168526,-1.57736,0.827348,0.0368657
220.329,0.825022,2.3451,60.8847,-3.85418,1.57326,221.085,-0.366517,-0.628992,0.771834,0.0351231
74.092,-1.66607,0.587126,37.5158,3.17717,-1.80762,48.1616,1.28301,2.68368,-2.39474,0.0293342
95.9824,-2.6963,-2.54025,78.6904,3.28225,-0.842792,139.701,0.106504,0.81185,1.69745,0.0347368
123.533,2.50009,2.40057,68.2817,-1.79582,2.08017,152.778,1.69398,-0.78022,0.320396,0.0322135
346,-0.614191,3.13602,45.2927,4.43579,2.09115,277.716,-0.587868,-0.0187516,-1.04487,0.0361901
153.926,1.32631,2.57373,50.3951,-3.12581,-0.567452,94.1574,-0.271673,-0.639013,3.14118,0.0324441
89.4447,2.22169,0.958696,51.3831,-3.76464,-1.13197,70.9425,-1.03879,-2.81025,2.09067,0.0333698
103.706,2.64556,0.0459216,53.813,-1.69667,-0.860016,56.9471,-0.3382,2.68851,0.905938,0.0321813
124.877,-2.88857,-2.61238,35.7801,1.96831,0.611858,68.8304,-1.09411,0.733684,-3.05894,0.0316119
104.723,3.0326,2.26227,30.7087,-2.77708,-1.58883,89.2321,-1.38385,-0.133734,-2.43208,0.0350152
227.686,-1.92954,-2.28814,71.5838,1.57496,-0.735318,121.024,-0.646566,0.962572,1.55282,0.0351129
156.278,-2.70778,-1.9562,139.706,3.76905,0.261015,88.1,-0.500975,2.21814,2.21721,0.0383427
119.029,0.845392,2.15207,52.0711,-4.58374,-1.53335,60.6284,-1.1349,-0.334066,-2.59777,0.0352967
87.7464,3.15605,-0.612131,62.0741,-2.54348,-2.4379,24.2088,0.774834,1.13982,1.82577,0.0295976
182.156,-2.18581,3.12558,70.2126,2.66271,1.88798,131.375,0.0704323,-0.504479,-1.23761,0.0326657
121.66,-2.33747,0.684888,88.9391,0.951281,-0.94114,136.567,-0.718603,3.07638,-1.62603,0.0323743
392.743,1.76998,-2.89539,45.3189,-3.69969,1.39933,159.455,-0.461023,0.133568,1.98847,0.0355621
127.38,-2.35754,1.26968,39.417,4.06251,1.51558,88.8173,0.75362,-1.64049,0.2459,0.0337777
169.525,1.1523,-1.54227,77.3298,-3.34764,0.207561,101.733,-0.888481,2.18189,-1.74983,0.0338672
91.7852,1.55635,3.03328,70.3911,-3.0774,2.16216,46.0216,-2.33408,-0.393511,0.871129,0.0324889
105.338,-3.0101,-1.11447,40.5628,1.10712,-2.1705,54.9128,0.928405,1.25817,-1.05603,0.0342492
77.1156,2.90909,-1.94559,54.494,-4.07737,-1.57681,92.6295,-1.61706,1.24534,-0.368777,0.0360196
73.4648,-1.92835,2.28898,60.5056,1.91625,2.35252,82.2649,0.533715,-0.745592,0.0635378,0.0313129
235.144,2.13322,-2.3034,121.271,-2.17925,2.63373,143.289,0.642058,0.393065,1.34606,0.0339464
125.048,1.92576,-0.397574,50.8002,-1.89725,-1.18479,88.83,-1.31031,2.70769,0.787214,0.0326038
83.0225,1.03974,-2.51777,73.0207,-2.21466,-0.765492,52.1763,-1.3573,0.660121,-1.75228,0.0311999
219.35,-2.33048,-0.631826,130.962,1.65189,-2.72225,137.953,0.644461,1.51894,-2.09042,0.0338393
84.7763,1.88839,-0.910285,66.7079,-2.88092,0.659674,69.7228,-0.0717565,-2.95895,-1.56996,0.0312431
45.3695,-3.16973,0.193093,35.7158,3.83515,1.02284,28.389,2.02721,2.5846,0.829743,0.0301335
77.0848,-1.30453,-2.0923,40.342,4.6881,-1.61138,133.392,1.58234,1.18553,0.480915,0.0350508
67.9122,-2.85431,1.32688,47.0487,3.61719,1.57758,92.7265,-1.21582,-0.988701,0.250707,0.032413
153.193,2.03997,-2.66015,139.695,-3.12136,-2.33218,168.037,-1.15718,0.626799,-0.327978,0.0339902
123.12,-1.76339,1.86074,58.5052,3.04473,-1.96515,55.4206,-0.754732,-1.08869,2.4573,0.0331162
89.1107,2.33651,2.40945,38.8518,-4.45272,-0.341999,55.0646,-1.77163,-1.99553,2.75145,0.034817
71.9846,3.95987,-1.13944,67.7386,-4.19854,-1.45375,58.4509,-0.274428,1.10797,0.314313,0.0383722
125.394,-3.39402,3.09562,94.3202,1.45667,0.945867,70.1404,-1.69136,-1.50157,-2.14975,0.0309664
210.473,-3.03057,-1.65303,30.3897,3.47046,1.1179,136.429,0.0100031,1.63191,2.77094,0.0328197
211.716,2.10347,-2.94581,53.0572,-3.07711,-0.25678,170.902,-0.0827243,0.407451,-2.68903,0.0334756
260.926,-2.64078,-1.90286,81.0276,1.58282,0.126446,249.162,1.14942,1.81066,2.02931,0.0346969
135.577,-0.457154,-1.35153,91.4059,3.0301,0.410957,80.0782,1.56915,2.22496,1.76249,0.0313857
102.194,-1.2973,0.563571,43.2452,4.46848,-0.113274,96.763,-0.993036,-2.95999,-0.676845,0.0342036
114.783,2.48297,0.402647,77.0133,-4.02292,-0.715409,41.3763,0.6653,2.98684,1.11806,0.0367286
173.533,-2.05792,0.207611,80.7598,3.04212,-1.30586,146.333,0.522432,-3.1297,-1.51347,0.0339183
144.332,-1.23084,-1.45518,54.2095,4.42101,-1.94406,107.744,1.19895,1.71512,-0.488881,0.0353026
248.025,-1.0167,0.448851,49.5567,2.31673,-2.04321,115.296,0.205851,-2.7718,-2.49206,0.0323476
175.616,2.92281,1.89773,39.5247,-4.13718,-3.02713,73.9487,0.585551,-1.12516,-1.35833,0.0379271
140.118,1.47549,0.0972016,37.4906,-3.88021,0.981933,116.307,-1.26913,-2.67054,-0.884731,0.0313608
120.968,-2.27318,2.25129,65.0684,2.37803,2.5074,128.639,-0.0348034,-0.839384,0.256107,0.0296738
150.108,-2.77695,-1.28606,95.8427,2.33352,-2.1307,47.1003,-0.698625,1.50008,-0.844635,0.0338301
71.8022,-1.3135,2.89921,44.2103,3.9265,1.21546,62.8516,1.7815,-1.39808,-1.68375,0.032156
100.971,0.645223,-0.581457,44.7987,-4.45056,-1.3763,73.2039,-1.56539,2.15555,0.794847,0.0326074
143.997,-1.53801,-1.7405,89.2205,2.08152,1.69906,38.6519,0.638499,0.31322,-2.84362,0.0324226
84.9926,-2.89191,-2.55702,67.2184,3.99009,1.70132,54.6469,1.67744,0.486159,-2.02484,0.0349806
105.386,1.11832,1.60728,52.8951,-3.85069,-0.150666,82.9139,-0.222167,-2.31826,1.75795,0.0334699
94.9944,4.20002,-0.203877,65.5927,-0.449867,-0.248473,31.7564,1.04885,2.65916,0.0445967,0.0349155
112.414,-3.36528,-1.85615,66.1833,0.147258,0.747448,42.0852,-1.06561,2.4781,2.60359,0.0325591
326.738,0.366001,0.762735,35.4433,-3.71111,2.78838,161.886,-1.04575,-2.26489,-2.02565,0.0331239
140.692,1.3178,-2.31882,59.203,-1.94246,1.98291,97.387,-1.51488,0.371415,1.98146,0.0319464
120.813,2.09236,2.91326,51.9666,-1.35944,2.016,99.2852,-0.613487,-0.887176,0.897256,0.0300357
98.7695,-1.18548,2.81206,36.7816,2.42679,-1.60997,67.6056,1.67729,-0.123479,1.86115,0.0281738
249.342,1.96131,1.16967,129.067,-1.96202,-0.0756314,216.393,0.0944836,-2.19506,1.24531,0.0329719
167.443,2.15691,3.07973,72.2441,-3.39234,-2.15248,161.422,-0.637688,0.290188,-1.05097,0.0349402
65.3673,2.13757,-3.02845,60.0437,-2.29469,-2.62668,101.574,0.943186,-0.223289,-0.40177,0.0320502
45.5911,3.42307,1.30525,35.9407,-1.98587,2.69811,67.3886,2.62634,-1.94873,-1.39286,0.0303507
95.0822,-0.749897,-0.650507,62.4293,2.46805,-1.76793,117.799,1.17414,2.27642,-1.11742,0.0314817
63.3606,1.61712,0.133294,57.7839,-4.3438,-0.144813,136.648,0.201613,2.90039,0.278107,0.0324554
93.4254,1.25015,1.57186,86.4393,-3.20437,2.2285,137.411,-1.53539,-1.04585,-0.656643,0.0332621
111.886,-2.6897,0.9157,51.7494,3.46192,1.84106,62.1094,1.30342,-2.30565,0.92536,0.0315606
88.8896,1.00905,-2.22705,65.8646,-2.52759,-1.03157,63.7078,-2.08589,1.02355,-1.19548,0.0315551
222.284,1.56285,2.23553,117.199,-2.27246,2.33475,201.229,0.350541,-1.01922,-0.0992188,0.0339515
162.587,1.1795,1.38761,128.607,-2.91679,0.0487743,152.442,-1.9904,-2.74542,1.33884,0.0317337
82.8944,1.80232,2.99157,55.6804,-2.69378,2.23673,69.9421,-1.24547,0.020171,0.75484,0.0317721
69.8193,-2.21332,1.10999,68.0375,2.53326,2.95566,58.7983,-1.06549,-1.32822,1.84567,0.032163
244.123,1.11991,-2.55687,43.1115,-2.17212,3.02457,171.476,-0.35839,0.710242,0.701748,0.0325325
78.7158,-3.66512,2.23728,53.3308,0.279428,2.73376,80.3999,-1.77269,-1.31448,0.496479,0.0320385
128.533,2.5642,-0.552908,93.8962,-2.55201,-1.45445,113.99,0.498624,2.19112,0.901546,0.0340586
284.328,0.173843,0.67316,76.6353,-3.14323,2.72786,162.559,-1.29614,-2.21406,-2.0547,0.0320746
102.751,-3.98542,-0.931641,77.1319,1.02924,0.433091,68.0744,-1.01049,2.8443,1.36473,0.0343738
143.166,-2.59195,-3.06742,65.3986,2.40574,-1.67805,125.11,-1.47748,0.526424,1.38937,0.0311095
133.57,2.3741,1.37462,36.0935,-2.92193,2.39123,107.006,-0.429551,-1.50644,-1.01661,0.0330007
152.35,-1.82101,2.90356,63.233,3.47571,0.0899646,59.5698,-1.00432,-0.61379,-2.81359,0.0338922
205.019,-0.761926,0.323749,57.4403,2.25255,-2.59033,84.7514,0.604964,3.11752,-2.91407,0.0320712
54.0212,-1.66258,-2.18682,52.4787,4.59547,-2.72666,63.7702,-0.60063,1.13335,-0.539835,0.0357612
148.173,-2.59318,2.76921,119.619,1.40397,1.40575,149.047,-0.489454,-0.563906,-1.36346,0.0327707
104.782,-2.35364,1.58065,48.4846,1.99802,1.06088,106.206,1.27924,-1.91078,-0.519766,0.0324839
216.52,-2.73003,2.74805,85.4916,2.60129,0.219846,49.0031,-2.1307,0.0377411,-2.5282,0.0346359
152.763,1.19698,1.57931,102.33,-2.8101,-2.92341,140.516,-0.560132,-0.678247,-1.78047,0.0330554
131.081,1.6642,-2.17393,105.232,-1.92312,-2.83972,212.091,0.469902,0.602217,0.665789,0.0322453
168.933,1.91323,0.866879,86.824,-2.99638,-0.385323,51.7696,-1.07786,-2.19243,1.2522,0.0342548
125.94,-0.475674,1.14869,36.1712,4.06044,2.13662,91.641,0.0828159,-1.551,0.987926,0.0333492
107.172,2.64656,0.82022,87.7776,-2.12542,1.40716,97.2951,-1.07786,-1.88979,-0.586936,0.0320466
101.514,1.13844,-2.94256,54.9246,-3.67021,-1.573,78.6348,-1.42666,0.389772,-1.36955,0.0329537
149.071,-1.20162,2.17562,86.758,3.4157,-1.92241,60.5487,1.96192,-0.082245,2.18516,0.0324741
275.598,-1.58884,1.80458,82.7459,2.95878,1.92518,284.37,0.352973,-1.10023,0.120605,0.0345606
108.247,-2.52049,-1.66082,69.0868,1.6083,2.03617,33.7704,0.939907,1.12779,-2.5862,0.0322622
108.98,2.39697,0.882397,66.4528,-1.80608,1.2207,101.403,-0.794866,-2.19917,-0.338304,0.0312516
185.664,1.43653,0.33227,50.3623,-3.30686,2.87272,71.9503,-0.875807,-2.7014,-2.54045,0.0331818
65.6435,3.16258,-1.71936,45.0759,-2.59179,-2.73698,38.3532,-2.59572,0.636229,1.01762,0.0336938
126.596,1.49132,-2.40365,65.3229,-1.97477,-0.567503,117.435,1.06902,1.08932,-1.83615,0.0320457
68.5287,-3.16086,-0.524921,35.7935,2.17348,-0.529066,46.2607,-0.61034,2.63467,-0.00414491,0.031648
145.926,2.8234,-2.0012,44.3992,-2.18934,-1.58108,147.662,0.390306,1.12768,-0.420118,0.0333365
161.194,2.44524,-2.56641,59.1406,-2.514,0.118267,105.098,-2.06569,1.12266,-2.68467,0.0345955
83.6337,2.50908,-0.348698,32.05,-1.91566,-1.38143,79.6091,1.40831,2.17219,1.03273,0.0328108
101.626,0.551811,2.54572,67.1971,-2.78357,-1.95695,43.8639,0.0177889,-0.0732926,-1.78052,0.0306445
84.9794,3.59243,-0.597221,53.8254,-3.36492,1.28916,37.9641,-0.723975,2.90149,-1.88638,0.0325157
76.4779,-0.709526,-2.00455,47.2305,2.96819,0.628061,42.8233,1.77233,0.675184,2.63261,0.0309138
150.833,2.30866,-1.80279,53.8308,-3.41587,-0.457998,93.9909,0.277317,1.76528,-1.34479,0.0342798
178.669,-2.11622,0.969637,137.929,1.98429,1.2468,182.429,-0.360001,-2.1467,0.277164,0.0337698
183.733,2.26903,-0.0762141,83.7503,-2.07949,1.11926,213.504,0.308052,-2.89174,-1.19548,0.0331369
184.917,1.80711,-0.264524,124.772,-1.32526,-1.59227,222.262,0.0693154,2.61216,1.32774,0.029578
209.152,-1.48664,0.261416,39.2322,2.14104,2.48927,119.35,0.365155,-2.79897,2.22785,0.0290382
82.4683,2.16962,1.21123,77.8579,-1.61648,0.51166,86.1677,-0.0285912,-2.23279,0.699572,0.0291945
133.223,2.97671,-0.0572396,68.746,-2.51759,-1.28238,128.785,-0.779836,2.94914,1.22514,0.033999
47.9679,-0.67981,0.987054,41.2096,3.54853,0.703841,35.2209,1.62378,-2.43663,-0.283213,0.0305308
108.036,-2.61651,-2.99413,47.935,3.15933,1.99079,91.9989,-2.12952,-0.782204,-1.29826,0.0336886
179.264,-2.47444,-0.347051,44.8603,3.20499,1.2896,147.083,0.263303,3.06045,1.63665,0.0341749
57.7501,3.41958,0.0392208,55.5772,-2.45379,-1.14662,56.5026,-1.37715,2.1888,1.18584,0.0341956
124.63,2.38012,0.944448,106.348,-3.82109,3.05519,69.2733,0.539602,-1.76903,-2.11074,0.0340511
74.7749,0.441385,-2.63508,54.0839,-3.54886,1.94814,50.9936,-1.79876,0.114947,1.69997,0.0316563
99.2538,1.75752,2.22529,44.052,-4.13806,-2.97207,77.3219,1.01362,-0.788427,-1.08582,0.0340648
136.65,-2.65191,2.70497,95.293,3.43573,2.93965,159.7,-0.590345,-0.495144,0.234675,0.0353261
297.887,0.693906,-2.14503,94.6119,-4.24479,0.630664,152.669,-0.337114,1.18454,-2.77569,0.0368905
289.84,2.26582,-0.661733,120.717,-1.98438,-1.77895,230.947,-0.5837,2.1843,1.11721,0.0345847
83.0961,-1.37963,-1.56788,40.8417,2.65933,2.9719,66.0159,0.816814,1.40251,-1.7434,0.0328599
181.517,-3.10085,0.519696,126.926,1.98277,2.89332,58.018,1.96012,-1.6388,2.37362,0.0352637
98.3315,-2.42136,-0.402286,77.6639,1.50663,0.601968,90.2498,-1.15645,2.97058,1.00425,0.0295308
205.863,-2.57329,1.43316,76.9745,1.35251,1.19156,182.974,-1.6294,-1.83225,-0.2416,0.0332185
115.122,-1.23231,-2.38785,57.8787,4.60397,-0.559217,76.4015,2.40785,1.33642,1.82863,0.0368935
131.952,-2.53087,-1.44307,48.6121,2.84539,0.85583,64.2477,-0.469305,2.30593,2.2989,0.0329441
97.0799,2.24106,-0.834844,93.1888,-2.09771,-1.96513,98.6241,0.42228,2.18756,1.13029,0.0307735
433.345,-1.15124,-1.13122,70.2652,2.49288,-0.842513,71.8689,0.607888,2.02372,0.288711,0.034314
137.493,2.18956,-0.750726,122.117,-2.7694,0.680138,136.218,1.50966,2.83078,-1.43086,0.0343032
150.553,2.43397,3.10282,75.6853,-0.959233,-2.98409,70.3642,0.72449,-0.377218,-0.196277,0.0319096
92.5901,3.48214,-0.911804,52.2854,-2.10179,-2.21148,93.2525,0.931745,1.73306,1.29967,0.0318282
99.6889,-2.59462,0.0985121,61.8938,1.861,-2.04178,34.1183,-0.41044,2.77095,-2.14029,0.0323044
199.714,-2.57335,-3.09757,36.8203,2.48419,1.78273,68.959,-0.119108,-0.0843262,-1.40288,0.0336273
117.297,2.76206,-1.55512,50.8126,-1.35651,-1.36356,129.745,0.572095,1.60465,-0.191555,0.0301825
80.3174,-1.49428,3.08283,35.7352,4.16115,-0.237023,38.7367,2.2831,-0.399002,2.96333,0.0338683
113.177,3.90961,-1.99429,37.1068,-0.135539,-0.26694,66.1344,2.35836,1.81226,-1.72735,0.0304895
290.736,-1.97644,-3.06668,50.5046,1.43494,1.99709,187.292,-1.11141,-0.0843283,-1.21942,0.0326559
130.519,2.23282,-2.01341,53.2186,-1.88509,-2.67966,102.797,1.31141,1.02273,0.666249,0.0357219
160.865,0.740905,-0.873455,32.3666,-4.18414,-1.21958,171.063,-0.0203591,2.14877,0.346127,0.0335068
139.874,2.51091,1.87661,54.5076,-3.62669,1.4992,117.265,1.30659,-1.57089,0.377414,0.0349538
157.695,-1.4926,0.601915,54.3972,2.99358,-2.18841,71.6959,-1.45438,-2.68249,-2.79033,0.0312964
147.355,3.05238,2.4055,64.5171,-2.02619,-0.99646,65.0976,0.0511006,-0.472148,-2.88122,0.0334115
115.071,-4.07773,-1.67245,66.2115,0.345682,-0.111715,77.8181,-0.676892,1.87726,1.56073,0.0346788
159.886,2.95005,0.57345,57.2945,-2.72779,-1.93266,52.1025,2.65423,-3.08374,2.50611,0.0335173
182.242,-1.23525,-0.977223,30.1275,3.11484,-0.437779,172.894,0.949983,2.20568,0.539444,0.0326022
95.1378,-3.06412,0.186948,62.4909,3.33089,0.83452,161.757,0.684925,-2.71183,0.647572,0.0341287
152.683,-2.56521,1.89352,30.6948,3.74791,-2.30719,141.665,-0.348282,-0.933946,2.08248,0.0345421
157.324,-1.37667,-0.690984,92.8208,2.6669,-2.93788,76.856,1.82213,2.0795,-2.24689,0.0338085
141.099,1.99944,-2.84358,74.3331,-1.06025,1.91055,132.05,0.431167,-0.420874,1.52905,0.0319534
311.451,1.94742,2.22493,100.853,-3.24118,-2.19364,166.786,-1.46628,-0.664258,-1.86462,0.0363939
99.3224,1.7823,-1.95016,48.928,-2.11935,-0.532027,71.899,-1.21229,1.57555,-1.41813,0.031526
116.144,-1.56001,0.150072,51.8358,4.42635,-1.43372,77.0094,2.48125,3.01248,-1.58379,0.0363306
94.6291,-2.01186,2.77708,30.3578,2.81571,-0.573437,58.3706,1.23514,-0.482561,2.93267,0.0319491
147.864,-2.92594,-1.3835,132.875,1.17995,-2.27131,129.103,-0.910706,1.30827,-0.887806,0.0338613
224.161,1.18212,1.37642,73.6134,-3.29717,0.570934,131.078,-0.458491,-1.77137,0.805486,0.0326912
185.961,-2.95575,1.02884,169.383,1.98486,-1.34864,52.0836,-1.10532,-2.98844,-2.37748,0.0329278
88.4485,0.581605,-2.00007,50.7971,-2.91673,-2.34941,108.71,-0.2418,0.783209,0.349344,0.0333691
198.012,-1.80562,0.468967,86.1182,3.42946,2.94952,94.7148,1.38572,-2.15736,2.48055,0.0338485
262.078,-1.9094,2.25077,100.691,1.95811,-2.53832,160.589,-0.128067,-0.348406,1.49409,0.0313621
128.598,1.58837,-1.49056,62.6892,-1.755,-2.90611,98.8772,-0.0637044,1.23955,1.41555,0.0317156
138.594,-3.41702,-0.481247,132.235,1.62492,-1.83752,123.156,-0.180614,2.67313,-1.35627,0.0323641
81.784,3.12286,-2.87904,31.9592,-2.08447,-1.76676,90.4529,0.0499124,0.803242,-1.11228,0.0319356
175.582,-1.33346,2.42959,70.7808,1.94452,-0.925657,98.3175,-0.484217,-0.538557,2.92794,0.0300463
275.519,2.26343,1.3558,179.923,-1.79657,1.52339,165.495,0.996384,-2.08653,-0.167588,0.0342017
98.9113,2.21868,-2.2465,51.9709,-2.70229,-2.21144,104.194,0.0454923,0.479124,-0.0350573,0.0320484
80.3553,3.45822,-2.49858,65.5638,-0.749192,-0.376603,54.9902,1.16341,-0.343738,-2.12197,0.031976
102.441,2.61027,2.68807,38.1708,-3.01467,-0.606679,37.5836,1.66106,-1.03118,-2.98843,0.0323962
103.643,-3.15165,0.189834,71.0159,1.97094,0.516518,76.5875,-1.86695,-2.95242,0.326684,0.0339877
53.1909,-3.15001,-0.17614,52.7967,2.36377,-1.77478,32.0381,1.09264,2.3069,-1.59864,0.0323525
254.051,-2.55316,0.677778,85.9713,2.68474,-1.46459,74.1956,-1.15361,-2.22463,-2.14237,0.033463
114.565,-3.62828,2.06496,102.887,0.83911,-0.917506,81.4449,-1.18509,-1.92965,-2.98246,0.0320252
98.899,-2.40829,0.300815,62.7336,2.00459,-1.32326,78.716,2.2883,3.13714,-1.62407,0.0316121
186.317,-2.57075,-2.8429,33.1971,3.9415,1.9379,141.457,2.09215,-0.237489,-1.50238,0.0356411
89.8778,-1.1937,-1.72567,72.3308,2.4709,1.98297,35.5724,0.729806,0.0282854,-2.57455,0.0315196
151.655,2.85365,0.14341,119.246,-1.33233,2.94773,54.1605,-0.253922,-2.91706,-2.80432,0.0318659
181.888,-2.89448,0.612692,59.0701,3.26477,-1.61641,111.469,0.343352,-2.96477,-2.2291,0.0351106
180.984,-2.45554,0.754506,32.3515,2.80137,2.76439,95.3586,-0.121032,-2.34039,2.00988,0.0335752
103.946,-1.85308,1.35933,91.3047,1.47478,0.182698,202.357,-1.13514,-2.41321,-1.17663,0.0320383
107.233,-0.845971,-1.75633,69.0919,2.85078,1.09432,51.0226,-0.130716,1.31242,2.85066,0.030083
119.499,2.44523,0.34085,106.55,-1.20615,1.49236,64.6948,1.31832,-2.14736,-1.15151,0.0302241
117.529,3.03436,-2.60423,53.2959,-2.6917,-3.01204,86.898,0.515542,0.353851,0.407804,0.0335523
140.298,0.76384,0.818152,105.309,-3.59421,-0.980854,71.4335,-0.815273,2.93937,1.79901,0.0320369
110.459,1.11396,-2.3722,43.5346,-3.54003,-3.04164,112.973,-1.02219,0.623643,0.669443,0.033164
99.7543,2.49505,2.59092,74.7203,-1.49244,-3.10535,95.7031,1.30002,-0.418348,-0.586912,0.0325663
86.9925,3.26045,2.58535,30.4434,-3.894,-2.4525,56.3286,0.825235,0.191964,-1.24534,0.0346332
89.9752,0.82997,2.12521,43.3677,-3.10762,-2.1446,49.5732,-0.993215,-0.598078,-2.01338,0.032134
107.387,3.10728,-2.02086,55.9294,-2.08276,-2.41335,96.0452,0.72881,1.03076,0.392489,0.0330953
130.533,1.09644,2.11699,42.3801,-4.03652,0.279027,81.5986,0.0159447,-1.33579,1.83797,0.0334232
160.753,2.63959,-2.3668,77.1441,-1.30946,1.05173,73.4799,1.75607,0.432666,2.86466,0.0323593
175.443,1.72666,0.8316,52.0644,-3.48323,-1.69019,117.084,-0.246307,-2.79189,2.52179,0.0325371
172.575,-2.36975,-1.84299,125.546,2.01229,0.132094,84.3174,0.81843,1.70501,1.97509,0.033482
197.168,2.22652,2.57258,42.9626,-3.19853,0.363979,133.383,1.36568,-0.686614,2.2086,0.0333962
191.154,-2.52997,2.49208,32.5971,3.91093,1.59161,107.094,-2.14581,-1.01453,-0.900474,0.0357796
98.7248,1.34784,1.46651,86.7122,-2.93602,-1.1101,54.4518,-2.61126,2.82516,2.5766,0.0329823
136.221,1.63222,1.74353,64.2626,-3.65016,1.76341,76.3266,-0.0923301,-1.57162,-0.0198786,0.034496
94.9466,-0.143974,-0.44282,40.1008,3.4781,0.587479,111.129,1.56106,2.96093,1.0303,0.0297119
136.049,-3.08533,0.00936122,34.2797,3.60128,-1.6196,138.188,-0.91743,3.04298,-1.62896,0.034117
130.309,2.67215,0.187611,31.5505,-2.18025,2.23875,80.4253,-0.545297,-2.74064,-2.05114,0.0286505
246.344,0.907201,-3.06552,82.3699,-2.74427,-0.0928038,145.77,0.647987,0.0657919,-2.97271,0.0332192
64.7997,-3.32159,-2.58232,62.0802,2.62346,-1.68058,49.6935,-0.380913,0.467473,0.90174,0.0310087
86.9999,1.82172,-1.70599,85.5925,-3.52712,-0.852475,122.988,0.623628,2.12292,-0.853518,0.0337071
119.891,1.03256,0.808756,62.0753,-2.86458,0.912156,158.81,-0.736888,-2.39211,-0.103399,0.0319811
155.617,-2.03268,0.821528,32.6034,3.73989,-1.93897,76.4255,1.72131,-2.56625,-2.7605,0.0348576
246.622,2.22999,0.256033,94.2313,-1.91742,-0.477438,281.418,-0.840641,-3.11601,0.73347,0.0341635
166.022,-2.88933,-2.9308,33.5396,1.02173,-3.04703,134.175,-2.001,0.240603,-0.116228,0.031342
126.402,-2.48347,0.370083,76.5199,3.63654,0.60266,186.96,-1.38521,-2.70495,0.232577,0.0352745
69.0393,4.27943,-1.29399,31.0899,-3.25891,-1.35622,70.7111,2.09537,1.39267,0.0622286,0.0332491
73.4918,0.196033,1.67993,62.4725,-3.47572,-3.12691,100.02,-2.03823,-0.95371,-1.47634,0.0305849
115.867,-2.35461,-1.4627,44.3175,2.88532,-0.606595,74.7818,1.80055,2.07796,0.856102,0.0358242
118.038,-3.08354,1.1466,44.9203,3.55815,0.339768,65.3579,-0.178,-2.44901,-0.806832,0.0350073
104.806,-3.30883,-0.581812,98.9018,0.408267,2.82925,37.2576,-0.758868,0.269096,-2.87212,0.0338793
119.034,-3.75644,-2.91351,73.6197,1.82293,2.8394,121.16,-0.792714,-0.0149235,-0.530274,0.0351144
77.6039,1.56907,-0.278115,69.0667,-4.39552,1.45491,49.7933,0.888459,3.08858,-1.73302,0.0354023
103.579,-1.7914,-1.56642,86.3887,2.84038,-0.157199,61.7574,-1.25677,2.34146,1.40922,0.0325627
134.433,-2.53467,2.94987,112.868,2.51818,0.874752,60.6379,0.784251,-1.17975,-2.07512,0.0336174
134.854,-2.19973,-1.27656,69.0514,2.27841,-1.50563,145.247,-0.19187,1.68212,-0.229069,0.03293
125.51,-1.40123,2.714,35.8672,4.23849,2.12504,154.784,-0.0706916,-0.465694,-0.588953,0.0333975
76.6763,2.99714,-0.267382,57.8395,-0.661216,0.147684,63.796,0.656181,2.32092,-0.415066,0.030223
118.712,-2.84912,-0.44704,89.2979,2.2846,2.20761,32.8392,0.595625,-2.813,2.65465,0.0322563
175.217,0.705069,-2.1991,140.826,-3.4379,-0.490536,167.385,-0.416323,1.6353,-1.70856,0.0345756
163.258,-2.42953,-1.46803,52.9835,1.14978,-0.619313,164.783,-0.365821,1.48316,0.84872,0.0276332
58.2541,4.06394,-0.904096,42.1429,-1.19295,-0.528116,86.438,1.75802,2.45257,-0.375979,0.0326036
160.669,-2.87405,-1.56796,134.4,2.414,-1.56135,174.397,-0.763396,1.63195,0.00660908,0.0343124
79.687,1.84298,1.49355,69.2277,-3.21289,1.41138,73.4871,-1.45929,-1.71743,0.08217,0.0334031
474.17,1.52459,1.63587,85.7243,-3.33544,0.0829049,313.834,-0.145062,-1.44097,1.55297,0.0360069
282.731,-1.02641,-2.01533,50.245,2.66289,-2.05794,250.043,1.82429,1.23185,-0.0426106,0.0342288
212.439,1.19829,1.44344,43.1537,-3.82014,-0.437034,111.453,-1.48374,-1.77137,1.88048,0.0335983
175.493,2.21855,-1.36082,102.193,-1.61868,2.60083,111.057,0.848329,1.76751,2.32153,0.0326938
80.4135,1.45436,-1.49876,50.1951,-2.13728,-1.67089,86.2977,0.855896,1.53173,0.17213,0.0331108
54.4768,1.15617,-0.226384,45.1384,-3.49724,1.16526,45.3681,-2.79925,2.51852,-1.39164,0.0328481
259.736,-1.0844,-0.424778,57.8083,3.18449,-1.12025,193.479,1.67113,2.40713,-0.695475,0.0343242
81.5591,-2.89927,3.14081,58.6852,1.03456,1.41628,67.2512,-0.352775,-0.634332,-1.72453,0.0315551
165.151,1.07051,-2.44963,43.189,-4.37772,-1.91206,192.767,0.678106,0.650121,-0.537564,0.0335599
161.033,2.25254,2.327,113.253,-1.60974,0.115303,69.2853,1.77356,-1.28241,2.21169,0.033214
141.634,-2.67973,2.98349,49.481,3.37865,-0.162933,51.6664,0.5972,0.130225,3.13676,0.0316687
102.27,-1.33768,-2.32713,75.4166,3.76808,-2.31647,140.009,-0.391992,1.24843,0.010658,0.0341572
94.7295,-2.17959,0.104775,49.4163,3.11862,-0.307044,103.473,1.23675,3.12111,-0.411819,0.0335969
194.814,1.90939,0.723741,111.141,-2.35825,-1.00419,125.238,1.14172,-2.74318,1.72793,0.0340617
171.143,2.36451,-2.16208,105.505,-3.43785,-0.153472,88.4774,-1.62244,1.00581,-2.00861,0.036539
116.386,-1.04025,1.13946,109.821,3.174,2.66532,119.876,0.0307215,-1.07378,1.52586,0.0334835
153.959,-2.69263,2.71573,123.375,3.81186,1.92465,153.273,-1.02643,-0.523019,-0.791076,0.037329
49.3874,-2.85498,2.00736,47.0028,1.71154,0.227759,45.5583,0.913709,-2.48578,-1.7796,0.0329053
104.022,-1.58221,-0.197638,84.345,1.56978,-2.01935,109.682,-0.673316,2.21254,-1.82172,0.0315317
96.3423,-2.66877,0.708659,33.0525,2.19404,-0.338996,53.0912,-2.28509,-2.93653,-1.04766,0.0322539
128.021,1.74468,-1.24817,51.7727,-2.99211,-3.03917,96.465,0.204758,1.16377,1.791,0.0325397
84.2055,-2.32891,-2.23938,76.9224,3.98045,2.59496,119.225,0.445974,0.960304,-1.44885,0.0357166
158.271,-2.42316,-0.298794,80.4117,0.947049,1.88819,63.1546,0.237963,-2.58048,2.18698,0.0323601
108.066,-2.4775,1.03933,52.607,2.6209,-0.642924,83.4529,2.43211,2.58338,-1.68225,0.0314429
74.3857,-1.7562,-0.726345,37.807,2.33978,-2.44459,54.1874,0.629306,2.78313,-1.71824,0.0311093
183.622,2.27381,2.39506,111.845,-0.775767,-2.5711,163.553,0.146174,-0.147413,-1.31703,0.0330589
198.21,-2.01881,2.51704,66.8786,3.08374,1.97107,82.6139,-0.990287,-0.494475,-0.545967,0.0341278
139.362,-1.81116,0.944126,43.5456,2.60387,1.03084,41.381,0.0593581,-1.93189,0.086713,0.031775
218.361,2.31878,1.3885,60.3889,-1.39336,-0.848064,110.402,0.829456,-2.14346,2.23657,0.0326184
165.451,1.46449,-1.10609,61.6228,-3.78487,-0.619387,85.091,-0.265578,1.85516,-0.486708,0.0338152
124.798,-0.829216,-2.22537,42.9126,3.96261,-0.225559,56.1432,0.894277,1.25204,1.99981,0.0329955
227.698,0.304732,1.6116,72.0732,-3.0413,2.6353,189.679,-2.15027,-1.61752,-1.02369,0.0347208
46.6266,-2.84914,-1.17671,30.3068,1.85354,-1.50641,50.2375,-2.08071,1.62655,-0.329699,0.0304269
103.143,-2.81624,0.815087,86.4266,1.86646,2.02871,121.578,-1.36145,-2.24275,1.21362,0.0328544
84.2339,-1.42322,-2.15645,59.3547,3.28604,2.4468,65.228,0.963611,0.67619,-1.67993,0.0316769
102.77,2.06233,-2.46829,56.062,-3.90413,2.61814,84.6193,-1.79007,0.0723835,1.19676,0.0343001
70.2309,-1.51049,0.949459,45.1817,3.93443,2.95284,47.4322,0.202448,-1.64857,2.00338,0.0327643
161.449,-0.994897,-0.959844,89.1063,2.10934,2.49573,37.2491,0.75333,3.08325,-2.82761,0.0320145
185.342,-2.97829,0.0700619,58.0135,4.40966,-0.0153053,108.64,-0.02695,-3.11377,-0.0853673,0.0382387
89.0687,-2.32111,0.866426,51.4851,3.67893,0.713715,104.952,0.142111,-2.17725,-0.152712,0.0338925
133.295,-0.722042,-2.10953,95.1858,2.6207,0.605886,72.6804,1.49846,1.5433,2.71542,0.030778
88.0848,2.30982,-0.370384,47.3798,-2.18195,0.116599,79.931,-0.817247,2.61906,-0.486983,0.0320852
236.998,2.10179,-0.833328,30.5046,-1.61769,-2.24495,142.561,-0.387647,2.12115,1.41162,0.0326683
115.77,2.90955,2.80048,76.4008,-2.24347,1.22429,142.887,-0.318016,-0.800986,1.57619,0.0342205
56.6907,-2.48837,-1.59388,51.1282,2.00055,-0.423591,37.0488,-1.65846,2.41142,1.17029,0.0310622
98.8096,-2.64761,-2.93308,96.8536,1.49349,-1.84334,91.81,1.15447,0.99531,1.08974,0.0304456
137.799,-2.28851,-3.088,46.4418,4.60148,-2.55771,72.4921,1.28503,0.131437,0.530288,0.036385
143.254,0.167432,1.536,54.4668,-4.23538,-0.635151,114.872,-2.23908,-2.12614,2.17115,0.0331968
101.381,0.460914,-1.0473,49.1773,-3.73001,-2.38098,51.2578,-1.7793,1.51921,1.33368,0.030135
72.5716,-1.10002,-2.08927,49.5765,2.89751,-1.75913,123.598,0.975849,1.03813,0.330137,0.0325073
101.162,2.48476,0.956951,70.0976,-1.96648,2.77589,124.129,0.00559346,-2.14347,-1.81894,0.0323523
126.984,0.861506,-1.88664,41.5584,-3.8876,2.34391,30.3065,0.322186,0.696553,2.05263,0.032628
357.13,1.51437,-1.48745,72.3528,-2.4391,-1.85716,293.179,0.370066,1.67784,0.369711,0.033637
75.1799,0.553107,1.63381,55.4251,-2.89593,-2.30332,52.9964,-1.84939,-0.86297,-2.34605,0.0290912
90.5424,2.08433,-0.984283,85.4938,-1.75078,-2.17313,91.7759,1.43596,1.568,1.18885,0.0322515
109.893,1.08429,1.85974,77.1735,-2.77073,-2.0647,51.6916,-0.649148,-0.41619,-2.35874,0.0325424
143.631,-2.42748,-1.45336,70.8214,1.84685,2.2296,116.614,-0.180401,0.895094,-2.60023,0.0327183
120.541,2.13797,-0.331142,32.3724,-3.28309,-2.35951,102.889,-1.71373,2.49313,2.02837,0.0339037
168.918,1.826,2.9178,35.8644,-1.33165,-0.223415,58.7106,0.516446,0.065021,3.14122,0.0294328
113.681,-2.92034,2.55538,91.0504,3.02866,1.24621,200.824,-0.489938,-1.12385,-1.30917,0.0345318
256.347,1.78818,-2.95457,72.6397,-3.16452,-1.16087,243.138,-1.32166,0.534042,-1.7937,0.0348831
73.4762,2.62918,-0.194817,41.0399,-2.21728,-0.161661,48.2561,2.17151,2.09856,-0.0331558,0.0300987
143.814,2.77913,-2.75101,124.231,-1.16183,-2.69093,200.135,0.271397,0.76466,-0.0600851,0.0335256
91.895,-0.0875785,1.9595,63.8854,3.61542,-0.40738,26.5805,2.06882,-1.41832,-2.36688,0.0324245
154.418,-2.03406,2.03377,42.7721,2.71978,-0.570497,91.9883,-1.9968,-1.01778,-2.60426,0.0326864
97.6299,-1.97521,-0.966595,58.6261,2.76929,-2.28864,87.3871,-0.131565,1.59741,-1.32205,0.0306744
170.924,-2.55622,2.28605,48.6968,3.6338,-2.2716,207.586,0.305459,-0.271834,1.72554,0.032473
161.357,1.84997,0.603463,50.7704,-1.73014,-0.376629,179.43,0.849009,-2.85623,0.980092,0.0322561
146.167,-2.38697,1.17113,63.8676,1.00354,-0.204228,119.506,0.519566,-2.13071,-1.37535,0.0321267
56.635,3.1942,1.93904,48.3092,-2.08772,1.87464,70.0768,-0.96157,-1.18797,0.0643972,0.0315332
446.827,-0.956096,-0.240115,164.03,2.94758,-0.374283,158.81,-0.351129,2.74118,-0.134168,0.0357296
112.518,1.12541,1.4347,59.9378,-3.45281,1.07521,108.597,-0.52134,-1.60201,0.359484,0.0297857
118.788,2.94303,1.23164,94.0716,-1.78497,2.32717,89.6367,-0.620251,-1.33017,-1.09552,0.0335397
131.21,3.12355,1.31992,105.37,-3.41883,2.37372,116.335,-0.446543,-1.39308,-1.0538,0.0364212
68.5988,3.49653,1.24729,47.0199,-2.1233,0.636677,74.6729,1.25464,-2.95367,0.610616,0.0331606
106.135,2.02905,1.26213,62.1051,-2.62548,2.88649,70.0834,-1.40362,-1.46395,-1.62435,0.0326119
200.092,2.1397,2.235,158.813,-2.66024,0.729631,128.165,0.00964964,-0.982199,1.50537,0.0346027
115.997,1.85847,-2.34698,76.1847,-3.03728,2.27701,74.5662,-0.906134,0.452386,1.65919,0.0330619
90.2543,-4.07903,3.01317,68.7351,1.71647,1.77998,38.454,-1.69321,-0.372758,-1.23319,0.0335721
168.871,1.90549,1.24703,52.9455,-3.79119,-0.471621,110.93,0.842173,-2.26959,1.71865,0.0344262
217.606,2.70145,-1.22462,103.8,-2.93668,-0.895021,130.164,0.0567191,1.56068,-0.3296,0.0364606
107.883,3.071,-2.37177,37.6065,-2.13329,-2.29515,91.2936,1.7034,0.924715,-0.0766125,0.033167
154.364,-1.2759,-1.9524,66.8297,2.00167,0.0157447,103.014,-0.477983,1.51457,1.96814,0.0317811
185.35,-1.86396,1.32684,56.5705,2.29501,-3.00404,119.48,-0.39512,-1.80839,1.9523,0.0325566
108.679,-1.13532,-0.275428,47.4301,4.03168,2.10909,44.9694,0.798688,-3.02073,2.38452,0.0333794
123.728,0.851038,-2.76955,91.572,-2.46818,-0.912538,46.0527,-1.54804,1.09692,-1.85701,0.0302106
159.154,-1.54868,-2.81993,54.7023,3.32748,-2.38595,154.713,0.0537368,0.530749,0.433989,0.033482
159.766,2.29386,-2.71764,101.353,-1.46651,1.9753,138.405,2.00121,-0.282069,1.59025,0.0331006
176.447,-2.85393,-1.13627,120.482,2.25652,-1.18062,216.12,-0.862465,2.15327,-0.0443459,0.0336189
158.65,2.86661,-2.24426,43.8163,-3.39432,0.480804,61.2008,-1.8955,0.685349,-2.72506,0.0336962
86.1218,2.64752,2.6936,33.701,-1.4365,1.57498,87.4211,0.513526,-0.957538,1.11862,0.0317601
247.672,2.13219,2.7413,130.122,-2.11796,-1.72566,125.741,0.499451,0.135569,-1.81622,0.0339785
175.149,-3.19728,-1.87908,62.163,0.639215,2.52728,132.395,-1.81605,0.779299,-1.87682,0.0311368
230.932,-1.33902,2.77351,59.87,2.3026,-1.20553,87.128,1.23584,-0.247947,2.30414,0.0322375
185.681,2.44236,1.74802,113.509,-2.76358,-1.16834,86.3342,1.09879,-2.17046,2.91637,0.0340562
77.4816,2.01498,2.0472,46.4376,-2.71742,-2.55132,57.2859,0.7306,-0.149684,-1.68467,0.0304707
76.9987,-2.25911,2.36467,51.682,1.31377,2.85693,89.6536,-1.1863,-0.673168,0.49226,0.03165
202.077,-1.35655,2.48773,84.5413,4.17623,-2.89542,123.483,0.385286,-0.297415,0.900032,0.0364344
134.521,0.683068,2.88468,48.9456,-2.42968,-0.962951,99.3936,-0.623765,-0.0438785,-2.43555,0.0314357
83.5423,2.31253,0.293292,58.9981,-2.80885,1.91826,37.1639,1.51387,-2.50793,-1.62496,0.032264
148.36,1.48142,-1.35609,63.9651,-2.73771,-2.29595,58.875,-1.81627,1.89311,0.939862,0.0338212
257.596,2.84834,-0.0505717,51.8399,-2.67234,3.01206,173.244,0.196725,3.10071,-3.06263,0.0342829
112.76,1.75876,-1.54748,51.9012,-2.81307,2.91836,67.397,0.661666,1.4036,1.81734,0.0324405
94.0868,-1.95888,-0.57335,86.3144,2.47925,-0.068825,118.802,0.54828,3.0995,0.504525,0.0328202
192.092,1.65716,-2.19147,33.2079,-3.08264,2.43933,87.4458,-1.20748,0.44983,1.65239,0.0327343
124.004,2.751,-3.04209,103.522,-2.44447,1.49988,124.313,-1.56637,-0.555027,1.74122,0.0342714
164.9,-1.60016,-0.333158,61.4338,1.81743,1.45331,103.324,0.78753,-3.10055,1.78647,0.0319324
117.432,2.17695,1.5063,105.853,-2.44152,1.70419,70.7163,-0.793794,-1.67435,-0.197886,0.0330428
155.201,-1.74891,2.65761,78.8347,2.86814,0.163344,128.667,-0.010039,-1.43484,-2.49427,0.0313589
222.413,2.08821,2.59427,60.7106,-2.94368,-0.518187,60.7942,0.480012,-0.0454523,3.11245,0.0337829
177.343,1.75766,2.4991,79.2019,-3.87873,-2.90426,188.432,-0.866571,-0.216152,-0.879827,0.034617
93.5093,-2.03518,0.316512,53.3313,1.47082,-0.573202,117.844,-1.29941,3.13668,-0.889714,0.0317384
108.377,-2.96538,2.38638,63.1185,3.98119,0.810782,59.0888,2.45318,-1.34653,-1.5756,0.03648
183.495,1.73336,-1.49283,60.3272,-2.38833,-3.01041,94.3011,1.36356,1.11858,1.51759,0.032563
313.984,1.58396,0.0650325,44.655,-4.2137,-1.4587,114.876,-0.807879,3.01654,1.52373,0.0357307
42.5381,-2.44533,-1.13906,38.4125,4.23829,-2.08783,84.193,-1.33705,1.88449,-0.948774,0.0354943
181.363,3.08952,2.11949,39.5563,-4.13821,-1.73901,41.7602,1.18167,-0.42731,-2.42469,0.0350818
156.559,-3.29014,1.12145,129.322,3.26116,0.304043,73.9099,-2.17789,-1.81198,-0.817412,0.0383754
92.7328,3.03459,-1.25071,56.4389,-1.05286,0.838657,61.7492,-1.43709,2.05762,-2.08937,0.0327392
73.1615,0.780951,-0.687297,55.0096,-3.29901,-0.339898,92.0432,-1.67245,2.743,-0.347398,0.0319763
148.797,1.71006,-2.87351,89.7182,-2.0394,-1.6074,124.478,1.14405,0.67732,-1.26611,0.0326914
87.3809,-3.79558,0.881478,59.1154,3.15296,-0.459327,65.0827,0.824406,-2.77534,-1.34081,0.0362663
101.789,-3.12613,0.703908,59.5034,2.31093,1.16104,53.422,0.196811,-2.17979,0.457135,0.0328776
100.324,-1.87483,0.0460194,59.4017,2.86432,0.60925,94.2078,1.48709,-2.74489,0.56323,0.0333839
109.343,0.94837,1.72728,51.6433,-2.77825,-2.59776,69.1321,-0.951029,-0.750374,-1.95815,0.03163
245.474,-1.45683,-0.638115,62.3316,3.00148,-1.17031,160.843,0.714096,2.39447,-0.532192,0.0330684
146.223,3.39202,3.12242,79.481,-0.290983,-2.81946,80.606,2.23278,-0.138619,-0.341312,0.0380909
124.766,1.8598,3.10553,72.186,-2.05573,-1.1896,95.0373,1.28243,0.103496,-1.98806,0.0324206
253.1,1.4886,-1.58737,90.659,-2.8152,0.469681,162.676,-0.26537,2.00133,-2.05705,0.0343438
237.972,1.89208,-2.67898,55.6839,-4.01544,-2.99305,170.959,1.01214,0.3811,0.314066,0.033587
136.328,2.73245,-2.3549,46.0366,-3.90472,-2.54977,146.735,-1.35743,0.788148,0.194865,0.0354817
223.108,-1.63203,0.00520303,65.7734,1.49119,-2.63112,80.0731,-0.617171,2.97651,-2.63632,0.0319827
78.5286,0.970003,-1.41418,34.7111,-4.37161,-1.14482,82.5453,-1.28931,1.5047,-0.269361,0.0323338
75.8845,1.16455,2.46898,54.3137,-3.42216,1.35826,76.5759,-0.74894,-1.09427,1.11073,0.0290006
223.239,1.90067,-1.04913,70.5614,-2.897,-1.60314,175.411,-0.372644,2.09672,0.554008,0.0315684
75.5675,2.53829,2.18486,30.3011,-3.65641,0.922693,52.2185,-0.538887,-1.00486,1.26216,0.0325981
85.2507,-2.03261,-0.368336,83.5798,3.24231,0.408492,135.666,1.72467,-3.05976,0.776829,0.0344884
79.0571,-2.57765,-2.86583,55.6702,2.21384,-3.08606,139.33,1.65096,0.55746,-0.220234,0.0340146
154.236,-2.79372,1.22808,37.0926,3.8475,0.743431,152.647,-0.461364,-2.04211,-0.484649,0.0339809
78.1898,0.969668,2.7576,52.087,-2.68894,2.85129,103.241,-1.71354,-0.499654,-0.0936921,0.0316841
119.553,2.06558,-1.24872,40.1662,-1.51265,-3.12553,70.1351,0.876593,1.8225,1.87681,0.0277773
175.585,-2.17937,1.656,104.107,2.26299,2.56569,110.546,-0.0031117,-1.34814,0.90969,0.0334787
187.679,2.79554,-0.452322,98.1175,-1.7041,1.88672,72.1718,0.871937,-3.11311,-2.33904,0.0314254
161.965,-0.737016,-1.32085,62.5056,3.39805,-0.901279,159.152,-0.000800448,2.08294,0.419574,0.0330395
241.276,2.7262,-2.16982,85.25,-2.07039,-2.37181,183.844,0.394759,1.05458,0.201986,0.0347523
114.909,-2.73623,-1.48834,38.9701,4.1913,-1.49025,109.448,1.51365,1.83605,-0.00191271,0.0358149
130.251,0.155086,-2.89622,41.762,-3.657,2.64421,87.1835,-1.26508,0.448117,0.742757,0.0314587
120.835,3.05413,-1.46255,44.228,-1.92651,-2.84829,76.1,-0.0953894,1.77056,1.38574,0.0330301
76.8184,2.43418,-1.97682,45.4555,-2.84215,-2.58758,84.1085,1.50546,1.09662,0.610757,0.0294876
251.958,1.60322,1.02416,65.1604,-2.76036,2.63353,204.032,0.178379,-1.86596,-1.60937,0.0312511
77.792,2.3335,-2.55617,64.2104,-3.39673,-2.6486,60.7349,1.82367,0.701527,0.0924265,0.033712
85.1406,0.664162,-3.10333,79.4476,-4.45247,1.17934,70.3851,-0.548795,-1.00623,2.00051,0.0354285
89.172,-2.96502,1.50706,67.4926,1.52001,0.671299,132.881,-0.791519,-1.88496,-0.835762,0.0327681
225.166,-2.87789,1.81954,80.1815,2.50423,2.84757,134.127,0.240261,-1.25618,1.02803,0.0352151
201.729,2.49342,-0.398563,145.101,-2.23033,-0.0683548,98.2682,-0.452857,2.83145,-0.330209,0.0334931
74.4353,2.03978,-2.67716,54.0347,-2.78191,-0.48287,38.7584,-2.41436,0.53395,-2.19429,0.0319553
146.456,2.17341,1.8655,65.029,-2.2742,-0.41754,81.1927,-0.958633,-1.45172,2.28304,0.0325647
172.502,2.25454,2.95161,35.4798,-3.43333,1.1978,97.4848,-0.404745,-0.471607,1.75381,0.0337234
120.217,3.20702,2.57702,35.5759,-3.34159,0.966072,137.121,1.97226,-0.470043,1.61094,0.0353324
215.645,2.55554,-3.09155,111.692,-2.09523,-0.873183,87.0299,1.07639,0.743671,-2.21837,0.0329203
83.3564,-2.81313,-2.36429,40.2826,4.02886,0.483004,52.1432,2.812,0.196734,2.8473,0.0342139
128.829,-1.75279,0.599229,38.9727,2.34902,2.05556,49.2715,-1.4945,-2.55365,1.45633,0.0302921
181.157,-2.26294,-1.04887,64.5032,3.56685,0.115867,97.6663,1.19537,2.63694,1.16474,0.0350918
131.898,1.58173,1.48375,88.1092,-2.02106,0.992084,171.667,0.888538,-1.95278,0.491667,0.0326029
157.876,-1.8946,0.554864,47.1186,3.6599,1.007,117.268,-1.59676,-2.44752,0.452133,0.0341106
137.466,-1.7371,2.30528,105.154,2.36038,0.810183,190.071,1.80083,-1.49302,-1.4951,0.0320584
110.603,-1.25789,-2.37971,83.581,2.38615,-2.78337,104.098,1.81521,0.289746,-0.40366,0.0326921
113.261,-3.25886,2.7842,45.1346,0.553251,-2.80656,119.613,-0.518011,-0.0577005,0.692426,0.0294553
81.7754,-2.11723,0.8468,58.9122,3.19214,0.612238,63.277,-2.34451,-2.54807,-0.234562,0.0333312
219.865,1.02907,1.96737,45.6404,-2.11293,0.353073,130.986,-0.178602,-0.885351,1.6143,0.0273919
93.9202,2.00633,0.998799,66.767,-2.28188,-0.465347,80.9293,-0.526407,-2.7316,1.46415,0.0325439
134.085,2.47181,-0.224684,70.0154,-2.32265,-0.290181,146.541,0.225225,-3.08449,0.0654972,0.0335893
105.147,3.0573,1.85304,57.3417,-4.23492,2.27306,107.734,1.04209,-1.55624,-0.420018,0.0375558
103.448,-0.935211,-2.04352,38.9861,2.41258,0.960826,33.2002,0.89721,1.60892,3.00435,0.0293833
74.3611,-2.76094,2.18934,56.8586,1.94367,0.487078,44.0518,-1.70076,-1.6736,-1.70226,0.0298122
91.6896,-2.05511,-0.970935,80.9383,3.36611,-0.130651,111.726,-1.5667,2.75147,0.840283,0.0321314
119.508,2.11064,1.62623,35.7928,-1.89912,3.07214,82.9472,0.49092,-1.40063,-1.44591,0.0281219
162.45,-1.55599,2.05634,90.62,2.48038,1.19308,108.932,1.79316,-1.48735,-0.863262,0.0329842
129.689,3.06338,-1.6363,91.2391,-3.25462,2.54907,43.8561,0.597225,1.00221,2.09782,0.0345757
162.05,2.23426,-0.554451,112.476,-1.26785,1.17073,167.644,1.4823,-2.92216,-1.72518,0.0330419
264.134,-1.68389,2.3285,47.5946,2.61795,-0.287322,143.949,0.310299,-0.977323,-2.61582,0.0332862
82.8934,2.91447,2.64169,63.5281,-2.75307,-0.63941,36.9177,1.07152,-1.37079,-3.00208,0.031623
72.1896,-0.3831,-1.19976,70.9687,3.7608,-0.213968,69.9025,0.389997,1.78467,0.985787,0.0327596
193.949,1.05514,1.89346,115.437,-3.78293,-1.05174,39.5382,1.04515,-0.728797,2.9452,0.0355906
143.3,-2.81921,3.03152,34.9567,2.06255,-1.99171,50.3659,1.6807,0.144215,1.25995,0.0345568
83.6464,-2.88327,2.3115,39.6702,1.69744,2.56183,86.2722,-0.109449,-0.748148,0.250331,0.0319311
176.554,2.05339,0.335959,54.7651,-3.85921,-1.99627,113.109,-0.32306,-3.05801,2.33223,0.0337018
109.019,-1.92225,-1.88508,40.0322,2.77994,0.253547,53.1448,-2.19369,1.85359,2.13863,0.0324086
88.2855,1.14117,2.26841,48.6158,-4.13739,-2.0541,117.638,0.225218,-0.111622,-1.96068,0.034931
111.643,-1.75556,-2.68115,42.3215,2.6533,-2.14051,106.357,1.75722,0.887832,0.540639,0.0330118
214.54,2.22336,0.0913021,119.957,-3.38021,1.31607,90.1471,-2.10855,-2.20928,-1.22477,0.036604
198.667,1.48855,-2.16404,54.1966,-2.59854,-3.0236,73.3988,-1.25051,0.821848,0.85956,0.0326506
83.1674,-1.35926,-2.52071,51.6758,2.21692,1.10026,44.554,0.64114,-1.4722,-2.66222,0.0297537
106.901,-3.1017,-1.68574,72.3311,0.0829981,2.37845,63.195,-1.55197,1.32585,-2.219,0.0318926
207.327,2.39117,0.214001,152.336,-1.61972,0.636331,150.16,0.371652,-2.55542,-0.422331,0.0345873
150.389,-2.42285,0.249959,50.4057,1.13791,1.01017,68.239,0.280805,-2.31849,0.76021,0.0319402
86.7185,-2.7242,-0.450802,83.0726,2.69288,-1.98205,114.294,1.93056,1.98505,-1.53125,0.0319132
195.003,2.05663,3.01232,111.127,-3.31151,0.975585,80.1192,-1.26215,-0.534841,2.03673,0.0351764
115.796,3.36462,0.732595,58.5163,-1.92398,-2.53217,54.6813,-0.813642,-1.49207,-3.01842,0.0339662
336.983,-2.66499,0.652094,49.7134,3.4403,2.23735,95.0815,1.74531,-2.35257,1.58525,0.0347971
329.512,-1.5154,1.38908,130.801,1.79393,-0.740149,281.297,-0.548928,-2.11546,-2.12923,0.0334767
122.458,-2.40106,2.65508,37.4519,3.3412,1.73819,82.988,0.975991,-0.660269,-0.916885,0.0332548
138.758,-0.556994,-0.447094,74.0676,3.92402,1.50421,34.8484,2.09367,-2.2998,1.9513,0.0331695
89.8577,-2.9234,2.32435,64.2364,2.70041,0.139342,25.3847,-2.8089,-1.11341,-2.18501,0.033621
93.972,3.52116,1.56922,87.5138,-2.54003,1.82052,90.6751,-1.34523,-1.7581,-0.251295,0.0358607
153.277,0.6261,-0.795677,49.5223,-3.62799,2.88783,87.7708,-2.59145,2.38395,2.59967,0.0344035
203.295,0.250813,-0.933732,47.2678,-4.41574,0.0939857,144.032,-1.33635,2.63727,-1.02772,0.0335696
72.2652,-2.25081,-0.251338,48.074,2.98424,-2.13469,51.9459,1.1166,2.60177,-1.88335,0.0324115
106.575,-2.65086,-0.458224,51.2192,1.63672,-1.90522,72.6744,-1.55112,2.95105,-1.44699,0.0315638
72.12,2.07313,1.1489,68.9062,-2.52114,2.12931,63.661,-1.95498,-1.50873,-0.98041,0.0300256
103.79,1.82874,1.52499,65.3102,-2.54542,1.99389,67.4581,0.320881,-1.31924,-0.468902,0.0288222
102.272,1.90002,3.01312,99.7667,-2.35924,1.43983,80.8854,-0.68238,-0.932056,1.5733,0.0323981
125.52,-1.40697,1.80931,105.508,2.21123,-2.46406,63.1394,0.342142,0.0911456,2.00981,0.0321889
85.6343,-2.91193,0.106671,79.4558,1.28825,2.52949,35.6366,-1.99937,-1.99121,2.42282,0.0319695
110.53,-2.02233,-0.894478,75.3782,2.07136,-0.559496,116.694,-0.76251,1.98242,0.334982,0.0321947
124.244,-0.976614,2.26661,79.2402,3.36075,0.599711,142.887,1.52486,-1.44167,-1.6669,0.0336101
145.844,2.19704,-2.86641,117.761,-1.95756,-0.873123,83.2415,1.00778,1.47516,-1.99329,0.0293762
84.7719,1.39695,-0.274512,73.502,-1.96153,-1.0203,70.2648,-1.98685,2.31504,0.745792,0.0319858
86.7332,1.51893,-0.241564,40.6373,-2.55216,1.95909,59.9018,-1.53731,3.11935,-2.20066,0.0297302
134.594,-2.74252,1.87967,132.732,3.24769,-3.13717,128.371,0.652988,-0.252641,1.26635,0.0354562
97.4458,-0.124048,2.33735,40.251,4.62348,1.47053,105.928,1.34585,-1.16421,-0.866822,0.0344773
133.563,-2.57607,2.36583,57.3974,2.49494,2.89569,88.9573,0.0948328,-0.402807,0.52986,0.0331818
151.766,-3.49742,0.846492,111.639,3.17689,-2.33214,33.453,1.13594,-2.66178,3.10455,0.0374216
380.71,1.93055,0.19706,195.552,-1.70061,2.21881,307.957,0.569356,-2.22546,-2.02175,0.0344956
140.11,1.08443,1.12358,38.7432,-3.53737,-2.39331,121.196,-1.67009,-1.66518,-2.7663,0.0331603
161.473,2.17845,2.3125,67.8424,-1.27023,-0.401823,69.9541,1.7896,-1.06449,2.71433,0.0318206
162.677,-1.05166,-2.40751,51.8029,3.11409,-1.13128,92.8042,1.80562,0.738123,1.27623,0.032417
139.185,2.436,0.234399,108.445,-3.49568,1.74928,115.873,-0.724211,-2.05989,-1.51488,0.0354906
204.185,-1.14349,0.99042,170.742,2.88305,2.87735,128.949,1.70676,-1.41451,1.88693,0.0342162
225.805,2.02935,-0.0171231,53.3075,-1.75088,-1.84585,173.34,0.29863,2.92611,1.82873,0.0323876
207.472,-1.75406,-1.46319,47.0707,3.22064,-0.609639,108.971,0.361736,1.64842,0.853556,0.0330141
117.423,1.53795,1.96908,69.9177,-2.70437,-0.217367,71.051,-0.251453,-1.60256,2.18645,0.0323463
183.905,-2.91153,0.783398,173.653,1.91323,-0.720579,135.93,-1.17977,-2.11907,-1.50398,0.0341919
122.51,-1.80159,1.45206,37.2419,3.60437,0.459431,135.924,1.11993,-1.60036,-0.992632,0.0354528
165.893,-2.71882,2.87738,53.4547,1.17271,3.07664,161.618,-1.94007,-0.396818,0.199261,0.0293076
107.106,1.02378,2.40018,104.485,-3.41581,1.21545,64.4249,0.106591,-1.23166,1.18474,0.0340345
63.7439,-2.3505,-1.57568,58.6229,2.5278,-0.580059,63.3588,1.67439,1.281,0.995621,0.0329829
84.4632,3.0819,-1.17015,63.8151,-1.45602,-0.653492,175.209,0.387137,2.51657,-0.516659,0.0339519
160.052,2.53969,1.48667,59.5306,-1.17362,2.87577,93.3201,-0.464374,-1.52745,-1.38911,0.0304089
116.478,-1.16921,-0.268895,86.4352,2.48018,-1.25344,65.3074,1.61074,2.09457,-0.984544,0.0313249
121.113,2.94948,-2.3421,92.5282,-3.46183,-2.68904,142.747,0.797096,0.851665,0.346938,0.0355149
94.5806,2.40166,1.72996,72.1621,-2.64832,2.88475,84.1563,0.105143,-0.24026,-1.15479,0.0328941
153.252,2.24576,-2.80576,40.8617,-3.95339,-2.82477,63.7729,0.476263,0.230048,0.0190082,0.0346972
122.531,-1.38794,-2.33649,54.9203,1.76435,-1.08616,90.1301,1.68179,1.13556,1.25033,0.0320889
92.4,-2.67987,-2.55792,77.3098,1.82935,3.0212,85.1251,-1.62952,0.182603,-0.704065,0.0315446
232.398,-2.33791,-1.41274,165.449,0.746939,2.32717,138.453,-0.889276,1.69536,-2.54327,0.0325623
94.764,0.641819,-3.10335,69.2906,-4.24444,-2.48224,50.0344,-2.77851,1.26256,-0.621112,0.0322093
150.365,-3.5283,2.69335,127.323,1.67604,-2.83212,168.969,-0.469626,0.0573179,0.757718,0.0353731
139.985,-2.44238,-0.482874,40.2644,1.93344,0.0683644,124.489,-1.00401,2.88502,0.551238,0.0322529
102.316,-1.21767,-1.08772,61.464,3.42748,-2.04958,84.3156,0.00370983,1.55852,-0.961866,0.0326793
129.068,1.25076,-3.01406,36.9649,-4.14193,-0.241041,29.8863,-1.20838,0.536729,-2.77302,0.0315921
94.2851,-2.06231,1.34651,46.5842,3.26025,1.29179,75.281,1.31081,-1.39284,-0.0547192,0.0337103
99.7691,-1.95702,-2.71794,70.6164,3.58218,0.926448,48.3168,0.317713,-0.268606,-2.6388,0.0340302
87.5102,-3.14617,-1.86011,77.4826,2.79648,2.66324,102.891,1.23749,0.418156,-1.75983,0.0345474
127.315,0.0845473,-2.87431,85.6839,-3.20168,1.99693,104.108,-1.95475,0.463314,1.41194,0.0327401
172.319,0.570373,0.89891,67.6982,-3.89583,-2.86566,94.0697,-1.40159,-2.36684,-2.51861,0.033991
115.344,2.75645,-0.908212,40.2618,-2.46312,0.912323,89.045,-1.45179,2.88966,-1.82053,0.0331966
216.9,1.72417,-1.95576,65.9479,-1.99845,-0.851426,155.101,0.983412,1.48024,-1.10433,0.0325273
86.1138,2.02275,0.24494,38.4138,-1.9145,-2.10255,29.772,-1.49652,-3.07352,2.34749,0.0293974
214.824,2.74337,-2.67797,39.9887,-4.31398,0.130158,193.088,0.421116,0.363794,-2.80812,0.036326
73.3943,-2.2131,-1.42127,33.0266,2.68901,-1.81898,103.581,0.525065,1.52953,-0.397704,0.0297148
111.118,1.29213,1.12996,73.0576,-3.43942,-3.09029,73.7456,-0.86458,-0.985313,-2.06293,0.0327924
55.8117,-3.97927,-2.84244,42.5618,2.97617,-3.05279,40.5473,0.0655634,1.00524,-0.210352,0.0342774
164.17,2.16283,-0.212809,66.3028,-2.4316,-2.36431,58.3362,-1.44804,2.98988,2.1515,0.0351348
64.3246,3.44696,-1.8702,55.2009,-1.12154,-2.03799,43.4219,0.921447,0.757773,0.167789,0.0297667
138.615,-1.73185,1.59181,51.7812,3.35327,1.5459,65.0858,0.493398,-1.70674,-0.0459197,0.0345366
70.995,-2.26466,-0.307392,65.5983,1.90501,-2.18048,52.8809,-0.55484,1.25644,-1.87308,0.0314571
117.438,1.27651,-0.274701,47.2429,-2.42561,0.708979,94.2174,-0.689748,3.1297,-0.98368,0.0314262
127.059,-0.949827,-1.24428,47.2322,3.80972,-0.182759,102.027,1.98697,1.97468,1.06152,0.0324352
131.372,-2.87075,2.10231,69.6317,0.839515,0.0566082,67.9622,-1.0827,-1.93485,-2.0457,0.0298608
283.853,0.0670911,-0.581271,83.1417,-3.21733,-1.81084,282.914,-1.47731,2.34605,1.22957,0.0347924
99.3782,2.13809,-1.85501,87.5247,-2.81758,-1.20231,89.6427,-0.89631,1.48307,-0.652696,0.0303024
108.462,-2.30151,-1.61474,103.991,1.5025,-1.62275,83.6794,-0.289767,1.19429,-0.00800264,0.02879
78.1699,-0.213808,2.50874,66.9736,3.18741,-2.81039,66.098,-0.180001,0.579551,0.964058,0.0305159
106.636,-2.13942,-1.50369,99.5165,1.72351,0.883372,83.2835,-2.20201,1.90285,2.38707,0.0331696
137.546,2.25593,-1.7081,60.5834,-1.79493,0.260142,49.9736,1.61874,2.16099,-1.96824,0.0271486
243.395,-2.44252,2.29118,118.479,1.79447,-1.64236,139.585,0.783456,-0.546997,2.34965,0.0333115
57.5742,2.75185,1.40688,54.976,-4.19794,-0.2308,27.2329,-0.333044,-2.8678,1.63768,0.0350529
137.445,-0.903676,2.38198,64.6039,2.36523,-1.12907,62.4264,0.764215,-0.552124,2.77213,0.0305083
105.036,-3.40571,1.52184,39.0684,4.56225,-0.167959,84.9311,0.164775,-1.46037,-1.68979,0.0368557
85.2395,2.84271,2.9553,76.6537,-3.02559,-0.766531,77.6657,-1.48899,1.3404,-2.56135,0.032016
316.496,-2.34341,0.0664712,92.9172,2.5818,2.60406,125.065,0.00923893,3.04896,2.53759,0.0351041
132.65,1.41857,2.1116,72.8302,-2.86254,-2.16005,92.9443,0.27512,-0.583456,-2.01153,0.0311795
115.297,-2.19103,-2.33505,62.7861,3.91785,-0.354834,73.7111,2.28611,1.03877,1.98022,0.0350961
61.0707,2.26835,-2.6283,58.8603,-3.4393,-2.17605,78.561,-1.42252,0.628279,-0.452249,0.0332492
162.909,2.17564,1.13858,95.3988,-1.32607,-1.26977,98.0156,-0.0559928,-2.90602,2.40835,0.0325051
131.219,2.49963,0.621986,88.3488,-2.17619,0.853161,96.0423,-0.723817,-2.71641,-0.231175,0.0331209
122.446,0.565947,1.19737,51.9359,-2.90432,-1.27081,83.91,-0.0253185,-2.47077,2.46817,0.0300571
128.935,2.64955,1.50291,81.6493,-2.55983,1.78781,65.8044,-0.720017,-1.41189,-0.284902,0.0320127
119.046,0.785207,1.3105,99.253,-3.1173,1.96579,108.749,-0.719195,-1.25593,-0.655294,0.0332206
85.4405,-2.80584,1.94677,83.9931,0.922542,2.79742,81.9009,-0.252814,-1.11237,0.850657,0.0298392
88.5947,2.37724,2.98793,31.0734,-3.76193,2.57753,53.9096,-0.290363,-0.480456,0.4104,0.0341764
175.524,-2.95421,1.23349,101.92,1.81583,-0.0610611,154.865,-2.04483,-2.21418,-1.29455,0.0346666
43.0794,-1.80564,1.81273,41.3488,4.37322,-0.655677,49.4607,1.18042,-3.12446,-2.46841,0.0308362
246.852,2.23729,1.76019,200.562,-1.74839,-1.70927,62.4528,1.64108,-0.0111769,-2.81373,0.0336162
155.486,-2.02939,0.719794,92.0138,1.04273,0.821025,121.208,-0.685951,-2.33802,0.101231,0.0322399
59.4253,-3.97793,1.24903,43.4751,2.9994,1.70458,41.3241,-0.348607,-1.97872,0.455555,0.0350934
94.2967,3.555,-1.65101,81.9697,-2.36828,-2.69363,76.2511,-0.456993,0.885311,1.04261,0.0347378
131.152,0.717317,-2.20019,33.8171,-4.07412,-0.824943,173.86,0.0998073,1.24697,-1.37524,0.033551
210.756,-1.71824,-0.561698,37.1585,3.90856,2.28034,206.612,1.4193,2.64523,2.84204,0.0345913
113.797,2.51214,-1.20252,59.0521,-2.84972,-1.16727,108.427,-0.0256937,1.78768,-0.0352417,0.0334915
283.315,0.942303,1.84733,76.1735,-3.76023,2.99317,130.333,-0.812215,-1.16435,-1.14584,0.0350915
135.659,-1.01285,-1.2004,106.584,2.27941,-1.98236,163.895,0.525451,1.83261,-0.781966,0.0322568
237.358,2.33206,1.1218,96.1583,-3.95014,-1.58242,105.048,0.335851,-2.23519,2.70422,0.0370299
115.385,2.21155,-2.25161,37.5679,-3.68129,-0.018409,77.9099,-0.32459,1.30084,-2.2332,0.0313824
538.925,-1.37363,2.49653,98.6512,4.25162,-0.570471,375.132,-1.23101,-0.612923,-3.067,0.0389188
156.754,-1.88327,-2.09477,46.7472,1.53981,-2.36967,110.437,-1.42845,1.02021,-0.2749,0.0311586
147.281,1.42943,-0.331877,114.957,-2.75428,-1.97233,90.9826,-1.69248,1.99417,1.64045,0.0338245
114.687,-1.8619,1.74378,39.8318,4.31979,-2.54634,75.2843,-1.12415,-0.755273,1.99306,0.0338174
159.122,-1.48573,-0.648746,54.778,3.54468,-3.03529,148.516,1.10103,1.54328,-2.38654,0.034107
52.2079,4.34728,1.1662,40.3913,-1.02066,0.216239,39.1121,0.335977,-2.40367,0.949958,0.0331379
132.033,3.1747,0.617075,40.9749,-0.880449,-1.36424,74.2708,2.31854,-2.93247,1.98131,0.0302383
131.614,0.20905,0.227949,74.2766,-4.45844,-1.1732,127.275,-1.74657,3.07864,1.40115,0.03415
77.7374,3.69983,1.5399,30.1287,-3.3998,-2.07162,27.6002,1.72027,-1.36164,-2.67166,0.0341287
117.941,2.73595,-1.52728,112.665,-0.850629,-2.80762,185.713,0.531694,0.730392,1.28034,0.0330215
113.074,-2.88742,-1.12785,40.5767,2.52576,3.11887,101.172,-0.968782,1.36605,-2.03646,0.0317738
72.7609,-2.78314,2.84464,64.0326,0.513016,-1.68323,45.2657,-1.47842,0.395335,1.75532,0.0296717
86.0395,2.54987,-1.99998,69.0141,-3.7627,2.94408,67.4965,0.798813,0.0181618,1.33913,0.03545
152.06,-1.02972,0.815501,63.6667,3.85748,0.174414,78.3973,0.981135,-2.94685,-0.641087,0.0347394
99.817,-1.94893,-2.48073,30.9303,3.61534,2.89281,48.6296,-0.621714,0.699674,-0.90965,0.0316684
209.241,-2.41176,-1.61877,90.1147,3.50932,1.92046,60.2972,-0.857033,1.13919,-2.74395,0.035407
214.403,-1.57766,-0.529702,52.5918,3.47059,0.463919,181.813,1.3488,3.02297,0.993621,0.0346553
85.4256,2.01661,-2.06359,72.5259,-2.37732,-1.76809,99.0954,-0.138851,1.52891,-0.295501,0.0288016
106.015,-1.52808,-0.98822,39.885,2.38626,-2.18279,88.4556,0.84932,1.73443,-1.19457,0.0311952
184.721,2.88882,2.49569,80.8562,-3.11027,-1.8537,45.0586,-0.440172,0.0921218,-1.9338,0.0353515
84.2915,-1.78475,2.29344,60.2961,3.74222,1.53913,85.0767,2.11555,-1.01013,-0.754314,0.0326325
73.0515,0.968086,-1.94404,52.1944,-3.16536,-0.881692,38.8058,0.145509,2.37,-1.06235,0.0319456
133.115,2.9512,-0.59426,41.2368,-2.42742,-2.99243,141.678,0.840335,2.35829,2.39817,0.0338213
110.649,0.95062,-0.495939,37.2738,-3.48108,-1.26024,95.5824,-1.64423,2.06896,0.764299,0.0310484
256.603,2.15361,-1.58471,51.4828,-1.74551,0.0561194,100.083,-0.187423,1.59914,-1.64083,0.032463
223.52,-2.64299,1.87956,143.854,0.95441,-0.708907,87.988,-1.68988,-1.55986,-2.58847,0.0332538
112.291,-2.18341,-2.6099,82.6602,3.15971,1.61396,41.9483,0.592695,-0.777218,-2.05932,0.0314099
158.287,0.304563,-0.6565,57.9825,-3.75966,0.155435,205.622,-0.450993,2.71507,-0.811935,0.0337746
116.116,-2.68259,-2.59047,44.6349,1.22792,-0.608562,35.2535,-1.5666,0.441454,1.98191,0.0292991
141.461,-3.06739,-3.04148,70.8386,2.29645,-2.79793,133.97,-0.635167,0.250312,0.243553,0.0341442
114.425,-2.72838,0.838697,82.2621,2.79018,1.13274,133.67,1.36987,-2.24723,0.294045,0.0343227
172.515,0.630175,1.99641,30.4108,-3.18767,-1.91959,104.163,-1.65502,-1.20973,-2.36718,0.0322071
167.949,-2.29044,-2.82753,79.1978,2.60089,-2.63634,108.362,1.52619,0.410613,0.19119,0.0343766
84.9259,1.56981,-1.29263,65.8129,-2.37627,2.49538,50.3504,1.73848,1.94855,2.49517,0.0312028
56.4873,-1.56304,-1.0467,48.8398,3.70333,-0.129357,37.9223,0.586396,2.26828,0.917339,0.0312553
93.4883,1.45307,-2.15833,63.7977,-2.4555,2.56008,77.5294,-1.43079,0.536766,1.56477,0.0290213
80.8681,0.812067,1.69998,76.5785,-3.25336,0.216922,76.9102,-0.714327,-2.32099,1.48306,0.0322632
137.75,-0.0279094,-1.28553,56.4852,4.05634,-3.01483,106.584,2.29361,1.48105,-1.7293,0.0339096
148.006,-1.66958,2.05754,73.4114,1.96957,2.38562,159.122,0.562578,-1.11924,0.328081,0.0318691
175.751,-0.76527,-0.447872,79.918,3.45342,2.55241,60.8364,2.44615,2.57642,3.00028,0.0327912
146.246,0.579977,0.21511,42.3989,-4.72564,-2.47383,102.614,0.124606,-3.02782,2.68894,0.035412
126.281,-1.93957,-1.44279,45.0838,2.05738,0.0705673,145.823,-1.6818,1.87808,1.51336,0.0297892
70.2329,0.857534,-1.47382,54.787,-3.61312,-1.74165,114.378,-1.09785,1.41106,0.267835,0.030485
109.728,2.03243,2.16336,30.197,-3.8108,2.67846,103.107,-1.45062,-1.06251,-0.5151,0.0339087
94.9633,-3.65547,-1.82684,74.7659,3.4225,-1.53576,111.785,-0.0835629,1.59005,0.29108,0.0360906
140.847,-2.50162,0.878861,63.0375,2.51972,3.10549,138.464,0.331488,-1.68229,2.22663,0.0324447
70.1965,1.70599,-0.850368,69.794,-1.7596,-0.493023,98.6824,-0.262488,2.3563,-0.357345,0.0310292
82.7306,-0.0684026,2.37991,50.9191,3.5856,1.04965,83.5986,1.5063,-1.0394,-1.33026,0.0311146
54.1044,-2.91514,2.80806,46.1822,1.33698,-1.43955,45.096,0.145829,0.75061,2.03558,0.0352154
78.9866,3.71754,-0.65586,31.6339,-2.93429,2.51703,55.1227,1.63583,1.72509,3.1103,0.0337191
150.738,-2.6774,1.42096,66.9134,2.3907,-1.96904,47.2528,-1.26589,-1.79224,2.89318,0.0335395
88.3016,-2.63604,0.720201,68.9673,4.31803,-0.230202,63.3938,-0.767914,-2.69334,-0.950403,0.0368653
76.4182,-1.29008,0.392423,56.3503,2.27878,0.565792,121.829,1.66617,-2.57357,0.173369,0.0294693
105.536,1.5692,0.457682,58.4369,-2.08268,1.26714,23.2272,-0.353914,-1.60969,-0.809461,0.0303666
105.907,2.81094,1.48012,48.1474,-1.24431,0.309265,83.8454,1.9802,-1.81977,1.17085,0.0332619
163.675,-2.054,0.94956,64.7518,3.05285,1.11401,137.333,-0.113257,-2.00501,0.164448,0.0336314
237.686,-2.48899,-1.83903,54.5172,4.26091,1.36439,118.61,0.374081,1.32585,-3.07977,0.037076
380.236,0.658569,1.1718,78.504,-3.76429,2.89554,168.427,0.117491,-1.98836,-1.72374,0.0351003
104.098,2.96058,2.22898,63.313,-3.0623,2.35584,98.1996,-1.08496,-1.1217,-0.126865,0.0336952
82.1764,-1.02915,-3.08138,78.0481,3.95431,-1.71056,91.8622,0.985035,0.584517,1.37083,0.0336873
58.1045,3.75771,3.03962,41.5118,-3.57015,2.48424,65.9003,1.59996,-0.742232,0.555379,0.0368854
194.684,0.501879,0.996996,76.7089,-3.9494,-1.82881,37.6918,-2.6554,-2.02773,2.8258,0.0334447
109.143,-2.43289,2.84324,103.719,1.96304,-1.93499,62.0667,-0.965876,0.0147856,1.50496,0.0323876
128.002,2.06108,-1.17364,42.9407,-1.55831,-2.95592,66.4335,-0.22921,1.26429,1.78228,0.0298281
151.465,1.49161,0.226767,74.6387,-2.75555,-0.217996,195.286,-0.559081,-2.93357,0.444763,0.0337467
89.1315,-0.735248,2.5079,35.5892,4.18219,1.44794,63.0441,2.63457,-0.69006,-1.05996,0.0310288
110.879,-3.06912,-0.292779,70.7404,2.63092,1.54141,91.2375,-1.11661,-2.88484,1.83419,0.0341006
238.229,2.4758,-2.88219,46.83,-1.57332,-0.188316,101.233,-0.492536,0.448017,-2.69387,0.0349727
114.103,-3.17881,0.429588,103.826,0.797567,-2.16595,91.2954,0.939123,2.78425,-2.59554,0.0355715
103.537,-1.77775,-1.78009,30.8491,2.66779,-3.04256,87.408,1.08494,1.15382,-1.26247,0.0279745
148.517,1.12454,2.05572,123.565,-3.54864,0.40985,56.4773,0.871485,-2.4519,1.64587,0.0345247
276.473,1.21766,-2.84668,122.448,-2.9234,1.30602,89.9929,0.581516,-0.194691,2.13048,0.0336661
121.844,-1.75449,0.707485,41.0269,3.72044,-1.89236,61.5107,-0.344047,-2.9478,-2.59984,0.0332298
480.094,2.11211,-0.428674,36.8337,-3.17304,2.63105,419.623,0.0108532,2.72095,-3.05973,0.0329003
113.218,-1.1287,-0.191906,34.803,3.42014,-2.59985,48.6193,2.33729,2.43235,-2.40794,0.0331104
86.8576,-2.54069,0.486069,52.0687,3.95214,-0.420548,27.4016,-0.4204,-2.59625,-0.906617,0.0339434
79.5366,-2.61809,-1.96135,31.3698,2.23506,-2.63115,128.59,0.732812,0.646176,-0.669798,0.0319625
193.489,1.81938,0.576682,111.594,-3.07612,2.28841,175.511,-0.271837,-1.80288,-1.71173,0.0332211
211.35,-2.90315,-0.974228,92.5564,1.50283,-2.27143,112.308,-0.614321,1.98728,-1.29721,0.0343055
73.0667,-3.34716,3.05896,52.4895,4.51276,-1.51207,35.332,-0.307016,-0.27023,1.71216,0.0382239
83.6418,-1.70898,0.153773,82.4748,2.66531,0.614668,108.209,-0.694976,-2.88167,0.460896,0.0310494
144.029,-0.855501,0.691471,34.4794,3.13395,0.451135,104.65,-0.514081,-2.40268,-0.240335,0.0300883
76.9948,3.63131,-1.67358,41.1005,-2.60361,-0.494273,51.7635,2.2772,2.43573,-1.17931,0.0336628
130.999,2.80961,2.56774,42.1352,-2.55507,-0.380299,68.8908,1.76313,-0.427521,2.94804,0.0330528
122.465,2.63798,-1.29962,37.8606,-3.66146,-0.991509,109.303,1.10159,1.84301,-0.308108,0.0327515
142.856,2.44628,0.350866,32.7762,-2.88612,1.72624,68.1251,0.540598,-2.22945,-1.37538,0.0350368
151.166,3.58188,-0.262048,50.2999,-1.3267,0.170574,179.914,0.126819,2.99843,-0.432622,0.0324519
233.868,-2.39535,-2.53771,89.0311,3.2467,-1.69913,91.336,-0.750129,0.583056,0.83858,0.0350036
211.084,-3.11285,0.121414,70.4351,1.63366,-1.82991,112.365,-1.90833,3.05605,-1.95132,0.0343632
149.065,-1.16985,1.09857,66.6905,3.18055,-2.48865,55.0442,1.35858,-2.01003,2.69597,0.0329723
182.171,-2.27718,-0.985486,61.6677,2.39489,1.02587,89.1063,0.200031,2.53315,2.01136,0.0329961
145.102,1.82614,-1.68961,53.8123,-1.18576,-1.73865,88.2022,0.935193,1.53035,0.0490328,0.029197
138.093,2.32073,1.1994,101.425,-2.88038,1.89863,129.027,-0.344131,-1.75737,-0.699236,0.0338875
48.0909,-2.13465,-0.749355,32.8697,3.03582,0.898618,32.7696,-2.50258,-2.60342,1.64797,0.0324582
152.792,3.86806,0.297281,82.3084,-0.111402,-1.25067,108.708,2.31583,2.85729,1.54795,0.0358322
106.316,-1.4088,2.8074,37.9673,3.09471,-1.26238,34.9746,0.366547,0.0457215,2.21341,0.032022
88.6359,3.02647,0.160282,75.3836,-4.10856,2.56999,58.9497,0.550179,-1.84306,-2.40971,0.034203
122.246,0.796956,-2.013,56.7274,-4.0916,2.22983,71.0357,-2.26812,1.02434,2.04036,0.0329418
99.7757,-3.8052,0.833108,69.3628,0.183497,1.77177,35.1205,-1.81284,-2.19726,0.93866,0.0329622
349.377,2.57537,1.65358,45.9969,-3.50127,2.86805,130.978,-0.191678,-1.52373,-1.21447,0.0358474
115.768,-2.92961,2.98919,113.67,2.30679,-0.663323,39.9837,-0.589176,0.769104,2.63067,0.0332479
156.79,-1.10929,-1.70235,80.7044,4.59213,-0.192099,115.062,0.817832,1.90591,1.51025,0.0372758
138.367,-2.93504,0.113872,36.7126,4.09822,-1.38944,90.0311,-0.759751,2.77889,-1.50332,0.03543
107.537,-1.7005,2.73609,78.3972,2.05871,-0.0817107,63.3625,-2.15828,-0.992036,-2.8178,0.029473
81.2405,-0.700963,-0.0444692,54.3442,3.92872,0.874976,107.91,0.888879,-2.74789,0.919445,0.0327863
135.754,3.13644,2.65891,44.9555,-1.6387,-0.120645,65.8375,-0.126234,-1.35962,2.77956,0.0328281
145.879,2.27556,-0.00138241,54.229,-1.92874,-1.44403,112.08,1.28973,2.4717,1.44265,0.0327174
64.1878,-2.62152,3.02353,46.8689,2.57255,1.63564,70.8539,-0.484946,-1.00986,-1.38789,0.03034
129.438,-3.14627,-1.12363,30.7658,3.37495,1.99234,58.3166,-0.0959356,1.97547,3.11597,0.0338494
160.578,2.55303,-2.28613,32.6423,-3.65269,1.93048,88.315,-0.301909,0.442098,2.06657,0.0331645
290.489,1.33027,2.4087,82.4011,-3.46334,-0.100141,130.76,-1.38986,-1.1522,2.50884,0.0348981
97.7127,-1.51796,-1.04886,57.217,2.1869,1.17725,41.6481,-1.28389,2.86832,2.22611,0.0314708
87.2636,-2.36805,0.382778,76.4663,1.93573,-0.346997,128.312,1.49227,-2.89173,-0.729776,0.0326534
150.293,-3.08864,2.96078,43.3916,2.63688,-1.03353,90.5573,-1.86363,-0.143066,2.28887,0.0338948
91.3275,-1.81931,2.70111,80.6464,2.82014,-2.14553,53.8957,-0.536968,0.24234,1.43655,0.0309517
63.0878,-1.92388,-1.77714,50.3085,3.32997,-1.04795,54.6359,-0.613839,1.73968,0.729185,0.0326018
71.4739,-1.58363,1.99836,45.5511,3.64091,-0.459723,46.4346,0.74304,-2.10211,-2.45808,0.0334629
72.067,-1.57184,-2.49621,66.3123,2.1836,-2.09504,110.171,-0.521976,1.38042,0.401166,0.0313567
166.009,-2.36128,1.88153,44.1884,2.10251,-0.809835,61.7716,-1.0812,-1.55586,-2.69136,0.0312496
85.9296,-2.45593,0.96413,69.1578,3.7787,-0.174276,46.5424,1.35897,-2.41714,-1.13841,0.035188
160.452,0.510751,-1.2512,41.3694,-4.38694,-0.230195,96.6194,-0.244834,2.09323,-1.021,0.0321125
249.636,-1.38203,-3.02746,32.8812,1.7901,1.55679,145.324,-0.618968,-0.228824,-1.69893,0.0318607
101.279,2.57657,1.02824,57.9274,-0.834559,2.81973,72.5678,1.63147,-1.84973,-1.79148,0.0311835
125.103,-2.89962,2.50834,110.08,3.78037,1.44476,118.172,1.31413,-1.22702,-1.06358,0.0371367
76.1887,2.64225,-2.33769,54.809,-1.89821,-0.586302,86.8166,-1.23921,1.68086,-1.75139,0.0323728
112.933,1.75118,-1.34136,56.3004,-3.1944,-1.62592,91.4429,0.27483,1.90239,0.284552,0.0287074
152.984,-1.28439,-1.04556,67.8602,2.70608,0.871985,97.3947,-0.859484,2.71107,1.91755,0.0307644
123.436,-2.53123,1.36915,73.8032,1.21356,2.24765,90.8339,-0.582528,-1.09646,0.878501,0.0306214
168.13,0.383803,-3.03038,92.5632,-2.94737,0.0659247,68.3526,-2.55308,0.443446,-3.09631,0.0319952
91.8442,-3.33771,-2.90509,41.461,2.60839,-2.37808,140.132,1.80881,0.162026,0.527008,0.0341308
82.0617,2.39569,0.424971,66.3245,-3.35585,-1.47103,88.2028,-1.12141,2.62521,1.896,0.034234
125.756,-2.11392,-2.63925,35.6557,4.66047,-1.63335,125.158,1.70152,0.869896,1.00591,0.036707
82.1565,3.41147,-2.0249,31.2616,-3.78082,-1.58162,88.7872,-2.00049,1.1039,-0.443286,0.0343563
93.0199,3.49189,-2.4021,35.4247,-2.23043,-2.34,117.574,0.352352,0.968753,-0.0620959,0.0292228
89.7968,2.28633,-3.09888,57.9682,-2.9508,-1.17652,61.6075,-2.46692,-0.15148,-1.92236,0.0324184
57.5112,-3.0806,2.54167,44.7971,3.30439,0.602354,35.7442,0.566407,-2.61948,-1.93932,0.0332146
76.2903,-1.63339,-1.23421,47.7207,3.75981,-1.58674,74.5019,1.30526,1.63332,-0.352527,0.0333435
224.138,2.85414,1.12366,81.7046,-2.15765,0.966206,127.761,-0.936493,-2.01987,0.15745,0.0349783
160.429,3.17329,0.972098,61.2375,-3.80421,-2.9992,53.9946,0.282948,-1.64278,-2.31189,0.0369806
108.32,-3.07235,2.97899,81.1943,2.44871,-1.14288,69.3886,-0.503168,0.611208,2.16132,0.0326034
79.8162,-2.82963,-2.96108,69.1477,1.96474,-0.801078,42.7017,0.849214,1.31126,2.16,0.0326209
83.2951,1.303,-2.27821,72.1732,-2.11467,2.46609,83.3688,-0.292333,0.263048,1.53889,0.0311457
184.951,-1.66725,-0.068568,71.752,3.98503,2.29291,131.463,0.234204,3.02387,2.36148,0.0352265
153.511,-0.161034,-0.911085,59.545,3.94178,2.54136,44.2177,1.81639,1.73846,-2.83074,0.0332099
216.342,-1.65483,-1.26177,69.615,1.49955,0.900896,148.426,-1.3472,2.26627,2.16266,0.0325103
115.463,-1.62668,2.52804,52.2206,2.38811,-1.84157,40.7726,-0.801883,-0.412507,1.91357,0.0319835
133.08,-2.55098,2.68903,86.623,2.78281,-2.09984,41.0107,-0.208439,-0.49946,1.49432,0.0319122
97.5393,-3.0911,1.82515,58.2779,1.94974,0.781489,109.837,-1.46265,-1.84872,-1.04367,0.0328477
102.413,1.12163,1.20728,35.7233,-2.88241,-0.45928,63.2633,0.743617,-2.18838,1.66656,0.0330502
149.374,-2.22038,1.04968,58.6021,2.71727,-2.76357,107.276,1.68427,-1.67789,2.46994,0.032522
153.142,-1.42674,2.93678,51.288,3.11865,2.88542,122.238,1.35952,-0.168407,-0.0513563,0.0312593
173.461,-2.37659,-2.31672,51.6341,1.96264,-0.187253,98.7379,0.179835,1.26891,2.12947,0.0308553
142.098,2.98825,-2.62004,37.8528,-1.49967,-1.97193,142.943,2.02178,0.594879,-0.648112,0.0330232
72.2174,0.764151,-0.262874,64.3077,-2.85644,1.21665,36.862,0.406472,-2.6462,-1.47952,0.0318452
111.632,-2.13391,-2.75355,84.1774,2.79991,-0.219194,44.2276,-1.41367,2.56354,2.53435,0.0330241
70.489,2.2676,-0.421449,58.1472,-3.80141,-1.02358,56.9649,-1.47508,2.6218,0.602134,0.0318323
234.756,-0.490817,1.85631,114.502,3.4259,-0.827137,121.841,1.52919,-1.15454,-2.68344,0.0346215
116.473,-1.14037,-0.253471,32.2692,3.1831,-1.89557,96.6641,0.0556613,2.54123,-1.6421,0.0323652
80.1692,2.93898,-3.00081,37.4796,-1.25998,0.991705,54.7384,0.204629,0.55579,2.29067,0.0281268
201.758,2.8111,1.28282,32.7575,-3.98652,1.4614,151.612,-0.111912,-1.94213,-0.178588,0.0355078
142.523,1.37268,1.7925,32.5782,-3.92593,2.81935,166.098,-0.952217,-1.26109,-1.02685,0.0332953
188.252,-2.76452,2.19572,53.1325,1.28282,2.37416,135.641,-0.586381,-0.631724,0.178438,0.0292273
105.281,-2.61861,-0.0360546,76.6366,2.10831,-0.245789,168.101,0.868347,2.94032,-0.209735,0.0333
167.733,-1.33026,-2.48692,148.485,2.75408,-2.17202,168.6,2.03778,0.815928,0.314898,0.035191
79.8249,-2.16379,1.23238,72.2964,1.47716,1.31853,74.2836,-0.366739,-1.9285,0.0861512,0.0301518
158.06,-1.91803,1.21404,76.7615,2.47733,-0.987612,31.9498,0.15954,-2.88609,-2.20165,0.0327762
236.484,-1.0113,-2.01816,116.515,2.09439,2.63868,129.732,0.199922,0.415892,-1.62635,0.0331003
86.3421,2.85215,-0.0763755,83.0323,-2.96743,-2.74017,62.9486,1.49952,2.02298,2.6638,0.0341573
65.8416,2.31952,1.51517,50.3502,-2.86852,1.32259,124.953,-0.200656,-1.94713,0.192585,0.030209
82.3852,-3.57757,1.08417,45.4223,1.80736,-0.0784817,81.6995,-1.72256,-2.38345,-1.16265,0.0302621
170.278,-1.87423,-2.22639,146.086,1.79888,-1.52828,94.1364,-1.40295,0.800584,0.698107,0.033518
77.8173,2.71133,2.94157,49.3522,-0.790377,0.0438491,43.9573,0.865348,-0.501456,2.89772,0.0310466
148.525,-0.686801,-2.35116,42.3873,3.60574,1.32768,61.8054,0.724012,0.928051,-2.60435,0.032802
167.017,-2.71018,-0.715499,45.586,4.82462,-2.31623,142.092,-0.90234,2.1526,-1.60073,0.0389565
291.186,2.46763,-1.58947,30.1871,-2.66356,-1.4747,87.9724,1.20189,1.49445,-0.114766,0.0302569
264.046,1.90875,-0.13048,35.2098,-4.2685,-3.10347,59.583,-1.61162,3.03072,2.97299,0.0353803
118.838,-1.62668,-1.79796,64.0803,3.90413,0.436083,72.832,1.90078,1.44821,2.23404,0.0348319
62.6191,-1.20108,2.9429,41.1309,3.86281,-2.23871,48.8492,2.3157,0.375254,1.10158,0.0320905
114.281,-1.18983,2.47854,45.1549,3.78721,-1.17694,61.9066,0.534796,-0.146902,2.6277,0.0329703
178.102,-2.27898,-1.4909,113.777,1.46663,0.423639,94.1673,-0.377557,1.73515,1.91454,0.0338264
88.2108,1.27239,-1.64593,52.3642,-2.05525,-2.73705,106.805,0.690742,1.43161,1.09112,0.029728
73.1308,-3.17198,1.46844,60.629,2.02979,1.80402,152.947,-1.13846,-1.26798,0.335581,0.0310233
198.318,2.66614,-0.0828194,75.3199,-3.4557,0.83969,224.517,0.239924,-2.82964,-0.922509,0.0359815
212.893,1.20785,0.991617,42.728,-2.59553,2.65242,134.778,-0.559868,-1.96015,-1.6608,0.032267
148.188,-1.63795,2.97189,67.1496,3.41914,2.14155,159.117,0.996203,-0.393758,-0.830343,0.0337326
188.561,-2.80696,2.02236,87.2963,0.895718,-2.3488,113.689,-1.39154,-0.525407,1.91202,0.0334409
105.834,-1.64971,-0.305408,64.4,3.06539,0.297664,93.8696,0.588667,-2.77765,0.603072,0.0327843
83.6121,-0.512621,-0.0742768,75.028,3.64521,-0.922573,104.064,1.07789,2.72195,-0.848296,0.0331112
170.446,2.72636,-2.25072,32.8112,-1.61909,2.85782,122.069,1.35806,0.534179,1.17464,0.0293451
315.321,1.20189,-2.69952,100.325,-2.89644,-0.913583,288.596,-0.807203,0.576374,-1.78594,0.0343063
86.8898,1.16155,-2.60852,61.8923,-3.15288,1.15815,52.2458,-1.90789,0.643272,2.51651,0.0322731
142.742,0.809068,1.06166,71.6637,-3.65268,2.74413,77.8828,-1.05798,-2.02819,-1.68246,0.0300148
284.878,1.76677,-2.81615,108.016,-1.65886,1.35133,130.068,-0.361518,-0.23055,2.1157,0.0334117
262.445,2.52518,-3.06807,79.8437,-3.45588,0.842318,182.493,0.940419,0.0697949,2.3728,0.036071
182.992,1.69575,2.03885,72.706,-2.94805,-0.0863082,84.0771,-1.39688,-1.21601,2.12516,0.0321742
79.6314,-2.59135,2.60297,35.4523,3.85755,-3.04829,65.8761,0.174966,-0.652313,0.631924,0.0335477
150.434,-2.99252,-0.616033,89.7995,2.5685,-0.731833,145.175,-0.886551,2.16427,-0.1158,0.0347987
99.0295,-3.39764,0.871289,88.1955,0.41398,2.90332,77.3031,-2.0472,-1.468,2.03203,0.0329368
99.9758,2.65013,2.82939,85.9301,-2.60259,2.59991,135.834,-0.228026,-0.276661,0.229482,0.0335165
114.075,-3.01238,3.10478,108.274,0.295759,-1.34027,111.74,-1.43552,1.1237,1.83813,0.032319
158.703,-1.22749,-1.45251,36.213,3.74948,0.469454,141.07,0.793104,1.60363,1.92197,0.0337306
105.451,-2.70514,2.50563,60.9185,2.16373,-2.12055,86.5439,-0.423186,-0.084725,1.65701,0.032574
252.758,-1.34306,-2.69156,38.8826,2.24017,1.29177,154.886,0.0382321,0.198146,-2.29986,0.0321538
71.6701,-2.36463,1.58695,67.6797,1.9629,-0.722143,33.4155,1.74486,-2.59889,-2.3091,0.032168
127.504,1.16006,-0.762032,31.6108,-3.85047,0.220894,64.3496,0.318997,2.23504,-0.982927,0.0322931
143.03,1.64,-1.95,114.129,-2.34118,1.65147,53.3748,0.24622,0.567906,2.68171,0.0325233
154.351,1.82462,-2.71197,72.633,-2.35919,2.25926,75.5204,0.769864,-0.152893,1.31195,0.0324913
194.318,-2.33867,1.42041,36.0674,2.30311,2.05058,199.351,-0.482241,-1.70928,0.630177,0.0328005
86.99,-2.99452,-2.42058,60.6989,3.63956,2.69152,114.125,-0.0320561,0.0899205,-1.17109,0.0347654
106.98,-2.7667,0.832216,66.2175,2.84255,1.62184,64.7072,1.52987,-1.87296,0.789625,0.0342893
56.3116,3.09616,-0.196268,30.4887,-4.10223,0.616843,37.1883,-0.995249,2.99548,-0.813111,0.0340869
199.834,-0.73442,1.4172,32.8843,3.1835,-0.534845,137.01,0.294911,-1.79152,-1.95204,0.0323761
204.954,-0.724442,2.33679,34.6119,3.94212,0.145912,133.363,0.48036,-0.752366,-2.19088,0.032988
143.845,-2.25728,-2.62182,40.4633,4.35384,1.92314,105.221,-0.661767,0.331253,-1.73823,0.035054
129.263,0.590836,1.73864,31.9615,-2.938,-1.43402,75.9188,-1.51937,-1.4852,-3.11052,0.0316795
203.45,-1.10599,0.682427,75.5248,3.59385,0.894257,264.504,0.541599,-2.41634,0.21183,0.0344281
185.545,0.989741,-0.738281,68.5416,-3.08998,-0.102227,177.406,-1.67231,2.39649,-0.636054,0.0323582
126.717,1.19142,-1.49201,62.8046,-1.84171,-0.511411,152.173,0.974926,1.94854,-0.980595,0.0317902
104.357,-2.87317,0.136423,33.3847,3.70228,2.83532,55.624,1.26382,-2.26071,2.6989,0.0337899
186.974,-2.57029,0.224956,45.5167,0.901057,-2.63288,47.5702,-1.19771,-2.88645,-2.85783,0.0308122
62.4648,-2.13787,1.03408,41.6185,2.54076,1.49956,48.0052,-0.302841,-2.31181,0.465478,0.0310851
382.44,-1.84017,-1.95053,61.2385,3.14607,0.0176915,228.426,1.30776,1.10111,1.96822,0.0352334
114.428,2.60476,3.00145,54.6554,-1.13928,1.10067,123.395,1.21022,-0.346313,1.90078,0.0366985
124.073,-2.563,-0.809296,39.5477,2.63873,-3.02964,83.9694,-0.362286,1.80614,-2.22035,0.0325002
75.8347,3.11226,1.82838,39.7398,-3.0729,1.20353,91.6771,1.40075,-1.59763,0.624854,0.0333038
50.8848,2.42014,2.80908,36.7385,-3.55229,-1.39736,30.8195,-0.91626,1.20102,-2.07674,0.0316781
51.8028,2.15708,1.31119,50.7291,-3.2716,2.67928,38.8814,-0.840044,-1.1141,-1.36809,0.032552
226.223,2.92182,0.0766632,34.0865,-2.94737,-1.83315,208.272,2.0288,3.05268,1.90982,0.0355008
140.734,-2.92788,-1.08243,93.7704,2.81901,1.93985,34.1177,-0.698063,2.09017,3.02229,0.0346134
121.15,1.63186,-0.274058,95.7273,-2.64766,0.667356,43.2174,-1.5331,2.60384,-0.941415,0.0331888
94.2657,0.848334,2.49119,33.3845,-4.36016,3.05766,62.749,-2.36842,-0.283121,-0.566462,0.0337554
170.511,-1.28637,-1.17433,49.9864,3.25732,-1.7856,49.0846,0.951711,1.7176,-0.611273,0.0331705
69.4141,-2.50065,-1.20462,39.1361,2.56172,-1.06879,94.0856,-0.69401,2.11582,0.135838,0.0320572
98.9875,-2.37447,-0.599911,49.3963,3.35909,-1.24277,113.939,-0.828387,2.41237,-0.642862,0.0322835
193.038,-1.76985,-3.0505,74.064,1.44063,-3.10469,128.878,0.219798,0.112728,-0.054189,0.0327038
81.4391,0.0728925,-1.74587,70.0474,-4.00624,-2.75584,145.768,-0.963026,1.15599,1.00997,0.0325811
99.7246,-2.73901,-2.46657,36.0975,4.12699,-2.9577,62.7196,-0.341387,0.465312,-0.491128,0.0345109
93.9614,2.71366,1.59161,52.1641,-1.47235,1.32806,100.811,0.238286,-1.77086,0.263546,0.0323139
108.108,2.67689,-1.31067,66.1984,-1.06056,1.80801,68.1598,1.53881,1.67442,-3.11868,0.0318197
114.016,-2.6902,-0.783499,50.7559,2.56529,-1.44416,52.1993,0.15593,1.78897,-0.660661,0.0329908
161.608,2.16611,1.63718,53.5268,-3.7196,3.00423,109.437,-0.179285,-1.45,-1.36705,0.0340839
86.1221,1.7747,-0.612619,82.9068,-2.02971,-1.12456,132.285,1.33431,2.48265,0.511941,0.0317639
285.736,0.747152,0.122236,40.8406,-3.63397,-0.87104,190.72,-1.49377,-3.07231,0.993276,0.0339116
91.9699,-2.74234,-0.160559,38.9995,3.43099,0.926499,94.1251,1.13174,-2.77,1.08706,0.0335505
251.545,2.46024,-0.937999,117.906,-1.91975,2.15611,58.6146,2.14664,2.10207,-3.09411,0.035234
153.198,3.95568,-2.24262,91.0796,-3.24015,-2.98963,62.2885,1.07018,0.940583,0.747014,0.0387323
111.546,-1.35317,-2.95862,89.6286,4.19674,-1.97134,151.182,-0.452778,0.540476,0.987276,0.0359952
43.1988,-2.91697,-1.90892,42.9497,2.16595,-0.076929,41.8594,-0.646694,1.83078,1.832,0.0299899
109.038,-3.25475,-1.64146,31.4334,3.39478,-0.379556,40.4022,0.728372,1.36909,1.2619,0.0338463
133.161,1.25085,-2.09271,70.9339,-3.07291,2.09358,86.5137,-0.291777,0.549223,2.0969,0.0309405
125.809,-2.23427,1.47618,44.0121,2.90366,-1.50594,32.9073,0.884053,-2.12015,-2.98212,0.0327044
96.5029,1.37777,1.83838,33.5684,-3.96229,1.8058,127.485,-0.813712,-1.54551,0.0325813,0.0307478
117.682,1.42604,-2.58588,50.1183,-4.7896,-0.896611,59.8973,-2.54563,0.715003,-1.68927,0.0369236
88.8857,-2.46744,-2.25936,70.7659,1.75448,2.60042,58.92,-0.398402,0.149575,-1.4234,0.0320794
173.72,0.393994,-2.0628,65.5136,-2.9011,-1.83064,157.867,-0.929585,1.01465,-0.232155,0.0323439
517.971,-1.48353,1.44432,58.7186,3.78096,0.152245,101.197,0.527218,-1.82529,-1.29208,0.0356951
84.0232,4.14597,-0.258804,74.174,-3.09947,0.0461681,103.414,-0.557039,2.89104,-0.304972,0.036567
121.627,2.08707,-1.4857,114.407,-2.3725,2.88112,159.874,0.223185,0.842575,1.91636,0.0323912
70.4194,3.59065,-1.95645,54.4276,-3.19619,-2.48277,84.9907,-0.419743,0.724033,0.526327,0.0348337
70.4158,3.35357,-2.3571,33.5881,-2.84373,2.82254,43.3479,0.605627,0.200806,1.10354,0.0330027
153.547,-1.81589,2.39427,52.6852,1.85394,-1.62261,61.3506,-0.736749,-0.399472,2.26631,0.0316813
132.703,2.96257,-2.55437,97.4699,-2.01446,-2.19489,173.812,-0.874717,0.761181,-0.359486,0.0349603
95.4481,4.11819,-0.19178,38.2758,-3.74645,-0.257291,40.7144,2.13873,2.7477,0.0655101,0.0376186
83.7005,2.96335,-2.42021,56.3937,-0.82451,-1.30192,153.55,2.26487,1.55739,-1.11829,0.0326196
137.314,2.87261,1.68411,46.3619,-3.07879,2.12844,103.047,-0.391062,-1.02293,-0.444326,0.0355678
95.9154,3.23209,-1.53724,54.934,-1.53413,-2.34547,59.2606,0.746212,1.93654,0.808226,0.0324645
243.155,-0.156369,0.108794,74.3675,3.5617,-1.2936,160.74,2.28695,-3.0213,-1.40239,0.035373
131.677,2.72194,0.657467,65.6524,-0.653667,-2.42672,38.2227,2.68326,-1.45779,3.08418,0.0320921
120.686,-2.99178,1.83663,87.7804,1.18308,-0.393729,47.5727,0.691121,-1.60885,-2.23036,0.0306571
108.582,2.69651,0.527853,58.9402,-3.22738,0.744599,65.7523,-1.76065,-2.22084,-0.216746,0.0301714
195.933,-3.00562,2.51645,118.434,1.7302,2.20849,217.351,-0.814987,-0.717115,-0.307956,0.0347673
110.394,2.92269,-2.55147,83.7205,-1.59524,2.68692,146.555,0.894603,0.00238868,1.0448,0.0332872
87.3902,-2.77054,-0.263053,75.6625,2.7583,-0.663813,69.4382,0.532092,2.42102,-0.400759,0.0333287
266.475,2.1286,-1.3754,176.292,-3.04944,2.58455,166.091,-0.591939,1.376,2.32323,0.0356853
84.8419,-1.66297,2.97729,38.6816,2.73702,-0.763693,43.5474,0.629907,0.76068,2.5422,0.0314206
155.474,2.93838,0.398793,58.959,-3.30338,2.63173,72.2113,-2.39509,-2.04724,-2.23294,0.0359314
158.84,1.8585,0.263277,33.548,-3.58097,2.94599,113.174,0.727473,-2.73718,-2.68272,0.0334168
122.993,3.09102,1.98729,61.4313,-3.35289,2.11225,119.825,1.28019,-1.12682,-0.124965,0.0360074
181.317,1.53529,-2.6101,34.5716,-1.76401,-0.5115,95.6847,0.00209128,0.786059,-2.0986,0.0270813
73.0731,-3.14305,1.82937,53.0055,1.52763,2.84187,104.528,-1.41783,-0.644965,1.0125,0.0308288
197.836,1.15059,0.310924,96.6764,-3.15394,2.74627,125.978,-0.868007,-2.69656,-2.43535,0.0330836
122.331,1.21074,0.820156,48.9363,-2.15644,0.533619,81.89,-0.0397796,-2.54359,0.286536,0.0312469
211.579,1.90483,3.02181,114.219,-1.2551,-0.838873,155.886,-0.276674,0.288853,-2.42251,0.0319865
117.4,2.12338,-0.481326,42.4941,-3.91459,0.0797207,91.4689,-0.667289,2.86207,-0.561047,0.0337521
244.691,1.5932,-1.92838,122.656,-2.74814,0.110499,97.0924,-1.12615,1.78438,-2.03888,0.0336515
192.926,1.27819,0.453326,53.1558,-2.63704,-0.623897,172.241,-0.428437,-2.90792,1.07722,0.0324089
61.1218,2.24754,0.672582,47.4267,-3.32734,-1.06708,52.0029,-1.36972,2.7398,1.73966,0.0325759
202.649,1.88439,-2.93817,55.0265,-4.10801,1.31963,110.853,-0.400342,-0.0562389,2.02538,0.035752
70.5607,3.76309,0.599898,56.8814,-1.64154,-0.611012,76.2664,0.42183,2.86364,1.21091,0.0333686
67.6264,-0.239264,1.95259,32.1299,4.28187,-2.32238,46.515,1.80835,-1.29117,2.00822,0.0316011
232.6,0.903343,-0.94907,53.6845,-3.99449,-2.66146,119.291,-0.977553,1.88439,1.71239,0.0347519
85.0315,1.37295,-1.99613,39.2188,-2.59083,2.34281,32.3109,1.48875,2.0865,1.94424,0.0315709
69.536,-1.82658,1.87421,57.9213,3.06482,1.26954,86.1359,-1.45763,-1.45823,-0.604668,0.0296665
129.717,0.781681,-2.18368,32.6009,-4.0657,-0.477386,69.6315,-1.50436,1.25126,-1.70629,0.0332075
113.067,-0.63659,-2.28432,74.8225,2.66005,1.54471,38.0371,2.54384,0.288591,-2.45416,0.0321954
96.327,2.90939,-0.0351357,87.4798,-2.15407,0.203286,130.026,-0.907022,-2.97145,-0.238422,0.0341057
90.3912,-2.66881,2.69627,71.7927,3.30082,1.41793,78.6363,0.584212,-0.811698,-1.27833,0.0316979
93.0378,-3.76646,1.95837,79.2125,3.2531,3.01462,70.7952,0.749125,-0.76713,1.05625,0.0365707
281.78,-0.900834,1.226,76.6887,3.06634,0.730261,303.463,0.633538,-1.8596,-0.495737,0.0325192
226.736,2.24882,-1.49119,159.646,-2.55894,-2.47123,245.79,0.647141,1.36749,0.980038,0.0350161
149.295,3.05319,0.138657,79.3168,-2.92152,0.0621412,130.839,-0.842988,3.07844,0.0765161,0.0351784
165.184,-1.79205,-2.10633,95.8089,1.6636,-0.164673,129.981,0.157982,1.67002,1.94166,0.0324254
178.271,2.15982,-2.3511,132.777,-1.32628,-2.03756,175.192,0.533075,0.512093,-0.313541,0.0336362
80.8074,-2.13347,-0.109015,30.6462,2.49216,-0.246737,101.314,0.242448,2.96227,-0.137722,0.0294414
83.6858,-0.788903,-1.98113,77.1045,3.20218,-2.68187,97.8312,0.393316,0.730877,-0.700738,0.0319366
75.4279,2.51567,-1.26613,37.3481,-2.01511,-1.66033,67.4882,1.48969,1.50297,0.394203,0.0313613
134.102,1.45973,-0.762306,85.3747,-3.12739,-2.87108,45.0567,-2.20727,1.42546,2.10878,0.0323202
95.3255,-3.0208,0.613431,62.9184,1.6241,-0.169252,39.7019,-1.76478,-2.74487,-0.782683,0.0325115
166.09,2.11353,0.412765,47.9313,-3.87487,0.458242,165.721,-0.51363,-2.5238,-0.0454765,0.0338265
171.422,3.93454,0.598232,61.7729,-2.79678,1.1725,94.8925,-1.03057,-2.63079,-0.574265,0.038936
110.207,1.0017,0.954312,37.0767,-3.01326,-3.11105,59.8887,-0.975414,-1.96601,-2.21782,0.0313814
277.779,-2.14651,-0.832732,98.116,2.87561,0.820861,175.082,-0.591741,2.39195,1.65359,0.0349219
159.229,1.95642,1.66942,40.7284,-2.03904,-1.85169,93.8088,-0.543738,-1.43153,-2.76207,0.0319468
103.614,0.0971358,0.0728167,71.4563,-3.03279,1.53719,70.7563,-2.53377,-2.74339,-1.46438,0.0319266
154.605,1.9602,0.0852218,63.9458,-1.60796,0.716286,200.027,-0.12497,-2.97882,-0.631064,0.0322205
138.309,1.82372,-2.98495,73.898,-2.24743,2.50896,117.537,-1.87119,-0.0552979,0.789285,0.0335558
63.451,-2.53854,0.895116,42.3515,1.64119,-0.727974,38.2581,0.390621,2.96587,-1.62309,0.0301456
71.7671,-2.2545,0.378283,33.3624,1.72005,0.545444,51.4707,0.532234,-2.49733,0.16716,0.0309842
148.791,-1.9047,-0.904998,65.5452,2.69418,2.483,29.0631,1.86539,2.36198,-2.89518,0.0297248
62.746,-4.01123,1.92942,59.0464,2.31015,2.25747,86.9076,-1.49971,-0.936634,0.328047,0.0343602
89.1879,-2.69126,-2.00979,40.0507,1.08812,-1.83038,69.2051,0.0382696,1.39084,0.179413,0.0315702
93.2834,-1.16504,0.105325,66.5162,2.32707,1.21403,107.358,0.56489,-2.59156,1.10871,0.0315573
130.299,-3.31035,1.91441,54.6914,1.14605,1.6922,77.8375,-1.72917,-1.29105,-0.22221,0.0307568
68.7986,0.512644,-2.58495,51.7135,-3.41744,-2.88151,49.0838,-0.874458,0.938651,0.296553,0.0295807
65.8187,1.32773,2.10253,36.9975,-3.00284,2.49189,50.7893,-0.183713,-0.515126,-0.389358,0.0311553
55.3878,4.74225,1.55102,51.1562,-1.01536,0.838329,62.7907,2.10671,-2.01608,0.712693,0.0351011
90.3132,-1.37842,-2.55312,64.8597,2.25836,-0.441798,47.9122,0.082851,1.45767,2.11133,0.0314521
104.033,-1.66485,2.42588,53.3781,4.0531,-3.06758,82.0623,2.20665,-0.902245,0.78973,0.034597
51.0867,2.83926,2.45242,37.6083,-2.24239,2.02395,48.2689,-1.80583,0.117783,0.428477,0.0318587
84.1232,2.38958,-1.08827,72.9541,-1.91439,-2.46938,82.6715,-1.90663,1.79238,1.3811,0.0326569
146.697,2.11926,2.98313,85.9959,-0.968351,-1.8561,104.154,1.14152,0.52755,-1.44396,0.031506
91.4314,-3.578,2.0345,35.9987,2.35503,-0.777755,42.5693,-1.78236,-0.413836,-2.81226,0.0290784
73.1672,-0.28232,-0.543041,71.0233,4.40298,0.353681,45.0008,0.923965,-2.50315,0.896722,0.0328825
233.285,-0.711752,1.52264,99.3914,2.39299,1.87878,220.497,0.375688,-1.6456,0.356142,0.0327697
182.607,-1.98199,-1.97542,51.1952,1.63187,0.800809,117.976,0.0496351,1.28546,2.77623,0.0320432
96.3978,-1.97478,-1.79409,77.1197,2.0466,0.0696804,40.6626,-0.954524,2.57117,1.86377,0.0338486
110.065,2.64398,-1.98852,41.9651,-3.04812,-0.975898,147.988,0.789859,1.47589,-1.01263,0.0334139
70.2212,-3.36878,-1.195,65.6217,0.127839,-0.598313,64.6532,-2.36324,2.47606,0.596687,0.0315174
129.635,1.01519,-1.94979,110.624,-2.19095,-2.65532,44.9178,-1.69502,0.963432,0.705529,0.0324332
174.604,-0.868492,3.08824,55.185,3.0631,2.34347,99.0602,-0.486297,0.244356,-0.744773,0.032616
153.451,2.90092,-0.769166,57.5674,-2.86554,-3.13128,62.9684,2.22828,1.47811,2.36211,0.0346808
157.588,1.36684,2.27313,61.1469,-3.07744,0.873175,49.7008,-1.25615,-1.34851,1.39995,0.0332903
94.0707,2.41454,1.02625,73.5545,-1.65176,-0.00156709,82.538,-0.00670703,-2.19282,1.02782,0.0319078
84.1173,1.30572,-0.817442,52.8243,-2.2964,-2.93377,59.504,-0.186575,1.90855,2.11632,0.0311161
156.557,-2.89144,0.180369,42.386,1.03851,3.01969,73.0615,-1.99997,-2.51284,2.83932,0.0332865
127.564,-0.491113,2.52894,47.8764,2.86079,-3.02247,65.5838,1.89045,-0.287964,0.731774,0.0319139
94.6608,2.36434,2.81108,71.3785,-2.99942,-2.44913,42.36,0.0463586,0.243391,-1.02298,0.0320066
253.353,-1.70389,-1.66366,74.2635,3.15909,-0.100093,169.872,0.9918,1.93744,1.56356,0.0343219
240.227,-0.459507,0.761676,71.8604,2.86598,1.01746,101.447,0.844959,-2.51264,0.255787,0.0307596
96.1677,-1.41052,-3.08404,43.077,2.97418,2.26697,72.1247,-0.630613,-0.253541,-0.932179,0.0301297
72.085,-2.56336,0.273871,49.8284,3.16088,-0.462474,58.1179,-0.180567,3.09535,-0.736344,0.0324317
83.9304,-1.08788,3.0757,76.1633,2.06658,-2.00826,57.1928,0.552857,0.616773,1.19922,0.0293387
181.666,-2.22705,-2.39795,73.5173,3.06142,-0.0525727,110.829,0.137301,0.859365,2.34537,0.0340371
78.1182,1.34498,0.250998,51.3549,-2.58039,-0.0984597,92.189,-2.09989,-2.61971,0.349457,0.032134
275.011,2.29256,-0.154069,35.1432,-2.5916,-1.8816,229.947,-0.176252,2.74181,1.72753,0.0386705
84.5834,3.37249,-0.989743,60.3038,-2.32286,-0.680355,99.8974,1.97917,2.24788,-0.309388,0.0341441
109.827,3.03933,0.688589,80.6093,-1.07789,0.875985,118.114,1.69213,-2.48153,-0.187396,0.0336087
133.654,2.91444,1.57586,94.7958,-2.30141,2.19471,59.7043,-1.57365,-1.49392,-0.618853,0.0346576
154.273,-1.84482,1.51772,42.204,2.05361,0.0542888,78.775,-0.695713,-1.95575,-1.46343,0.0317505
200.406,-2.86295,-2.29365,78.784,0.44485,2.91575,159.082,-0.157596,0.073571,-1.07379,0.0355581
172.441,-3.57342,-1.01299,71.0815,2.0838,-3.029,83.1415,-1.26293,2.78793,-2.01601,0.0355207
111.495,-0.810223,-0.811654,39.818,3.54075,-2.24464,67.2942,1.71703,2.01847,-1.43299,0.032415
113.332,3.18134,-2.65728,84.1779,-2.75429,-0.486495,111.867,-1.49198,0.720879,-2.17079,0.0346476
84.9435,3.36497,1.3216,33.6068,-1.05324,-1.3139,38.9692,1.23035,-2.07845,2.6355,0.0292468
123.099,-2.85294,-1.55874,45.8109,4.38273,0.0102122,36.033,-0.848159,3.01656,1.56895,0.0356101
201.434,-2.34234,0.325966,127.671,1.33155,-0.738242,87.3833,-1.14614,-2.78509,-1.06421,0.0329814
93.837,-1.97759,-2.86961,67.2304,3.40652,0.986498,73.1996,0.892509,-1.418,-2.42708,0.0313399
90.044,1.77729,-0.262284,64.5026,-2.16339,-2.12049,97.8825,0.246964,2.40948,1.85821,0.0314155
81.6852,2.45672,0.123135,30.002,-4.64554,-1.2478,49.3317,0.698827,-2.97727,1.37094,0.0352442
95.1403,-1.36987,-2.40502,57.8918,1.98058,1.8982,65.0407,0.81762,-0.0833911,-1.97996,0.0294864
78.6043,-2.23101,1.60637,47.7041,2.88142,1.57255,123.955,2.01525,-1.69158,-0.0338228,0.0340141
68.5113,2.55717,-2.75963,51.319,-2.65831,-0.780903,40.4004,0.956989,1.292,-1.97873,0.0325224
92.0537,2.02675,-1.72327,32.5225,-3.53485,0.591469,32.8153,-2.19905,2.51188,-2.31474,0.0328029
127.811,-1.6756,-0.485423,126.294,1.88638,0.615314,164.678,0.466546,-3.1035,1.10074,0.0326661
221.702,-2.22298,-2.89203,197.722,2.8015,1.05322,60.0945,-1.27766,-0.435941,-2.33793,0.0354307
100.617,-0.486286,1.07722,65.2578,3.40738,-0.521681,54.7669,1.80196,2.90123,-1.5989,0.0328129
85.3707,2.47357,-1.94126,62.3987,-3.19623,-0.558097,71.4864,1.6689,1.99067,-1.38316,0.0335025
89.336,1.93263,-0.130658,75.3489,-2.59521,-1.05901,91.2713,0.796499,2.51788,0.928357,0.0328432
100.806,1.40226,1.13942,49.5081,-2.55845,-0.166212,77.2301,-0.178902,-2.64173,1.30563,0.0317139
144.288,1.05386,2.75158,67.0228,-4.1763,0.602293,112.745,-1.25243,-1.10921,2.14929,0.0337952
109.043,-2.77773,-1.21834,59.7022,1.43949,1.07331,69.3514,-2.21551,2.6048,2.29165,0.0321686
81.152,-1.31472,-2.43759,72.022,3.6647,-0.112526,88.7282,0.233307,1.68639,2.32507,0.0334329
88.4778,1.35662,1.99608,45.1151,-4.21641,-2.88153,102.867,-0.842577,-1.0569,-1.40557,0.0327929
78.351,-2.63598,2.64541,34.82,3.28247,-1.98128,89.7981,-1.69865,-0.231244,1.65649,0.0325098
80.2045,1.88714,-0.878497,75.3297,-2.86187,2.92553,104.243,0.240626,2.33381,2.47916,0.0321894
148.398,-2.66565,-1.52562,137.071,3.56271,-1.48106,231.426,0.506775,1.60738,0.0445614,0.0370816
95.0995,1.07326,3.00652,45.2563,-4.24444,-0.841559,71.0213,-1.04019,0.764223,-2.43511,0.0338796
90.9858,-2.99194,-1.80211,66.7682,4.37184,2.7092,81.2237,-0.604473,0.424406,-1.77188,0.0322191
160.96,-2.61298,0.940488,88.3876,1.76755,-2.12868,205.201,-2.18954,-2.31489,-3.06917,0.0329082
41.3037,3.40222,0.502313,40.7385,-2.10645,0.896949,84.7491,-0.802567,-2.98924,-0.394636,0.0301698
195.846,2.52412,2.18544,42.2061,-2.86778,-1.39855,87.0648,2.58613,-1.16103,-2.69919,0.0341512
149.749,3.67603,1.10985,41.1123,-3.65653,-1.7734,66.1875,-1.885,-1.64302,2.88325,0.040043
108.046,-2.29362,-0.535001,38.4723,3.06036,-0.405256,86.9343,1.1817,2.90697,0.129745,0.0317789
124.252,3.24883,-1.93601,94.2106,-2.07965,-2.70126,57.5805,-0.0695522,0.889679,0.765243,0.0333114
145.509,2.37238,2.59994,47.3315,-2.71657,-1.03766,62.2229,0.077371,-0.574224,-2.64559,0.0330863
131.767,2.33003,-0.549034,129.743,-1.55784,-2.9193,32.0715,-0.0509033,1.18146,2.37027,0.0327838
111.379,-1.96155,-1.4809,104.052,3.40793,-2.69329,137.597,1.44851,0.61427,-1.21238,0.0348844
76.6511,2.51976,1.50595,31.4512,-3.16772,0.604969,94.828,-1.02947,-1.86228,0.900979,0.0311858
141.295,-0.742375,-1.71098,82.7011,3.72757,1.53005,53.4637,2.64846,1.42396,-3.04216,0.0323223
104.824,2.94163,2.24492,99.6823,-3.09869,-2.71803,91.6724,1.17807,-0.717743,-1.32023,0.0329598
174.603,1.37438,-0.73267,81.9342,-3.97991,-1.40188,190.4,-1.65158,2.27034,0.669208,0.0356609
98.2109,2.81348,1.44552,64.5507,-1.03022,2.71507,117.751,0.470093,-1.10822,-1.26955,0.0326406
136.566,-2.15768,1.50195,68.87,4.31853,-0.483245,114.867,-0.0142872,-1.97674,-1.98519,0.0357983
64.8742,3.84098,-1.62284,60.5554,-1.85541,3.14142,38.5206,-0.798065,0.74295,1.51893,0.0332582
100.163,-2.7794,-0.160188,54.0634,0.643211,1.28991,104.02,-1.39734,-3.08293,1.4501,0.0336902
66.0348,2.74058,-1.56659,59.3282,-1.59446,-2.67238,57.9145,-0.124581,0.563214,1.1058,0.03183
122.691,-2.81826,-2.00349,73.7319,2.79037,-2.93461,116.27,0.311175,0.791117,-0.931126,0.0339606
85.9643,3.04373,-0.832534,35.7663,-0.693716,-1.73304,82.4331,1.66089,2.06855,0.900503,0.0309305
269.882,1.85309,-1.30026,87.0451,-1.38743,2.47296,116.289,0.691909,1.39518,2.50996,0.0329179
136.818,-0.739977,-0.63384,86.0333,3.53286,-2.19065,104.092,0.174961,1.34653,-1.55681,0.0339544
74.7791,-1.22587,1.78766,46.8508,4.83196,0.634623,48.6883,0.431094,-1.92715,-1.15303,0.0357977
90.679,-3.84816,-2.97507,47.8359,4.18535,-2.28376,50.9758,-2.03031,0.629957,0.691315,0.0381266
178.145,-2.05447,-0.842298,116.638,2.92169,0.604463,151.917,-1.57631,2.90062,1.44676,0.0348531
72.7892,3.99759,0.0885292,51.0283,-4.14107,-1.40991,60.3792,-1.9473,2.68948,1.49844,0.0368928
204.936,2.16022,0.156758,117.784,-1.64938,-1.2291,212.504,1.14097,2.84528,1.38586,0.0320642
88.6122,1.48316,1.87662,50.4878,-2.30558,3.14009,73.3772,-0.486232,-0.740661,-1.26347,0.030003
146.64,1.96873,2.69827,42.1759,-3.39444,-3.00873,138.859,-0.853663,-0.135709,-0.576184,0.0346324
145.628,1.69206,0.783679,39.2195,-3.38533,-0.537965,130.574,0.715842,-2.59761,1.32164,0.0330568
41.8288,1.50754,-0.813498,40.5357,-4.46086,-2.37038,29.7907,-2.79568,2.16269,1.55688,0.0282302
77.6251,-0.267338,1.00962,40.385,3.42021,-2.23303,47.5553,1.32786,-2.11665,3.04054,0.0297018
157.337,-1.67101,-1.47393,141.886,3.17227,2.60251,130.734,-0.210259,0.521733,-2.20675,0.0345027
197.636,2.51416,1.21626,46.0486,-2.85018,2.31433,72.1414,0.607112,-1.62375,-1.09807,0.0325441
195.363,-2.72578,0.19669,78.9567,1.6912,-0.47562,181.245,0.0232972,2.90466,-0.672309,0.0339024
135.991,2.72261,-1.66208,90.3735,-1.77149,-0.768548,126.145,1.64046,2.03388,-0.893531,0.0339816
135.159,2.88274,-2.24259,31.4323,-0.528926,1.469,87.0134,1.8068,0.788332,2.5716,0.0314667
118.628,3.06355,-1.77461,66.6039,-2.26441,-2.12299,132.608,0.523473,1.03804,0.348386,0.0339896
195.496,-2.1486,1.43303,142.791,2.42466,-0.47027,68.1841,0.519971,-1.62147,-1.9033,0.0344809
178.363,2.65059,1.4519,146.757,-2.1491,-1.50591,67.9671,0.439966,-3.01926,2.95781,0.0342418
188.909,2.95434,2.97476,78.9042,-1.36867,1.08942,104.888,0.486976,-0.660107,1.88534,0.0336034
129.444,-2.15407,0.942098,113.923,0.988724,0.503362,140.892,-0.653203,-2.60338,-0.438736,0.0311678
76.3285,3.76457,2.51109,54.9829,-0.562273,2.49547,97.1243,2.21956,-0.452633,0.0156202,0.0306658
97.0038,3.1147,-0.577547,71.9916,-1.82836,0.283098,95.6474,1.28064,2.71825,-0.860645,0.0326599
89.3908,0.66241,1.97585,77.1494,-3.90784,2.69791,87.0696,0.138398,-1.10496,-0.722057,0.0335047
110.573,4.08869,0.886411,57.4114,-2.7565,2.55431,91.6852,0.0708569,-1.31756,-1.6679,0.0363708
296.265,-3.05196,-2.59664,73.7652,1.89799,0.416857,212.521,0.339437,0.485622,3.0135,0.0329592
87.1075,-0.92346,1.67137,85.5577,3.35383,2.74963,99.2379,2.28979,-0.322799,1.07825,0.0348517
130.506,-1.15676,-1.05444,100.806,3.07367,-2.02143,127.693,0.257039,2.18577,-0.966993,0.0332032
220.969,-1.53813,0.679179,83.0137,2.83512,-2.92077,74.4725,1.47929,-2.31926,2.68324,0.0336697
61.1545,2.57742,2.78148,33.6602,-3.91584,1.7894,65.029,-0.0356535,-0.374157,0.992087,0.0332318
83.7892,-2.48063,-2.88183,71.6275,2.29699,-2.87583,132.075,-1.56465,0.0281686,0.0060041,0.0332681
102.676,-1.31649,1.94869,61.2979,2.89748,-1.02988,90.1756,1.42257,-1.47445,-2.97857,0.0321434
104.464,-1.85118,1.95428,35.2984,2.0311,0.449983,75.921,-1.00066,-1.59061,-1.5043,0.0311985
239.777,-2.11032,2.21171,46.2726,3.78212,0.771492,189.272,0.966423,-1.47759,-1.44022,0.035192
346.169,-1.13306,0.504836,30.9466,4.0409,0.65225,232.524,0.895288,-2.68274,0.147414,0.0346397
325.347,2.28959,-0.658724,63.642,-1.85492,-0.580676,334.346,-0.395492,2.4688,-0.0780479,0.0342852
342.426,2.05198,-1.71975,32.5384,-2.70519,2.9832,307.351,-0.245434,1.41528,1.58023,0.0338522
43.1801,2.55878,0.746663,38.4926,-2.16731,2.39342,48.7389,-1.22456,-2.0026,-1.64676,0.0311819
154.226,0.604091,0.272055,63.4652,-2.9796,-0.423239,126.578,0.0579474,-2.40521,0.695294,0.0331403
161.621,-2.85035,-2.10873,160.536,1.71425,3.09705,136.544,0.389438,0.848594,-1.0774,0.0330131
148.102,1.46656,2.21661,41.087,-4.57154,1.26442,164.953,-0.803393,-1.00207,0.952187,0.0349987
201.643,1.16049,2.00346,39.5676,-3.55429,-0.0920126,114.713,-1.99121,-1.21895,2.09547,0.0326335
57.1343,-0.884028,2.23016,39.6647,3.49121,-2.47461,22.1767,1.4729,-1.30455,1.57842,0.0279097
75.4969,2.83905,-1.7333,61.5881,-3.74129,-0.640443,89.4602,-0.568265,1.97018,-1.09286,0.0361043
134.08,1.49991,2.03816,61.1788,-1.81319,2.27863,169.088,0.57938,-0.931822,-0.24047,0.0316349
98.2054,3.0039,2.64557,87.4669,-1.84053,2.56504,169.688,0.724494,-0.504537,0.0805299,0.0320978
164.865,-0.289773,-2.63518,59.4765,3.21264,0.709911,82.5043,1.1448,0.272919,-2.9381,0.0319376
201.084,-0.946544,0.905888,39.0616,3.91771,1.44075,74.1096,-0.651991,-2.10098,0.534864,0.0333873
73.5063,2.18014,-0.0696241,53.54,-3.31693,-1.13692,65.9977,0.405467,-2.87755,1.0673,0.0330739
165.429,2.39794,-1.61002,73.2194,-1.3595,2.59973,97.502,0.902704,1.0977,2.07344,0.0324207
162.927,-1.13906,2.83326,87.3545,4.1756,1.18017,96.161,0.465006,-0.872884,-1.65309,0.0365875
44.7413,2.08869,0.80824,37.807,-3.3757,2.53086,36.9002,-2.1254,3.12719,-1.72262,0.0325281
67.1269,3.62584,1.93534,55.4845,-1.82491,1.81242,61.5424,1.80203,-1.30454,0.122916,0.0332504
173.255,-3.12654,-2.33198,128.611,1.90464,-0.799926,201.731,-0.443496,1.76034,1.53206,0.0352971
166.245,2.6481,3.12326,56.5836,-0.785675,-1.72665,73.4981,2.14337,0.248395,-1.43327,0.0351568
127.835,-1.05574,-2.53029,103.082,2.38867,-3.07653,150.321,0.422489,0.59918,-0.546245,0.0331161
238.883,3.12959,-1.49137,89.4705,-1.59567,-0.385859,65.655,-1.63936,1.96513,-1.10552,0.0354892
170.805,2.88168,-2.01365,46.0844,-1.61312,-1.27404,128.318,-0.685477,0.990463,-0.739608,0.0334764
70.8685,-2.27277,-0.107697,39.4545,4.56684,-0.967606,52.0357,2.76839,3.04111,-0.859909,0.0329656
98.6776,-1.6569,-1.47267,66.5405,3.98467,1.17043,51.9493,0.822128,1.7337,2.6431,0.0332441
196.817,-2.43976,2.76246,80.9607,1.65869,0.303773,98.2133,-1.39874,-0.81034,-2.45869,0.0330814
95.2569,-3.07909,0.41119,40.3988,1.83973,-1.41705,63.5857,1.45947,-2.78613,-1.82824,0.0310738
236.36,-1.53801,1.87468,35.2253,2.16555,1.6801,203.898,0.168753,-1.30474,-0.19458,0.0323034
67.3316,0.315273,-3.02301,53.5323,-3.96634,1.57664,44.099,-2.00665,0.0708312,1.68353,0.0317573
126.358,1.37199,1.20616,64.627,-2.69392,1.90716,113.616,-1.4291,-1.83555,-0.701004,0.0328051
193.654,1.85529,2.74466,36.3199,-3.46652,-2.91657,111.978,-0.379144,-0.153917,-0.621954,0.033332
142.906,-2.11551,0.0991402,40.5097,3.67382,-0.350686,129.074,2.25538,-3.01163,-0.449826,0.0350721
108.758,1.88902,-2.04299,85.9931,-1.14784,-0.657524,100.029,0.847635,1.85953,-1.38546,0.0317951
149.873,2.03622,-3.05817,69.5771,-2.67367,-1.61737,147.626,-0.855811,0.509193,-1.4408,0.0330349
121.341,-1.67349,-3.02738,54.9457,2.95963,-1.89199,38.1114,2.08168,0.934904,1.13539,0.0334515
168.114,2.7549,-0.709974,92.7391,-2.02465,-0.305323,138.614,1.1964,2.20144,-0.404651,0.0337852
104.722,-3.05355,-2.80172,90.3002,1.16231,-3.10249,118.49,-1.82869,0.146644,-0.300766,0.031548
88.3926,-2.71409,-1.29195,83.3332,1.47194,-0.296129,110.695,-2.18221,2.39085,0.995824,0.033407
98.3168,-0.76681,2.5159,46.5828,3.8407,0.877514,69.6013,-0.0406861,-0.994702,-1.63839,0.0337266
139.242,-2.06062,-2.12808,65.1704,2.95591,-0.0340842,107.856,-1.19768,1.70128,2.09399,0.034032
144.799,-2.07722,0.384231,112.857,1.27551,2.20958,130.555,1.05892,-2.2006,1.82535,0.0332117
104.364,-0.315015,1.64556,42.7994,3.70737,-2.41364,81.0268,2.64839,-1.09466,2.22399,0.0305758
179.029,2.2061,1.8287,47.735,-2.31015,0.0020249,155.815,1.81246,-1.58589,1.82667,0.0326452
116.306,2.67667,-1.23627,62.9398,-4.07662,-1.86214,130.773,-0.571977,1.92945,0.625876,0.0363059
136.865,3.46209,2.82558,49.5689,-2.3393,0.229682,40.8277,-1.28041,-0.44556,2.5959,0.034635
75.7359,3.38081,-2.70765,68.8988,-1.34968,1.84513,61.12,1.10889,-0.156515,1.7304,0.0323707
185.397,-1.71433,2.15805,93.832,2.04358,2.04435,81.2675,-0.40978,-0.706255,-0.113706,0.0328082
79.2953,1.80571,0.665755,41.9971,-2.60249,-0.348343,94.2963,-0.418371,3.01857,1.0141,0.0343986
167.088,1.24501,0.582024,57.1665,-2.87249,1.62224,117.002,-1.557,-2.32332,-1.04022,0.0332528
227.086,1.62979,-2.06792,38.5693,-3.48803,1.18414,156.6,-0.65709,1.2053,3.03113,0.0320731
141.984,1.27608,-1.31257,98.6259,-3.63996,-0.464838,153.178,0.199693,2.17373,-0.84773,0.0337893
102.759,-1.66073,-2.75006,40.5391,3.77193,2.947,82.8806,-0.569149,-0.312893,-0.58612,0.0331515
164.366,-2.55193,-0.811646,92.1747,2.07115,-2.75434,74.373,-0.804562,2.05775,-1.94269,0.0342387
149.356,0.363738,-1.67705,63.4101,-2.90448,-1.19613,204.857,-2.19508,1.84258,-0.480915,0.0335078
76.4422,-0.825703,-1.00627,34.138,4.09404,-1.30739,49.5486,2.28771,1.52162,-0.301115,0.0308983
82.1023,-1.81856,-2.77643,34.8856,2.0708,2.55405,88.786,1.32525,-0.0537289,-0.952704,0.031441
98.0987,-2.6955,-1.04166,97.9606,1.45373,-2.65948,91.541,-1.13622,1.834,-1.61782,0.0324995
89.4912,2.22154,0.0635956,72.8671,-3.52894,-0.847684,75.1915,-0.850419,2.79642,0.91128,0.0341289
100.521,-0.220191,-0.319632,91.808,3.09875,-1.73639,45.6286,2.12431,2.45972,-1.41676,0.0317013
101.292,2.24863,-0.474775,33.2546,-3.56891,-1.62702,79.5359,0.478633,2.58471,1.15225,0.032981
105.661,1.9165,-2.50272,70.7807,-2.65269,0.0746206,59.1184,-1.98331,1.3703,-2.57734,0.0329997
115.404,3.40193,-1.82811,104.281,-2.27003,-1.51015,138.853,-0.509319,1.36723,-0.317959,0.0332463
126.44,2.73585,2.97134,38.1779,-1.92157,-1.03422,53.3455,-0.26177,-0.026319,-2.27763,0.0323936
402.221,0.957334,-0.0252094,172.932,-2.74626,-1.97964,334.543,0.501291,2.77083,1.95443,0.0346475
177.11,0.571643,-1.05993,36.4918,-3.57402,2.62269,134.155,-1.26115,2.12948,2.60056,0.0326562
122.343,1.34845,-1.95436,55.253,-3.28623,-1.01684,121.998,-1.86089,1.37317,-0.937529,0.0333699
79.6414,-1.2448,-2.86736,58.1755,3.1481,-2.83629,117.204,1.06265,0.10261,0.0310721,0.0319796
136.177,2.70638,0.355297,71.2063,-4.00645,0.690018,132.57,-0.81467,-2.61375,-0.334721,0.036219
169.267,1.71942,2.22328,30.2392,-1.78134,-2.07887,141.868,0.87959,-0.734479,-1.98104,0.0315001
52.813,3.36951,-2.27645,45.4102,-1.59198,-3.10599,65.2833,0.445145,0.346196,0.829543,0.0308883
154.578,2.9106,0.645604,71.9839,-2.68955,-1.69184,59.8575,2.00592,3.04524,2.33744,0.0327712
95.6015,1.18554,-1.68988,67.3676,-3.72438,-1.47308,104.449,-1.97392,1.35889,-0.216801,0.0336461
79.9762,-3.58386,2.29293,34.4399,3.15551,0.955371,40.4345,-0.169002,-0.903882,-1.33756,0.0339131
94.3199,-2.39106,-2.42556,80.9649,0.766112,1.89497,113.585,-1.35894,0.0834461,-1.96265,0.0299035
281.727,-1.75591,2.39507,121.661,3.81087,1.494,208.209,1.51203,-1.07808,-0.901066,0.036969
56.443,-3.19354,1.0194,37.2294,4.59408,-1.62285,79.4245,1.74134,2.84399,-2.64225,0.035076
95.058,3.80028,-0.639083,52.462,-0.789804,-1.10484,103.076,0.886459,2.59618,0.46576,0.0301004
226.573,2.25512,1.43662,83.7802,-1.59346,-2.23146,115.61,-0.484765,-1.31753,-2.61511,0.0334165
57.5004,-1.42124,-0.478347,50.0861,3.58723,-1.55504,26.1406,1.63019,1.6983,-1.07669,0.0321409
81.1654,-2.8915,1.95842,64.5281,1.93573,-2.78742,79.8342,-0.49709,-0.0467844,1.53734,0.0297664
135.45,1.34012,2.22683,68.7505,-3.64339,1.22204,102.587,-0.750606,-1.22316,1.00479,0.0338839
365.648,-2.11609,-1.95805,44.6402,2.37272,-2.79542,188.509,-0.195983,1.104,-0.837373,0.0341113
110.545,0.530121,-2.0451,70.8858,-3.85657,-2.29663,80.7314,-0.436193,0.886322,0.25153,0.0333094
137.831,-0.960822,3.02314,65.3738,2.41216,-2.23181,105.156,0.917684,0.208785,1.02824,0.0319948
101.92,-0.494027,-3.10084,53.0238,3.99661,2.10556,113.655,2.03127,-0.334973,-1.07678,0.0322716
104.686,-1.46355,-2.60522,40.9223,3.46789,-0.0531603,56.5148,-1.40147,0.911913,2.55206,0.0321479
109.052,1.28946,-0.748282,81.4018,-2.93774,0.178723,100.635,-0.467714,2.61895,-0.927005,0.0318765
112.359,-1.67557,-0.624365,80.3115,1.76373,-1.76067,44.3676,-1.5948,1.97429,-1.1363,0.0324308
243.085,-1.1621,-0.516809,82.2819,2.51665,2.86437,190.098,-0.0279948,2.60811,-2.90201,0.0334862
147.896,2.60917,0.523777,130.12,-2.90322,0.49431,149.602,-0.0559867,-2.33658,0.029467,0.031787
163.182,-3.15233,0.585537,59.124,1.82757,1.29608,186.303,-1.52424,-2.34756,0.710538,0.0334187
189.549,2.92565,1.64182,151.302,-0.831671,1.63408,118.145,0.320518,-1.88003,0.007743,0.03288
122.379,-2.68629,-2.05894,44.229,0.843656,3.01818,141.31,-0.920717,0.851404,-1.20607,0.0315337
104.112,-1.99961,-2.06715,89.0224,2.48728,-0.476088,120.636,-1.25036,1.93095,1.59106,0.0330026
93.501,4.02472,-1.97981,63.6964,-2.52767,1.73774,39.8655,1.18788,-0.619287,2.56564,0.0337763
91.9733,2.71172,-1.81128,31.7935,-1.91937,1.06826,50.3535,0.221265,2.03693,-2.87953,0.0314666
128.947,-2.85906,-2.90083,72.8899,0.400762,-1.1975,131.622,-2.39887,1.11535,1.70332,0.0327283
110.47,1.15282,-1.51843,33.0662,-3.50259,-0.280509,42.8304,-1.99095,2.1986,-1.23792,0.0323137
61.8144,-4.43786,1.14989,47.978,0.203714,0.0393399,69.1961,-1.43631,3.0016,-1.11055,0.0315229
174.809,1.09399,-1.12426,128.445,-3.38758,-0.419587,197.848,-0.0599401,2.32491,-0.70467,0.0348338
291.414,-0.53673,0.125265,145.744,3.2242,-1.25759,110.921,1.01725,2.51557,-1.38285,0.0347632
145.357,3.17662,-0.494784,47.9414,-1.46953,-2.83011,96.7852,0.986542,2.0342,2.33533,0.0301632
133.266,-2.35469,-0.588319,103.619,3.11401,0.872588,76.3129,1.70646,2.83424,1.46091,0.0348565
112.79,1.28695,-2.16808,30.7855,-4.66276,-0.356093,48.0927,-2.24322,1.55833,-1.81198,0.0344581
160.641,-1.46047,1.15256,41.504,1.84628,-2.39497,46.9858,-0.593915,-2.0055,2.73566,0.02956
176.041,-2.75031,-0.240908,43.8958,2.40133,0.978109,164.504,0.998748,2.99586,1.21902,0.0342954
80.2727,-2.13283,-0.198863,68.6652,2.40778,0.877468,108.997,1.66755,-2.66124,1.07633,0.0332975
113.217,0.448151,-2.89537,53.2657,-4.30801,-1.99798,134.266,-1.9671,0.462699,-0.897397,0.0337394
93.8206,-0.57941,0.0889911,46.5368,3.30198,0.387832,91.968,0.645691,2.99527,0.298841,0.0317577
142.572,-0.743018,1.60453,46.3263,4.1849,2.73095,80.4688,1.40708,-1.40459,1.12643,0.0338401
115.876,-0.986742,1.57663,106.155,3.68382,0.465489,156.988,0.660108,-1.90564,-1.11114,0.034496
189.72,3.09945,-2.27894,137.15,-0.806948,2.10814,250.472,0.356921,-0.0141696,1.89611,0.0343877
128.287,0.588228,1.48672,40.8469,-2.76232,-0.853737,65.6417,-1.1293,-1.86296,2.34045,0.0312575
75.6529,1.91043,1.02686,59.6355,-2.37272,0.818414,64.0273,0.637153,-2.07222,0.208444,0.031388
83.1244,-2.16533,-2.45746,72.2812,4.13683,-0.665597,110.865,-0.33867,2.04616,1.79186,0.0344348
128.684,2.18852,1.87048,109.298,-2.2319,-0.129633,50.4098,-0.8619,-2.18223,2.00011,0.0328256
247.028,1.27559,2.71463,44.3732,-2.1542,-0.465918,68.7161,1.01176,-0.487926,-3.10263,0.0328349
101.573,-2.89242,2.82528,45.3647,4.02172,3.05761,60.1214,0.0546968,-0.124809,0.232332,0.0348567
75.5787,2.64331,-3.02528,70.9219,-2.46414,1.66684,42.1581,-0.984634,-0.657121,1.59107,0.0325444
77.2104,2.87766,0.252508,51.6439,-3.0404,1.91726,81.2736,-1.9013,-2.51903,-1.66475,0.0331286
158.268,0.320474,-0.765023,95.6006,-2.83866,1.39281,116.948,-0.324659,3.04631,-2.15783,0.0304637
69.1188,2.3641,-3.00748,48.2598,-1.30342,1.87597,63.9198,2.33336,-0.639023,1.39973,0.0311992
138.987,3.32257,-0.944397,57.6032,-4.05204,2.91787,80.7423,0.512855,1.21548,2.42092,0.038045
175.794,-1.14287,-1.21759,66.499,3.84241,-2.97285,67.9755,-0.925583,1.63631,-1.75526,0.0341837
106.119,-0.921009,-1.90268,57.2069,4.42443,-1.09045,90.2901,1.50388,1.57882,0.812225,0.0346987
92.1335,-3.1222,-1.66535,51.9698,0.407601,0.582575,61.5208,-2.34029,1.64905,2.24792,0.0313715
78.61,-0.419265,2.99312,49.0271,3.61681,-1.79018,77.0163,1.38544,0.52845,1.49989,0.032501
119.555,-1.72184,1.74829,98.0396,1.99717,1.8915,226.253,1.47818,-1.13004,0.14321,0.0313241
95.0015,-2.56067,-0.23862,93.2767,1.6449,-1.64372,151.636,-0.578832,2.08582,-1.4051,0.0321248
124.131,-2.75812,1.56929,34.0988,1.83311,-0.105796,84.1797,-0.160776,-1.69111,-1.67508,0.031541
94.3117,-2.37974,1.52016,32.9394,2.53269,2.87258,59.0169,0.234267,-1.08503,1.35242,0.0316852
152.111,3.17942,1.57585,133.407,-2.57339,-2.41811,73.5829,-0.848572,-0.858939,-2.28923,0.0362518
84.1509,-1.04481,-3.09484,73.3865,2.12778,-1.93544,124.273,0.489215,0.472199,1.1594,0.0295813
64.1208,-3.5903,1.22882,38.1757,2.60901,2.20828,68.4299,-0.110299,-1.89061,0.979456,0.0324579
110.477,-2.26528,-1.96823,74.0698,3.37509,1.53471,41.0886,2.20816,1.11856,-2.78025,0.0332561
96.953,-0.112075,-2.53364,81.2222,3.47463,1.53529,38.5341,2.9466,0.240487,-2.21425,0.031079
104.238,-2.5525,1.20006,68.9979,2.37283,2.36547,89.7446,-2.20974,-1.27865,1.16541,0.0337243
88.069,2.72783,-1.43903,44.5849,-2.65046,-2.36188,90.7004,0.106671,1.44781,0.922853,0.0310193
174.56,1.06973,2.19953,71.2665,-3.04019,1.45055,89.9319,-1.8509,-1.1416,0.748983,0.0337357
121.204,-1.66596,1.39313,60.5292,3.63796,-2.88304,118.393,1.3421,-1.33842,2.00701,0.0307172
131.511,-2.2826,1.14081,37.317,4.74164,2.57187,89.7074,1.87264,-1.82706,1.43105,0.0363108
78.3113,1.32551,0.219965,30.3178,-3.22978,-2.04859,34.6526,-2.71194,3.02356,2.26856,0.0303199
103.374,0.593034,-2.59029,56.8677,-4.77919,1.59477,65.1937,-1.28276,-0.0998538,2.09813,0.0363199
92.5233,-0.312865,-2.37082,41.3501,3.58324,-1.78193,76.255,1.18026,1.02545,0.588891,0.0319807
143.838,2.3623,0.578016,64.9184,-1.51302,-0.0657603,63.5714,0.479347,-2.50922,0.643776,0.0322371
106.759,-2.69833,-2.21649,94.2638,2.0315,-1.00259,130.419,-0.73124,1.34945,1.2139,0.0333599
133.036,3.10254,3.11406,63.9706,-3.73359,1.9087,152.068,0.766206,-0.365333,1.20536,0.0360599
95.1348,-0.124369,-1.5447,68.1266,2.97418,0.1174,136.552,1.49883,2.6433,1.6621,0.0319793
100.613,-0.787505,-3.03324,40.4479,3.49998,2.99172,86.5247,-0.0623594,0.186311,-0.258225,0.0304627
195.555,-3.05093,0.475865,63.1806,2.15541,-2.14828,149.955,-0.383737,-2.69925,-2.62415,0.0351163
104.407,-2.66349,1.17816,95.9521,2.38381,-0.61279,106.014,-1.58785,-2.86913,-1.79095,0.0335331
343.405,1.86344,2.83446,53.0034,-2.46816,0.19442,249.635,0.277899,-0.377107,2.64004,0.0330672
113.475,-2.27976,-2.84937,38.3416,1.59606,3.09658,135.397,-1.00522,0.184226,-0.337241,0.0310626
355.088,-0.424434,-2.62228,112.509,3.02527,2.01071,207.167,0.657699,0.382521,-1.65019,0.0348279
93.7797,-2.26963,0.773916,63.2066,3.18369,-1.61014,43.4674,-1.46467,1.69411,-2.38405,0.0337256
106.556,2.23616,2.94102,70.3302,-3.58478,2.25022,135.372,-1.16201,-0.685202,0.690804,0.035553
187.328,1.95532,-0.775998,62.5263,-1.93926,1.21405,107.734,-0.665742,2.34594,-1.99005,0.0325813
197.885,-0.115346,-1.60629,54.5111,4.35559,-2.41374,128.105,2.10963,1.18676,-0.807453,0.0347364
96.2902,-1.4593,-3.12556,66.0685,2.56113,2.87664,124.912,2.01395,-0.0761086,-0.280989,0.0311657
62.9187,-3.32116,-2.16881,34.0938,4.80518,2.42444,41.0336,0.956598,0.443176,-1.68993,0.0358416
104.639,-1.58051,-1.7774,64.8169,2.47453,2.13395,53.7845,-0.6193,-0.00309274,-2.37184,0.0320163
202.699,0.177833,-2.66009,70.4105,-3.03519,-1.95642,152.223,-0.939433,0.799781,-0.703673,0.0331891
139.846,-1.17624,-2.80939,82.0443,2.02909,-0.473217,72.1559,-0.246195,0.259518,2.33617,0.0314935
163.757,-2.10306,0.334969,70.7914,1.65375,0.775655,180.997,-0.972587,-2.61011,0.440685,0.0294788
187.924,2.74167,1.22641,36.4782,-3.08642,-0.597019,140.671,0.332791,-1.98726,1.82343,0.0347712
147.064,-2.93592,-1.69321,90.2621,0.138249,2.06812,33.5821,-0.882806,1.46533,-2.52186,0.0308968
126.584,2.56042,-1.76159,87.648,-3.35285,0.0746454,98.813,0.586334,2.11121,-1.83623,0.0349593
73.5916,-3.58246,-0.716998,71.8463,2.31949,-2.38495,84.1297,-0.809715,1.98034,-1.66795,0.0336822
117.461,2.57053,0.138251,62.0818,-2.58901,-1.24045,44.1238,0.574007,2.53859,1.3787,0.0325502
202.592,-2.09111,1.97105,39.8343,2.34763,1.29889,129.943,1.91879,-1.26436,-0.672157,0.0341718
195.49,2.61081,-2.1614,129.787,-0.931085,-2.00712,198.015,1.19009,1.30983,-0.154286,0.0314562
235.3,2.3193,-0.357688,61.8442,-1.17442,-0.525798,268.335,0.707246,2.81324,0.16811,0.032942
107.119,-2.8468,-0.449204,45.8191,2.49408,-1.73234,65.6153,0.395217,2.40415,-1.28314,0.0329463
70.3626,-0.72162,-1.34061,60.7609,3.91861,-0.485434,65.8208,2.55239,2.23707,0.855174,0.0313724
143.809,-0.050367,0.0527406,72.7599,3.17315,1.61578,101.823,1.88628,-2.43876,1.56304,0.0327963
231.028,-2.61046,2.78351,33.2992,1.91251,1.35028,116.286,0.0918609,-0.805401,-1.43323,0.0296109
325.157,-1.54497,0.802662,47.0575,2.8996,1.69605,99.8369,0.641731,-2.03381,0.893388,0.0337924
133.572,-1.27528,2.42819,111.377,2.75265,2.92652,194.947,0.220024,-0.333175,0.498329,0.0335378
79.3833,1.59872,-2.74794,48.9585,-4.26116,-0.863478,56.9937,-1.50437,0.937582,-1.88447,0.0326714
158.282,2.11113,3.12636,58.76,-2.74265,2.75985,122.505,1.05317,-0.155113,0.366514,0.0315128
62.9089,2.41027,1.69211,49.3367,-3.50355,-2.62231,49.0193,0.198982,-1.67614,-1.96877,0.0344062
196.238,1.76429,2.5173,45.1779,-3.90062,-2.29912,135.514,-1.22985,-0.462527,-1.46676,0.0355341
129.04,1.39928,1.27709,41.2523,-2.68594,-2.3704,54.9615,-1.23034,-2.24151,-2.6357,0.0322374
153.121,-3.49544,1.96583,45.8053,4.02524,0.668906,102.74,0.0873472,-1.25052,-1.29692,0.0362998
84.5815,2.48689,-1.67215,67.3016,-2.26855,2.41017,39.7745,-1.10111,-2.11249,2.20086,0.0334926
221.151,1.93226,-3.02859,71.3106,-2.79707,0.922915,119.024,0.181281,-0.207393,2.33168,0.0335918
78.8134,-0.500964,-0.825953,68.0858,2.91867,1.23711,83.7116,1.24232,-2.99846,2.06307,0.0313939
260.121,-1.29689,0.0446013,60.9179,4.61798,-0.226569,82.976,-0.343878,-3.02494,-0.27117,0.0373709
87.5895,-1.31659,2.63821,67.3802,1.80301,2.16523,53.1579,-1.26021,-1.40725,-0.472982,0.0315469
90.9837,-1.74625,1.8484,54.2637,1.57545,-0.572468,43.9301,1.38714,-1.64378,-2.42087,0.0310259
215.591,2.20309,2.84064,34.6637,-2.81627,2.23188,146.455,0.0892127,-0.214279,0.608759,0.0316845
108.852,-2.08665,-1.70662,60.3522,2.9804,-0.184845,77.9084,-0.431151,2.42898,1.52178,0.0330856
88.6679,2.35381,-1.76482,34.2007,-3.5772,-0.418383,53.7588,-0.096123,1.70992,-1.34644,0.0326078
245.434,-2.28637,-0.123273,198.173,2.94538,-2.75073,77.8171,-1.78901,-3.06369,-2.62745,0.0373622
180.469,1.27283,2.57584,41.9821,-4.53662,-1.32025,160.94,-1.55383,-0.550913,-2.38709,0.0358139
149.646,1.02612,-1.03772,146.996,-3.08214,2.95401,94.5178,-0.234419,0.107545,2.29146,0.0338181
74.9424,0.410253,1.58398,32.6985,-4.51845,0.913896,84.3721,-1.44412,-1.71417,0.67008,0.0321787
167.48,-3.07139,-0.961039,45.074,2.05497,2.83271,79.7569,-0.803403,2.21515,-2.48943,0.0335499
95.5975,-2.67539,-1.86387,36.3569,3.59422,1.04651,25.4523,2.8392,0.868614,2.91039,0.0332505
198.112,0.87014,2.89731,63.1839,-3.47809,1.06667,121.161,-0.825486,-0.409105,1.83064,0.0330927
101.173,-2.17127,-2.20863,97.4144,1.71707,-1.32496,102.714,-1.22913,1.20137,0.883668,0.0321979
77.8208,-1.65489,0.841509,60.5115,2.47624,0.638771,84.9611,1.27853,-1.81774,-0.202738,0.032369
347.56,1.12575,-0.794573,102.018,-2.2468,2.4632,231.981,-0.376493,2.34217,3.02541,0.0335592
61.5911,-1.97189,-2.25152,53.7085,2.5382,3.12284,67.4279,-1.07957,0.102938,-0.908827,0.0272971
292.978,3.13024,-0.095464,206.198,-2.69259,0.793539,231.011,-0.626606,-2.9568,-0.889003,0.038676
82.2423,2.31727,-3.03767,69.6053,-2.97127,2.67219,110.391,-1.05558,-0.0760879,0.573327,0.0328423
136.065,-2.76198,1.48138,119.04,3.22239,1.7084,143.248,0.598306,-1.60018,0.227019,0.035294
136.163,3.12965,-2.34193,76.8459,-2.06894,2.55303,128.284,0.133299,0.615296,1.38822,0.033794
135.992,1.55461,-0.548095,34.7641,-3.22249,-2.4863,138.671,-0.0339214,2.43128,1.9382,0.031477
93.1251,-1.66991,0.752839,65.9355,3.61315,-0.464174,80.7178,0.861723,2.81882,-1.21701,0.0325287
166.485,1.56814,-2.05927,54.3064,-1.73735,-2.39053,245.353,-0.934167,1.0613,0.331261,0.0317877
146.113,2.67048,-0.589426,51.813,-2.25741,1.03841,134.049,0.742732,2.78174,-1.62784,0.0319984
87.7488,-3.70206,-2.29516,65.9964,3.83176,-2.60168,91.302,-0.117913,0.849385,-0.306517,0.0366835
90.8136,3.48839,-0.838708,64.1729,-1.24526,-0.52886,110.919,1.43077,2.37117,-0.309848,0.0327376
105.164,2.30885,3.05432,96.3155,-2.11408,-2.87649,59.2002,0.190866,-0.209368,-0.352372,0.0306498
100.575,-2.26713,0.280647,61.6594,2.66036,0.11417,114.313,1.48967,-2.92989,-0.166477,0.0339339
110.437,-3.10623,-3.09656,89.8407,3.67058,2.24345,120.06,0.164056,-0.4351,-0.943181,0.0359368
182.684,-1.68234,-0.952307,53.2129,4.23391,0.736937,178.644,2.47728,2.51006,1.68924,0.0371992
113.446,3.18044,1.30316,53.6077,-1.86872,1.54469,99.7721,0.380056,-1.72516,-0.241537,0.0332397
151.723,0.688334,1.99026,87.284,-4.53097,1.30265,124.796,0.187967,-1.50655,0.687607,0.0363187
208.83,0.436177,2.52922,70.6237,-4.08524,-1.29057,103.725,-2.11778,-0.544183,-2.4634,0.0354253
110.103,-1.64304,1.54133,72.9637,3.93049,-2.90511,78.9824,0.77369,-0.630498,1.83674,0.0348197
108.133,-2.12309,2.11554,39.4822,3.51182,2.00732,82.9371,-1.13497,-1.26283,-0.108218,0.0333555
92.0755,-3.02048,-0.856109,74.2827,1.02311,1.145,61.2437,-0.448826,2.96168,2.0011,0.0328976
165.956,-1.5963,2.70247,42.3813,2.75403,2.99947,177.061,0.755911,-0.403087,0.296998,0.0305438
157.636,-1.97627,1.45188,66.7147,2.98818,2.20523,51.7132,0.763017,-1.49993,0.75335,0.0335498
138.934,-1.95189,-2.95963,68.6681,2.58082,2.64703,83.4885,-0.704872,-0.603718,-0.676518,0.0300597
96.5227,0.238942,-0.659645,50.429,-4.35183,-1.19851,49.5698,-1.85519,1.91436,0.538861,0.0333008
152.349,-2.63448,-0.417089,97.0608,3.47068,-2.31661,160.045,-0.640469,2.05688,-1.89952,0.0366561
137.653,2.55917,2.85749,99.8403,-1.86066,0.129265,99.8678,-0.872472,-0.269753,2.72823,0.032727
121.012,-1.04062,2.00874,53.5197,2.91443,-1.54689,71.7049,1.63351,-0.583107,2.72755,0.0319514
144.092,-1.27938,3.06033,37.5999,4.39889,-1.89614,100.652,2.19559,0.101226,1.32671,0.0351911
98.7878,2.01203,-0.791722,33.912,-2.23837,-1.34918,148.392,0.663493,2.40821,0.55746,0.0319254
149.69,0.923037,-1.74337,32.5363,-3.0849,-1.43691,101.007,-1.54932,1.05745,-0.306466,0.0327598
429.356,1.7515,-2.39076,38.5313,-2.14417,-0.190605,282.98,-0.186717,0.899984,-2.20015,0.0334237
63.3444,-2.41728,-1.0749,36.8879,3.65693,-1.32695,37.3053,1.72822,1.69477,-0.252047,0.0332677
129.72,2.68044,0.197277,52.1253,-0.975208,1.68072,105.961,0.613869,-2.29247,-1.48344,0.0317745
190.658,-3.09195,-2.72622,157.098,0.400082,2.91003,115.96,-1.25966,-0.062682,-0.646936,0.0343937
113.149,1.63251,1.36931,106.191,-3.3144,1.14118,179.99,0.306891,-2.28372,0.22813,0.0340449
116.314,3.0757,-2.53866,111.182,-2.39871,1.16392,110.039,0.357617,-0.870456,2.5806,0.0345134
85.0263,-2.02647,0.226249,77.1973,2.36133,0.77458,126.584,0.176659,-2.22521,0.548331,0.0320808
119.951,2.28706,0.687957,44.9538,-2.91377,-2.04598,60.3704,1.29771,-2.24687,2.73394,0.0288895
67.3586,-2.97699,2.5084,32.4137,3.33541,-0.606165,46.4297,0.90822,-1.89722,-3.11456,0.0315357
68.2485,-4.38181,-1.85417,54.9384,1.17915,-0.401491,66.0476,-0.659065,2.23098,1.45268,0.0338858
267.856,-1.80913,-0.313648,43.3137,3.20509,-2.2457,156.957,-1.24291,2.66243,-1.93205,0.0334402
157.03,3.3542,-0.936956,37.3386,-2.57632,2.13685,75.6513,0.860919,2.23578,-3.07381,0.0341641
117.188,1.67034,2.80717,73.3393,-1.33016,-1.32172,64.3676,1.12107,0.494191,-2.15429,0.031127
66.5385,-2.72532,3.00238,52.2179,3.62665,-3.04011,85.1056,0.037995,0.286735,0.240694,0.032608
145.107,0.440093,1.44008,49.1626,-4.22485,-0.859609,91.27,-0.859214,-1.90362,2.29968,0.0338721
130.331,-0.650516,-2.90165,59.7943,3.51992,2.30524,152.423,0.350295,-0.119455,-1.07629,0.0326708
104.009,-0.171965,-1.04865,44.6725,4.10224,1.76923,60.0484,1.63437,1.6337,2.81788,0.032466
141.091,2.89636,-1.27032,35.5034,-2.82486,-1.69975,83.2035,0.0654411,1.66236,0.429426,0.0335467
176.649,-2.40772,-1.1696,152.068,2.45521,-1.14213,166.968,-0.570059,2.13447,0.0274715,0.0344679
119.263,-2.49462,2.17821,82.4562,3.05138,-2.27225,64.989,1.93186,0.0962522,1.83272,0.0344596
370.398,1.80751,-0.429127,176.702,-2.18744,-1.94716,265.691,0.655215,2.21923,1.51804,0.0347646
342.469,2.04318,-3.06857,54.9853,-3.60843,0.228449,104.762,1.32627,-0.133721,2.98617,0.0349601
122.736,2.96848,-0.48174,110.889,-2.46851,2.64461,53.8211,0.640553,-2.82768,-3.12635,0.0338769
235.067,2.38306,2.35311,79.1872,-1.56892,1.65469,179.826,-0.154199,-0.842065,0.69842,0.0314715
108.992,-1.92071,-1.89614,73.949,2.66419,0.462126,61.3565,1.37647,2.2237,2.35826,0.032995
69.3603,-0.328809,0.472864,51.322,3.40111,-0.63969,66.1348,0.194211,3.07565,-1.11255,0.0323532
184.274,-2.58409,-1.9635,111.119,2.77113,-1.24815,152.047,-0.678174,1.03129,0.71535,0.0350069
118.984,0.606512,-1.97474,67.7345,-3.12162,-1.82419,64.0863,-2.01906,1.10112,-0.150551,0.0335062
160.238,3.68918,1.77548,105.179,-2.69837,1.93519,163.875,-1.14984,-1.12707,-0.159712,0.0377771
43.2535,2.05331,0.934926,42.3083,-4.76663,-0.180473,40.7307,-2.42753,-2.4449,1.1154,0.0350277
324.2,1.3065,-2.59783,79.4785,-3.03767,1.59998,67.5321,-0.501456,0.244687,2.08538,0.0342417
133.825,2.18701,-0.380569,71.1087,-1.26883,-0.74367,137.927,0.02727,2.56127,0.363101,0.0299291
165.84,-0.389905,2.45636,97.2727,3.97778,1.50405,147.485,1.24502,-0.927252,-0.95231,0.035055
110.109,-2.25188,0.0124403,108.319,3.00561,1.77401,52.7206,-0.564555,-1.71818,1.76157,0.0348959
145.665,1.54047,-1.81406,59.5093,-4.61002,1.72259,56.3326,-1.97118,0.207186,2.74654,0.0378697
139.08,0.584316,-2.66573,71.0114,-3.25819,-1.56451,62.8956,-0.794801,0.87339,-1.10122,0.0332543
108.055,-1.81151,-2.26886,32.4881,3.22777,-0.504939,63.0975,1.72075,1.36374,1.76392,0.0326209
139.576,1.87908,2.85074,98.925,-1.99261,-1.58214,104.763,0.415703,0.258434,-1.8503,0.0313727
65.9941,-2.58316,-1.74195,52.4282,3.84815,-2.91851,45.0514,2.02419,1.40213,-1.17656,0.0346709
322.539,-2.58027,-3.01203,89.1398,1.72555,-0.661441,96.7975,1.00964,0.565798,2.35059,0.0327051
164.61,-2.30564,0.863863,97.365,1.11648,-2.56778,50.6386,0.0186102,-1.39998,2.85155,0.032228
136.992,3.1971,0.0593276,49.4713,-3.7361,-0.8517,88.7418,-0.672323,2.87827,0.911027,0.0362484
73.3595,-3.65008,-1.52975,58.1077,0.661507,-2.96265,66.6752,-0.847275,0.853648,-1.4329,0.0306473
150.505,2.16286,-3.01607,56.2705,-1.40924,-1.9411,167.058,0.211446,0.494552,-1.07496,0.0319424
40.4122,-2.15588,0.132179,30.7617,2.99884,-0.119518,44.4727,0.0413723,-3.09966,-0.251697,0.0290905
88.7569,2.27713,-2.33039,60.7438,-3.58693,-1.86777,143.891,-1.73609,1.0411,-0.462627,0.032992
91.8592,-1.10028,3.05129,64.7096,2.28945,-0.824167,50.9739,2.03376,0.457178,2.40773,0.0314078
87.8559,-2.20497,-0.128728,71.7638,2.15275,-0.952798,88.1394,-0.749521,2.60948,-0.82407,0.0319842
242.367,-2.37484,2.89297,99.5746,2.09241,-0.654029,48.6285,-0.381617,-0.167907,2.73619,0.0337535
83.5291,3.02411,-1.58822,77.4074,-3.10869,-2.84363,117.913,-0.458592,0.841721,1.25542,0.0348306
71.9282,2.62325,-1.91047,64.9552,-1.4425,-1.58377,113.957,-1.53989,1.51571,-0.326709,0.0327975
112.355,-1.84224,-0.92648,80.6939,3.07732,-2.66145,123.434,-0.187692,1.54282,-1.73497,0.0335783
117.072,2.24862,1.26775,35.6328,-4.11282,1.2745,96.5204,-1.65433,-1.84814,-0.00674891,0.0341474
100.211,3.53659,2.93405,42.0816,-4.61655,0.112418,30.4158,-1.30809,-0.346795,2.82163,0.0382137
143.289,-3.07599,2.40198,80.2634,3.20105,1.58164,83.1588,-0.592959,-0.881656,-0.82034,0.0357474
134.352,2.0355,2.8733,57.605,-3.50311,-1.62709,97.0968,0.96387,0.156356,-1.7828,0.0343431
84.6852,-3.34121,-1.80504,69.9263,1.90425,2.45579,61.2419,0.0521219,0.52869,-2.02236,0.0328817
111.318,1.38208,-0.255028,84.2877,-2.90123,2.38031,60.4048,0.456715,-2.63397,-2.63534,0.0305228
92.7518,3.2541,-2.72674,43.1214,-3.9285,-1.86535,112.341,0.234659,0.818379,-0.861396,0.0342222
145.37,-2.1089,0.459102,57.8858,3.69825,0.262373,86.7686,-0.924734,-2.67001,-0.196729,0.0348816
135.858,-1.67831,-1.57818,32.2084,3.15237,-1.118,106.88,0.978693,1.74909,0.460184,0.0297696
85.4525,1.58046,-2.51133,70.2451,-2.46682,-1.77028,147.46,-0.0593359,0.935101,-0.741055,0.0322103
143.035,-2.51841,-2.33626,46.5534,2.57432,1.78338,42.0018,-0.70667,0.120582,-2.16354,0.0322247
225.752,1.10437,-1.15452,73.7909,-2.88214,-0.489536,210.483,0.677365,2.05176,-0.664983,0.034755
107.657,3.22638,0.127693,54.9753,-2.30133,0.502691,55.8527,0.699277,3.06922,-0.374998,0.0315918
159.072,1.3975,-1.0563,60.7641,-2.12127,0.768743,89.0266,-0.370972,2.4834,-1.82504,0.0317462
148.671,-1.9969,-1.60063,84.489,1.63797,1.30587,34.306,0.932862,1.19802,2.9065,0.0325224
85.6994,2.52178,2.10113,59.3894,-1.35211,1.72266,108.445,-0.52236,-1.3739,0.378475,0.0320317
79.6367,-2.35222,-0.614959,56.0502,2.16062,-2.51046,71.3153,-0.957349,1.49829,-1.8955,0.0321476
103.505,-0.823915,-3.00641,68.5708,2.44685,-2.26923,246.777,1.12152,0.663566,0.737187,0.0316289
139.774,2.57152,-2.36637,36.9182,-3.78295,-2.64759,106.165,-1.29166,0.769385,0.281221,0.0348658
164.538,-2.02871,-1.995,117.308,3.03892,-0.847084,96.506,-0.964362,1.68518,1.14791,0.0333476
238.303,-3.12848,1.13723,101.528,1.83089,-1.61134,58.4499,0.517897,-2.14041,-2.74857,0.035445
123.41,-1.80753,-2.61887,70.0835,2.39174,2.31856,92.9642,0.492225,0.137367,-1.34575,0.0328428
171.626,-2.08584,-0.852473,71.3916,3.90017,-1.64954,115.153,0.602575,1.86195,-0.797071,0.0358067
260.449,1.71507,0.17571,66.9395,-3.51881,3.09516,133.887,-0.044424,-3.09953,-2.91945,0.0347032
119.238,-0.725699,0.341086,63.8137,3.90626,-2.88006,55.5656,0.367108,-2.40269,3.06204,0.0334922
118.201,-2.72094,1.24177,30.4065,2.25801,2.62743,93.4968,1.2198,-1.69021,1.38565,0.0324412
71.9886,-3.55254,-0.741739,54.4715,3.1764,-2.03051,78.3771,1.31827,1.67607,-1.28877,0.0350157
113.18,-0.853484,0.819463,42.8983,3.39031,0.108378,80.1209,1.57555,-2.32749,-0.711085,0.0329378
88.7986,2.3072,-2.08484,82.7001,-1.43031,-2.83625,104.671,0.600929,0.719884,0.751417,0.0300474
239.774,1.65712,0.136766,78.5601,-2.6979,-0.259663,228.499,0.351711,-3.09705,0.396429,0.0312975
45.7512,2.90385,1.53989,36.042,-3.57737,2.71064,38.9575,-2.52874,-0.179138,-1.17075,0.0337384
77.7631,-3.10447,-0.534572,77.5116,1.70825,-0.899856,72.4836,-0.308243,2.59913,-0.365283,0.0324608
94.1594,2.00001,-0.287327,42.7853,-2.58758,1.82511,29.9923,-1.39887,-2.59544,-2.11244,0.0320208
323.364,1.37911,0.598154,43.8696,-2.22318,1.18161,110.71,-1.10661,-2.45859,-0.583455,0.0345244
143.172,-2.94623,-1.68858,59.4555,0.253591,1.81092,44.0973,-1.45973,2.07884,-2.78368,0.0305628
117.455,-1.30952,-1.34497,31.1489,3.64957,2.62546,48.6931,1.32598,1.6724,-2.31276,0.0306663
87.9933,-1.55585,1.48669,47.2614,2.4474,1.96667,77.9276,-0.258967,-1.41036,0.479981,0.0295353
105.753,2.5014,1.70313,88.2233,-1.89209,1.93032,133.675,1.42259,-1.50795,-0.22719,0.0328054
159.347,-2.97622,2.7022,33.9173,2.30095,-1.83421,75.2063,0.573725,-0.029084,1.74677,0.0342964
81.9585,2.68798,-0.768797,49.1933,-3.69243,0.847682,66.5262,-1.50737,-2.97783,-1.61648,0.0315688
113.643,2.31485,-2.97967,63.4631,-3.10173,-2.11761,75.1605,0.748608,1.04883,-0.86206,0.0323141
71.3943,2.2622,-1.18784,49.2699,-1.66385,1.61871,51.0755,0.0415758,3.0857,-2.80655,0.0308751
87.7889,2.66787,2.95737,72.2784,-2.55336,-1.78451,117.955,0.964475,0.51439,-1.5413,0.0330705
114.376,-4.19067,-0.566341,113.224,3.17654,1.64768,95.9525,0.530935,-2.16185,2.21403,0.0386098
77.7486,-1.29522,-1.26071,51.9174,2.61763,2.74891,37.2099,1.8106,1.64207,-2.27356,0.0316819
112.307,1.82421,2.4801,33.8207,-4.65008,-2.06301,67.6526,-2.13867,-0.51741,-1.74007,0.0349936
66.2902,-1.96013,-1.48431,61.9931,3.54549,-1.50055,73.5782,0.231157,2.39814,-0.0162355,0.0333002
159.634,1.50183,-2.75799,64.989,-2.41911,-2.31933,130.975,-1.39571,0.5389,-0.438667,0.0324781
131.102,-1.23904,-1.13319,40.5591,2.99795,2.43889,33.2894,1.04129,2.56104,-2.71111,0.0314898
174.88,2.07036,-1.52354,70.0003,-2.74046,-1.61368,111.58,-0.399939,1.77802,0.0901487,0.033135
227.355,-2.23364,1.10396,44.6952,0.829272,-1.24758,134.086,-1.12881,-2.22856,-2.35155,0.0357068
128.067,-2.53254,-0.175507,104.602,2.88139,-1.94065,115.149,0.785754,1.99006,-1.76514,0.0341177
181.984,-1.11587,2.39425,68.1369,2.47859,-0.786285,87.8997,0.810425,-0.423821,3.10265,0.0325431
239.375,0.208037,-2.75278,53.8144,-4.42417,-2.57725,168.896,-1.10422,0.554052,-0.175533,0.0346296
64.2626,3.21866,2.85417,37.4377,-1.62716,-1.87289,53.5643,1.6542,-0.342477,-1.55612,0.0305361
208.301,-2.12491,2.56317,83.4022,2.9161,0.542613,153.536,0.174593,-1.03461,-2.02056,0.0319844
93.4358,2.75433,-2.93996,41.9034,-3.93411,2.24486,97.2276,-1.26233,0.0574443,1.09836,0.0344458
88.4711,-2.05564,1.24561,47.7729,2.86082,0.591664,46.2335,0.270596,-2.12121,-0.653947,0.0321174
107.27,-1.46503,-0.398282,50.6664,3.38214,-1.01859,115.183,1.93621,2.98177,-0.620313,0.0329311
152.303,2.25617,-1.19708,52.1351,-3.60592,2.26324,88.8996,0.788546,1.79061,2.82287,0.0340821
63.6546,-2.59635,-0.661527,53.7897,4.12014,-1.21285,39.9736,1.90627,2.07583,-0.551322,0.0342791
86.3588,2.01814,-3.04454,56.4663,-3.05697,-2.44557,34.9673,-2.11894,0.211231,-0.598971,0.0294457
149.542,-2.58685,-1.00536,57.8176,3.81794,2.60123,73.4488,-1.23164,1.72601,-2.6766,0.0352817
147.24,1.70433,2.25003,141.736,-2.34902,2.72322,184.168,-1.4656,-0.680496,-0.473191,0.0337716
48.4691,-2.60289,1.00663,32.8147,2.68625,2.39478,63.3873,1.63974,-2.21603,1.38815,0.0327369
82.199,2.69234,0.657387,51.3489,-4.1579,1.77788,85.7762,0.551643,-2.351,-1.1205,0.0351085
98.4924,-1.04411,-2.76881,68.8986,2.92792,1.37618,50.717,0.626994,-0.701059,-2.13819,0.0317316
157.004,1.36405,-2.50877,69.6664,-3.42018,-0.463114,102.249,-1.66482,1.1728,-2.04566,0.0338976
86.6245,-2.03725,0.388833,49.6652,2.55091,2.13492,104.578,1.4889,-1.9675,1.74609,0.0323155
70.7475,3.31765,0.910148,37.1129,-2.02966,1.32495,64.3071,1.89962,-1.72373,-0.414804,0.0299714
98.2379,2.54167,2.83658,79.2831,-3.68151,1.78407,73.6762,-0.874089,-0.223485,1.05251,0.0363143
287.525,2.30339,0.2501,99.9862,-2.67732,-2.94399,156.783,-0.169805,-2.81252,-3.08909,0.0326679
133.723,2.19085,1.96456,74.9799,-3.43132,-1.20447,24.2877,-0.454593,-0.576517,-3.11415,0.0326398
188.19,-2.19052,0.752321,50.9546,3.39234,-1.96514,90.5429,-0.156944,-2.48786,-2.71746,0.0337075
165.848,-2.16405,2.66053,47.2305,2.58055,-1.03059,72.6023,-0.29179,-0.585688,2.59207,0.032143
95.607,2.24729,-0.477869,60.4251,-2.8255,0.603297,101.672,-1.62948,2.97293,-1.08117,0.0330261
311.892,2.06677,-0.994729,57.5267,-2.70095,1.09204,165.439,-1.07819,2.35384,-2.08677,0.0340734
61.9564,2.01171,0.864699,48.7585,-1.93663,1.40724,89.0056,0.765217,-1.99499,-0.542541,0.029568
245.211,-2.35641,0.15835,61.3622,2.26734,-0.049395,212.418,-1.18253,-3.11823,-0.207745,0.0342949
126.342,-1.94836,1.96834,93.6363,2.52755,0.806717,175.454,-0.0256762,-1.54963,-1.16163,0.033095
228.352,-0.781452,0.673698,98.2235,3.47922,2.2689,126.422,-0.211209,-2.32429,1.5952,0.0334126
181.091,1.17726,-1.19205,75.4071,-2.39555,2.91906,86.8051,-0.892145,1.46972,2.17207,0.0321282
148.073,-2.60406,-0.54966,50.9949,0.59127,-1.84852,84.1383,-0.0738312,2.48664,-1.29886,0.0301211
123.918,-2.68565,1.27213,72.7498,1.6169,2.39552,100.503,0.0496417,-1.33128,1.12338,0.0305463
71.5734,1.68937,1.83038,42.9332,-3.72589,2.9583,62.6226,-1.77071,-1.03775,-1.12792,0.0323213
129.186,-1.33059,0.506524,104.853,2.71228,0.0265841,231.806,1.13239,-2.71225,-0.47994,0.0327973
83.2189,2.72209,1.27125,77.2456,-3.5384,1.31144,68.836,0.474181,-1.99892,-0.0401875,0.034474
98.9194,-3.08898,-0.233689,75.2566,1.79434,-0.0279971,88.2544,-2.14311,-3.03373,0.205692,0.0337423
116.148,2.06067,-0.825535,75.0661,-2.61368,-0.734845,161.787,-1.64885,2.3305,-0.0906895,0.0318083
87.6991,-3.09609,-2.66588,79.2985,1.49203,-1.85227,124.237,-0.327725,0.862853,0.813606,0.0314567
45.7612,3.77411,3.1286,41.7139,-2.37832,2.58486,72.0197,0.610394,-0.489555,0.543737,0.0336074
212.087,-2.99875,2.18221,123.619,1.72345,0.877545,123.773,-0.766759,-2.1945,-1.30467,0.0354125
241.684,2.04208,2.04293,220.135,-2.16674,-1.38022,221.005,0.246757,2.10469,-2.86004,0.034634
220.123,-2.94659,-1.11861,74.6468,3.00858,3.1203,206.08,-0.264876,1.73257,-2.04428,0.0362634
173.119,2.49072,-2.19185,116.949,-2.42233,0.301469,72.5001,2.23828,1.67497,-2.49332,0.0342737
258.255,3.57624,-0.31208,87.4668,-2.09819,0.979388,187.313,0.297242,-3.09555,-1.29147,0.0385208
192.261,-1.95612,-2.33344,164.577,3.47762,-0.435495,97.4169,-0.093606,2.05687,1.89794,0.0356173
121.569,-2.53429,-3.03,35.5575,0.928659,0.1916,81.9116,-1.04301,0.0389623,-3.06159,0.0302021
85.864,-2.02077,-2.24722,37.054,2.10102,-1.85851,85.6804,0.0682876,1.01496,0.388705,0.0299744
139.683,-1.25634,-1.33661,45.2599,4.22559,-0.292373,124.63,-0.286867,1.83739,1.04424,0.0338998
196.496,1.94569,-0.129213,132.537,-1.32758,1.4437,64.4142,0.412181,-2.55444,-1.57292,0.033058
198.992,-2.2685,2.76137,34.1215,0.915322,-1.73473,79.0948,-1.57625,-0.198882,1.78709,0.0312875
109.181,-1.22005,-2.31494,86.25,2.96934,-1.03078,70.7099,0.407374,1.79089,1.28417,0.0325144
51.2894,-1.24745,-1.22435,35.8559,4.67717,-0.424064,53.3866,1.84741,2.10113,0.800284,0.0341096
84.7717,-2.26492,-1.77317,41.9751,2.54218,-2.5717,62.1817,2.31632,0.659507,-0.798531,0.0325403
131.353,-1.94266,1.68071,95.0783,3.7647,-0.866908,38.8234,2.59087,-2.50004,-2.54762,0.0327996
67.0802,-3.73321,-2.22148,46.7321,0.555819,-1.46552,56.7387,-1.83392,1.23753,0.755958,0.0293679
106.711,-1.92031,-2.41634,61.5326,2.8221,-1.92286,113.9,0.0304137,0.992052,0.493477,0.0328795
81.1781,-2.84635,1.92276,79.9422,2.04308,2.70783,113.37,0.317994,-0.529862,0.785075,0.0320421
96.8742,-2.92249,-1.59186,55.8675,3.48158,-1.72854,91.4497,-0.621573,1.40568,-0.136681,0.0356112
111.706,1.46417,2.71548,76.4145,-1.88639,-2.95995,110.487,0.188883,-0.401612,-0.607749,0.0313297
75.2689,2.74713,0.0930695,62.9162,-0.718503,-0.727504,81.1416,0.70989,2.8954,0.820573,0.0312853
71.0887,-2.78009,1.30604,53.6412,2.61874,0.103159,67.7501,-1.13855,-2.12755,-1.20288,0.0323099
100.912,2.23125,2.23605,46.7492,-1.56005,2.94626,111.723,0.22916,-0.792719,-0.710207,0.0324173
79.7426,-2.04505,2.32858,63.9905,3.46392,2.77194,82.989,1.8741,-0.39227,0.443357,0.0337819
149.359,3.6238,0.224259,51.2932,-4.20877,-1.9034,79.43,0.825988,2.63742,2.12766,0.0386878
136.422,-2.38343,1.14748,131.923,1.97036,-0.2167,76.2899,-1.11952,-2.94414,-1.36418,0.0328136
93.0589,-0.261169,-2.51462,35.4131,4.82656,-2.40461,105.292,0.59065,0.454667,0.110006,0.0356641
95.2307,1.6091,-2.24959,94.7382,-2.70452,-2.38608,41.0145,-1.51067,0.420775,0.136485,0.0305014
54.1381,3.78472,0.796525,36.7739,-1.53863,2.02208,57.3524,-0.210148,-1.54828,-1.22555,0.0318126
190.931,-0.207698,-0.994189,109.107,3.44524,-0.539967,146.505,1.14232,2.1735,0.454223,0.0337712
76.495,-1.6604,1.47853,67.9216,3.50627,0.537384,76.8605,-0.369455,-2.29308,-0.94115,0.0331824
139.406,2.46833,-0.978253,46.0545,-2.29188,1.46439,116.396,-1.0794,2.69307,-2.44264,0.0320311
69.5769,1.90994,-3.0147,31.0345,-3.20297,-1.1801,49.8401,-1.7988,0.283409,-1.8346,0.0321751
217.953,-0.818498,1.55592,85.8417,2.45781,0.119283,217.853,-0.315191,-2.04448,-1.43663,0.0327427
106.214,3.06357,0.458366,100.601,-0.956555,-1.27166,72.4114,-0.666292,2.29989,1.73003,0.0306495
401.768,1.47709,1.36783,83.4321,-2.56093,-0.65161,215.954,-1.40989,-1.84654,2.01944,0.0345646
83.7752,2.88855,1.97961,34.746,-4.21915,-2.09226,35.8014,-2.30358,0.029869,-2.21131,0.0346657
86.2029,-0.485477,1.16485,69.6687,2.8518,0.599353,112.648,0.624088,-2.42217,-0.565496,0.0316702
197.03,2.65589,-0.0879628,94.5858,-0.74764,-1.3602,52.2436,1.20566,2.83218,1.27224,0.0331674
163.998,2.76138,2.11197,76.2093,-3.52176,0.944461,85.2355,1.47136,-1.41183,1.16751,0.0347436
76.3946,-2.60344,0.414731,39.4982,4.54319,-0.188397,64.1683,0.420729,2.95464,-0.603127,0.0347805
116.202,-3.46045,2.92867,31.2086,3.35553,-1.90515,50.7346,-0.522782,0.863907,1.44936,0.0350836
108.254,-2.35005,-0.278208,41.5689,1.08487,-0.858738,63.6706,0.0724999,1.93594,-0.580531,0.0297716
208.7,1.82521,2.17163,195.864,-3.49458,0.584354,153.697,-0.730814,-1.19344,1.58727,0.0346498
158.484,1.55025,1.42329,109.482,-2.44101,0.844495,145.2,-0.322655,-1.77717,0.578791,0.0327875
126.722,1.7614,1.16943,66.3686,-2.64748,2.6571,109.906,0.20177,-1.59633,-1.48766,0.0322831
346.641,0.862567,-0.695948,89.5878,-3.73142,2.9504,187.676,-0.564025,2.59265,2.63684,0.0350327
85.3594,2.93974,-2.9151,32.9585,-2.83254,-0.563226,36.9665,-0.400401,0.107751,-2.35187,0.0322688
91.0263,1.63502,-0.449732,45.431,-2.42416,1.21055,65.4586,-0.819777,3.04476,-1.66028,0.0312506
95.8678,-1.47308,0.0173167,63.2589,3.94513,-1.70659,55.2233,0.971858,2.69027,-1.7239,0.0337547
85.3075,2.06218,-2.631,72.475,-4.57304,-1.63608,78.65,1.06519,1.45556,-0.994915,0.0373844
59.6205,1.30768,1.97126,50.8767,-3.39065,2.03737,67.1981,-1.14994,-0.944647,-0.0661107,0.0327381
58.5187,-4.27484,-1.45698,55.5328,3.89708,-2.23265,52.8086,-0.16507,1.78023,-0.775664,0.0368154
67.9788,2.79624,-1.94139,37.0846,-2.84338,-0.336691,37.9522,-0.491554,1.76802,-1.6047,0.0325149
175.384,0.696704,-2.7592,36.6206,-3.05629,-0.748547,141.819,-0.922209,0.639803,-2.01066,0.0308116
144.993,3.16418,-3.03707,67.7418,-4.6148,-2.20157,158.536,0.836441,0.357636,-0.835504,0.0388892
82.7813,-4.06152,-0.555762,71.0654,0.995598,-1.07278,71.6458,-0.834892,1.70623,-0.517015,0.0352807
64.3288,1.15222,-0.952582,36.2752,-2.8647,0.547169,42.271,-2.45197,-2.82735,-1.49975,0.0291468
87.8577,1.74513,0.61789,36.6392,-3.0496,0.317911,105.837,-1.89479,-2.37671,0.299979,0.0326541
218.162,2.56072,-1.18822,138.421,-3.11172,-0.553492,174.638,0.227921,2.13182,-0.634729,0.0359202
84.0333,2.42079,0.43433,63.823,-4.18577,-0.946474,61.1652,-1.27343,-3.02992,1.3808,0.0352032
147.036,-1.70128,2.68214,97.971,3.02368,1.86468,179.492,1.14616,-0.850714,-0.817454,0.0337936
170.084,1.47578,0.919273,60.0163,-2.74358,0.124475,219.964,-1.68829,-2.72169,0.794799,0.0338548
254.671,1.125,-1.45447,34.6218,-2.83251,-0.195927,174.896,-0.873787,1.63502,-1.25854,0.0326767
78.7999,-0.350198,-1.61978,44.4785,3.41139,-3.06987,44.114,1.84674,1.09055,-1.4501,0.0299209
79.3698,-1.81997,-1.2777,66.7102,2.10075,-0.864278,86.9344,1.33506,1.92199,0.41342,0.0317423
97.6017,-2.09984,-0.351851,85.9959,3.69753,0.585908,104.917,0.806375,3.05518,0.937759,0.0347987
127.082,2.88397,1.25096,88.7187,-3.74705,-0.140788,66.1384,0.361541,-2.45399,1.39175,0.036798
79.0956,-1.31023,-0.836866,70.0235,3.0477,-0.141374,108.753,0.0992088,2.56044,0.695492,0.0321826
79.2048,1.94099,0.108085,59.4787,-2.09815,0.635467,52.3626,-0.532849,-2.95291,-0.527382,0.0316068
173.795,-2.9296,-1.13832,63.6254,3.6791,2.98552,104.28,0.617881,1.73023,-2.15934,0.0358905
107.554,2.9488,-1.13843,68.6693,-2.40335,2.19593,40.5149,1.19281,2.51285,2.94882,0.0353866
211.224,-3.05517,1.58837,65.0119,3.28081,-1.26121,117.642,-2.43548,-1.47024,-2.84958,0.0353887
122.255,2.53977,-1.2778,80.7071,-1.40465,-2.7325,61.2239,0.568442,1.26483,1.4547,0.0349343
339.617,-2.01481,2.78426,109.582,1.52458,0.169794,279.518,0.202867,-0.486952,-2.61447,0.0331202
73.3585,-2.67398,0.255958,72.4522,2.87717,-0.521763,94.3456,-0.517432,-3.11176,-0.777722,0.0314888
151.461,1.24962,0.789575,119.868,-2.68107,2.32384,130.717,-0.116863,-1.31237,-1.53426,0.0326188
126.749,-2.16722,-1.86872,61.8111,2.70879,0.0141739,93.2625,-0.837847,1.93329,1.88289,0.0332604
95.939,-2.47719,-2.12993,57.5517,1.82112,-2.8218,104.193,-0.310928,0.479289,-0.691872,0.0304179
77.372,0.788503,-2.77926,58.927,-4.39438,2.77738,80.6069,-2.18401,-0.265792,0.726545,0.0327804
80.3101,-1.90112,-0.0617025,80.1458,3.48082,-0.0947783,100.694,1.90183,2.95755,-0.0330758,0.032482
156.174,-1.88918,2.83449,70.4683,2.13033,-0.968858,86.661,-0.617259,-0.189748,2.47984,0.0306781
143.44,1.72152,-2.17577,65.5484,-1.55723,1.00472,48.9778,-0.456128,1.41658,3.1027,0.0300744
122.868,1.36751,-1.779,58.1371,-2.75757,-0.220745,90.7661,0.374973,1.61266,-1.55825,0.0326287
104.483,0.822117,-2.59947,60.9597,-3.09631,-0.673986,83.8848,0.0137408,0.891015,-1.92549,0.0281692
47.6251,1.47458,0.603792,38.9526,-3.53359,2.11024,32.9621,-1.99651,-1.94538,-1.50645,0.0300698
77.7713,2.86328,1.37168,41.6291,-2.19568,3.05439,77.4086,-1.82184,-1.80236,-1.68271,0.0299057
144.098,-2.07116,-0.024705,77.1561,2.37766,-0.10069,140.869,-0.490759,-3.11303,-0.075985,0.0330669
87.539,0.610586,1.48614,31.9679,-3.23029,2.54513,41.792,-2.27305,-1.3793,-1.05899,0.0316386
100.078,-2.78301,0.242165,44.5119,1.28422,-2.1504,48.9438,0.920623,-2.60974,-2.39256,0.0321602
172.117,-1.53589,0.0702612,135.02,2.11073,0.291695,177.483,0.648693,-3.0735,0.221433,0.0330826
203.725,2.4815,1.99442,113.312,-2.49097,0.820141,128.596,0.881666,-1.47672,1.17428,0.0345748
207.458,1.26217,-1.49057,100.303,-2.55537,0.613231,141.541,1.15515,2.07854,-2.1038,0.031289
49.91,-2.11618,0.886314,33.3221,3.50227,-3.12169,36.0925,1.43972,-1.35354,2.27518,0.0294689
99.1501,-2.02973,-0.0880798,85.2499,1.92538,-0.276265,129.094,0.146194,2.82431,-0.188185,0.0321361
119.115,-3.03275,-1.02012,55.5532,1.23377,1.88081,76.5797,-1.62042,1.90029,2.90094,0.0326415
121.977,-2.72359,1.48286,32.8664,3.89938,1.08726,52.7403,0.279872,-1.95511,-0.395594,0.0356111
98.9524,2.20517,-0.0247042,67.5182,-1.76021,0.225269,120.475,0.74643,-2.98567,-0.249973,0.0320044
160.777,-1.23402,1.85929,75.9168,2.887,-2.96027,33.6445,2.70125,-0.813507,1.46363,0.0339874
142.811,1.54471,-2.55956,130.09,-2.94533,-2.35388,205.747,0.539251,0.757119,-0.205674,0.0318533
137.463,3.05321,-2.72062,110.861,-1.41852,-3.1035,70.6336,0.714297,-0.771915,0.382873,0.031822
146.234,1.55698,2.37588,120.334,-3.12032,3.1061,118.881,-0.136962,-0.167309,-0.730217,0.0328872
68.6161,-1.27208,0.369404,60.3898,2.95158,0.153527,45.7834,0.914332,-2.94948,-0.215876,0.0288665
262.409,-2.70078,-1.20377,164.409,1.95345,1.3107,92.577,-0.414219,2.22161,2.51447,0.0346876
97.6751,-2.50361,2.55761,84.3283,2.83313,1.58327,95.0137,0.549751,-0.76212,-0.974344,0.0331261
98.7624,2.31282,1.00525,59.0825,-2.51473,0.338698,95.1693,-0.539797,-2.51388,0.666552,0.03279
78.8559,-1.85454,0.381326,61.3446,2.21841,2.23773,29.2193,0.68537,-3.06176,1.85641,0.0312699
254.384,1.43789,-1.72172,45.6204,-2.6463,1.01867,144.646,0.0254587,1.44653,-2.74039,0.0324335
350.496,-1.5861,1.73937,195.684,1.5233,-2.3253,74.8255,0.424471,-0.311338,2.21851,0.0323625
100.224,0.557589,0.794603,34.136,-4.42045,2.06017,117.956,-1.34222,-1.88862,-1.26557,0.0350014
117.59,-2.32963,-2.98325,70.9339,2.43542,-1.54695,71.6794,-1.92368,0.425511,1.43631,0.031796
145.561,3.01993,2.97159,65.249,-1.97698,1.72207,104.326,1.26524,0.0563486,1.24952,0.0355213
164.49,1.88462,-2.97217,81.2506,-2.81807,0.0809297,81.9271,0.894637,0.128025,-3.0531,0.0323483
186.185,1.06493,0.674038,88.5476,-2.5043,2.56384,80.0969,0.412779,-2.15559,-1.8898,0.032698
129.109,-2.46926,-0.995213,112.381,2.13007,0.00339777,194.314,0.655524,2.21054,0.99861,0.0331047
75.9819,-2.89067,-0.220683,38.6758,2.78511,-0.329251,34.9139,0.721563,2.41489,-0.108568,0.032636
205.41,0.735839,0.882853,183.651,-3.13941,2.93611,120.87,-1.01003,-1.12469,-2.05326,0.0348443
275.504,2.11525,-0.247124,124.849,-1.36924,1.39276,196.1,0.717071,-2.69891,-1.63989,0.037419
125.719,1.69522,2.70997,32.3116,-3.99447,-2.8533,65.2942,-0.427905,-0.261048,-0.719921,0.0330648
132.821,-1.75219,-1.91598,93.9415,2.53764,3.03849,104.287,-0.89255,0.493073,-1.32871,0.0330945
81.5086,0.531631,2.52783,73.4922,-3.19882,-2.32727,96.1365,-1.32598,0.190995,-1.42809,0.0299917
149.589,-2.30497,-0.0048205,34.7927,1.45048,-1.79005,84.34,0.292837,2.86799,-1.78523,0.0315964
91.6441,2.57939,2.76772,88.8164,-2.74012,-2.96018,147.077,1.25608,-0.25206,-0.555284,0.0336699
132.628,-0.612145,-2.42812,111.679,3.26282,-2.15286,91.481,1.77232,1.16182,0.275257,0.033966
59.7251,-0.973499,-0.864033,36.6627,3.84034,-1.85094,50.2591,1.93222,2.32236,-0.986912,0.0320987
60.0604,-3.76733,0.985949,59.3944,0.701076,0.883773,62.5707,-2.27055,-1.98509,-0.102176,0.0324108
91.0207,2.12346,-1.47949,45.359,-2.67169,1.65836,49.6949,-1.13381,1.15533,-3.13784,0.0304419
100.356,2.80356,0.785526,57.7634,-2.56143,-1.59746,52.9573,-0.933997,-3.1076,2.38299,0.0329683
152.314,1.02719,-2.14897,93.6944,-2.30599,-1.52872,196.417,0.311312,1.29606,-0.620253,0.0324899
119.073,3.06607,1.14696,46.8463,-3.09179,-0.961417,65.8099,0.530225,-2.77252,2.10837,0.0339146
101.756,-1.99185,2.92669,41.336,2.1419,1.64146,49.3721,1.39616,-0.912047,-1.28522,0.0311601
192.356,-0.749629,-1.51869,36.5409,3.81097,2.62842,112.311,0.981909,1.30225,-2.13608,0.0331686
146.366,1.78956,2.37218,49.2517,-3.52948,-0.201784,75.495,0.302999,-0.657234,2.57397,0.0322604
116.274,-3.51076,1.19384,49.8489,0.718695,1.92064,108.218,-0.416198,-1.84124,0.726805,0.0330879
279.873,0.933876,-2.83785,178.943,-3.09897,1.51851,103.509,-0.483056,-0.440851,1.92682,0.0346704
150.942,-2.1736,2.7714,32.7228,1.31667,-1.55631,78.6491,0.205309,-0.261865,1.95547,0.0332231
86.0425,-2.70128,-0.124368,44.0883,1.53407,-2.26668,34.2925,-1.2743,2.62883,-2.14231,0.0293218
102.507,-1.50025,-2.74204,30.8502,2.80171,0.138643,47.9833,-1.209,0.581618,2.88068,0.0305436
98.1456,3.63596,-0.886256,50.1179,-2.13699,0.814338,32.1407,1.7492,2.10147,-1.70059,0.0339165
161.12,-1.4618,-2.54065,34.9314,4.21143,2.79221,146.425,0.679657,0.500864,-0.95033,0.0340733
67.5175,3.44271,0.522772,42.498,-1.5827,-1.16869,57.7897,1.99148,2.97987,1.69146,0.0317603
127.181,2.48508,1.68017,47.2622,-1.40244,2.40412,92.7188,0.940103,-1.43034,-0.72395,0.0273565
85.3973,2.95794,-0.643726,35.0517,-2.23906,-1.56539,42.0949,0.864528,-3.05073,0.921667,0.0336859
70.5853,-3.04995,0.174565,59.4493,1.58802,0.436205,52.2183,-0.0262973,-3.07454,0.26164,0.0324485
153.444,2.56031,-3.03717,62.5083,-3.82405,-0.202743,80.5961,-0.423622,1.00467,-2.83443,0.0355469
97.6049,2.06445,0.723895,63.4284,-2.72,2.59234,71.8767,-1.31879,-1.5748,-1.86844,0.0326005
144.786,-3.73023,1.56045,51.9998,2.56597,-1.01513,50.16,-1.00407,-2.14179,-2.57558,0.035897
237.24,2.72654,0.164192,142.793,-2.5598,-0.839309,222.277,-2.31099,3.00968,1.0035,0.0376355
126.218,2.8427,-1.24651,116.88,-1.66762,-2.25665,166.313,1.1018,1.65979,1.01014,0.0347673
201.191,1.88991,0.136863,79.6382,-3.05172,2.01897,80.3276,0.6189,-2.58001,-1.88211,0.033346
40.9925,2.21166,-2.02189,40.2218,-3.78275,3.10409,37.2594,-2.71834,-0.321157,1.15721,0.0325663
204.244,-2.04836,2.75277,84.6314,2.59114,0.247418,87.2275,-1.77781,-0.873738,-2.50536,0.0319431
218.981,-2.70993,-0.985639,148.637,1.88271,2.48349,118.196,-1.05601,2.10841,-2.81405,0.0304517
63.8073,2.42143,-0.87926,38.0334,-3.05818,-0.351178,63.4947,0.468313,2.34864,-0.528082,0.0319743
142.438,0.722749,3.06385,44.1682,-3.20237,1.61726,51.4378,-1.71426,-0.427358,1.44659,0.0325467
106.266,3.51146,1.09969,35.7166,-3.30913,-1.51348,27.124,0.697407,-2.39486,2.61317,0.0330837
86.3226,-3.08337,2.25038,50.3369,0.708049,0.873856,135.351,0.228908,-1.07558,-1.37653,0.0323655
213.263,-1.2185,0.379568,158.367,2.1699,2.74067,72.9301,0.0968975,-1.8692,2.3611,0.0319129
131.493,0.775727,1.68632,111.81,-3.04214,-0.558204,63.0128,-0.970278,-2.71438,2.24453,0.0306531
74.7744,-3.81937,-2.64111,39.9273,4.54651,-1.91688,93.9746,1.06874,0.529731,0.724227,0.0375802
185.208,-3.1174,1.63582,57.7691,4.17071,-2.36559,61.1612,1.57127,-1.42384,2.28178,0.037776
121.007,-1.77288,1.19895,89.7835,3.76578,2.27633,73.3969,2.19283,-1.87234,1.07738,0.0339516
236.887,2.08593,-2.70313,75.3135,-2.30383,0.494389,66.4034,1.51274,0.750693,3.08567,0.0327137
88.2605,-3.16165,-0.201887,87.6253,1.22098,-0.249916,81.5403,-0.890094,-3.02832,-0.0480293,0.0328776
179.349,3.0843,2.43339,76.3958,-3.99868,2.6801,173.256,-0.758947,-0.991718,-0.246708,0.0378843
131.839,2.52831,1.94535,59.3279,-3.21117,2.5905,161.092,0.108501,-1.06558,-0.645141,0.0343517
62.9028,-1.6125,0.555299,45.9786,3.64625,2.15559,63.8753,0.755389,-1.92126,1.60029,0.0272708
165.88,1.19711,-1.94497,69.9108,-2.52272,-0.635525,71.7597,0.440153,1.54153,-1.30945,0.0350412
91.4305,-3.68656,1.51153,75.6184,1.95192,1.95991,75.9825,-0.33558,-1.05804,0.448374,0.035769
181.881,2.56674,-2.72519,165.283,-1.73147,1.65342,158.68,0.71709,-0.575639,1.90457,0.0339786
177.344,3.13206,0.977813,100.204,-3.00935,1.63,151.788,-0.115995,-1.84639,-0.652183,0.0365373
168.68,2.25565,-2.02714,87.1948,-3.80522,1.87734,47.8281,2.02169,1.93652,2.3787,0.035392
133.227,2.19062,0.958659,43.9807,-1.83238,1.35283,116.657,0.5351,-2.01338,-0.394175,0.0321184
149.691,2.0895,-1.93086,134.615,-1.83221,2.76347,99.8558,0.58867,0.574833,1.58885,0.0326228
142.561,-1.51186,-2.79175,47.153,1.53635,1.69946,120.012,0.257828,-0.21646,-1.79197,0.0315522
232.319,-2.58038,-0.24823,121.451,2.75135,-2.60151,109.421,-0.120331,2.08902,-2.35328,0.034563
134.397,-1.60137,-1.53251,108.919,2.56156,0.972158,42.1485,1.22613,-2.96211,2.50466,0.0328273
59.9283,2.56691,1.11976,53.4332,-4.27588,1.26751,72.2213,-0.857646,-1.61109,-0.147747,0.0331397
105.695,-3.2426,1.79167,105.065,3.32885,2.65059,146.445,-1.345,-0.932984,0.858921,0.0359434
59.3315,-2.96161,-0.436132,33.7112,3.96279,0.069462,84.4147,0.50904,2.7018,0.505594,0.0342211
288.188,-1.10289,-0.445503,94.2504,2.02853,3.06511,158.479,0.586139,2.54465,-2.77257,0.032215
103.111,-0.741471,-0.182417,73.5852,3.2115,-0.394591,116.269,1.66958,2.89896,-0.212174,0.0327486
217.217,-1.23645,2.18053,68.932,2.44615,-1.39647,108.895,-0.621895,-1.07457,2.70618,0.0323975
64.2582,-3.30622,2.64863,30.1513,4.59226,2.2685,75.9056,-0.0206579,-0.668177,-0.380132,0.0375218
140.167,-1.82729,0.979074,44.4057,1.99418,-0.273875,76.5197,0.376123,-2.73737,-1.25295,0.0305365
217.989,-0.65267,-2.43049,123.708,3.38248,-2.84475,157.247,2.05207,0.501561,-0.414258,0.0355764
298.96,0.148446,-2.18022,74.812,-3.6611,1.32862,165.083,-0.3469,0.825421,2.77435,0.0343686
101.971,3.16339,0.152896,100.054,-2.44266,0.129899,54.079,1.15708,-2.88369,0.022997,0.0340588
120.287,2.6333,0.538536,81.1927,-3.51672,-0.0660819,95.2541,1.96968,-3.03853,0.604618,0.0341166
91.3318,-1.74373,1.61005,85.6564,1.7274,1.35993,120.132,-0.527905,-1.79374,-0.250123,0.0320729
181.281,2.10858,0.656195,45.318,-1.03816,2.54454,120.221,0.048289,-2.44253,-1.88835,0.0318887
72.5648,-1.65075,-1.85257,31.3599,3.11498,-0.34588,55.9766,0.8718,2.07678,1.50669,0.0314549
164.668,-2.67316,-0.0965663,120.176,3.52998,-1.603,161.685,1.8782,2.55289,-1.50643,0.036143
106.325,2.90869,2.30301,31.7657,-2.56163,2.39829,110.783,1.79224,-0.814915,-0.0952783,0.0291783
83.1155,-3.12022,1.56443,63.518,2.98898,2.92713,90.2201,0.967734,-0.684828,1.3627,0.0329053
142.649,1.93022,0.427731,138.26,-1.82027,-1.86751,72.5068,-1.09653,2.22154,2.29524,0.0312393
126.123,2.97032,-1.43938,84.4442,-2.62208,-0.20643,142.68,-0.814533,2.1806,-1.23295,0.0323086
243.646,-2.41835,-0.0296401,149.383,2.57642,1.63091,271.027,1.33628,-2.58198,1.66055,0.0354739
74.3934,1.46109,-2.54366,65.4927,-3.29222,0.373525,65.0058,-2.19672,0.94555,-2.91718,0.0310372
105.821,-1.79487,0.803373,88.8332,2.24633,1.71214,148.041,1.60415,-1.95431,0.908766,0.0331266
183.356,-1.82072,2.80768,118.914,3.59006,-2.25121,54.8269,1.06871,-0.390406,1.2243,0.0353273
187.592,0.859251,0.125572,79.0494,-3.33049,-0.553063,222.91,-0.523395,3.09514,0.678635,0.0337189
156.706,-1.0684,1.94227,75.185,3.63676,-2.97664,146.294,1.28548,-0.891297,1.36427,0.03399
106.569,-2.717,-0.8073,80.8166,1.20203,0.936862,135.505,-0.565093,-2.6488,1.74416,0.0322786
87.1863,2.70694,1.52036,70.0615,-2.32848,-0.829965,65.165,2.34257,-2.22702,2.35033,0.0315882
167.037,1.92686,-1.22107,78.4002,-2.04981,-1.19975,118.658,0.49037,2.23804,-0.0213274,0.0313051
192.75,-2.74727,1.93477,44.7569,1.51058,0.161678,149.663,-0.371938,-1.24113,-1.77309,0.0348426
104.075,2.39031,-2.60233,30.4491,-2.26162,-2.04724,114.628,-0.762589,0.663497,-0.555096,0.0327399
80.5094,-2.05392,1.66051,43.5491,3.47584,-0.357512,48.3888,-0.797316,-1.81578,-2.01802,0.0322248
82.6759,2.71521,-0.669052,47.9742,-1.83308,-0.676602,41.7061,-1.11771,2.52083,0.00754923,0.0317667
89.1211,-3.11789,0.436386,46.9485,1.79279,-0.396242,110.768,1.21585,2.90179,-0.832628,0.033095
175.23,-2.03005,1.10954,96.6944,1.93244,-1.10855,68.4063,-0.900932,2.83996,-2.21809,0.0331653
122.758,-2.31434,-1.47596,97.2938,1.39593,1.3779,66.6906,-0.801504,1.7784,2.85386,0.0312499
85.8739,-1.95065,2.1742,68.8415,2.82799,2.7953,85.5245,2.35322,-0.818257,0.621096,0.0331019
175.155,-2.10941,-1.09919,105.533,2.87954,-0.973763,271.545,-0.495264,2.08514,0.125428,0.0342592
250.13,0.237062,1.16162,143.792,-3.54513,-2.7266,138.493,-1.65214,-1.44689,-2.39497,0.0353683
145.371,-2.83368,0.217615,33.6152,2.347,1.435,53.4477,-1.1284,-2.189,1.21739,0.031931
171.285,2.13756,-2.77576,85.7339,-1.88677,-1.31502,118.068,0.0277626,1.00715,-1.46074,0.0314388
116.368,-0.0787059,2.59319,53.8611,4.0812,2.06872,104.284,1.79562,-0.852372,-0.524472,0.0341382
82.4345,2.03283,2.51808,30.1608,-2.53857,-1.86983,47.3902,-0.44338,-0.13302,-1.89528,0.0315831
110.401,-0.701852,2.35211,78.032,3.17149,-1.46501,44.2106,1.60937,0.294801,2.46607,0.0327449
87.6866,-2.35508,0.697339,61.3583,2.47694,-0.282463,44.5405,0.632343,-2.69826,-0.979803,0.0323379
61.8648,-2.1899,-0.0722489,41.2453,3.32904,1.30191,59.2039,-0.255719,-1.94018,1.37416,0.0320012
120.462,-0.677033,-0.443575,108.756,4.0503,1.87723,65.1897,0.990662,-2.72917,2.3208,0.0332441
120.789,2.46601,2.62777,37.5115,-2.10537,1.306,197.779,0.26788,-0.525381,1.32177,0.0337894
74.7053,-2.80906,-0.130215,47.6944,3.64003,-2.35059,36.7652,0.871565,2.74156,-2.22037,0.0342193
125.334,1.86925,-2.41981,73.4977,-1.39601,-0.578731,104.273,-0.532629,1.1959,-1.84108,0.0319419
100.81,3.19105,2.21298,50.3764,-4.05689,-1.9088,53.0243,-0.45466,-0.560071,-2.16141,0.0356123
138.781,2.14689,-0.149832,40.5318,-3.39394,-0.836124,133.211,-1.31596,2.85551,0.686291,0.033436
193.464,0.539201,-0.649472,61.3671,-3.31002,-2.32834,132.234,-1.19975,2.39797,1.67887,0.0304567
78.0401,-0.742052,-1.07417,55.2282,4.1633,-1.45393,58.1333,-0.152324,2.49454,-0.379764,0.0329265
105.584,2.52616,2.69841,85.0653,-1.76398,0.697541,82.8862,0.541814,-1.09312,2.00087,0.0294646
73.8569,2.18472,1.74853,66.3279,-1.54175,2.83026,80.6847,0.783087,-0.986426,-1.08172,0.0306225
89.7995,-2.36691,-1.91688,66.6338,2.54911,-2.41767,110.111,0.684509,0.889824,-0.500789,0.0325051
117.925,1.33749,-0.235972,81.8878,-2.12943,0.10875,185.494,-0.563328,2.96146,-0.344722,0.0303935
67.3158,0.979989,-0.397556,62.878,-3.03976,-1.1356,55.9101,-0.415558,2.52107,0.738047,0.0296204
198.734,0.420406,2.88428,141.269,-3.21707,1.97316,109.654,-1.09688,-0.420145,0.911118,0.0342724
186.126,-0.53556,-0.37647,79.164,3.67844,2.9602,27.4774,1.55608,1.4699,-2.94651,0.033981
116.431,-0.0189271,2.59725,43.2307,3.29582,-2.28044,39.4485,1.07211,0.284798,1.40549,0.0307937
139.058,-1.61106,-2.42462,47.9684,4.38623,-1.43202,143.168,1.95312,0.890896,0.992597,0.0361166
108.355,-1.13089,-2.33828,90.9685,2.76267,-1.36545,152.646,1.43134,1.008,0.972828,0.032877
88.2188,2.0125,2.45301,44.3341,-2.19154,3.10406,105.331,-1.78951,-0.995116,-0.651057,0.0320824
99.4871,-2.97157,1.51717,45.902,4.21089,1.35439,134.384,1.4464,-1.84687,-0.162784,0.0364049
159.043,-2.45916,2.70942,92.9797,2.62932,-2.83114,152.367,0.659674,-0.0483638,0.742626,0.0324514
72.6435,-2.99266,-0.251236,35.4408,1.4912,-1.96424,50.829,0.965891,2.88876,-1.713,0.0322012
92.5983,3.37019,1.82675,75.7119,-3.58649,2.77887,61.614,1.58436,-0.844387,-0.952113,0.0366225
131.089,-0.620282,3.00671,57.9085,3.9612,-0.87885,82.9272,0.204151,0.711876,2.39762,0.0347154
221.289,2.07307,-1.61291,136.285,-1.4911,2.32088,120.464,0.412955,0.339122,2.34939,0.0334749
136.329,1.51568,-0.287668,43.1271,-2.18797,2.38728,59.9582,-1.06416,-3.06899,-2.67495,0.0318075
149.695,-1.12374,-2.37359,60.1529,3.13153,2.72523,134.486,0.673394,0.471436,-1.18437,0.0308862
185.712,-1.75691,2.8641,69.6788,2.06869,-1.96002,136.617,-1.03366,0.00833778,1.45907,0.0296993
94.8171,2.94263,2.51144,56.7718,-3.00854,2.0275,72.8402,-0.26892,-1.07208,0.483937,0.0340045
280.727,0.521348,-1.06913,139.058,-3.96319,0.465288,150.845,-1.5142,2.36329,-1.53442,0.0357313
167.199,3.03724,1.91671,79.5394,-3.73586,-1.27991,64.5187,1.48179,-1.54229,-3.08656,0.0366798
78.3636,-1.44608,2.13685,76.0655,3.02854,2.22991,147.988,1.73385,-1.02549,0.0930655,0.0323249
156.504,-0.420515,1.68483,62.7127,2.7902,0.347293,106.867,1.46754,-1.7261,-1.33754,0.0318822
48.7845,3.96317,-1.4845,42.4915,-0.318589,-2.63778,46.0484,-0.24156,0.850857,1.15328,0.0298778
182.36,2.09349,-2.22513,41.8655,-3.47137,2.98203,113.469,-0.575382,0.882251,1.07603,0.033617
171.229,2.12923,2.52135,45.3511,-2.85464,0.923077,142.282,-1.50216,-0.506338,1.59827,0.0341833
144.657,1.60466,-3.08629,43.5145,-2.28605,-0.829168,78.6018,-2.19673,1.01959,-2.25712,0.0335356
226.662,-1.36629,0.0918499,56.8523,3.48558,-2.17064,187.915,1.73358,2.99928,-2.26249,0.0330985
97.402,-2.16522,0.833767,46.1102,2.78225,2.53055,64.5858,-1.32108,-1.79013,1.69679,0.031861
247.106,-0.535901,0.740578,46.9052,4.09169,-2.68905,88.9909,0.975431,-2.44732,2.85356,0.0337424
116.998,3.33779,-0.730421,47.0751,-1.95938,-0.765454,76.7842,0.314421,2.1979,0.0350332,0.0335629
132.548,-1.94958,-1.75979,125.114,2.39158,-1.34049,193.476,1.88009,1.44515,0.419292,0.0332611
159.719,-1.75315,-1.25476,138.78,2.548,-0.280099,169.697,1.78549,2.4747,0.974659,0.0330827
117.774,-3.47092,0.78856,65.2391,1.96181,0.95262,83.8256,-1.04595,-2.03111,0.16406,0.0345467
76.7122,1.90046,2.58908,64.9296,-2.28616,-1.189,45.1511,-1.11944,0.845101,-2.50511,0.031344
122.81,-1.34081,-2.4505,37.5656,4.2958,1.87297,124.001,0.552082,0.497089,-1.95971,0.0344278
106.03,-3.457,-0.983426,41.8865,0.837698,-2.59959,80.5531,-1.62412,1.97042,-1.61616,0.0320165
66.8241,0.144561,0.826728,34.9947,-4.11164,1.74023,41.6023,-0.89599,-1.90973,-0.913506,0.0321304
71.6808,-0.360854,-0.716633,43.6455,3.47774,-0.806094,44.2522,2.31461,2.16141,-0.0894616,0.0304708
76.5718,-2.66398,-2.75119,70.5883,1.4205,-1.52276,58.3192,-0.179639,0.0168722,1.22842,0.031537
163.756,2.70207,1.10875,110.434,-1.0982,-0.483748,73.7722,0.698192,-2.51476,1.5925,0.0319867
208.591,1.48338,2.16051,56.0872,-2.92927,2.68529,156.249,-0.841022,-0.683244,-0.524774,0.0333952
143.064,3.34623,-0.0877222,69.8896,-1.90811,0.411814,86.6638,-0.457913,3.04369,-0.499537,0.0342375
190.044,-2.16653,-0.984702,34.5619,1.13955,-2.01735,140.596,-0.576646,2.3582,-1.03265,0.0311703
186.707,-1.10794,-0.361189,117.457,3.2426,-2.6572,121.942,1.02992,2.12626,-2.29601,0.0339725
162.992,1.32351,0.0106299,128.645,-2.0933,1.04758,164.964,-2.02606,-2.92502,-1.03695,0.03368
164.631,-3.25729,-2.41812,118.24,1.62443,-2.18787,164.075,-0.00833578,0.789794,0.230243,0.0342924
111.833,-2.8034,2.35279,50.2588,0.788777,2.84649,64.725,-0.134434,-0.744392,0.493703,0.0317295
106.171,2.46005,-0.979335,70.6146,-1.88951,-2.18383,44.573,0.206695,1.89046,1.2045,0.0299711
181.718,-3.11425,2.64827,83.3909,0.0688355,-0.721679,69.2186,-2.28321,-0.742449,2.91323,0.0336052
68.7519,-3.21465,-1.0396,44.1161,4.63869,-0.448309,60.1312,0.938622,2.07487,0.591288,0.038223
199.288,-2.48633,-0.420763,39.7739,2.79026,-3.02597,97.6844,-0.530199,2.65181,-2.60521,0.0332022
206.989,-1.07016,-1.22173,115.329,3.3722,-1.2334,106.363,1.25682,1.931,-0.011664,0.0345247
90.9708,-1.3088,1.20479,53.687,3.20124,1.34043,122.117,1.05914,-1.96,0.135638,0.0308371
85.8087,3.51477,-1.2409,80.9881,-1.77883,-3.13526,57.2891,1.3077,1.03625,1.89436,0.0326997
88.8638,2.83692,-2.65325,77.2539,-0.778093,-0.774865,54.1878,0.649033,1.11795,-1.87839,0.0331375
171.406,-2.54366,-0.586248,44.9756,3.53886,-1.30287,156.861,1.43437,2.51502,-0.716627,0.0346177
85.4736,2.74479,-2.46983,37.6672,-0.987035,-0.556013,70.345,0.418406,1.69794,-1.91382,0.0287831
118.793,-1.9982,-2.74949,64.8867,3.19445,-0.629791,88.3362,0.682095,1.23958,2.1197,0.0334443
113.21,3.13047,-2.55757,33.3495,-2.44608,-2.42331,70.8276,-0.959012,0.668209,-0.134261,0.0328917
137.641,-2.92361,-0.197152,85.215,4.01191,2.34723,62.639,-0.474816,-2.54833,2.54438,0.0367529
142.125,1.93255,-1.17834,106.833,-3.40514,0.596934,86.5129,0.750738,-2.85236,-1.77527,0.0349038
114.886,1.50191,-1.10876,62.7273,-2.69384,2.99585,44.0818,-1.40181,0.924637,2.17857,0.0326006
124.497,-2.46361,-0.378624,81.7324,3.21784,-1.462,91.9823,-0.63477,2.15938,-1.08338,0.0351082
55.8155,-3.86073,0.0797357,47.1883,2.20823,-0.435236,55.0787,-0.144003,2.64001,-0.514972,0.0342675
143.922,1.94886,2.18121,86.2946,-1.62997,1.47195,150.019,1.00527,-1.22932,0.709259,0.0327338
199.482,-0.694689,1.3232,34.9875,3.04602,1.43326,83.3023,-0.0518835,-1.65484,0.11006,0.0304587
82.1637,-1.79893,-1.8348,68.1843,1.90493,2.63508,47.0382,1.35994,0.983335,-1.8133,0.0318135
259.261,-2.32975,0.320198,34.7134,2.29823,-2.48285,108.089,0.966045,3.10733,-2.80305,0.0330294
151.098,-1.19664,1.63657,84.0125,1.8353,-0.904616,43.9756,0.348234,-1.95891,-2.54118,0.0318822
129.519,2.31972,3.12884,49.6925,-3.57419,0.875641,48.7053,-0.522257,-0.00921441,2.2532,0.031925
135.836,3.55839,-1.65338,57.1863,-1.93019,-0.721402,70.4817,1.55511,1.34911,-0.93198,0.0350856
351.271,-1.335,1.46391,114.023,2.75854,-0.983368,145.085,0.156086,-2.1263,-2.44728,0.0340729
56.1202,2.44911,0.130332,50.4331,-2.61028,-0.836693,81.9459,-1.49602,2.494,0.967025,0.0320279
181.697,2.32568,0.597834,68.0053,-3.05307,-0.750644,96.7276,-0.335081,-2.71064,1.34848,0.0344723
141.959,-1.25397,1.10941,93.547,2.72726,-1.53891,52.3736,2.48264,-1.97269,-2.64831,0.0332023
67.8624,-3.38112,0.412846,44.9672,0.761459,-0.793136,81.4449,-2.04798,2.83105,-1.20598,0.0313155
216.586,-1.34739,-1.14093,39.5501,2.96927,-2.56706,186.576,0.390093,1.7376,-1.42613,0.033069
144.943,-0.556386,-2.44811,137.374,2.66861,1.15705,56.2314,1.93882,0.16733,-2.67803,0.031493
237.824,-0.828971,-2.29959,68.8104,2.38349,1.07219,169.982,0.98244,1.05209,-2.91141,0.0327652
160.193,-1.33418,2.33789,95.8776,1.96867,-1.99122,74.275,0.434043,-0.371706,1.95408,0.0302882
92.3664,-2.66353,-2.64813,85.8331,2.73368,-2.60722,98.7789,1.83739,0.333841,0.0409117,0.0330852
133.479,1.70059,1.80859,55.6645,-4.24725,-2.4767,83.0841,0.116182,-0.505779,-1.9979,0.0338893
56.3009,0.731845,-2.15951,44.3518,-3.8995,-0.895765,49.4018,-1.42745,1.2813,-1.26374,0.0320479
46.9521,-3.79529,-1.97187,44.3255,3.56312,-2.29855,33.4841,0.377843,1.34447,-0.326676,0.0340974
109.047,2.2797,-0.339178,51.1526,-3.0885,-0.476621,130.937,0.85361,2.94086,0.137443,0.0327359
117.042,3.80734,-0.323931,100.711,-0.80591,-2.32791,103.096,0.0434712,2.27,2.00398,0.0327888
185.308,-1.96055,2.95023,57.4853,1.39508,0.10749,55.9632,-2.62858,-0.806604,-2.84274,0.0322061
53.7114,-4.24018,-0.0945137,52.1143,0.376422,-1.55166,34.3495,-0.0637244,2.31424,-1.45715,0.0330359
84.9512,3.58765,-2.03076,41.8902,-1.5526,-2.85209,58.1585,1.25376,0.919405,0.821324,0.0324762
128.121,2.20626,-1.60203,51.4723,-4.39007,1.49125,71.8392,-1.58916,1.80836,-3.09328,0.0358393
133.583,-2.03626,-0.601768,101.279,3.73863,-0.27317,111.756,0.472706,2.76121,0.328598,0.034047
74.1609,-3.11502,1.44311,65.3327,0.477637,-2.83488,62.1671,-0.854001,-0.723165,2.00519,0.0312517
160.359,-2.51626,-1.94721,34.1985,3.07264,-2.01983,136.361,-2.06744,1.02227,-0.0726198,0.033482
83.7276,1.64882,-2.53546,42.9467,-2.53783,3.1089,90.6745,-1.3288,0.402177,0.638823,0.0314202
103.669,2.67099,1.61592,40.4374,-1.51981,-1.54365,44.1578,-0.723728,-1.88476,-3.12362,0.0296568
101.822,2.19931,0.78512,44.0181,-3.79202,2.2003,52.2591,-2.9087,-2.06416,-1.41518,0.031946
107.069,3.18366,-1.2721,61.8262,-3.18601,-2.11664,132.812,-1.31516,1.50972,0.844543,0.0315211
54.8468,-2.8036,-2.61208,48.5889,3.38661,-1.86195,66.744,-1.96253,0.999111,0.75013,0.0334637
82.9075,-0.434679,-0.0776242,69.7572,3.7188,-0.205446,91.817,-0.165015,-2.55886,-0.127822,0.0335744
196.339,3.0568,-0.268881,37.4452,-2.69439,2.28879,89.3281,-0.517777,2.51921,-2.55767,0.0346727
60.8394,-4.25267,0.584562,49.5583,2.25441,-0.729496,41.6273,2.64781,-2.6978,-1.31406,0.0346608
91.6414,2.25389,2.47307,61.5791,-2.34895,-1.32855,31.168,1.63749,0.567274,-2.48157,0.0320436
74.876,2.75424,1.46734,48.4556,-3.37285,0.417749,43.809,0.143578,-2.15827,1.04959,0.0337361
73.7813,1.2899,1.02572,40.6884,-3.95935,1.41137,92.5127,0.559331,-2.01629,-0.385651,0.0327712
62.4905,-2.59118,0.324586,43.3905,2.87143,-1.33932,30.2801,-1.83213,-2.81826,-1.66391,0.0324009
53.9021,3.22455,2.89779,49.1788,-1.50608,2.11546,55.6107,-0.613775,-0.758839,0.782326,0.0315991
76.2992,2.90592,2.54181,54.9718,-1.9899,1.91887,81.3228,1.16406,-0.886245,0.622939,0.0324529
70.5136,2.96849,2.33978,43.6834,-2.48468,-0.937334,55.2251,2.66396,0.0824789,-3.00607,0.0314768
141.243,-1.48377,1.1111,49.9861,3.41531,-1.70994,89.9422,-0.189936,-1.67357,-2.82104,0.0329118
92.0523,1.38403,-2.78238,67.6703,-1.77184,-2.35973,136.777,0.146267,0.547447,-0.422649,0.0313618
67.2195,-1.63753,0.942524,50.608,2.68258,-1.50222,31.1568,0.21512,-2.72879,-2.44475,0.0296618
130.222,0.216614,-2.27004,94.2598,-2.94949,-2.94956,107.727,-2.25035,0.485333,0.67952,0.0331408
84.1431,2.5525,0.347425,60.3706,-3.24996,-1.14903,69.0069,0.174869,2.88862,1.49645,0.0329193
219.018,-1.58755,-0.52523,50.8072,2.36661,3.00599,130.705,-0.088983,2.60066,-2.75197,0.0304512
75.9327,2.03409,1.11845,46.0311,-2.78337,-1.50365,37.2297,-0.250981,-1.75316,2.6221,0.0317992
289.712,-1.24978,0.773255,143.927,2.29083,-0.298286,254.98,-0.907696,-2.83826,-1.07154,0.0336947
56.9497,3.33765,2.04799,41.9148,-3.10473,2.17526,64.6491,-0.0611435,-0.923587,-0.127274,0.0334298
241.474,-1.83081,-0.714461,79.1294,3.49837,2.44207,116.803,1.04441,2.67894,-3.12665,0.036447
90.0352,-1.55756,0.424357,54.7383,3.99641,-0.247918,124.908,0.753909,-2.8108,-0.672275,0.0337377
73.4063,-3.15094,1.80199,45.7584,1.42721,2.29428,82.719,0.261283,-1.64806,0.492297,0.028688
133.253,-2.62762,-0.157958,37.8291,3.0585,2.29526,41.9182,-1.37196,-2.46748,2.45322,0.0331439
158.326,-2.17379,1.50221,69.8499,1.76948,-1.15249,92.6352,-0.16988,-1.59324,-2.65469,0.0320759
212.795,2.2388,-2.64663,68.2081,-2.1744,-0.403979,178.147,-0.788099,0.931612,-2.24266,0.0338994
200.172,-1.96307,0.110962,58.6385,3.95922,-0.82835,66.1254,0.738952,-3.05499,-0.939312,0.0355551
142.388,0.240388,0.79756,76.3025,-2.87096,2.20499,85.5983,-0.862248,-2.62995,-1.40743,0.0302659
130.742,2.54858,-1.51913,59.7287,-4.39374,-1.28266,153.273,-0.917588,1.89894,-0.236475,0.0372955
83.6598,2.55108,-2.93207,43.9323,-1.18536,-1.43587,50.5823,0.247153,0.577248,-1.4962,0.0277323
89.5982,3.68186,-2.18152,30.3027,-0.617383,-3.03842,32.2758,0.397501,0.905886,0.856903,0.0285683
121.121,-1.80144,1.34801,79.445,2.8121,-0.787851,58.131,0.108052,-2.72168,-2.13586,0.0306886
63.0664,4.3994,0.71396,30.0576,-1.17799,0.509982,26.7501,0.0380222,-1.75912,0.203978,0.033282
111.589,-3.55812,2.68369,47.7677,1.16819,2.14222,150.55,0.657246,-0.426937,-0.541473,0.0349348
146.145,3.76105,0.621364,31.1948,-1.76158,-3.06307,135.088,-0.103189,-2.20117,-2.59875,0.0355886
208.02,-1.95607,-1.16288,64.6736,1.62119,-1.78278,185.514,-0.0529106,1.93782,-0.619902,0.0327232
103.315,-2.87179,-0.49057,51.7789,1.16223,-0.0720109,99.5387,-1.20031,2.68588,0.418559,0.0293897
144.251,-2.05396,1.14006,54.8185,3.75817,-0.767018,98.3678,1.11481,-2.49802,-1.90708,0.0344381
140.247,1.68441,3.06779,104.525,-2.69993,-1.89943,69.3375,-1.57876,1.12596,-1.31597,0.0322308
114.943,2.13671,1.03554,54.3014,-2.06823,-0.91096,54.4059,-0.185706,-2.23433,1.9465,0.0290405
184.906,-1.67067,-1.50087,78.1723,1.44655,2.16791,113.134,-1.41796,1.67763,-2.61441,0.0324138
87.2014,-0.93177,1.66458,37.9406,2.67592,-0.822954,75.7615,1.31646,-1.73436,-2.48754,0.0310667
61.0487,3.62705,0.300419,54.0894,-2.26454,1.81411,55.8183,2.01712,-2.67031,-1.51369,0.0334043
137.887,-1.69068,-2.49718,69.4111,3.08742,1.56573,73.5598,-0.304665,-0.270869,-2.22027,0.0327807
167.523,-3.19124,2.99414,42.3979,1.24486,1.70416,67.569,-1.07509,-0.428878,-1.28998,0.0328987
97.0651,-2.45475,1.89033,54.5337,4.01025,-2.0319,76.1413,-1.89029,-0.626656,2.36095,0.0352033
151.977,1.97412,1.69458,53.6425,-4.82817,-1.31685,40.4921,-0.699805,-1.44034,3.01143,0.0375101
236.827,0.895607,-0.204149,41.8901,-4.71973,1.83833,119.414,0.151027,-3.1336,-2.04248,0.0371153
116.649,-2.87639,-2.67852,78.0875,0.682126,-3.08161,143.706,-1.36906,0.177727,-0.40309,0.0329437
55.8836,0.632553,0.4512,44.4651,-3.48682,1.02923,82.9341,-2.21429,-2.5559,-0.578028,0.0319194
119.611,-0.462222,-1.20246,45.3753,3.24224,2.4215,84.3963,-0.0480225,2.70953,-2.65923,0.03152
129.877,-3.25337,2.37657,51.6941,1.65801,0.607693,55.7206,-1.3268,-1.60347,-1.76887,0.0331042
92.742,-2.69695,-0.116745,40.6667,3.13711,-2.63817,63.9341,-1.08254,3.00031,-2.52143,0.0331171
151.295,-0.599206,0.919422,74.3415,2.63611,0.269555,177.432,0.266681,-2.5938,-0.649867,0.0302774
126.848,-1.50302,-1.60496,35.9475,2.82627,0.798479,159.306,-0.168263,1.85216,2.40344,0.0298588
75.3126,-1.15012,1.82502,37.5633,2.71585,-2.3576,80.7828,-0.16016,-0.898363,2.10057,0.0308752
132.645,-2.95336,2.36649,72.6239,4.27659,0.828399,113.713,0.421976,-1.18712,-1.53809,0.0363874
224.38,0.680577,2.1189,78.3415,-2.87686,1.18578,242.543,-0.431334,-1.23956,0.933122,0.0317647
153.118,2.26984,1.64285,81.0293,-3.78277,-0.697336,70.0338,-1.85867,-2.38557,2.34018,0.0336908
61.3061,-2.95737,-2.81832,42.8771,1.88439,-2.80115,97.1323,0.330288,-0.0196616,0.0171702,0.0322947
190.659,-3.14436,-2.33961,98.3583,3.20883,-1.89551,77.9968,-0.679462,1.3068,0.444093,0.0369242
125.765,-2.41032,-2.26349,52.3995,3.68216,-0.582786,76.5086,0.300098,1.54388,1.6807,0.0347976
151.293,3.11459,2.27815,99.0128,-1.5501,1.31764,148.779,0.194561,-1.13454,0.960511,0.0320032
264.838,-2.40999,0.0594768,85.8697,3.85512,0.863915,271.53,0.295757,-2.83553,0.804438,0.0369726
145.523,-1.93685,-2.04966,71.2479,4.07549,2.21615,68.3686,-0.317417,0.63951,-2.01737,0.0360271
85.8383,2.43045,-2.87697,47.5775,-3.15025,-1.22371,67.791,-1.13912,0.863821,-1.65326,0.03293
90.015,2.68303,0.421333,59.2337,-2.66135,1.78409,56.7314,0.409836,-2.9285,-1.36276,0.0294399
129.7,2.3157,-0.760133,83.8241,-2.87027,-0.224438,105.852,-0.20498,2.7513,-0.535695,0.0338393
124.305,3.64204,-0.656304,99.1881,-3.52817,-0.767839,149.97,0.442048,2.89274,0.111535,0.0377221
166.396,2.45919,-1.22682,107.827,-2.45914,-0.769236,135.491,0.997297,2.12448,-0.457579,0.0341012
194.631,0.725557,-1.10374,36.6675,-3.80613,-0.238765,59.3757,-1.81862,1.43791,-0.864973,0.0339416
114.05,3.26406,-2.60287,102.176,-2.30581,-0.74614,110.832,1.60942,0.073353,-1.85673,0.0341782
111.018,0.37484,0.11629,40.0532,-3.63715,-0.541287,75.317,-0.751004,-3.04855,0.657577,0.0302325
226.674,-1.77761,3.0898,173.285,2.09172,-2.53538,173.758,0.230896,0.182753,0.658007,0.0340642
139.746,1.74333,-0.299224,31.1526,-1.70976,1.2626,67.0139,-0.223121,-2.73534,-1.56182,0.0312814
243.85,1.04403,-2.28994,41.5779,-2.63818,-3.07385,194.322,-1.31127,0.757912,0.783909,0.0312052
81.5433,2.83986,1.30976,43.3013,-1.80012,0.991021,64.7709,1.74172,-1.85217,0.318741,0.0299
130.966,-2.05961,2.93389,109.938,2.1037,-1.47893,116.052,1.32131,0.620523,1.87037,0.0329889
121.544,2.91992,1.34856,63.8453,-3.85177,0.565538,124.526,0.26818,-1.7879,0.783022,0.0357352
182.21,3.17969,2.02976,34.4797,-2.42883,-1.15592,130.714,-0.124063,-1.13669,-3.09751,0.0340425
148.375,2.46899,2.54535,94.0915,-1.29713,-0.610024,58.6088,-0.891737,0.285177,-3.12781,0.0325935
154.015,3.19591,1.92917,118.238,-2.95841,0.404823,145.795,-2.00097,-1.94948,1.52434,0.0369099
95.9793,-2.11657,-1.91656,61.492,3.17866,1.4998,79.642,2.23522,0.708322,-2.86683,0.030918
77.0913,1.06308,3.08824,37.236,-3.16956,1.9646,58.9881,1.01227,-0.501232,1.12364,0.0319309
84.5786,-2.09387,0.582283,49.6367,1.39734,0.216087,67.2242,-0.176685,-2.21646,-0.366197,0.0331113
89.7345,3.0879,-2.64868,47.6604,-2.13655,-1.24789,29.3649,1.56217,1.12199,-1.40079,0.031045
88.8935,-2.33447,-2.47875,34.6537,2.66113,-1.0738,59.9043,0.838282,1.12066,1.40495,0.0321976
242.453,1.52344,3.06585,31.9221,-2.80072,1.03496,148.221,-0.825438,-0.204926,2.03089,0.0328203
205.767,-2.14499,-1.02623,31.772,3.48336,1.95847,149.86,0.995491,2.08875,2.98469,0.0339684
285.498,-2.48133,-0.913049,131.296,3.93089,1.85852,152.755,1.03052,2.20783,2.77157,0.0380775
147.079,-2.41115,2.47993,42.7525,2.36781,0.0949499,110.11,1.56337,-0.909509,-2.38498,0.0333387
196.923,0.399558,0.626842,124.317,-3.16723,0.578463,262.359,-0.806755,-2.58973,0.0483794,0.0336815
84.552,-1.20638,-1.21808,33.7647,4.20355,-1.00986,119.524,1.55834,1.79434,0.208218,0.0334051
161.864,2.29786,-0.497406,79.1739,-1.08229,1.64937,109.808,1.05255,-2.83521,-2.14678,0.0312348
176.666,2.59409,-0.472153,54.3479,-2.04156,0.676154,127.756,0.6315,-3.0773,-1.14831,0.0307381
74.6821,1.51415,-0.90123,58.4404,-2.22574,-0.549685,83.2021,-1.20189,2.06352,-0.351545,0.0293416
166.997,2.25802,-3.03427,54.9934,-3.79188,-3.0411,180.281,-0.0721686,-0.0952882,0.00682926,0.0346707
147.932,0.875438,1.77113,65.5765,-3.64546,-0.877044,104.821,-0.265473,-1.31171,2.64817,0.0335353
71.8492,-1.92447,-1.00892,65.6131,2.99182,-1.82279,64.1614,0.438885,1.21682,-0.813876,0.0336682
218.693,2.9774,-2.00836,151.414,-1.33887,0.423691,103.587,0.748388,2.0279,-2.43205,0.0325188
102.308,2.66222,-1.14003,87.702,-3.57337,0.611921,61.6745,-2.03254,2.76014,-1.75195,0.0352891
136.197,2.28529,3.04198,129.74,-2.69368,2.7253,136.687,1.13631,-0.146535,0.316683,0.0337333
270.588,1.12291,-3.13449,64.6465,-2.65613,2.14634,309.533,0.504784,-0.200081,1.00235,0.0328494
198.934,0.774758,0.6382,32.0034,-3.22935,0.255673,121.997,-0.492839,-2.33363,0.382527,0.0322523
112.886,-2.91936,-2.43348,73.0508,2.7409,2.69319,142.09,-0.410641,0.418006,-1.15652,0.0335107
110.409,-3.07662,1.7128,36.303,3.63603,-0.0815747,55.6016,-2.10012,-2.03,-1.79437,0.0352982
121.191,-2.91911,2.99099,80.0066,2.93042,1.58276,73.3582,1.03263,-0.275499,-1.40823,0.0347271
119.666,2.92597,2.61752,78.897,-0.756722,1.7304,146.001,1.27942,-0.857048,0.887121,0.0328537
92.0266,-0.942587,-1.59335,85.4272,2.78948,-1.28513,116.036,-0.469918,1.76069,0.30822,0.0299972
158.018,-1.85005,2.93457,48.6096,4.15468,-2.58808,103.71,-0.194158,-0.139553,0.760535,0.0352348
132.593,1.57286,0.418279,54.3905,-1.86052,0.419064,45.1642,-0.751554,-2.37951,-0.000785291,0.0322255
201.963,0.601592,2.86463,105.547,-3.95693,-2.29254,125.258,-1.86207,0.0849773,-1.12601,0.0334601
181.014,1.43411,0.220192,112.58,-1.99156,1.35399,147.533,-0.441193,-2.46883,-1.1338,0.0310384
75.9869,0.914144,-1.70024,44.9699,-4.08749,-0.98213,52.2607,-1.19645,1.87779,-0.718106,0.0319
116.416,-1.4618,2.739,42.7744,4.19219,1.78046,87.9785,0.262545,-0.934375,-0.958538,0.0342936
109.474,-1.937,-2.24927,65.7832,2.86439,-1.55623,106.083,0.935301,1.20854,0.693045,0.0314602
319.767,-1.96306,2.85818,137.612,1.87436,0.115579,177.378,-0.984907,-0.306199,-2.7426,0.0335545
94.4601,-2.25481,-2.22928,79.1601,3.86992,-0.0987744,53.9108,-0.370392,1.39988,2.13051,0.0356513
121.79,2.60687,-1.12813,36.145,-3.22353,-0.144217,102.734,-0.486303,2.04229,-0.983912,0.0331579
106.42,-1.97176,1.00917,54.3238,3.81312,-0.220043,42.437,0.402487,-2.47274,-1.22921,0.0322725
279.693,-1.58915,-2.95342,71.242,3.13422,2.14194,278.384,0.0911556,0.0413639,-1.18783,0.0335773
84.4543,0.931875,-1.3707,71.9929,-4.46834,-2.55105,95.7165,-0.640874,1.51361,1.18035,0.0330753
52.1132,3.0779,-0.308519,46.9818,-3.21165,-0.232597,100.624,0.0469397,2.88922,-0.0759219,0.0331768
46.1952,1.10687,-1.98592,37.0236,-3.82109,3.04133,50.294,-0.956061,0.390866,1.25593,0.0321131
82.2323,-1.87633,-0.900406,65.5734,2.59158,-0.783102,55.855,-0.0567214,2.52237,0.117303,0.0321456
300.729,-1.753,-1.86268,35.1925,4.25681,0.264195,166.756,1.27617,1.52362,2.12688,0.036034
117.639,-2.68421,-1.8264,70.0752,2.4023,3.08698,45.2879,-0.510393,1.1698,-1.36981,0.0329985
89.0333,3.3814,1.88437,31.3361,-1.35587,1.55998,33.42,2.78396,-0.677441,0.324387,0.0269141
95.9362,2.58846,-2.08325,35.1527,-2.66844,2.54658,76.033,-0.315765,0.675349,1.65335,0.0316092
76.0441,2.99604,0.540782,43.1448,-3.54815,-0.0046662,96.3538,0.276764,3.13015,0.545449,0.0344771
138.425,1.45465,-2.58028,127.695,-3.84392,-1.53772,209.677,-0.649692,0.89537,-1.04256,0.0357332
91.9119,2.93764,2.42507,66.8961,-3.41741,3.02997,114.499,-1.36759,-0.126103,-0.604902,0.0345012
157.963,-1.89393,-1.29648,63.3031,3.42694,1.49384,49.3631,-0.833556,2.55076,2.79032,0.0324286
86.938,2.68377,0.124126,81.3672,-0.843348,2.29372,54.2763,1.11401,-1.26108,-2.1696,0.0317763
89.7651,-0.172535,2.15394,73.2159,3.24855,2.2162,126.128,1.81335,-0.418247,0.0622673,0.0315222
118.044,1.98448,-1.75125,85.495,-2.369,-1.90429,136.727,-0.167372,1.07118,0.153039,0.0328884
193.95,2.56413,-1.61867,108.214,-1.91319,-0.0473867,197.056,0.97873,1.92403,-1.57128,0.0332913
169.987,2.34549,-2.28376,48.4194,-3.07903,-0.454696,136.976,-0.138721,1.28286,-1.82907,0.0322519
199.036,3.08985,-0.0811567,67.2577,-4.0301,1.10676,117.463,0.575662,-2.97169,-1.18791,0.0384447
203.49,-0.534159,0.02436,74.8049,2.74788,2.63008,153.662,2.00304,-3.03987,2.60572,0.0331141
140.109,1.14638,-2.57169,77.5268,-2.0557,2.13868,97.8594,-1.23353,0.237586,1.57281,0.0331984
106.458,2.89516,1.21473,86.4888,-0.371559,2.91445,45.7643,0.498628,-1.02786,-1.69972,0.0295821
103.331,-2.40887,-3.12263,96.8349,2.87537,0.499967,37.6869,-1.14852,-1.27467,-2.66059,0.0340058
106.155,3.24571,-1.96668,34.2717,-2.79319,-1.90673,39.0936,1.25182,1.36248,-0.0599476,0.0334812
61.8032,3.19506,0.745066,43.0073,-1.21752,0.174197,50.0107,-0.553449,-2.43974,0.570869,0.0318017
134.019,1.32017,1.50272,31.0004,-3.12238,2.94688,117.894,-0.258905,-1.47424,-1.44417,0.0315302
58.7005,3.43453,0.0414483,55.9512,-1.80738,2.22003,36.0689,1.73214,-2.35245,-2.17858,0.0316033
126.635,-3.19481,-0.82302,107.236,2.9551,-1.6657,119.589,0.584645,1.83732,-0.842681,0.0354812
194.707,-1.94678,0.654724,42.2636,2.84676,-1.26112,62.4066,1.00323,-2.51178,-1.91584,0.0295942
158.058,-0.853434,-0.581173,81.8834,2.38155,-0.263366,110.783,0.170314,2.6614,0.317806,0.0321902
154.581,1.60153,-2.13874,62.8007,-4.02132,2.29229,103.907,-0.921875,0.435055,1.85215,0.0348449
106.413,-1.73303,0.292408,65.6046,2.76286,2.32568,74.8183,0.26246,-2.05655,2.03328,0.0323721
192.401,-2.59088,3.0241,94.6743,1.2689,2.96628,169.096,-2.221,-0.156113,-0.0578194,0.0339612
262.328,2.65821,0.1897,219.449,-1.14349,0.101994,197.623,0.257865,-2.50222,0.0877061,0.035364
109.379,2.2109,-2.85927,50.0877,-3.37583,-2.203,111.426,-1.40993,0.563305,-0.656265,0.0340863
98.4062,2.7335,0.302826,92.2466,-0.55932,0.238986,90.9347,0.476486,-2.88505,0.0638396,0.0286138
55.8806,4.07545,-1.32349,38.2518,-4.30959,-1.17634,41.9606,2.43125,2.38669,-0.147146,0.0364386
220.247,-0.463551,2.96439,77.1522,3.53091,-0.925355,124.874,1.67603,0.0682039,2.39344,0.0332442
401.648,-1.8848,-2.55368,283.152,2.11062,2.55569,136.243,0.331477,0.0656525,-1.17382,0.0336272
78.7775,2.13502,0.0935477,46.9049,-1.52088,0.877485,108.028,0.286876,-3.03171,-0.783937,0.0305227
126.783,-2.73305,-0.0785143,96.0997,2.25871,-0.942832,147.917,-0.029932,2.28477,-0.864318,0.0325891
94.5341,-1.00131,-0.795384,81.4748,3.8495,-2.45316,68.6088,1.62135,2.14974,-1.65778,0.0325859
115.527,4.195,2.33093,79.7963,-0.497167,-2.77672,96.971,1.18593,-0.524709,-1.17553,0.0344186
110.154,0.81132,-0.366918,61.9744,-3.61536,2.98622,39.6389,-2.10972,2.88524,2.93004,0.0321166
110.936,-1.68538,2.3418,36.3004,3.45645,1.45276,96.8132,-0.32829,-1.10558,-0.889041,0.0310861
168.643,1.57105,1.18069,98.532,-3.26469,-2.54884,149.187,-1.46281,-1.71729,-2.55365,0.0329045
81.2653,1.90014,2.56114,76.0028,-2.97351,1.02847,96.4929,-0.341722,-1.73513,1.53267,0.0280038
115.433,2.43049,-0.0984435,38.9964,-1.37827,-0.662949,94.5517,1.70828,2.698,0.564506,0.0306935
123.971,-0.552267,0.803581,36.4682,3.84885,-1.35687,81.6904,2.01257,-2.73349,-2.16045,0.030833
74.1458,0.763186,0.00642517,60.7539,-3.20821,0.528793,108.472,-1.3275,-3.06628,-0.522367,0.0317025
145.405,2.55193,2.10601,43.6947,-1.50301,1.34944,156.986,0.0853319,-1.54646,0.756573,0.0322726
86.6557,2.71914,2.96072,57.6329,-1.73757,2.14873,97.5497,-1.41811,-0.302314,0.81199,0.0336666
145.441,-0.622073,1.52682,50.2347,2.62009,1.11175,129.171,1.75474,-1.82592,-0.415074,0.0322947
75.6632,-2.03758,2.74075,59.6018,3.92389,-2.89006,78.0254,-0.270104,-0.53393,0.652371,0.0301594
98.2933,1.7205,0.309238,62.8677,-1.60107,2.77072,33.0813,0.13332,-2.2659,-2.46149,0.0311086
294.13,2.41115,1.48138,49.5942,-1.04026,-2.18579,148.743,-0.13623,-1.54155,-2.61601,0.0343783
103.474,0.568452,-2.88549,91.1119,-3.35562,1.78242,81.2559,-0.784859,-1.32234,1.61527,0.0314524
117.778,1.215,2.87383,34.6225,-4.27937,0.133894,67.9725,0.651014,-0.787263,2.73993,0.0342141
128.336,-3.85485,-2.78334,62.7332,3.51599,-2.99576,142.991,0.0442418,0.573879,-0.21242,0.037364
206.78,0.873647,0.0400454,30.6012,-2.19496,1.897,168.565,-1.22141,-2.98663,-1.85696,0.0333209
144.039,0.465892,1.40193,82.123,-3.78296,0.855827,227.075,-1.22718,-2.04673,0.546108,0.0332836
94.1775,-1.83192,-1.26543,58.3524,3.64206,-1.59599,119.681,0.941231,1.58397,-0.330561,0.0343446
163.965,1.27374,2.96303,103.401,-2.04265,2.56093,124.418,0.847899,-0.461577,0.4021,0.0327123
486.036,-1.84227,2.06294,168.198,2.71546,-1.20173,178.449,0.170646,-1.05229,3.01852,0.0355595
290.716,-1.08572,-1.91213,100.004,2.52472,-0.5767,232.005,0.755553,1.37663,1.33542,0.0335939
122.888,-1.93909,1.76851,39.6673,1.52324,0.0226019,48.9541,-1.39266,-2.27288,-1.74591,0.0311224
71.9753,-1.08353,2.1154,64.1014,3.86317,2.7287,78.4855,1.29056,-0.83526,0.613293,0.0343155
100.751,-3.15872,-2.71221,55.1371,3.52213,0.587745,43.1709,0.59179,0.691963,-2.98323,0.0353424
194.453,2.44712,1.43111,38.2174,-2.99169,-0.162684,155.368,1.18288,-1.88973,1.59379,0.0308369
107.555,2.93929,2.53077,32.774,-2.14449,0.109355,79.9001,0.622248,-0.527148,2.42142,0.0327343
75.7006,2.73456,-0.674448,51.1356,-1.77992,-0.0194302,74.6938,0.208919,2.25959,-0.655018,0.0293093
97.4458,-3.34095,-2.15085,55.4373,1.95539,-3.04687,40.214,-1.08441,1.0655,-0.896023,0.0327794
169.961,2.02101,-0.610607,137.527,-2.72266,1.48161,102.05,-0.948929,-2.75886,-2.09221,0.0338319
79.6366,-1.63817,-3.05406,76.0975,2.54681,1.62508,43.9396,1.69897,-0.440446,-1.60404,0.0321323
70.8056,-0.346752,-1.84695,64.599,3.35023,-2.18461,47.3668,2.39403,1.21438,-0.337657,0.0295609
82.887,-3.53116,1.20225,78.5975,2.51739,-0.075997,78.5949,-1.38486,-2.11814,-1.27825,0.0324459
144.801,1.00358,-2.20634,45.0055,-3.53906,-1.7136,141.068,-1.00421,1.06946,-0.492737,0.0332297
249.505,-1.76746,2.5947,87.7749,2.02611,2.63413,228.641,0.434882,-0.603412,0.0394301,0.0331473
296.595,-0.831076,0.721999,66.3462,2.94054,0.45223,197.052,0.842038,-2.35939,-0.269769,0.033493
168.912,-1.60318,0.456647,63.27,3.89968,0.448122,186.13,1.28411,-2.69199,-0.00852436,0.0349724
119.67,-3.73845,-1.77007,82.3689,1.77835,2.7292,183.868,-0.168627,0.394379,-1.78391,0.0341947
315.484,0.573228,-0.36578,39.5639,-4.37351,-1.02493,236.713,-0.474232,2.69185,0.659155,0.0356234
81.1115,-1.53493,1.57018,50.2512,2.31482,1.80112,133.972,-0.23958,-1.42759,0.230942,0.0302834
130.757,3.08601,-2.31232,108.733,-1.06428,-2.51335,80.0963,0.274336,1.13667,0.201029,0.033819
111.954,0.285666,-2.02889,81.796,-3.05768,-0.287766,88.7224,-1.51076,1.6005,-1.74112,0.0321313
154.613,0.937367,-2.87579,57.9286,-3.10023,-2.36982,211.56,0.0273865,0.60295,-0.505969,0.0320286
88.2925,0.776512,1.96621,65.9788,-2.7107,2.77701,52.1312,-2.01376,-1.26602,-0.810803,0.0319194
81.1118,2.44565,0.277277,52.1252,-1.61951,2.55045,42.5303,-1.02143,-2.8336,-2.27317,0.0295751
157.451,-1.02957,2.44434,53.2601,2.87885,2.97303,84.7572,0.685035,-0.805593,0.528691,0.029973
125.223,-1.75747,-1.29775,80.6167,3.97134,0.167741,54.9209,0.106511,2.83365,1.46549,0.035198
165.455,-2.87957,-1.43123,42.2139,0.822529,-0.483075,168.656,-1.75999,1.84045,0.948154,0.0321257
118.385,3.10401,-0.531467,89.96,-3.70335,0.952694,51.609,-2.43935,2.64885,-1.48416,0.0375235
139.058,1.17557,1.00209,73.4132,-2.47228,-2.52184,43.8913,0.685087,-1.2351,-2.75926,0.0320587
86.898,-1.46193,1.60924,71.3275,1.92663,0.113175,82.7667,0.801131,-2.17149,-1.49606,0.0311573
98.3881,3.15392,0.522791,42.2422,-3.11334,0.623962,83.97,-0.156156,-3.13126,-0.101171,0.033547
230.729,2.28147,0.932011,56.1286,-3.06936,2.26575,115.549,-1.37065,-1.92827,-1.33374,0.0348198
143.367,-3.14112,-1.67532,56.7354,3.50153,0.667602,102.956,0.489115,1.45516,2.34293,0.0348888
99.6924,-2.71676,-0.435323,89.6753,1.11718,0.530518,80.3227,-0.936632,3.1237,0.965842,0.0304962
219.89,1.52208,-1.78697,30.7824,-2.57704,-2.69544,106.224,-0.824102,1.12488,0.908469,0.0322852
87.2962,-1.6018,-2.59408,82.2024,3.48957,-1.63891,35.0152,2.42101,1.2104,0.955174,0.0343258
165.194,1.77724,1.69923,120.314,-3.3971,1.92144,105.199,0.740833,-1.47743,-0.222209,0.0355087
199.174,2.08497,2.65247,153.869,-2.99253,0.778302,89.8503,-1.804,-1.20093,1.87417,0.0356347
102.247,-3.45963,1.91982,60.6141,2.17949,0.368251,49.2134,-1.0354,-1.24177,-1.55157,0.0320039
63.765,1.38465,2.83825,56.9224,-2.75338,2.90683,63.0898,-1.20335,0.0699894,-0.0685785,0.031286
256.168,1.5217,-2.66935,47.9691,-3.30665,0.938796,192.61,-0.258057,0.341679,2.67504,0.0339062
163.531,2.72499,0.566138,66.7066,-3.03863,2.74272,71.303,-1.6723,-1.84152,-2.17658,0.034823
117.974,1.97471,-2.8248,105.935,-2.09117,1.26831,101.094,-0.749899,-0.955158,2.19007,0.0304971
160.088,3.36313,1.22907,128.424,-0.787552,1.73596,195.243,1.57248,-1.54839,-0.506889,0.0357011
156.349,-2.46036,0.263922,148.114,0.807504,-0.671455,203.778,-1.45024,2.89762,-0.935378,0.0313433
45.697,-1.42581,-2.22252,35.4985,3.88221,-2.3355,66.6821,0.93162,1.05433,-0.112979,0.0300567
280.881,0.784785,2.3539,123.514,-3.33377,2.28324,126.267,-0.68628,-0.735638,0.0706675,0.0350371
156.713,1.81875,-0.665425,92.5802,-1.94315,1.33505,74.7061,1.65154,-3.04198,-2.00047,0.0326913
115.843,-2.3846,-2.47662,48.2868,1.64066,-2.63104,123.953,-0.617776,0.56423,-0.154419,0.0275809
161.999,0.225302,0.294748,70.0823,-3.16171,1.2085,158.445,-1.55719,-2.40324,-0.913753,0.0316742
176.378,2.69389,0.110657,129.858,-3.10147,1.74217,243.389,1.3618,-2.09048,-1.63151,0.0379525
132.455,2.14206,-2.79948,82.375,-1.23254,-1.48105,151.549,1.4017,0.94024,-1.31844,0.0324448
124.142,-2.07878,-1.51255,62.2675,3.01677,0.435245,41.6452,-0.904734,2.57039,1.9478,0.0312626
125.758,-1.71002,-0.925303,70.8228,3.21528,0.793367,96.0381,0.181492,-3.11922,1.71867,0.033183
129.211,-2.70747,2.05791,36.4274,1.22363,2.00008,93.2792,-1.80781,-1.05578,-0.0578229,0.0305518
184.048,1.59999,-1.24104,39.4232,-4.0481,-2.87039,108.497,-1.45471,1.74805,1.62935,0.0340415
272.439,2.42721,0.776085,86.4092,-2.48886,-1.22564,156.26,0.141615,-2.78616,2.00173,0.034488
151.636,3.14998,2.47942,118.479,-1.63996,1.31251,142.02,1.89314,-1.06866,1.16691,0.0347697
71.0233,3.20951,-1.58028,65.3765,-2.95059,-1.95544,58.4091,0.173301,2.04724,0.375163,0.0335485
87.4013,3.48744,0.930215,59.978,-2.14385,1.66387,139.462,1.00314,-2.02192,-0.733653,0.0317746
85.7946,-2.78951,3.009,55.816,3.8168,-0.820182,89.9763,0.206277,0.740029,2.45401,0.033253
150.611,-0.382322,2.37645,31.6191,3.77047,0.621848,46.3756,0.595851,-0.636383,-1.7546,0.0318278
70.5496,1.32905,-1.25489,38.663,-3.62192,0.758739,42.5253,-1.39141,1.52265,-2.01363,0.0280309
109.233,1.51536,2.19133,34.2772,-3.70383,-2.21371,75.297,-0.111317,-0.215791,-1.87815,0.0325265
119.655,3.40539,-0.268964,84.562,-0.0253943,-2.53925,49.6253,2.48728,2.88134,2.27028,0.0299141
195.746,-1.0131,-1.6394,32.929,2.56625,2.20424,59.976,0.982293,1.31895,-2.43954,0.0318983
100.923,2.31728,-0.0122101,56.495,-3.00197,-0.220569,138.293,0.0794247,2.70725,0.208359,0.0330313
146.247,-1.92262,0.764925,34.3878,4.34503,-0.704357,62.3303,0.593824,-2.17728,-1.46928,0.0349131
119.737,2.07133,-2.2227,89.7605,-4.15849,-3.05692,54.8783,0.0190731,0.62648,0.834219,0.0362852
70.7042,-1.51333,1.79403,61.3223,4.2985,0.0679627,157.013,-0.353302,-2.18862,-1.72607,0.0357753
94.2616,-3.15002,-1.01132,70.6698,3.46299,-1.96747,97.1795,0.36334,1.69558,-0.956151,0.0347438
84.1391,2.58249,0.891139,43.9758,-3.45364,-0.334411,108.661,1.3218,-2.51124,1.22555,0.0317602
107.453,-2.83247,-1.03496,55.3525,3.88903,0.289441,70.3284,1.43941,2.44956,1.3244,0.0358664
104.872,-1.78502,1.05925,37.2986,3.04743,1.97071,65.1888,0.808713,-2.00984,0.91146,0.0320348
177.46,1.853,-2.90626,94.9535,-2.94351,2.64038,57.1353,0.432015,-0.230681,0.736549,0.0333046
128.632,2.41039,1.55547,55.0032,-2.67243,0.127541,124.121,1.43456,-2.15478,1.42793,0.0331401
88.3287,-2.06948,1.29883,51.2117,2.69065,0.793292,77.2029,-0.364277,-2.12361,-0.50554,0.0326963
73.0809,1.58847,0.971274,44.5777,-4.61972,0.319098,56.2221,0.47669,-2.21497,0.652176,0.0320553
67.4493,3.48813,-2.52075,30.4464,-0.673504,-0.11017,54.3259,2.41725,0.755331,-2.41058,0.0316299
74.8943,2.83132,1.58738,42.7786,-1.03252,0.152509,53.5481,1.6809,-1.69349,1.43487,0.0262963
193.021,2.10773,-2.50958,44.1217,-2.20686,-0.192811,105.845,0.668957,0.700557,-2.31677,0.0310163
82.6747,2.77382,1.52399,36.8781,-2.123,2.68295,64.8581,-0.105794,-1.55271,-1.15896,0.0317132
89.6497,-1.88784,0.255564,58.6889,3.20428,0.714664,98.4227,-0.790846,-2.98617,0.4591,0.0328853
167.628,1.47804,0.744404,85.7624,-2.69042,-0.863811,108.499,-0.304375,-3.06049,1.60822,0.0328836
84.9937,-2.70075,-0.195391,64.0488,4.2756,2.69808,37.3532,1.39759,-2.43266,2.89347,0.0361214
98.8425,2.52758,-0.0828375,56.9529,-3.15354,0.0374118,84.5971,1.3386,-2.99647,-0.120249,0.0336854
74.619,-1.78036,2.01604,63.8762,1.72104,1.24085,100.323,0.612754,-1.79905,-0.775188,0.0314207
149.682,-2.51249,-1.99025,112.982,1.65007,2.8668,144.75,-1.32125,0.591788,-1.42614,0.0333213
99.2935,-2.21484,1.94798,93.1177,2.45707,2.94719,66.9443,2.17464,-0.230119,0.999213,0.0340746
137.376,-2.54241,-0.389207,101.902,1.84985,-1.50839,120.039,0.669874,2.33935,-1.11918,0.0333463
125.38,-2.39886,-2.11041,122.362,2.6005,-1.31034,97.3512,1.71453,1.64131,0.800069,0.0343064
95.636,1.31741,-3.01416,51.1185,-2.83512,1.23161,69.2325,-0.448052,-0.481614,2.03742,0.0317495
109.554,2.42554,-1.7164,34.5356,-2.4666,-0.0676144,37.757,-1.7994,2.33135,-1.64879,0.0320338
160.531,-3.11466,-1.01965,65.861,3.89411,3.11493,74.2385,0.87716,1.38839,-2.14861,0.0368825
110.456,-0.461822,-2.13142,105.87,2.97,2.70044,119.374,1.17116,-0.332364,-1.45133,0.0303593
84.3984,-2.78111,1.97572,49.6066,3.33128,3.03486,62.3796,-1.22689,-0.540676,1.05915,0.0341198
107.586,0.618297,-2.19254,86.7171,-2.40659,-2.51625,124.323,-1.13564,0.837327,0.323701,0.0308191
80.2938,-1.52363,1.51427,65.398,4.24752,-0.138305,67.1016,1.17317,-2.99331,-1.65258,0.0347917
177.998,2.0855,-0.244593,100.554,-2.28189,-2.72471,68.1312,0.701995,2.56212,2.48011,0.0332412
433.528,-0.839423,0.288491,182.568,3.59223,2.16348,211.902,1.45195,-2.60106,1.87498,0.0373044
129.305,1.43092,2.16115,59.6018,-3.36356,-1.90401,68.2248,-1.07039,-0.272611,-2.21803,0.0315449
95.0348,-2.61673,1.64172,70.2111,1.58489,1.39017,91.1985,0.525335,-1.74583,-0.251555,0.0327682
78.6658,-4.26456,2.36881,69.8068,1.25884,1.27642,69.6398,-0.880561,-1.13776,-1.0924,0.0342028
179.191,-0.891569,-2.94609,53.9228,2.59389,-0.372616,114.322,1.07141,0.445993,2.57347,0.0321845
140.788,-2.30162,-0.402765,134.02,1.767,-0.913011,122.052,-0.244908,2.44695,-0.510247,0.0336678
132.45,-2.58578,1.68772,47.9119,0.673629,-2.17899,135.444,-1.82262,-1.33838,2.41647,0.0319823
125.857,0.635422,1.52617,49.3647,-2.73466,-1.61041,72.4991,-2.5192,-2.7006,3.13658,0.0298578
80.9581,-1.07736,1.0733,55.7323,3.16041,-2.67465,85.5533,1.49132,-0.663143,2.53524,0.0309384
212.195,2.05953,-0.59345,99.3377,-1.49527,1.83846,128.457,0.747868,-3.06996,-2.43191,0.0326039
198.197,-1.55653,-2.36332,32.0392,2.71201,-0.614116,123.186,1.68151,0.807984,1.7492,0.0316979
166.677,-2.90172,-0.591584,92.1668,1.98409,0.0366381,198.194,-1.22069,2.84207,0.628222,0.0344398
111.014,-3.16035,-2.35378,38.9825,2.6588,-0.740723,88.0784,0.274306,1.50364,1.61306,0.0321234
144.169,-3.34038,1.12424,63.0465,0.7028,-2.68613,43.4739,-1.74239,-1.8754,2.47281,0.0332578
83.4976,-2.60667,2.73376,53.1284,3.18696,-3.0389,104.297,-0.797411,-0.0162912,0.510517,0.0315397
171.553,-1.54623,2.03783,58.8765,3.31889,1.74817,172.243,-0.0506344,-0.897753,-0.289667,0.0338984
183.139,-2.89926,-1.67227,55.2743,2.27187,2.85446,44.9328,-0.784738,1.87821,-1.75646,0.0348838
111.194,-3.1494,1.94618,67.4288,2.48313,2.10072,55.2828,-0.931887,-1.5199,0.154539,0.0343882
139.004,2.66019,2.28985,41.4536,-4.33875,0.873003,55.0096,1.2119,-1.05979,1.41685,0.0364527
92.4038,1.35483,-1.45382,91.0955,-2.60497,-0.326453,58.6371,-0.423466,1.54748,-1.12736,0.0315878
139.56,2.73365,-1.21622,103.983,-1.20871,-2.24896,89.4301,-0.315456,1.63215,1.03273,0.0329877
136.067,2.9589,-0.20237,46.3548,-2.12756,1.51603,98.7077,1.301,-2.63117,-1.7184,0.0328214
160.544,-1.29532,0.0280154,118.197,2.10753,1.91297,101.696,0.361227,-2.67481,1.88496,0.0307484
59.9385,1.86603,-1.14071,58.6611,-3.70127,-1.62452,62.5836,-1.4816,1.40667,0.483807,0.0333107
101.71,1.52392,2.72311,100.472,-3.14287,-2.28374,53.301,0.104377,0.353825,-1.27634,0.0313608
95.5125,-1.43778,2.6859,89.5763,1.89896,1.80567,108.555,-0.125972,-1.20811,-0.880228,0.0319667
70.8804,-3.17517,1.16522,49.3113,2.68409,0.668179,77.9414,0.63388,-2.14324,-0.497043,0.0312133
174.371,-2.86341,-0.255648,47.9045,3.42612,-2.59302,41.1931,-1.00336,-2.68768,-2.33738,0.0353438
103.244,3.22669,-2.22482,55.3944,-3.82662,1.61372,46.0671,-1.44195,0.729208,2.44464,0.0350823
74.9342,-2.66956,-0.988834,63.9012,1.6832,0.850957,66.0017,-0.373491,-2.93445,1.83979,0.031942
50.9167,1.02726,1.16488,41.7775,-4.30836,3.11626,48.8474,-1.18466,-1.81829,-1.95138,0.0291242
124.797,-2.35888,2.89011,99.6745,2.76282,-1.28736,49.1348,0.665777,0.985321,2.10571,0.0333105
136.784,2.82669,0.455602,93.1432,-1.30433,-0.108751,135.563,1.10202,-2.97442,0.564353,0.0320474
43.3393,3.11093,-2.5651,37.0317,-1.98486,-0.816519,48.5075,-0.316821,0.46719,-1.74858,0.0275758
117.846,3.02551,1.10581,46.918,-1.54538,2.39988,46.869,1.77505,-1.90454,-1.29407,0.0316252
172.451,1.95138,0.729396,91.2407,-1.90616,-1.17077,70.6776,-0.929003,-3.09594,1.90017,0.0323084
125.328,2.88762,0.473339,81.5484,-1.66129,1.8505,61.2313,0.387774,-2.08529,-1.37716,0.0335766
92.0556,-2.3411,1.49608,73.7893,2.10999,-0.502402,113.789,-0.270727,-2.49553,-1.99848,0.0322359
157.741,-1.47214,0.996425,154.977,2.99773,2.58046,184.046,2.31568,-1.35049,1.58404,0.0348896
360.709,2.64996,1.63961,70.6297,-1.73593,-2.35774,255.063,0.929692,-1.38194,-2.28583,0.0347339
50.1222,-1.51499,1.63288,30.0758,3.57962,2.85758,33.8261,0.884836,-1.88997,1.2247,0.0282742
156.2,-2.27386,1.87733,40.5339,2.4338,2.85027,140.74,0.279441,-1.09662,0.972945,0.0338163
157.187,-2.58888,-0.773019,61.7273,2.43115,0.12383,132.696,0.537172,2.34287,0.896849,0.0338051
180.497,-1.50429,-0.23553,40.7516,2.62292,-1.17763,153.61,0.0212939,2.90475,-0.942105,0.0325609
154.341,1.6989,-0.976943,52.6564,-3.1847,-2.44801,117.295,-0.864309,1.70401,1.47106,0.0334555
78.8243,4.26665,-0.522747,51.9227,-3.71299,-1.44017,62.3744,1.49115,1.92656,0.917425,0.0357823
150.457,-2.54706,-1.94271,95.9091,1.05421,-2.68566,188.673,-0.505903,0.89608,-0.742948,0.0315282
150.456,-1.64979,-1.0602,41.3408,2.90024,0.0546482,170.048,0.693298,2.36596,1.11485,0.032494
106.18,-2.87327,-0.723207,35.3371,1.96046,0.239064,53.3618,-1.63422,3.09121,0.962271,0.0312199
272.685,-1.01169,0.997766,126.949,2.21212,2.93668,210.104,-0.587409,-1.81367,1.93892,0.0317804
324.039,-2.46617,2.21714,139.641,3.27677,1.36762,114.849,0.440477,-0.989706,-0.849518,0.0373013
141.36,-2.2212,0.257615,141.279,2.2812,-2.64297,32.8925,2.33573,2.0889,-2.90059,0.0337029
155.114,1.0819,-1.13996,74.9026,-3.06347,0.396181,52.7259,1.02474,1.91645,-1.53614,0.0317798
67.6927,-1.35841,-1.53484,44.4312,2.81847,0.403846,62.9994,0.219275,1.83289,1.93869,0.0317684
124.1,2.95014,-1.62937,58.1758,-0.75597,1.66321,61.9675,0.87695,2.11589,2.99061,0.0320355
128.471,-3.41748,-2.00068,82.3679,0.240187,-2.35565,173.541,-1.05299,1.06214,-0.354973,0.035151
545.604,-1.47524,0.669994,61.8343,3.22612,-0.488401,209.571,1.0827,-2.59366,-1.15839,0.0360891
165.361,-0.529939,-0.293784,46.2139,3.51396,-2.25779,132.68,1.14379,2.36428,-1.964,0.0326619
116.068,-1.37909,2.2053,31.2629,3.74781,-1.41586,81.8682,2.22078,-0.39261,2.66202,0.0330313
79.0493,-3.12197,0.988599,37.553,2.45775,2.07857,58.054,1.04998,-1.41084,1.08997,0.0335114
252.222,-1.0734,0.793522,73.852,3.33844,-0.771081,117.919,0.793815,-2.54667,-1.5646,0.0329971
106.704,-2.43621,1.47626,105.696,3.3822,2.69753,131.69,1.9959,-0.885626,1.22127,0.0355219
175.012,2.57095,1.16832,49.4412,-2.71616,1.08872,152.877,0.43286,-2.02701,0.0795971,0.0324667
107.283,2.29402,2.03685,86.4316,-1.44118,-0.147169,36.9861,-0.896044,-1.84874,2.18401,0.0307702
103.643,-2.51071,0.495511,53.1506,2.71078,1.49047,109.48,1.64502,-2.44651,0.994954,0.0336432
155.242,2.69312,-1.79816,94.9536,-1.50227,0.314789,60.8421,-1.65722,2.16512,-2.11295,0.0338846
97.7997,1.22159,-2.72628,82.8423,-3.18,2.46819,88.8776,-1.60757,0.524123,1.08872,0.0337677
96.2032,-3.64652,2.20505,54.9402,3.42169,-2.9865,80.3595,-1.10007,-0.528053,1.09164,0.0352785
112.292,2.77095,3.09955,37.0417,-2.92008,-0.478552,58.2547,0.979683,0.61911,-2.70508,0.0333137
180.736,-1.10812,0.472539,83.2269,3.89756,0.927294,78.1219,1.49779,-2.93067,0.454755,0.0354134
68.5552,4.0956,-2.60738,45.872,-1.52732,-2.43898,88.6154,0.514952,0.591484,-0.168403,0.0311648
114.367,2.64871,0.00731134,66.9505,-3.08791,-1.21128,103.571,-0.822381,2.84802,1.21859,0.0336141
97.2086,-1.31592,-0.183151,45.5681,2.63714,2.16158,46.6058,0.552195,-2.74966,2.34473,0.0317202
96.0684,2.99599,-2.01479,80.2976,-3.30341,-2.6931,100.156,-0.973577,1.5608,0.678313,0.034882
255.777,-1.3763,-2.47816,89.7418,2.84682,2.61365,242.115,1.24905,0.422683,-1.19138,0.0341557
203.272,-1.45141,-1.70005,48.0333,3.09212,0.76596,114.752,0.851054,1.98871,2.46601,0.0329822
163.282,-2.33489,-2.47933,81.8891,3.61451,-0.926928,93.3175,0.724083,0.878806,1.5524,0.0355208
171.727,-2.1082,0.198994,96.6063,2.25405,-0.931151,157.199,-1.28938,2.82596,-1.13015,0.033514
230.19,3.13206,-2.77149,66.0931,-2.62747,-2.70194,228.413,-0.145256,0.347034,-0.0695429,0.0361177
87.0006,-2.37838,2.6386,36.2463,2.63221,2.66479,98.9526,0.0292328,-0.771859,0.0261853,0.0316469
47.5141,-2.93267,1.26466,43.1667,4.06812,2.75547,72.015,-0.207227,-0.672053,1.49081,0.0340175
86.063,-1.92252,-3.0731,82.3176,1.67624,-2.00942,164.631,-1.08745,0.84705,1.06368,0.0322227
141.234,3.15802,-0.605163,76.143,-3.61069,1.52238,63.2021,0.347703,2.90256,-2.12754,0.0362676
96.7508,-1.92831,1.66094,60.5478,2.44967,2.53905,48.6811,2.57533,-0.571681,0.878104,0.0317098
241.612,2.22414,0.622757,145.962,-2.05543,1.81384,56.2398,0.640469,-2.30053,-1.19108,0.0344447
196.387,-0.427241,-0.796949,81.7737,4.67284,2.99774,42.004,-0.135281,2.155,-2.4885,0.0372068
80.7276,-3.01434,1.61065,52.5088,2.68028,1.83426,125.176,0.353685,-1.60032,0.22361,0.0332267
102.509,2.34081,-0.153518,69.6603,-2.31892,-0.286853,37.1604,1.4763,3.02845,0.133335,0.0308693
166.937,2.42271,0.361684,122.319,-1.21029,1.16728,138.614,0.596638,-2.60727,-0.805599,0.0301697
96.8013,-1.55443,-2.21571,40.9893,4.73108,-0.191639,63.7482,0.206977,1.47627,2.02407,0.0352719
80.6622,1.70541,1.67299,54.4211,-3.08408,-2.31881,89.8726,0.316731,-0.294303,-2.29138,0.0325407
79.6951,-3.03377,-1.01379,77.2663,3.00859,0.52438,108.392,1.50791,2.76918,1.53817,0.0342115
113.919,2.77105,-0.175638,58.3471,-3.52912,-0.168072,80.527,0.388464,2.67745,-0.00756565,0.0336102
88.0512,-2.54072,-3.00131,83.197,3.43027,1.95389,53.5221,2.50644,-1.04998,-1.32799,0.0345519
146.818,2.04081,2.93416,69.9375,-1.67866,1.75995,115.713,-0.22257,-0.874655,1.17421,0.0308189
192.285,2.90952,-2.54952,133,-2.90376,2.83203,87.3435,0.519992,0.437033,0.901631,0.0339232
160.571,-2.6331,-2.66632,44.5903,3.46866,-1.96024,125.921,1.14037,0.883936,0.706082,0.0333396
322.276,1.69766,0.474997,112.763,-1.95901,0.645078,302.712,1.06376,-2.50492,-0.170081,0.0339717
116.464,2.56181,2.23384,45.9323,-1.47307,0.881054,65.8993,-0.769574,-1.37693,1.35279,0.0322319
99.6637,-1.23852,0.0689673,32.6979,3.66801,-1.57513,74.5424,2.2049,3.09081,-1.6441,0.0302192
132.136,1.70283,0.70254,56.4803,-4.02427,-1.97227,49.8462,-2.01276,-2.68909,2.67481,0.0346775
76.1377,2.90164,-2.128,35.3778,-1.58455,-2.09613,76.1163,0.864007,1.15195,-0.0318701,0.0283255
148.53,-2.8132,3.00099,90.7821,2.56322,-1.49538,103.434,-0.703925,0.10075,1.78682,0.0336313
89.0168,3.09747,1.22647,54.2164,-3.21073,0.247961,63.37,-0.359765,-1.9531,0.978506,0.0318778
148.533,0.988062,-0.845796,73.0946,-2.46031,1.69748,76.1919,-0.715467,2.37498,-2.54327,0.0305043
114.005,-3.09215,2.68362,56.3832,3.18985,0.525899,76.6271,0.129828,-0.779042,-2.15772,0.0343022
110.346,-3.0003,-2.95128,35.4358,3.23734,-0.162632,73.9673,-0.447122,0.20363,2.78865,0.031361
367.542,1.98607,0.139584,66.0177,-1.94795,-0.9365,203.678,0.501087,-3.08053,1.07608,0.0342571
145.115,-0.868018,1.11295,67.1548,2.65801,2.75566,118.289,0.88114,-1.38729,1.64271,0.0325553
323.037,-0.930433,-2.981,40.1216,2.38781,-0.94983,292.065,-0.467049,0.273721,2.03117,0.0321226
346.288,2.34594,2.37084,167.141,-2.69461,-2.73088,136.691,0.361053,-0.775746,-1.18147,0.0362948
191.003,-0.901427,0.448619,75.7364,2.98233,-0.00735402,132.163,0.094392,-2.784,-0.455974,0.0326192
125.327,-3.21597,-2.74562,73.9393,1.6833,-0.660576,66.2674,-0.76018,0.308751,2.08504,0.0341525
141.291,-2.10559,-2.67184,47.4419,2.7448,-0.893107,103.797,0.926627,0.707347,1.77873,0.0308319
87.9767,-3.38929,0.871778,86.4478,4.02031,2.87565,63.6855,2.54796,-0.570687,2.00387,0.0380734
149.124,2.9258,-2.46327,81.0038,-1.03264,2.28513,149.196,1.27593,0.427092,1.53478,0.032744
64.5586,-3.28005,1.00791,31.5579,1.51957,3.02385,33.0798,-1.30876,-1.45456,2.01594,0.0309508
193.561,1.7234,0.885225,64.9052,-1.85483,2.95831,122.782,0.090835,-2.1994,-2.07308,0.0319465
141.462,-1.92061,1.32256,123.473,2.06772,0.8258,159.217,1.05117,-2.58071,-0.496756,0.0310671
103.719,-1.64466,-0.601606,101.152,2.27737,-0.603757,135.386,-0.475484,2.64668,-0.00215101,0.0325424
300.728,-1.02579,1.55395,65.0741,4.34554,1.28276,344.102,-0.554368,-1.6004,-0.27119,0.037442
100.204,-1.99264,-2.02725,86.2713,2.83728,-2.15933,129.844,-0.383169,0.989543,-0.132087,0.0332106
73.0332,0.462181,0.527513,44.7097,-4.03313,-1.01623,92.8339,-0.46509,2.87669,1.54374,0.0344196
112.896,0.456872,0.3808,31.9414,-3.92169,-0.486469,92.2658,-1.28061,-2.82156,0.867268,0.0302321
131.787,1.78644,2.42625,32.3805,-3.04472,0.0512692,79.0863,0.911668,-0.913532,2.37498,0.0322392
86.3034,1.1713,-0.069336,53.7954,-4.51538,-1.28167,100.912,-1.36093,2.75928,1.21233,0.0349149
77.2393,2.68022,1.89528,69.7861,-2.39572,-2.72277,136.056,-0.538732,-0.301694,-1.66513,0.0313961
159.309,-1.02976,0.891872,82.2057,3.57269,-0.431249,147.272,1.47059,-2.58559,-1.32312,0.0322698
65.6828,-2.29675,0.940273,52.0938,2.53773,2.13794,52.0967,1.23794,-2.07354,1.19767,0.032068
158.643,-2.74663,0.319106,96.0476,3.33925,-1.21714,135.283,1.40365,2.31422,-1.53625,0.0364965
215.214,0.669061,-0.055189,56.8929,-3.67057,-2.24664,174.905,0.354154,2.91024,2.19145,0.0335096
126.174,-3.11072,-0.467552,43.981,2.02763,-0.221218,94.3758,-0.0818772,2.52848,0.246334,0.0343549
90.2916,3.19193,0.47686,47.4988,-2.77431,0.431578,51.048,0.593528,-2.47252,0.0452816,0.0336356
71.4115,-0.769971,-2.76242,61.8151,3.597,-1.81859,145.29,1.6788,0.627976,0.943829,0.032401
81.3447,-2.10279,-3.04671,65.1604,2.35349,-2.38663,71.3501,-1.85324,0.550477,0.660085,0.0350206
121.293,-2.72229,-2.05672,89.4035,1.15025,-1.64554,162.683,-1.23072,1.30141,0.411183,0.0313407
103.593,2.10047,-1.45438,55.606,-3.60101,-1.17322,59.2665,0.269502,1.90434,-0.28116,0.0314926
77.466,-1.90242,-0.61253,39.5478,4.3219,1.71494,65.2394,-0.110372,3.05398,2.32747,0.0314593
104.225,3.99689,-1.17957,89.0327,-3.13497,-2.28942,85.2292,-1.20205,1.56619,1.10985,0.0380025
69.2124,0.594688,0.411403,44.7536,-3.41674,-1.50058,60.1939,-1.2723,-2.67444,1.91199,0.030166
124.133,2.9875,-0.117163,55.7267,-2.25777,1.30709,80.4988,-1.67536,3.05469,-1.42425,0.0334318
272.758,-1.97115,-1.91146,164.601,2.40918,0.696263,139.805,-1.4832,2.06836,2.60773,0.0341082
59.3073,2.9474,-2.34393,44.3532,-3.08689,-1.95515,39.4307,1.51878,1.05714,-0.388779,0.0330963
99.8947,2.64322,2.63054,82.3499,-3.02706,1.06528,104.663,-0.158955,-0.767736,1.56526,0.0335667
107.732,-3.04732,-0.941659,31.1593,4.24598,0.211046,92.7294,1.09105,2.64604,1.15271,0.0367673
184.856,1.92788,0.661096,68.0262,-1.72902,1.53371,144.262,-0.803012,-2.14408,-0.872613,0.0287304
93.1021,-2.60756,-0.660341,34.8354,3.35923,2.64905,74.3587,-0.704946,2.11312,-2.9738,0.0325803
180.935,-2.47957,0.384888,43.3484,2.13959,2.80073,47.2459,0.950315,-3.08464,2.41584,0.0329152
125.49,3.01855,-0.386897,83.7603,-2.3264,-0.717415,144.381,0.101805,2.08445,0.330518,0.0351578
68.0711,-3.51142,-2.3438,37.6235,0.707871,1.70976,30.9076,-2.47012,-0.574907,-2.22963,0.0296769
199.701,-2.16809,2.42942,97.461,1.33333,0.591223,172.415,-0.0345236,-0.797809,-1.8382,0.0310296
94.3723,-0.641174,-1.83806,65.285,2.532,-2.98655,74.281,2.3752,0.53793,-1.14849,0.029846
105.762,0.439905,-0.808871,77.7739,-3.73394,-1.48004,149.182,-1.37905,1.98778,0.671171,0.0342925
89.0778,4.02796,0.789963,59.9911,-3.01192,-1.32189,28.0676,1.82956,2.57695,2.11186,0.0361832
216.006,1.65669,0.790403,83.3952,-2.14084,-0.624737,100.904,-1.73081,-3.1235,1.41514,0.0332014
70.7885,-2.78276,0.453352,60.1524,1.84118,0.653683,69.6143,-1.05727,-1.8856,0.200331,0.032051
137.14,-3.6133,3.03075,74.6855,2.56168,-2.91052,117.042,-0.0466589,-0.36496,0.341915,0.0364096
169.815,1.533,-0.749317,147.251,-2.21688,-3.01203,96.6021,0.175212,1.14594,2.26272,0.0333528
135.56,-1.09862,2.58067,64.3961,2.05922,1.70143,162.549,0.503489,-1.22145,-0.879236,0.0327659
91.2445,2.68474,0.79094,68.9879,-3.83838,2.80283,76.9342,-1.59721,-1.19551,-2.01189,0.034795
174.995,-1.84888,-1.2027,69.3899,1.87158,1.48633,85.943,-0.267767,1.60263,2.68904,0.0314163
60.1946,-2.71252,-1.69986,51.9039,1.91714,-2.79582,60.8781,-0.678744,0.923054,-1.09596,0.0314364
54.3829,-2.28812,2.25928,47.0299,3.09951,-2.89627,77.9801,0.101074,-0.818296,1.12763,0.0307614
119.922,-2.32724,1.54182,94.7512,1.58365,0.635071,154.776,1.28687,-2.09773,-0.906753,0.0331144
146.377,1.56496,-0.182304,55.4764,-3.10427,2.469,44.5532,-2.31668,3.08394,-2.65131,0.0335461
112.808,2.37089,-0.288677,45.0375,-1.8078,2.18838,41.3101,-0.244633,2.70794,-2.47706,0.0318816
114.685,1.91283,-1.08443,60.2244,-2.36499,-1.87077,82.5128,1.05268,2.05663,0.786341,0.0307933
78.9007,-2.19826,1.82583,49.6788,3.25588,3.07121,58.3738,-1.95684,-1.08186,1.24538,0.0329844
70.8876,-2.46473,-0.10865,41.3686,1.39186,1.49942,55.2856,-0.0509481,-2.70076,1.60807,0.0311336
94.6284,2.36725,-1.70591,42.6043,-3.2308,-0.986624,109.332,-0.973383,1.70046,-0.71929,0.0330018
67.1596,4.13807,-0.536575,64.9386,-1.88895,-1.55337,84.936,-0.183788,2.04603,1.01679,0.0333678
152.157,-2.85109,-0.839659,130.918,2.61522,-1.92092,164.317,0.509578,1.47258,-1.08126,0.0341218
146.728,-2.14362,1.82808,97.8299,2.48417,0.0859553,181.168,-0.23406,-1.73451,-1.74213,0.0330923
220.225,3.18833,1.65267,117.365,-1.37999,1.89907,395.464,-0.271883,-1.44785,-0.246393,0.035795
61.363,-4.19666,-2.18192,31.307,0.79356,2.79927,63.5958,-1.31179,0.123496,-1.302,0.0327771
339.759,-2.04685,-1.79339,67.5566,4.46446,-3.1081,141.22,-0.103206,1.4797,-1.31471,0.0370566
380.082,1.99352,-0.420266,103.322,-2.15485,0.231133,286.028,0.232501,2.66631,-0.651399,0.0340425
188.764,-2.67307,2.10665,108.804,3.58957,-2.71505,82.6436,0.705658,-0.792746,1.46148,0.0368433
172.587,-2.38571,0.270601,44.5277,1.01989,2.61286,105.744,0.418445,-2.9337,2.34226,0.0321162
118.826,-2.37135,0.553679,35.9459,1.92373,-1.66763,80.372,0.222739,-2.9101,-2.22131,0.0335726
100.95,-0.643508,1.67766,53.5821,3.40401,2.25103,118.195,0.307794,-1.25311,0.573369,0.0325506
124.173,-2.25845,-0.825939,93.7227,1.94517,-2.09738,119.423,-1.06689,1.91372,-1.27144,0.0329391
81.6146,-1.4488,-2.26582,40.3094,3.17611,2.46127,64.652,2.07616,0.54102,-1.5561,0.0304203
161.781,-1.04556,1.94345,57.1918,2.36657,3.10179,107.228,-0.67292,-1.31914,1.15834,0.0322143
121.353,-2.63859,1.17097,57.6756,1.61562,-2.9496,86.5915,-0.474269,-1.3164,2.16261,0.0317434
74.0738,-3.57506,-0.781826,60.6423,3.48288,-1.68973,60.3161,-0.753991,1.78445,-0.907904,0.0348251
131.558,3.19329,-2.27896,93.5753,-0.86691,-2.32825,161.59,-0.00434107,0.778897,0.0492904,0.0332763
116.98,1.63455,-2.89336,111.48,-2.32428,-2.10191,200.756,0.375504,0.896143,-0.791451,0.0331869
68.8064,2.68045,1.51804,59.3773,-1.88441,-0.831988,18.9397,-0.362315,-2.00652,2.35003,0.0318599
194.999,1.93226,2.01649,87.9807,-2.78416,2.54397,240.087,-0.423369,-0.89738,-0.527481,0.0337024
144.502,-2.10359,-1.86198,32.5819,3.37599,-2.57433,125.034,0.860188,1.35583,-0.712353,0.0337574
112.099,2.69278,-2.1871,72.5125,-2.68489,-0.242324,73.1496,2.05288,1.33829,-1.94477,0.0340954
127.633,-1.91075,-0.885872,79.9267,2.8062,3.13178,61.9059,-0.510109,1.21274,-2.26553,0.0325688
134.101,-1.77691,-2.00098,114.117,2.50161,1.50282,24.5709,0.260016,-0.182643,-2.77939,0.0333367
95.2463,2.28209,-2.00216,48.6365,-2.2549,-0.193483,87.7915,1.13937,1.64022,-1.80868,0.0317195
236.457,1.89977,2.8864,76.7355,-1.99282,-2.67788,164.917,-0.255068,-0.478136,-0.718898,0.0331883
138.195,1.48318,2.63042,82.2534,-2.19063,1.35579,125.903,-0.420254,-0.686954,1.27463,0.0324524
200.552,2.13631,1.51948,90.3176,-3.25518,0.21831,72.375,-1.37511,-1.48772,1.30117,0.0349773
269.765,2.28196,-1.79873,53.6479,-2.34859,-2.68266,99.6346,0.519587,1.15626,0.883931,0.0332271
91.4985,2.5508,0.254603,36.0572,-3.95398,1.50424,98.5558,-0.205318,-2.43048,-1.24964,0.0342197
82.5161,3.78839,0.466529,53.4357,-1.25935,0.965798,54.8671,0.883656,-2.37816,-0.499269,0.0305165
134.118,-2.23703,-3.12715,30.2754,3.28934,-2.94186,40.3637,2.3195,-0.643759,0.185293,0.0337167
118.755,-2.46341,1.9792,30.2364,3.34578,0.879988,56.7694,2.05909,-1.8418,-1.09921,0.0340527
157.517,-1.28967,-0.293403,51.9248,1.96171,2.33866,67.8941,0.918121,2.98177,2.63206,0.031309
130.85,3.20095,-0.2298,115.599,-0.857484,2.30312,29.505,2.60488,-2.54665,-2.53291,0.0332654
84.0357,3.48907,-1.25233,47.9548,-4.01854,1.46194,61.2271,-0.372474,1.59797,-2.71427,0.0359346
193.575,2.99256,2.24076,32.761,-2.1547,-0.605558,162.978,1.57549,-1.36832,2.84631,0.0333897
157.142,-0.335338,-1.82034,36.0387,3.16674,-0.760959,148.057,1.81866,1.59623,1.05938,0.0313703
191.121,2.10526,-2.61221,48.5542,-2.29659,-0.953306,129.095,1.25652,0.435167,-1.65891,0.031743
172.792,-2.84819,-0.896586,95.0507,3.38221,1.23615,89.9364,-0.384272,2.54464,2.13274,0.0358783
91.049,-3.05302,0.122441,55.1567,2.90174,-0.64726,118.523,1.16822,2.95522,-0.769701,0.0339295
142.792,-0.721286,-0.975505,42.6832,2.39991,-1.90618,46.01,0.798745,1.83082,-0.930679,0.0313728
110.677,2.2152,1.08986,38.6005,-2.19981,-3.09896,65.2957,-0.361188,-2.16827,-2.09436,0.0265568
187.846,-0.280367,2.65788,138.5,3.18077,-2.55132,267.185,0.779775,-0.0223392,1.07398,0.0324659
55.2806,-3.70248,-0.855835,48.9525,3.86068,-1.23597,88.6008,1.26886,1.86327,-0.380138,0.0354683
215.52,-2.15912,0.510223,147.987,1.91861,-0.131512,165.511,0.573164,-2.76309,-0.641734,0.0340633
92.0708,-1.17295,-2.5183,53.3386,4.1845,-0.0923859,33.4714,0.737151,1.29361,2.42592,0.0319233
58.4463,-3.08997,-0.22476,42.3723,3.9507,0.496895,45.3033,1.03142,2.63435,0.721654,0.0340062
67.2216,-1.82221,-0.812113,33.6472,3.60124,0.139036,60.7992,2.53247,2.52872,0.951149,0.0302856
105.585,1.31973,-1.77561,69.5479,-2.84332,-2.28555,115.123,-0.971955,0.849475,0.509944,0.0324254
93.651,2.97556,0.51654,66.4066,-2.60267,2.49734,96.6185,-0.472034,-1.90521,-1.9808,0.0333993
124.573,-2.64868,-2.94279,48.4531,0.808173,2.77819,108.748,-0.826166,0.110569,-0.562209,0.0297431
191.267,-2.41638,0.840786,108.7,2.72116,0.289322,223.896,0.477643,-2.31285,-0.551464,0.0349443
89.5975,1.00367,0.683069,47.3431,-3.38008,-1.08899,48.6545,-1.26986,-2.88885,1.77205,0.0320263
80.4467,4.20601,0.142598,31.7889,-2.24725,-2.67097,23.1904,1.93113,-3.062,2.81357,0.0293578
105.17,1.71156,0.584594,54.461,-1.92912,-3.09118,50.2663,-1.27412,-2.23196,-2.60741,0.0314272
90.8668,-2.41353,1.6526,35.0013,3.73828,2.85247,75.1327,1.2457,-1.46724,1.19987,0.0311612
83.5408,1.55416,1.1395,35.1007,-3.16495,0.100153,45.677,1.45203,-2.40084,1.03935,0.0318658
94.5546,-2.37228,-2.02248,68.3277,3.61632,2.48283,63.8049,-0.205822,0.550521,-1.77788,0.0340703
112.423,1.63054,-1.97276,69.3737,-2.01977,-2.18412,70.3725,1.55676,1.33244,0.211368,0.0321266
116.06,-0.917286,1.0982,44.8133,3.27134,-1.23745,37.2466,0.623088,-2.68182,-2.33566,0.0286775
190.682,1.28732,-2.75463,49.8957,-4.72906,-0.979066,63.8796,-1.70543,0.519042,-1.77556,0.0374501
77.607,2.69168,1.83716,69.7281,-1.18023,2.41074,50.8868,1.10356,-1.04107,-0.573584,0.0316222
59.6234,-4.46955,0.814314,47.6204,1.91198,0.924244,59.7391,-2.4016,-2.28656,0.109931,0.0350714
95.9718,2.86996,-0.252111,31.3152,-4.65091,-0.62223,110.224,0.467684,2.9562,0.370119,0.032909
62.4893,-3.40185,1.04785,40.497,3.40654,-0.278232,34.5768,1.13507,-2.26364,-1.32608,0.0321565
61.068,-3.77254,0.536638,42.5902,2.11155,-1.06852,63.2189,0.851594,-2.91065,-1.60516,0.0314538
143.767,-1.35353,0.0845202,42.6095,4.36897,2.07078,71.5716,1.03981,-2.75144,1.98626,0.0354023
146.497,-0.0386134,-0.626453,67.9223,3.86583,-0.360875,183.522,2.16557,2.60552,0.265578,0.0332023
184.672,-2.16821,-2.92385,132.703,3.63102,2.08218,327.62,0.446871,-0.161466,-1.27715,0.0366373
138.262,2.04297,3.03965,42.6938,-2.2847,-1.63773,124.166,1.59308,0.179913,-1.6058,0.0322609
71.8949,1.65731,-1.05308,38.215,-2.35697,-1.25894,55.4235,0.52721,2.0832,0.20586,0.0292633
118.863,-3.18247,-0.930714,49.8294,4.03412,2.9889,54.2002,-0.36111,1.92959,-2.36357,0.034003
195.254,-1.7505,-2.22483,116.199,3.1291,2.83067,82.0637,-0.163302,0.676814,-1.22769,0.0344685
106.52,0.725843,3.10024,35.5964,-4.25181,2.54035,40.4493,-1.7744,-0.284929,0.559889,0.0314292
40.7761,-3.3321,2.15306,33.1727,3.10672,2.60387,37.7902,-1.84319,-1.14556,0.450818,0.032341
69.5763,0.0273895,0.802007,45.3776,-3.72172,-3.02345,71.5344,-0.97864,-1.56811,-2.45773,0.0313462
132.456,2.70798,2.59136,54.0508,-1.46951,2.72578,111.828,0.497615,-0.575536,-0.134416,0.03223
110.556,-1.25043,-0.363353,72.0568,2.0254,-1.19902,146.534,-0.169678,2.23727,-0.835671,0.0329205
105.081,-1.62026,1.00718,41.0557,3.46001,-1.69702,75.9942,1.2151,-2.66383,-2.7042,0.0326269
71.2405,3.11864,1.16683,55.1826,-0.867834,0.0246167,74.8775,-0.87107,-2.36029,1.14222,0.0325036
145.814,2.43194,1.90617,89.5659,-3.08625,-0.134288,62.7908,0.310167,-1.92827,2.04046,0.0341544
218.456,-0.77529,0.770618,71.7653,2.41283,3.07621,86.7968,1.33144,-2.81133,2.30559,0.0346182
121.936,-1.31903,-0.271005,97.9528,2.23052,-2.0426,98.506,1.2289,2.51576,-1.77159,0.0355886
337.342,1.17575,0.170154,125.348,-2.29508,-2.52805,162.397,0.011257,-2.65279,2.6982,0.0335324
118.916,-2.92246,0.468934,70.315,1.75835,3.06708,47.8517,0.223613,-2.448,2.59814,0.0329548
110.999,2.89492,-1.52533,88.5374,-2.1327,-1.50126,96.6841,1.40704,1.48693,-0.024071,0.0337962
166.268,0.577323,-2.01279,73.3173,-2.86162,1.78728,52.5233,-0.849886,0.70486,2.48312,0.0322066
120.886,1.19867,1.73276,102.405,-3.19011,-0.457942,74.8845,0.38613,-1.84738,2.1907,0.034071
67.3287,-2.57036,1.83819,39.7096,3.99024,-2.36001,62.1393,0.747369,-0.448722,2.08499,0.035773
69.2785,2.04604,0.886797,55.9012,-2.01573,1.63504,36.8935,0.304941,-0.894208,-0.748244,0.0311849
78.1868,3.77165,1.43915,58.5526,-2.45055,-0.621404,32.8837,-0.162266,2.76324,2.06055,0.0345162
129.912,3.02545,-0.299211,83.8933,-2.27071,0.0823723,165.085,0.149723,2.99365,-0.381584,0.0342561
186.999,2.27232,-1.27449,67.608,-3.33174,-2.28229,184.159,1.4914,1.79396,1.0078,0.0314687
164.779,-2.16304,0.773163,68.4018,4.36019,0.623562,202.819,0.31474,-2.32379,-0.149601,0.0363599
207.783,0.103022,-1.34795,43.1184,-3.8973,-1.1938,144.981,-1.83661,1.59884,-0.154151,0.0338908
130.464,-3.01,2.17824,48.5114,3.15245,3.03597,98.1178,-0.593492,-0.800172,0.857725,0.0338298
107.529,-0.414491,-0.828171,43.2602,3.95826,-1.52975,98.6773,1.41481,2.45159,-0.701576,0.0314282
103.695,-1.59481,2.81097,87.0728,3.84848,-2.95737,75.5932,-0.0532999,-0.00402407,0.514839,0.0336797
102.783,2.7234,-1.39762,81.7124,-0.560967,-3.02071,96.3462,1.69428,0.748899,1.62308,0.031956
110.984,2.86325,0.603685,52.9601,-4.14204,-0.674121,70.6734,0.834396,-2.81537,1.27781,0.0359816
126.653,-0.140866,-0.808932,78.8171,3.82362,-2.66555,155.682,0.989854,1.73841,-1.85662,0.0334853
212.921,-1.87787,-2.63812,159.724,2.78057,-0.484243,147.824,0.486253,1.39051,2.15388,0.0344047
174.08,2.15068,1.58883,142.786,-2.11096,2.93463,90.2667,0.250678,-1.26817,-1.34581,0.033538
274.804,2.27579,-0.822892,204.995,-0.745329,2.20621,114.936,0.577592,2.0602,-3.0291,0.0323732
259.171,-1.37255,0.418136,76.3631,3.16258,3.03488,89.2346,0.437196,-2.30955,2.61674,0.0330138
218.208,-2.67995,-0.562653,68.0747,1.8808,1.31246,95.0565,0.309273,2.89027,1.87512,0.0333777
94.6966,-1.29456,3.08117,91.4826,2.37878,0.50152,19.5617,1.69304,-1.7725,-2.57965,0.030336
70.6828,-2.81094,1.65386,58.6575,0.717248,0.384156,65.312,-1.8921,-1.76313,-1.2697,0.0306561
90.5657,1.49589,-0.569939,33.1081,-2.82375,-1.21944,80.0676,0.784917,2.46688,0.649499,0.0316811
169.91,-1.15804,0.281775,41.939,3.33974,2.23868,102.777,1.51538,-2.90472,1.9569,0.0304615
151.359,-2.94136,-1.57283,92.0799,1.74817,-2.34259,113.702,0.513587,1.08881,-0.769758,0.03391
159.107,-2.7405,-0.143069,44.3124,1.16914,2.77571,100.228,-2.44109,-2.94712,2.91878,0.0323309
231.333,-1.22115,0.169639,87.6849,2.56007,0.389083,151.47,1.32847,3.0409,0.219444,0.0335888
229.738,-0.216479,-0.970119,111.183,3.07439,1.86261,99.3942,0.755805,2.52398,2.83273,0.0336208
185.427,-2.40832,-1.47369,89.8371,2.98635,-0.960264,236.861,0.993064,2.12144,0.513427,0.0349416
74.0796,-3.13818,-2.6331,69.8985,0.739895,2.3917,86.3057,-0.0250996,0.24948,-1.25838,0.0322265
151.114,-1.66493,2.75888,100.404,2.13019,0.806384,107.256,-0.702834,-1.12471,-1.9525,0.0326965
72.0225,1.51412,-0.677044,68.5723,-3.41027,1.63378,56.3263,0.115334,-3.03673,-2.31082,0.0330375
65.7356,-2.14217,1.79268,60.05,1.54555,-2.13623,37.1589,0.30692,0.459007,2.35427,0.0310306
158.633,2.04713,2.15429,135.973,-1.44934,-0.567513,145.504,0.610426,-1.37795,2.7218,0.0327004
84.6188,2.71913,-0.156416,63.8025,-1.25026,1.15564,78.4996,-0.0213062,-2.98948,-1.31206,0.031623
100.475,-0.514259,-2.99427,60.3,4.54283,-0.121907,36.0756,1.17182,2.29891,2.87236,0.0345958
163.713,-2.60137,-2.76988,53.1595,3.16476,-2.2686,177.605,-0.82242,0.741726,0.501276,0.0346107
134.154,-0.946956,-1.05292,73.873,2.93704,-2.63041,93.4655,1.57497,1.55589,-1.57749,0.031066
131.064,1.97139,-2.87862,70.1329,-2.62088,2.48474,93.8867,1.3569,0.0683032,0.919823,0.0315241
323.723,-1.93004,1.72986,53.6649,2.95699,1.15512,138.228,0.201012,-1.28783,-0.574741,0.0343961
136.192,-2.01185,1.50968,92.6598,2.04616,2.02084,161.92,1.36938,-1.30239,0.511164,0.0329066
144.323,1.3619,2.83334,44.3979,-2.73084,1.79898,95.2646,0.454338,-0.553031,1.03436,0.0322417
59.8805,-3.07928,0.889015,37.8069,3.02943,-1.27922,57.3075,-0.882335,-2.76041,-2.16823,0.0328666
112.565,-1.62038,2.65952,31.7565,2.25635,-0.928839,50.9939,-0.38549,-0.408808,2.69483,0.027415
75.3175,-4.17321,0.897857,69.8793,3.15572,-2.17724,28.1407,1.39559,1.00957,-3.0751,0.0361417
220.807,-1.34365,-0.474523,93.0754,2.70275,-1.63948,219.806,1.34528,2.31152,-1.16496,0.032252
209.283,2.35379,1.14525,124.714,-2.04474,0.222819,129.418,1.23371,-2.15392,0.922426,0.0321453
72.2436,2.67665,2.89149,56.848,-3.16996,-2.6736,94.1105,0.0273233,0.0717895,-0.718088,0.0336489
156.622,0.313898,-0.67535,31.7468,-4.03399,-2.20189,114.255,-0.573494,2.33975,1.52654,0.0326764
109,2.0413,-0.36338,57.7317,-1.28565,-1.125,76.9813,0.714741,2.49524,0.761619,0.0288907
172.077,-2.03016,-1.00384,106.071,2.79646,0.0141348,206.531,0.0201493,2.68188,1.01798,0.0331584
136.525,1.81495,0.12162,48.7245,-2.62098,0.526559,75.7232,0.122892,-2.84912,-0.404939,0.0335863
91.2005,3.58976,-1.9326,81.9336,-3.52502,-0.789526,124.567,-1.41072,1.94292,-1.14308,0.0376725
214.369,-1.27989,-0.616868,161.377,2.0699,0.983178,170.998,1.30673,-3.12617,1.60005,0.0335042
135.117,2.01533,-1.52869,46.867,-3.28372,-2.81386,124.564,-1.54332,0.924229,1.28517,0.0333898
89.8543,-2.14999,-0.24173,87.1135,3.75967,-1.01676,98.3196,1.59954,2.47634,-0.77503,0.0335226
109.652,-2.92529,-1.40121,49.4959,1.49599,0.13029,94.8133,-2.01376,1.90374,1.5315,0.0330722
175.717,-1.25959,2.11477,71.5514,2.64153,-2.10196,57.5794,1.92836,0.263563,2.06646,0.032844
173.937,1.17475,-1.45068,48.6622,-2.6828,-2.93273,112.697,-0.487462,1.16737,1.48205,0.032369
127.773,1.963,-1.07808,87.0507,-1.6145,1.66288,83.4744,0.91142,2.6576,-2.74097,0.0315332
125.661,2.48413,-0.943215,45.5931,-2.73127,-2.60817,74.2747,-1.9988,1.75278,1.66496,0.0317405
195.412,-2.82552,-0.118837,32.4412,4.88416,2.62416,119.169,-0.449353,-3.13405,2.743,0.0370701
227.766,3.11188,-1.03909,34.1832,-2.27546,3.01208,78.5916,-1.37581,2.06792,2.23201,0.0354245
124.373,2.74359,1.26834,79.7996,-2.74716,-1.28859,22.0861,-0.243715,2.98144,2.55693,0.0339084
78.4908,1.98941,0.767544,55.4364,-3.72914,0.69371,67.2336,-1.99287,-2.71984,0.0738344,0.0336269
129.746,-2.75974,-1.55189,56.6166,0.440412,-1.88111,126.06,-1.18321,1.57952,-0.329219,0.0306914
250.491,1.91108,2.62648,82.1104,-3.02098,-2.11046,206.796,0.84919,-0.255489,-1.54624,0.0344036
130.544,-1.28657,0.262085,40.2995,4.00769,-1.38326,125.991,0.262417,-3.11166,-1.64535,0.0339527
64.0609,-2.90057,2.06322,53.886,1.88717,2.03983,86.1509,1.3632,-1.22452,-0.0233898,0.0306957
112.742,-1.08224,0.606832,72.666,2.09303,1.71348,58.9824,0.278897,-1.9662,1.10665,0.0316161
247.805,2.23414,-1.09746,96.8983,-1.44415,1.79855,141.489,0.269362,2.32042,-2.89601,0.0328311
76.8165,4.06413,1.8926,61.7212,-3.71818,-2.31141,40.5922,1.38453,-0.478,-2.07918,0.0343728
104.287,-2.33953,0.539292,42.7911,2.36323,0.878762,93.8478,0.445528,-2.54684,0.339471,0.032332
152.036,-1.64795,-0.798152,115.668,1.46027,-2.80376,55.3385,-0.356193,1.935,-2.00561,0.0309093
65.582,-1.9262,-2.06744,48.9213,4.61225,-1.16483,69.2819,0.683844,1.65352,0.902614,0.0350821
93.7627,2.31173,-2.28405,57.9206,-2.01019,-1.86963,102.703,-1.29304,0.937629,-0.414419,0.0326036
370.377,-1.56,-0.293536,144.379,2.37946,-0.749409,156.203,-0.79202,2.74558,-0.455873,0.0316271
136.995,-1.03573,-2.90293,56.732,3.03428,2.16257,67.2182,0.0735233,0.418387,-1.21768,0.0327361
61.8246,2.27588,1.50948,32.8409,-2.4747,0.700871,68.0334,1.05074,-2.03211,0.808605,0.0311465
117.42,3.09549,-0.274923,78.3377,-1.31435,1.28752,130.587,0.885298,-2.78221,-1.56245,0.0326499
90.0146,1.75669,0.089309,88.4882,-1.35723,0.981218,115.033,1.07363,-2.55663,-0.891909,0.0315661
162.537,-3.08775,-2.80345,32.1615,0.480965,-1.98152,126.023,-0.897167,0.380644,0.821924,0.0319793
100.587,2.09044,1.09326,73.1012,-3.88773,2.88299,143.245,-0.97234,-1.36595,-1.78973,0.0348318
110.597,2.05683,-2.1385,84.4551,-3.73743,-0.572757,104.891,-2.15807,1.97189,-1.56575,0.0330047
126.912,-0.981007,-2.46247,65.1059,3.61059,-1.64601,98.2152,2.40278,0.813662,0.81646,0.0336718
148.634,-0.440471,0.413087,57.4188,2.9281,2.66946,79.8859,1.52834,-2.59123,2.25637,0.0319397
293.068,-2.05615,-2.89251,144.591,1.22141,-0.38952,179.175,0.84849,0.666203,2.50299,0.0323838
74.8024,3.09973,2.61486,52.3974,-2.7712,-1.03413,36.408,0.681425,0.343165,-2.63419,0.0335919
143.22,-1.32847,-1.51043,95.1438,2.58279,-1.47724,180.594,1.35438,1.76812,0.0331919,0.03253
147.931,-2.06754,-1.37325,122.183,1.11816,-3.03553,93.6394,-1.28985,1.00011,-1.66228,0.0328116
169.646,-2.40904,-2.15177,63.5167,2.2856,-0.316446,76.9136,-0.457519,1.52551,1.83533,0.0314837
102.423,-0.198717,2.29567,83.4302,3.65256,-2.87807,58.02,1.51202,-0.575683,1.10944,0.0311616
127.108,2.89372,-2.5909,66.3938,-2.8256,2.82015,63.8939,0.992427,0.162887,0.87213,0.0339277
217.595,-2.65823,2.62764,85.2487,2.05645,0.450934,75.3296,-0.151282,-0.853164,-2.1767,0.0337604
206.016,2.93112,-0.73133,64.1041,-2.94485,1.27305,112.877,0.0776248,2.93547,-2.00438,0.0350248
94.7567,2.55283,-3.06929,51.1982,-1.72404,-1.50241,138.512,-0.304171,1.08187,-1.56687,0.0321283
279.924,2.1457,-2.20573,41.7742,-3.85609,-1.95956,255.78,-0.535192,1.03265,-0.246167,0.0351129
131.653,3.08036,-0.789727,76.6148,-4.04441,-2.56303,132.061,-0.0158324,1.5991,1.7733,0.0372383
118.985,-2.91496,0.524988,101.135,2.59831,1.34281,212.242,1.20566,-2.30224,0.817826,0.0354385
140.991,-2.49056,2.32871,76.4077,3.05987,2.36596,123.458,0.141074,-0.69719,0.0372508,0.0340409
112.264,2.17151,-0.140591,66.6553,-3.49995,-1.27766,114.937,1.41769,2.72244,1.13706,0.0338231
106.975,2.50733,-0.392976,73.6715,-2.14379,-0.0548656,96.1504,1.17737,3.04728,-0.338111,0.0335906
172.356,1.33532,-1.46934,143.191,-2.99215,-1.60059,264.12,0.107899,1.58259,0.131251,0.0342214
107.019,2.67703,1.83992,37.682,-2.33235,0.554868,52.3317,0.155147,-2.08267,1.28505,0.0323737
73.7628,2.56557,-0.0142465,62.2857,-1.85122,-0.0666173,83.7296,0.641565,-2.93351,0.0523708,0.0316481
120.761,0.935081,-0.453483,57.145,-2.36767,-1.21534,163.669,0.193084,2.37807,0.761857,0.0318441
79.9859,3.15938,-1.4448,46.2977,-2.08569,-0.801316,73.7765,1.7526,2.11855,-0.64348,0.032368
89.1948,-3.84958,-0.650903,34.3112,3.06565,2.77833,44.8451,-2.39669,2.69853,-2.85395,0.0358235
91.1173,-3.20244,2.60551,41.5183,3.83241,-2.99576,112.763,0.0537988,-0.506054,0.681908,0.0351675
106.205,2.42904,-2.75344,48.7951,-1.47913,-2.74837,70.4096,-0.336223,0.518606,-0.0050602,0.0316528
122.848,-1.75994,1.82487,46.5154,3.72437,0.363042,129.948,1.26386,-1.72674,-1.46183,0.0367624
120.404,1.76019,1.98085,61.165,-3.8553,1.82907,147.396,-0.525575,-1.07489,0.151784,0.0345802
152.162,1.03309,-0.905673,112.084,-2.99073,-2.9654,55.7991,0.032978,1.42108,2.05973,0.0322162
432.845,-0.942156,-1.41587,139.583,2.65057,2.36071,218.503,0.0802108,1.50869,-2.5066,0.0329114
135.862,-1.97517,-0.745084,36.0047,1.5086,-1.98232,48.703,-0.556358,1.93163,-1.23723,0.0315617
94.3631,1.65216,-0.368061,46.6038,-3.0739,-1.94753,98.2395,-0.465653,2.09729,1.57947,0.0332157
155.501,0.366821,0.961181,41.501,-4.24706,-3.07628,123.22,-1.75955,-1.9299,-2.24573,0.0338656
104.657,2.20433,1.65861,71.9311,-1.43019,0.929504,153.635,1.54824,-1.9661,0.729104,0.0305008
180.084,-3.52717,-2.20523,109.818,2.20372,1.63864,52.3821,-1.52034,0.63114,-2.43931,0.0360609
114.36,3.40895,-0.351988,54.3814,-1.59349,1.56307,147.113,2.00012,2.93134,-1.91506,0.0309197
166.811,2.91094,0.64709,85.3666,-2.48131,1.33086,195.543,0.892795,-2.56355,-0.683769,0.0350379
186.692,-1.61819,-1.19762,152.221,1.39877,-2.03551,176.536,-0.362946,0.999631,-0.83789,0.0330397
58.6496,4.04941,-2.56765,36.2097,-0.929753,-0.596268,51.1045,1.89678,1.11516,-1.97138,0.0326415
169.777,-2.74017,2.47784,47.212,2.1429,2.21575,127.771,0.165913,-1.14398,-0.262096,0.0314626
148.268,2.76921,-1.26163,131.233,-1.96046,0.679968,104.569,1.30999,2.57334,-1.94159,0.0339775
147.92,0.667537,-1.00861,42.9957,-2.50634,-1.79816,117.088,-0.272219,1.84013,0.789548,0.0287617
80.5081,2.58167,-1.8867,73.1247,-1.35997,2.33483,72.2098,0.136887,-0.265056,2.06166,0.0316567
134.001,-1.8458,-0.38109,50.8376,2.96368,1.99046,46.0373,1.34092,-2.47393,2.37155,0.0333094
121.93,-2.22711,-0.787436,42.1415,3.45587,-0.302775,137.346,-0.924702,2.51215,0.484661,0.0316328
100.453,1.8367,1.28624,39.3323,-2.84819,-1.05449,62.7124,-0.657249,-2.23718,2.34072,0.0321592
148.726,-3.37943,2.65476,144.255,1.10214,1.94383,69.8271,0.742382,-0.919282,-0.710932,0.0354954
111.193,-1.82861,-2.55475,43.4194,1.61614,-2.15078,31.4359,0.327379,1.22496,0.403972,0.0299807
130.406,-2.11345,0.440859,46.5227,2.97584,2.55338,54.7908,1.03118,-1.47793,2.11252,0.0331122
114.039,-4.22013,-3.0663,49.8808,0.772404,-2.07682,95.8655,-0.935178,0.130253,0.989482,0.0349666
87.0587,3.18339,-0.202365,43.4139,-2.42975,-1.18528,94.9743,-0.770544,2.32242,0.982919,0.031168
59.4748,-2.14782,1.63797,45.61,3.78199,-0.281181,44.2419,0.205336,-3.02149,-1.91915,0.0308812
48.8549,-1.75546,0.511619,34.4683,4.19562,1.50602,52.9888,0.636425,-2.79814,0.994405,0.0316146
102.74,-1.54378,3.04219,47.2079,2.35846,1.38138,86.024,0.693885,-0.764686,-1.66081,0.0318423
58.1931,-2.81615,2.61546,46.9576,1.71597,2.17335,56.6799,-1.04019,-0.821175,-0.442116,0.0319014
234.687,-3.03857,1.56735,39.1385,2.0622,-1.94465,51.5774,-2.0407,-1.35678,2.77118,0.0357591
159.411,-1.99236,-2.85324,57.9351,3.38025,-1.46245,92.6046,-0.433722,0.634808,1.39078,0.0338827
139.044,1.34132,-0.528576,100.755,-2.7188,0.651602,108.078,-0.0564195,2.6328,-1.18018,0.0318464
111.346,-3.12542,-3.01663,46.5102,2.49114,1.4056,50.411,-1.36146,-0.235928,-1.86096,0.0336914
306.379,-2.34672,0.939307,58.8155,2.95494,2.87825,235.72,-0.402333,-1.93851,1.93894,0.0341671
83.1036,-1.02267,0.818323,80.4817,2.70478,0.0655939,76.7754,0.95261,-2.32991,-0.752729,0.0321835
157.768,2.7722,-1.25409,57.6661,-4.7622,-0.611629,145.184,-0.8967,2.04165,-0.642464,0.0382076
220.015,1.41241,-1.51156,144.767,-2.15368,1.45942,115.979,-0.408062,2.06152,-2.97098,0.0331838
96.3633,-2.20921,2.91911,47.8253,3.40676,-0.219907,30.5646,0.905598,-0.989353,-3.13902,0.0332623
57.3406,3.84554,0.493636,37.5315,-0.564405,-0.459726,108.472,1.94042,-2.97815,0.953362,0.033024
163.506,-2.13914,2.69357,36.5671,4.03815,-0.0945178,86.3129,0.750004,-0.819258,-2.78808,0.0338969
322.457,2.0724,-2.80823,66.9885,-2.1952,-0.2879,72.079,1.1817,0.27457,-2.52033,0.0346508
141.985,2.63659,-1.9975,122.82,-1.28173,-1.02447,180.429,0.790132,1.69948,-0.973025,0.0335895
114.375,2.43667,-2.7459,79.2189,-3.21563,0.890087,36.3794,1.04305,0.0418874,2.6472,0.0335391
111.885,-3.95868,-1.80659,57.5486,1.38957,1.86447,30.9531,-1.40295,0.630018,-2.61213,0.0343382
180.418,-0.940246,0.426046,66.5441,3.97131,0.799341,202.572,1.39994,-2.69128,0.373296,0.0355622
126.629,-1.47118,1.9865,42.6861,2.79557,-0.0379623,77.6998,1.92413,-1.79221,-2.02446,0.0325466
139.992,1.39484,-0.413576,61.208,-3.22689,-1.25302,126.955,-0.268307,2.27838,0.83944,0.0317215
124.696,2.67506,-1.25661,92.0188,-1.65617,-0.79902,110.839,0.336204,1.68826,-0.457592,0.0326783
307.03,1.43583,0.755131,56.4848,-2.68475,0.944675,201.817,-0.825634,-2.10419,-0.189545,0.0332914
94.9326,3.0617,-2.71269,81.7808,-1.99188,-1.6642,119.238,1.62258,0.851964,-1.04849,0.0330528
88.9109,2.56416,-0.603644,63.9868,-2.37697,2.0046,61.0668,1.12188,-2.74987,-2.60824,0.0324132
110.955,1.07005,-2.10467,56.039,-3.92067,1.76334,80.8967,0.833039,-0.063056,2.41517,0.0335257
145.397,-2.59426,2.23052,41.5453,2.48306,2.63718,162.789,-2.40222,-0.867979,0.406665,0.0311835
249.591,1.41064,0.775113,97.0282,-2.67152,2.94424,266.7,-1.17912,-2.19457,-2.16913,0.033993
113.298,1.98807,-1.29711,42.7262,-3.33012,-0.998275,124.934,0.115149,1.98977,-0.298837,0.0332881
157.42,2.45935,-0.500446,44.7524,-1.1131,-1.16713,108.879,0.344498,2.13675,0.666684,0.0297938
81.6541,-2.749,0.285612,39.4458,3.248,-0.258981,83.8268,-1.05788,-2.82505,-0.544593,0.0350208
76.6948,-2.62105,-2.25048,66.6135,3.92218,-0.995813,62.8332,-0.696037,1.5595,1.25467,0.0347883
125.178,-2.51001,-1.24176,74.7159,4.04916,-0.286325,148.797,-1.16258,1.92306,0.955439,0.0365948
102.01,3.11905,-2.83706,42.7129,-2.89022,1.96962,92.8264,-0.0278582,0.124389,1.47651,0.0341194
82.3322,1.27253,-2.72641,66.3688,-2.01193,-2.21221,106.907,-0.537527,0.89397,-0.514201,0.0313801
154.549,-1.87885,1.27734,145.496,2.31383,-0.748174,59.2121,-1.33421,-1.50597,-2.02552,0.0336975
98.9172,-1.58485,-1.64297,87.9278,2.02582,0.473013,51.6353,0.693238,2.112,2.11598,0.031785
135.559,3.23977,2.35073,84.9975,-0.0331622,-2.52317,126.931,1.97249,-0.0648663,-1.40929,0.0327329
147.711,-2.11621,1.66869,50.3123,3.81273,-1.29406,31.9475,1.87694,-1.78808,-2.96275,0.0350859
129.23,0.807412,-1.51119,73.9533,-2.39487,2.82925,74.8258,0.00127543,0.98354,1.94274,0.0319652
144.185,1.85716,1.42979,105.557,-2.82167,-0.780972,74.0027,-0.556713,-2.78577,2.21076,0.0327411
69.0465,-1.08931,2.04925,65.4676,2.92401,-1.57961,25.7414,2.40352,-1.07334,2.65433,0.0317157
160.995,-0.72981,2.21323,69.9791,3.61827,-2.0908,41.6915,0.431871,-0.0764194,1.97916,0.031882
134.545,1.48985,1.09754,56.0997,-2.56318,-0.409177,84.0662,0.497761,-2.07234,1.50671,0.0326652
104.138,1.67599,-0.0654753,39.9738,-4.14074,3.11662,47.9204,1.73736,2.73038,3.10109,0.0338415
162.975,-0.934843,1.08071,71.5831,3.15019,0.907104,166.928,1.47881,-1.98461,-0.173605,0.0335245
107.063,2.68699,1.3548,92.6106,-1.58161,-1.21239,38.4495,1.49002,-2.47896,2.56718,0.0324495
145.592,-2.09319,1.305,98.4027,2.23685,2.17159,157.97,0.474951,-1.79916,0.866591,0.0330554
179.79,-1.93426,-1.70474,38.1378,1.69183,-1.86913,144.192,-0.967985,1.32487,-0.164388,0.0319226
173.99,2.89561,0.544753,106.761,-0.237255,1.71492,183.463,0.550928,-2.57563,-1.17017,0.0337461
77.8694,-2.70429,2.5979,48.8612,1.04346,1.58725,102.761,-1.78846,-0.488545,-1.01065,0.0314309
78.0865,2.0595,1.23092,48.003,-3.33422,2.5061,61.4484,-0.0816332,-1.15842,-1.27518,0.0322917
193.911,-3.00222,-1.95209,85.6675,2.59051,2.4992,135.534,-1.2068,0.754221,-1.83189,0.0354825
108.916,-1.78954,-3.08964,67.287,1.2995,1.99251,121.923,-0.794126,-0.279055,-1.20104,0.031404
120.434,1.6597,-1.94394,47.4823,-1.61062,-0.128458,72.3272,-0.115165,1.2316,-1.81548,0.02734
140.371,-1.8188,1.11748,61.812,2.86584,0.200727,81.7944,1.46215,-2.71827,-0.916749,0.0326341
177.585,-1.76539,1.80907,53.2906,3.65823,-0.157551,110.725,-0.14844,-1.42212,-1.96663,0.0337486
130.842,-1.31334,-0.494681,46.1914,2.66086,0.831229,114.895,1.33834,2.91347,1.32591,0.0322433
207.166,-2.30373,1.60664,53.3501,1.11824,-0.139977,75.8642,-1.42328,-1.77896,-1.74662,0.0302414
124.183,1.62945,1.63937,82.5318,-2.06827,2.54166,121.847,0.525847,-1.10248,-0.902295,0.0304021
98.0463,-2.40484,2.96096,43.3477,2.59438,-0.813282,68.206,-1.80638,0.51344,2.50894,0.0307953
181.009,0.79899,0.105205,75.4444,-3.51399,-2.9487,73.2305,-0.880201,-2.56809,3.05391,0.0337067
145.159,-2.32181,0.217418,81.8182,3.56228,-0.962615,100.997,0.487154,3.00744,-1.18003,0.0350847
98.1275,-2.53891,2.51018,72.2531,1.94641,-2.52712,95.2525,0.176276,-0.300531,1.24588,0.0327724
121.071,-1.50855,2.01287,81.5568,1.5631,0.0663489,98.6709,-0.475786,-1.31613,-1.94652,0.0309158
80.3294,-2.79627,-2.35426,42.4596,3.79273,-2.07165,65.7945,-0.120616,0.766416,0.282607,0.033623
89.995,2.80484,-2.75752,75.5425,-3.34566,-1.01146,74.3545,-0.059594,1.19446,-1.74605,0.0346341
234.627,-2.31566,-2.03165,53.024,1.66944,-1.01638,120.14,-1.39599,1.17269,1.01527,0.0325798
103.036,-2.72721,-2.42865,49.6921,1.77323,-1.19335,74.4733,-0.871297,2.04308,1.2353,0.0339406
173.068,-1.46038,2.56866,58.269,1.72371,0.66249,71.33,0.746475,-1.11473,-1.90617,0.0319288
133.492,2.8604,0.536512,85.4109,-2.92563,2.25652,116.626,0.698926,-1.55683,-1.72001,0.0345439
179.492,2.81036,-2.84495,57.9139,-2.69787,-2.25848,90.862,-0.909777,0.309705,-0.586469,0.0346659
108.49,-3.04244,-1.72707,31.8167,3.61867,1.20834,76.862,0.496854,1.37763,2.93541,0.0307159
137.401,1.77516,2.02993,82.4726,-1.9057,-3.04038,134.817,0.0394985,-0.555988,-1.21287,0.0306129
224.229,1.67688,-1.30847,119.348,-2.58237,-2.97544,124.87,0.327745,1.06034,1.66697,0.0321831
77.8143,-0.989559,2.41888,53.1514,3.49169,2.28173,62.5332,1.29177,-0.292194,-0.137146,0.0319062
94.1805,-2.70231,-1.98097,38.7162,2.01194,-1.38539,89.0319,-1.29363,1.66328,0.595581,0.0297132
70.3279,1.33292,2.00147,55.6192,-3.86269,1.75559,72.1057,-1.93625,-1.30939,0.245873,0.0340169
72.8839,-2.97398,-0.10098,48.6491,2.17895,0.670857,80.4951,-0.984186,3.13608,0.771837,0.028595
214.618,-1.73639,-0.939459,124.5,2.07423,2.30443,140.641,-0.337812,1.90539,-3.0393,0.03217
134.368,-1.7447,-0.688022,109.483,2.64453,-1.82604,148.582,-1.00679,2.00829,-1.13801,0.0333549
97.6871,0.534878,0.408464,90.7417,-4.14523,-0.390007,158.026,-1.14377,-3.00262,0.798471,0.0352543
73.6961,-1.59541,1.64785,32.421,3.39102,0.661734,49.3421,-0.532929,-1.9937,-0.986118,0.0307496
179.844,-0.951828,-2.59119,39.7642,2.41636,-0.300857,89.938,0.249691,0.645822,2.29033,0.0317104
105.895,1.30635,-2.17105,81.0093,-4.06744,2.85957,79.266,-0.637371,0.763433,1.25256,0.0337366
83.1995,-1.45529,-2.17865,61.7692,2.30055,0.0948119,77.1921,-1.19603,1.76233,2.27346,0.0307661
106.151,2.73453,0.158721,57.1567,-2.55014,-1.08165,104.723,-0.794017,2.84923,1.24038,0.0332878
104.175,3.65596,-1.41869,83.8974,-0.040657,-2.52984,106.882,1.81267,1.4034,1.11116,0.0318056
66.9315,-2.80641,1.16109,44.3028,1.29272,-0.776685,31.9239,-1.61378,-2.21564,-1.93778,0.0307393
115.744,-1.11928,-2.31025,75.8535,3.12148,-1.07989,104.635,-0.215615,1.2413,1.23037,0.0329144
122.622,-1.53457,-1.9747,70.5496,3.44216,-2.57035,141.855,1.78981,0.99983,-0.595652,0.0328016
135.158,1.2577,1.48087,33.1455,-2.94487,0.014008,81.4069,-2.39794,-2.09194,1.46686,0.0313554
201.104,-1.23464,-2.97379,78.667,4.33334,-0.882767,205.392,0.163155,0.499446,2.09103,0.035384
76.9262,-2.68132,-2.10018,61.4491,2.38881,-1.09344,91.341,-0.95619,1.29856,1.00673,0.0323477
139.754,-2.2968,-1.76326,44.2815,4.22201,-1.30724,105.404,-0.367629,1.90446,0.456013,0.0351453
176.572,2.76339,0.104736,81.6918,-1.88413,-2.4883,147.427,-1.39717,2.98806,2.59304,0.0352628
412.849,1.85591,-0.368549,129.532,-2.35788,0.0706975,383.94,-0.476697,2.9009,-0.439246,0.0352978
82.6512,1.98063,-0.725988,33.0982,-3.45118,3.02814,52.1901,0.39336,1.97445,2.52906,0.0283257
132.241,1.57959,-1.30697,101.095,-3.98759,3.03964,68.5471,-0.614686,0.847674,1.93657,0.0358907
69.8241,-2.87919,0.211866,54.1644,3.31359,1.34193,53.0748,1.40562,-2.70409,1.13006,0.0339488
131.639,2.93832,0.532461,55.6136,-2.52005,-0.589157,108.878,-0.560721,-2.92157,1.12162,0.0323127
208.371,3.02515,2.2636,169.903,-3.18107,-2.30518,120.056,-1.02298,0.419268,-1.7144,0.0383428
321.703,-1.33107,1.89318,71.1223,3.57,-0.391293,166.083,1.24153,-1.70454,-2.28447,0.0347788
125.84,-1.62632,2.7051,38.2299,2.05665,1.1549,49.7266,-0.0295769,-1.03173,-1.5502,0.0304713
130.642,-2.31262,1.7367,100.001,2.35125,-1.12659,32.7572,1.5365,-2.19621,-2.86329,0.0329334
104.388,-2.77387,-2.78194,92.42,3.18164,-1.61476,96.42,1.56456,0.994286,1.16718,0.0347768
187.919,1.97976,0.59104,37.1676,-2.42743,1.1704,124.984,0.572794,-2.14646,-0.57936,0.0295044
116.834,-1.47349,0.0695705,105.654,2.36674,-2.84654,69.7148,0.850421,-3.11918,-2.91611,0.0320208
281.163,1.04911,-1.52528,41.277,-3.86506,2.71383,197.4,-0.0590521,1.41284,2.04408,0.0333332
75.8002,-2.2535,0.824317,48.8299,4.14601,-1.19074,33.5252,1.95088,2.99371,-2.01506,0.0340816
268.159,-2.34627,-2.95658,124.374,1.90257,-3.13144,147.493,-1.38883,0.235448,-0.174855,0.0345288
198.64,-1.91385,-2.3144,67.2827,4.09386,-1.57096,176.327,-0.207767,1.14462,0.743432,0.0356954
142.308,1.15248,0.634941,110.102,-3.4373,-1.47249,89.124,1.21715,2.60242,2.10743,0.0345376
117.849,0.248803,-1.02101,106.834,-3.26131,-2.94404,79.4796,-1.99205,1.00801,1.92303,0.0333545
232.406,1.94367,2.5271,41.1465,-3.597,1.52032,131.521,-0.733147,-0.852995,1.00678,0.0347833
228.633,0.782854,-2.32775,65.3848,-3.83615,-2.99324,183.638,0.107427,0.726893,0.665491,0.0343791
69.4466,-2.15923,0.638077,53.6527,1.85881,2.13875,61.2667,-0.357249,-1.45029,1.50067,0.0311521
128.862,0.887738,0.426203,33.1704,-3.18203,2.03676,125.687,-0.804031,-2.51538,-1.61056,0.0309351
171.809,1.52133,2.64454,126.1,-1.68845,-1.54485,66.7181,-0.585791,0.680472,-2.0938,0.0324377
81.6957,1.51016,-0.5382,67.6384,-3.73221,-1.11947,95.5129,-0.749472,2.32431,0.581272,0.0333085
72.1254,-2.12752,2.17176,54.6459,2.75297,-2.66253,34.3656,1.05562,-0.748847,1.44889,0.0303662
92.509,-2.31129,-1.76973,62.4084,2.1808,0.345184,41.5082,0.0756439,1.17003,2.11492,0.0304695
93.2328,-1.7851,1.66803,60.1004,4.23293,2.45847,122.259,0.521489,-1.36739,0.790436,0.0348741
58.7016,-2.07473,0.766232,42.947,3.37626,2.65839,95.9671,0.515933,-1.69074,1.89216,0.0340275
272.558,-2.72305,0.500489,39.3555,1.81753,2.59738,192.054,-2.35409,-2.53561,2.09689,0.034898
251.526,2.71439,-2.65304,174.181,-0.763109,-0.558522,162.944,0.766399,0.814127,-2.09451,0.0295497
279.608,-2.42739,-0.309656,256.443,1.67558,-0.0720403,433.657,-0.902711,2.99762,0.237616,0.0353361
135.566,0.364142,3.00909,89.8582,-4.00632,1.56369,132.114,-0.106787,-0.0599396,1.4454,0.0353023
87.7171,1.0408,-2.38105,59.7094,-3.60211,-2.67156,52.2656,-2.1783,1.07632,0.290508,0.0307494
106.724,-2.3775,2.14765,38.3999,1.66615,2.02148,160.832,0.773305,-0.986411,-0.126169,0.0320264
157.732,2.2318,1.15736,94.4999,-3.78088,1.14257,199.324,-1.93896,-2.26134,0.0147865,0.0365248
151.142,-1.68822,2.86095,58.86,3.25411,0.568135,93.529,0.262142,-1.17004,-2.29281,0.0328472
113.832,3.15684,-1.54397,81.2784,-2.62667,0.373404,96.6261,-1.8714,3.03512,-1.91738,0.0341306
118.41,3.97202,2.69,52.5749,-2.96927,-0.243546,35.2632,-2.73532,-0.691656,2.93355,0.0375746
135.434,2.49815,-1.79031,43.3328,-4.39786,-2.37042,93.2907,0.72244,1.28547,0.580103,0.0354674
64.2566,-1.41341,-0.970352,54.1415,2.42586,0.343334,22.7352,-0.852951,1.95901,1.31369,0.0312274
75.1356,3.06974,2.64894,58.5438,-2.91335,2.69604,68.213,1.59844,-0.0189748,-0.0470998,0.0336699
75.2713,-2.74686,2.77042,65.3982,0.942471,-3.03913,44.4926,-0.620021,-0.234015,0.473626,0.0288213
189.559,-2.96378,-2.44315,86.373,4.23323,1.68574,110.334,1.01729,0.470753,-2.1543,0.0390014
100.753,-2.04123,-1.23224,58.3874,2.08995,-1.32452,107.425,-0.276093,1.80207,-0.0922836,0.0318864
297.767,-2.39078,1.29306,195.188,2.53929,-3.00804,232.657,-1.05025,-0.596127,1.98208,0.0358464
181.045,-1.18431,-0.855887,98.1487,2.74562,0.0346077,216.224,2.31771,2.60569,0.890495,0.0342286
57.6953,-2.06795,2.56862,56.6949,2.68242,-1.69829,23.8767,3.13557,0.963231,2.01627,0.0317787
250.412,-2.27107,2.50053,163.38,1.80138,-0.290491,81.4974,-0.392582,-1.06045,-2.79102,0.0305221
136.126,-2.43457,-2.06713,63.7378,2.20361,2.35049,127.246,0.471571,0.843895,-1.86557,0.0329305
221.555,-0.685375,-0.288882,110.536,2.84499,-0.814129,114.472,0.989525,2.87136,-0.525247,0.0335354
88.1681,2.94464,2.81853,42.5607,-1.59584,-1.06009,74.204,1.02223,-0.557944,-2.40456,0.0299274
100.785,3.59679,-3.06108,32.6561,-3.12682,-3.00338,55.5387,1.47921,0.00603719,-0.0577021,0.0343086
97.0614,1.37412,-2.38717,47.1429,-2.74168,2.86795,41.8926,-0.0990894,0.132698,1.02807,0.031673
233.367,-1.31137,1.90241,55.4617,3.83955,1.29063,115.548,0.68406,-1.39576,-0.611781,0.0348966
166.501,1.64527,-0.0438377,40.3363,-3.59976,-2.58646,105.707,-1.24137,2.84988,2.54263,0.0326481
214.634,-2.42031,0.559811,87.705,3.72031,-1.51681,97.3568,-0.770857,-2.85261,-2.07662,0.0356231
134.848,1.46916,2.45856,35.7465,-2.77145,-1.05852,39.4118,-1.58343,0.0503033,-2.76611,0.0317859
142.888,1.80153,0.41112,31.8796,-3.73779,-0.591826,140.392,-1.08635,-2.95106,1.00295,0.0339254
161.56,-0.386854,-1.33313,59.2623,2.83713,-2.71057,156.837,0.251179,1.55112,-1.37744,0.0319926
119.452,-1.18073,-1.85032,68.2592,2.27713,-2.5313,45.236,-0.845626,1.49586,-0.680981,0.0296099
89.8751,-1.22079,1.81271,68.2386,2.85592,-3.05748,45.8356,1.90177,-0.97864,1.41299,0.0330424
118.414,1.94002,-1.94239,109.148,-3.02605,-1.97591,141.927,-1.04046,0.859642,0.0335252,0.0341578
197.03,1.75812,-0.195558,81.5887,-3.87235,0.44952,257.203,-0.781244,2.97037,-0.645077,0.0353985
72.9466,-3.16021,-2.32578,56.5785,3.55602,-2.44729,90.1624,1.04133,1.11363,-0.12151,0.0317574
141.193,2.56331,-2.77943,52.1692,-2.68524,-1.82308,104.027,0.275888,0.687278,-0.956354,0.0321155
108.468,2.6397,-2.47656,93.1907,-2.67122,0.691728,68.9929,0.51555,-2.56401,3.1149,0.0324437
228.442,-1.62959,2.52326,57.3085,3.51939,0.569328,137.988,-0.233997,-0.833396,-1.95393,0.0344628
82.2612,-0.250831,-1.64538,47.0115,3.84313,-1.13109,99.8871,2.10693,1.86441,0.514294,0.0324459
98.8391,-2.74113,1.76119,88.465,1.03885,-1.98287,46.5604,-1.33424,-0.439195,2.53912,0.0320419
179.408,-2.20783,-2.0209,124.445,1.76424,-0.578629,111.236,-0.543544,1.62061,1.44227,0.0336453
149.131,2.64488,1.83873,48.3356,-4.36407,-2.66825,114.516,0.765477,-0.4021,-1.77621,0.0314447
261.486,1.67513,-2.1234,83.6059,-1.80412,2.13844,253.647,0.0533518,0.770689,2.02135,0.0328653
74.0273,-1.43171,0.881757,53.0534,2.61212,-0.865346,56.8818,1.50957,-2.67021,-1.7471,0.0312252
152.165,-2.2335,1.57599,30.095,4.01081,-3.00717,97.4987,2.37266,-1.17209,1.70003,0.0353691
210.561,-2.48923,-3.00246,95.9815,2.39699,0.657887,51.1838,-0.363473,-0.412567,-2.62284,0.0340041
108.15,-1.20704,2.03886,47.7141,3.88334,-1.86113,25.7771,-1.00795,0.282986,2.38319,0.0333247
201.404,-2.70778,-0.283804,52.0335,1.55464,1.20186,128.373,0.00226771,2.88185,1.48567,0.0330428
128.307,-2.58549,0.0338295,110.295,2.15152,2.25738,89.7003,1.42722,-2.24845,2.22355,0.0336701
121.07,2.78659,0.642697,54.6222,-1.96636,2.33495,128.331,0.56169,-2.28995,-1.69226,0.0325245
132.951,0.572016,0.322307,80.4375,-3.61055,-3.00168,33.322,-1.30943,-2.22238,-2.9592,0.0332567
162.303,-1.04096,1.32551,77.9261,3.67543,1.22341,80.3447,1.43893,-1.81717,-0.102103,0.0348884
126.038,2.1789,0.100536,63.0042,-2.76254,0.815934,93.8566,-1.118,-2.59532,-0.715399,0.0333733
85.0982,-2.73863,1.14476,42.1438,1.43677,1.08397,62.4382,-1.44215,-1.98628,-0.0607903,0.0304168
94.6101,2.69036,2.92253,55.6437,-3.76952,2.36538,135.758,1.79255,-0.339647,0.557147,0.0352645
99.6597,2.12828,3.04376,44.2467,-2.14407,1.0423,62.518,-1.28355,-0.925038,2.00146,0.0320578
173.159,-1.81672,2.92666,123.09,1.95454,1.61455,150.565,0.414981,-0.291312,-1.31211,0.0327571
77.0979,1.96816,-1.59923,57.2387,-2.19826,-0.646718,90.4836,0.915222,2.11117,-0.952507,0.0300207
79.8409,2.29663,2.95503,74.434,-2.51054,-2.95194,48.3813,-1.75537,-0.541512,-0.376211,0.0324521
93.7964,-3.40148,2.67695,42.5855,4.45738,1.66194,63.1062,-0.594961,-1.48608,-1.01501,0.0361615
185.358,-3.07674,-1.33249,64.8938,1.1522,-0.0625832,121.753,-0.681544,2.00569,1.26991,0.0340058
77.6085,-3.08751,2.58194,46.08,3.40485,-2.25355,75.4128,1.30492,0.160115,1.44769,0.0322918
203.949,2.98299,-0.177199,132.873,-1.49274,3.08685,60.4337,-0.962906,2.42784,3.01914,0.0343957
108.719,-3.66449,-1.85226,101.539,1.09104,-1.68491,123.451,-1.53153,1.36571,0.167351,0.0343051
125.031,-3.03249,0.997347,34.4579,1.95436,2.11204,49.9164,-0.287348,-1.25772,1.11469,0.0325175
50.3319,1.21211,-0.10405,47.8044,-3.66947,0.498168,86.7889,-0.703548,-2.3451,-0.602218,0.0332021
117.456,1.93757,-0.237352,82.3466,-2.7632,0.540705,106.03,-2.36847,-2.74239,-0.778056,0.0328137
163.529,2.78349,-0.160102,130.251,-1.91383,-1.02553,151.165,1.22297,2.63447,0.865424,0.0344506
79.7513,-2.35036,2.7579,69.3055,3.43824,2.00775,85.3169,-0.0520946,0.315397,-0.750148,0.0315446
130.945,-1.26501,-1.71856,71.5058,2.4762,0.569215,72.4555,-0.246302,2.22524,2.28778,0.0306362
173.232,2.02636,-2.74607,67.4441,-3.15692,1.19786,159.704,-1.70328,0.123423,2.33925,0.0324003
83.7972,2.99558,0.408425,37.7294,-3.19175,2.58376,86.9973,-0.143725,-2.52224,-2.17533,0.0339376
177.192,1.84473,0.97397,121.594,-1.22317,-0.549808,179.814,-0.16506,-2.63134,1.52378,0.0307158
191.976,2.85433,-3.04433,70.6249,-1.92199,-1.12391,106.121,1.01739,1.14455,-1.92042,0.0349948
176.427,1.87305,0.427565,34.8859,-3.72578,0.186804,167.305,0.182422,-2.63856,0.24076,0.0331897
85.2669,-3.3667,2.55867,34.4111,4.0935,0.75515,42.24,1.47715,-0.961105,-1.80352,0.0358993
264.703,-0.0667911,0.664301,37.442,3.59722,-1.97295,151.8,1.78659,-2.49041,-2.63725,0.0333335
204.169,-2.81711,0.580895,56.7666,2.71287,-0.191643,140.164,-0.882583,-2.93658,-0.772538,0.0344633
208.306,-0.820089,2.33097,35.3234,4.57713,0.933624,89.6024,1.15338,-0.767775,-1.39735,0.0355915
120.033,2.68466,2.95801,39.4254,-2.43205,-0.353899,62.7904,0.0657574,0.623121,-2.97128,0.0327491
92.364,-1.81308,0.197244,69.8682,1.8379,-1.34843,66.0627,1.2249,2.80546,-1.54567,0.0318178
249.486,-3.43536,-0.655946,87.9983,1.96878,-2.99767,181.741,-0.582351,2.09541,-2.34173,0.0371943
205.199,1.32419,0.0102232,136.783,-4.31172,-0.638533,175.535,0.846427,2.99683,0.648756,0.0406057
74.9403,-1.15964,-1.25875,43.6394,3.36273,2.44545,36.5772,0.30792,1.4419,-2.57899,0.0305262
115.41,2.54364,-2.0304,67.895,-0.745668,-1.54684,82.7129,-0.00966626,1.38433,-0.483557,0.0314759
76.2689,-2.75219,1.02939,53.4979,2.76241,2.17596,62.1409,-0.543242,-1.20762,1.14658,0.0310548
79.687,-2.69924,-1.9763,55.5904,1.60333,2.15548,73.4283,-2.61349,0.717125,-2.1514,0.0296156
460.799,0.928517,0.604656,113.226,-2.68087,2.12762,353.899,-0.957858,-2.29775,-1.52296,0.034495
54.3821,-1.89524,-0.383017,30.0197,2.85804,0.091228,49.3008,0.318436,-3.04815,0.474246,0.0309318
99.7208,2.05996,1.82693,93.2975,-1.54049,-2.38828,43.2118,1.48105,-0.22229,-2.06798,0.0318992
244.013,-2.93434,-1.21074,122.592,2.21563,-0.457191,204.171,0.382451,1.98196,0.753552,0.0350989
147.141,2.71767,-0.307186,43.7728,-4.18314,-0.443397,85.4601,-2.14279,2.67428,0.136211,0.0375808
183.637,2.65773,0.896726,69.7536,-2.04723,-1.29008,139.932,2.02889,-2.31244,2.1868,0.0340141
212.47,2.18142,-1.47005,55.3914,-1.09101,-2.57697,109.85,0.113966,1.41824,1.10692,0.0324916
156.276,1.68704,2.61751,128.308,-2.75507,1.77939,143.879,-0.381153,-0.867725,0.838128,0.0319481
164.595,-1.63927,-2.59097,54.1176,2.62399,1.01629,146.973,-0.771263,0.284516,-2.67593,0.0323141
111.292,-2.62415,-0.537939,68.9635,3.2153,-2.68246,35.4943,-1.91113,1.61051,-2.14453,0.0326377
76.8056,-1.96102,2.5937,47.1082,1.9544,-3.1088,75.3801,0.251166,-0.769524,0.580689,0.0291499
76.9998,2.13486,2.74427,46.164,-3.29322,2.34717,61.981,-1.39164,0.0264529,0.397096,0.0302385
76.941,-1.94663,2.89472,74.0542,3.27391,-1.58731,73.7423,-0.337795,0.996179,1.80115,0.0334667
98.9376,1.5567,1.10688,36.4569,-2.95275,2.27489,53.1357,0.325491,-1.73773,-1.16801,0.0327785
48.6081,-2.59346,0.824373,42.3299,3.7487,1.68204,48.6697,-2.51293,-1.86722,0.857672,0.0360136
151.722,1.74434,-0.329211,54.2205,-2.91892,1.24577,92.7558,-0.309936,-3.10516,-1.57498,0.0309454
116.616,0.556026,1.34714,66.3323,-3.40435,-1.79288,92.7616,-1.578,-1.19274,3.14002,0.0329278
178.169,2.86242,-1.21145,144.212,-2.36566,0.852186,42.1849,1.74568,2.43809,-2.06363,0.0354585
73.8738,2.14032,-1.38591,47.7058,-2.37298,-2.57221,98.1174,1.42184,1.60442,1.1863,0.0317983
298.337,-1.47037,-0.30918,120.047,2.93181,2.64905,160.225,0.126973,2.95386,2.95822,0.0342078
174.926,-3.02497,-1.98844,171.55,0.885843,1.64379,98.2008,-0.829399,-0.173735,-2.65096,0.0337269
134.215,1.75056,1.86683,68.1334,-3.28451,2.37587,99.1974,-0.0622349,-1.16713,-0.509042,0.0324823
84.1123,2.75198,-2.34483,60.2639,-1.65262,-0.796351,64.0169,-0.294768,1.26015,-1.54848,0.0318532
100.623,3.83487,2.67246,59.0236,-3.49437,-1.28175,45.9562,-0.925944,-0.642206,-2.32898,0.0368833
110.436,-3.08532,1.36386,96.8189,3.11966,0.260375,96.5239,-0.922257,-2.21085,-1.10349,0.0351143
286.975,-1.63484,-1.97743,77.0076,1.52137,-1.63062,162.569,-0.199865,1.07009,0.346803,0.032647
98.8374,-3.00866,1.19905,91.9962,3.16387,0.886636,101.561,-1.01627,-2.11958,-0.312416,0.033822
63.4556,3.44378,1.93873,58.9989,-2.39958,2.6319,46.9626,2.00678,-1.36322,-0.693163,0.0351721
119.068,-3.17542,-1.84025,83.1465,1.74689,-0.626287,147.478,1.5466,1.45548,1.21396,0.0335696
285.137,-2.01446,-2.84356,38.655,3.19434,-0.775884,155.709,-0.349544,0.266685,2.06768,0.0335668
108.576,1.12918,-1.31714,99.5863,-2.91742,-1.13378,111.444,-1.41848,2.15467,-0.18336,0.031786
102.757,-1.55177,-1.86302,49.8852,3.37885,2.30873,85.2076,1.9315,1.09788,-2.11143,0.0327661
40.8698,-2.73733,0.111302,38.7325,3.28372,-0.999948,51.3379,1.53211,2.7556,-1.11125,0.0320285
75.6373,-2.61511,-0.845177,54.0955,1.3747,1.07816,65.95,0.779611,2.32034,1.92333,0.0312804
127.09,2.86326,-1.67573,78.8071,-1.05665,1.93072,53.9818,2.22525,1.47065,2.67674,0.032484
72.9495,2.54155,-2.83097,42.982,-1.91624,-2.89264,79.0131,1.13449,0.175797,0.0616686,0.0294412
155.977,2.67927,0.563039,59.8416,-0.787608,0.00383029,92.0845,-0.148581,-2.56544,0.559209,0.0322526
131.586,0.321347,0.757258,81.48,-3.2638,-0.106144,107.622,-0.990805,-2.29289,0.863401,0.0316955
81.2034,-3.43486,2.61027,37.5546,3.44904,1.58718,104.427,0.69575,-0.523144,-1.02309,0.0343148
143.968,-3.06739,0.902658,61.6566,1.08172,-2.56555,62.0021,-2.75367,-1.69593,2.81498,0.0333605
45.5137,-2.62889,0.782763,35.9497,4.12639,-1.34317,66.8845,1.41855,-2.95897,-2.12594,0.0342789
146.478,-1.17299,-2.60706,124.654,2.96176,-1.08719,146.473,0.596861,1.3842,1.51987,0.0337433
294.824,1.07656,-1.00823,213.782,-2.52598,2.03247,58.3534,0.550833,-1.88105,-3.0407,0.0341459
125.589,0.432305,2.54558,45.4174,-2.92308,2.53225,121.487,-2.01906,-0.762651,0.0133331,0.03006
70.2256,-3.21845,-1.68632,57.1902,1.41631,0.359439,44.4232,-1.72998,2.7802,2.04575,0.0319997
89.3357,-3.25456,1.7253,56.0583,3.28887,-1.23991,36.1141,-1.61949,-1.36736,-2.96521,0.0348171
132.07,-2.9209,-1.62669,37.4079,1.4508,2.59798,88.6991,-1.87176,1.02034,-2.05852,0.0319746
84.6693,-3.33949,1.903,64.2735,3.33396,1.07397,121.478,1.07166,-1.1781,-0.829036,0.0365174
71.0685,0.270336,1.47465,46.81,-4.48673,0.596114,31.8714,-1.70071,-1.41392,0.878536,0.0331197
167.731,-2.21159,2.07704,150.27,1.55478,-0.0714678,122.688,-2.14222,-2.0004,-2.14851,0.0327639
51.7991,3.08279,2.1007,36.8808,-1.22651,0.869502,46.1265,0.599875,-1.48804,1.2312,0.0278239
89.3318,-1.83747,-1.15907,64.6867,2.08702,2.96508,52.0459,-1.05746,0.75866,-2.15904,0.0317062
134.68,-0.135054,2.50931,51.2967,3.60729,0.11515,85.5191,0.414059,-0.754776,-2.39416,0.030834
59.0005,3.16781,1.59753,30.0704,-3.58426,-2.26445,28.5779,-0.561003,-0.43849,-2.42121,0.0338343
129.515,-2.23888,0.0586619,117.205,2.52665,-0.887224,158.06,-0.157088,2.62577,-0.945886,0.03371
119.385,2.37596,-3.04067,37.1987,-0.892903,-0.877428,73.8234,0.877195,-0.182982,-2.16324,0.0324649
216.324,2.16711,0.607602,33.5309,-3.7155,2.98794,150.127,0.18651,-2.42834,-2.38034,0.0349289
204.163,-1.89575,-0.871739,44.4195,3.16716,1.53891,172.214,1.24918,2.10171,2.41065,0.0335963
126.055,3.36662,1.90371,58.0731,-3.46996,0.581484,89.7265,0.553053,-1.14027,1.32223,0.0357982
57.3765,-3.02404,-3.03992,41.3588,3.40561,-2.56927,61.0355,1.15112,0.151475,0.470651,0.0332893
173.634,-1.11035,-2.71326,44.4875,2.16028,2.74127,48.1005,1.37978,0.593832,-0.828653,0.0325644
293.341,2.30821,-1.67911,66.3141,-2.79143,0.421258,244.726,0.715353,1.77995,-2.10037,0.0344361
109.735,-2.85387,1.8716,92.1061,2.98805,1.61256,138.151,-0.376242,-1.41431,-0.259047,0.034451
291.073,-2.09171,-1.30049,64.5784,2.49792,-2.00128,207.303,-0.234108,1.86744,-0.700793,0.0337065
74.4931,-1.79798,-1.49441,60.8763,3.02435,3.03707,86.1077,-0.367414,1.0354,-1.75171,0.0317994
136.649,0.199543,1.47244,31.9064,-4.19829,1.80442,92.1359,-0.285227,-1.90363,-0.33198,0.034258
230.197,0.58665,-1.89148,80.9839,-3.84905,1.92757,163.641,-1.6959,1.01993,2.46414,0.0341864
124.264,2.35369,0.0922725,35.9147,-4.36798,-0.598978,147.73,0.966311,-3.00501,0.69125,0.0349214
97.8101,-0.824395,1.62419,48.1128,3.57229,2.72083,81.0577,1.27156,-1.11751,1.09664,0.0305414
130.531,-2.61628,-0.199839,125.561,1.73012,0.726427,43.5577,0.214847,-3.00184,0.926266,0.0333316
84.5262,-0.753613,-0.393924,69.9348,3.31675,1.55181,52.9626,1.05995,-2.2017,1.94574,0.0323811
145.402,-3.36083,-0.308389,68.2674,2.38851,3.13473,47.7715,0.0740883,2.84714,-2.84006,0.03472
195.905,-1.9165,2.21987,30.4854,2.55339,1.38021,154.146,-0.664037,-0.869924,-0.83966,0.0319546
107.378,2.84425,-0.982191,70.9271,-1.29081,0.383031,80.148,-0.298486,2.85809,-1.36522,0.0326491
216.504,-2.24781,2.75499,62.4833,3.11119,-1.44611,226.048,2.00157,-0.00504779,2.08209,0.0354337
98.2402,2.86448,0.390781,39.1158,-1.67137,0.238911,65.2003,2.01452,-3.01299,0.15187,0.0300694
113.535,-1.74745,1.78708,79.6832,2.10122,0.620227,108.234,1.41814,-1.72718,-1.16686,0.0326899
141.85,1.24099,0.303442,80.6197,-2.9885,1.73375,126.245,-0.831182,-2.33573,-1.43031,0.0329451
413.843,1.20655,1.5248,188.311,-2.88277,1.13435,172.06,-0.159429,-1.70322,0.390447,0.0356434
83.498,-2.70736,3.0811,56.7456,3.26223,-2.67489,66.7244,1.77134,0.395749,0.527194,0.0336961
191.831,-2.87347,-0.968368,149.571,2.62459,-1.93956,277.189,-0.424176,1.76745,-0.97119,0.0359359
47.9435,1.84011,-0.759513,40.682,-3.69328,0.0741381,67.3435,-0.774644,3.08697,-0.833652,0.0328496
112.188,2.89215,-0.444651,44.8364,-2.72632,0.309944,178.241,2.30683,2.94082,-0.754595,0.0344667
254.687,1.40159,0.606487,39.8439,-3.47828,2.13773,150.182,-0.736175,-2.2984,-1.53125,0.0336643
264.116,1.52229,-0.129777,95.4707,-3.18635,-0.735646,216.117,-1.20499,2.73292,0.605869,0.0361759
213.571,1.27234,-0.47952,40.8736,-2.91209,1.7863,113.458,-1.21707,2.46714,-2.26582,0.0315188
163.535,-2.72521,2.24701,126.549,1.8746,-2.84019,144.605,-1.01393,-0.20785,1.19599,0.0339904
154.698,-2.22766,2.57849,30.3402,1.6658,2.50089,126.011,0.791119,-0.402131,-0.0776076,0.0320024
87.5584,0.618442,0.0559528,83.0289,-2.43035,0.285169,100.612,-0.126299,2.77229,-0.229216,0.028971
110.693,-3.07492,-3.14006,87.4793,3.59576,-2.38242,198.935,0.328989,0.365432,0.757638,0.0373448
103.133,-3.06143,-2.29554,79.9637,2.99287,-2.6,58.7315,-1.73655,0.255099,-0.304468,0.0343537
132.96,2.72612,2.2736,107.193,-0.724872,-2.45506,138.346,-0.404865,-0.0818019,-1.55453,0.0326489
416.304,1.39755,1.62145,200.883,-2.39627,-1.26882,90.9289,0.00838708,-2.06961,2.89027,0.0327208
183.327,2.40577,-1.93123,58.9174,-1.3773,0.00943036,89.3956,0.569661,1.39635,-1.94066,0.0329405
169.534,1.54908,-0.183401,134.045,-3.34143,-1.16149,237.525,-1.08482,2.65919,0.978089,0.0333421
186.929,1.48245,-0.763607,43.3802,-3.11249,-0.177193,180.61,-0.273177,2.44708,-0.586415,0.0335157
91.194,-3.83073,1.23507,33.6449,2.14997,-0.24295,87.4342,0.308512,-2.46436,-1.47802,0.0340362
50.8464,-3.1277,2.95423,48.4275,0.992038,2.9093,69.3516,-1.31923,0.522009,-0.0449345,0.0302643
98.4925,-0.624146,0.021544,75.2972,3.15319,0.619619,116.553,2.16779,-2.75445,0.598075,0.0331957
112.618,-2.50562,2.39257,94.259,1.77638,-0.377878,44.4624,0.514715,-1.72036,-2.77045,0.0332704
203.926,-2.72776,-1.30993,67.8792,4.26448,-0.0884732,178.504,-0.504657,2.20028,1.22145,0.0383788
78.5733,2.09894,0.325933,52.9863,-2.84298,1.63713,59.3757,-1.13198,-2.58801,-1.31119,0.0310026
213.204,-1.77633,-1.30245,71.0829,1.95111,1.07409,97.1571,1.49749,2.14593,2.37655,0.0327766
164.755,-1.78346,-1.15004,69.3823,2.10779,0.965623,51.4124,1.71048,2.33347,2.11567,0.0331909
177.238,2.5816,0.793997,74.0154,-1.67909,-2.15479,35.0318,1.98477,-2.40555,2.94879,0.0323179
175.244,1.85401,-0.641125,55.6169,-1.86119,-2.89105,56.5534,-0.673647,1.82749,2.24992,0.030113
88.8886,2.37555,-0.400276,44.6303,-4.39451,0.498215,66.9274,0.949311,2.80203,-0.898492,0.0351951
246.67,2.07393,0.144087,117.853,-1.12347,-0.0920681,278.081,1.80862,-3.10185,0.236155,0.0327395
58.5932,-2.61472,1.6468,33.4667,2.24529,1.81821,36.8185,0.65872,-0.974505,0.171406,0.0319598
98.6343,3.24514,-0.0343105,78.2364,-3.41972,-1.49754,53.3589,-1.12008,1.99752,1.46323,0.0354033
112.548,2.74526,2.56941,92.3405,-0.65812,-2.43094,144.953,1.82711,0.0499041,-1.28284,0.0329711
158.668,2.37168,-0.784312,61.246,-3.38476,0.491259,98.3299,-0.921454,2.62618,-1.27557,0.034956
130.648,-1.55492,0.982726,129.207,1.66937,1.46282,241.274,0.962345,-1.8639,0.480091,0.0315231
173.43,0.0453767,-2.36963,44.7303,-3.14027,1.68972,128.354,-0.627807,0.43579,2.22383,0.0322131
85.5706,-2.78493,-1.28532,63.4515,3.65787,-1.01088,123.289,-1.96129,2.12445,0.274431,0.0355123
95.8243,3.20695,-1.24826,38.424,-2.23664,-0.494012,95.0256,-0.256243,1.8749,-0.754251,0.0312366
61.5979,2.71518,0.930573,40.2338,-2.45231,3.07864,33.3187,1.27422,-1.83413,-2.14807,0.032193
101.822,1.37939,0.538238,55.2217,-2.23144,2.07323,79.1447,0.484086,-1.93558,-1.53499,0.0318926
201.514,-1.31368,-0.975677,60.693,2.84023,-0.376247,98.5786,0.12904,2.39987,0.59943,0.0314087
127.434,3.11752,-2.6411,56.5414,-0.312922,-2.0719,89.9238,2.63015,0.994594,-0.569199,0.0326913
206.532,1.54137,-1.03713,58.9061,-1.81186,2.79888,142.608,-0.572508,1.65626,2.44718,0.0320857
94.2683,0.400866,-1.15109,86.088,-3.28247,-3.11519,111.122,-0.855746,1.02539,1.96411,0.0329909
127.809,-2.24475,0.698232,51.5503,1.8749,-1.45739,64.0253,1.76372,-2.583,-2.15562,0.0329393
167.105,0.527947,0.782945,36.6902,-2.7525,-0.460164,65.0896,-0.63098,-2.79279,1.24311,0.0295865
142.692,0.946136,-2.00609,66.6199,-2.43844,2.90503,112.776,-1.47088,0.953045,1.37206,0.0293946
97.1975,-2.5428,0.883696,67.0734,3.16415,-0.930815,96.0335,-1.20902,-2.51293,-1.81451,0.0339231
261.429,-1.72715,1.01036,145.674,3.16664,0.750923,112.514,-1.02074,-2.16786,-0.259437,0.0359446
96.7794,-2.84926,3.01802,56.0033,0.489307,0.225735,53.7872,-0.514301,-0.798866,-2.79228,0.0340951
106.275,-2.97536,1.34476,43.3551,0.832809,2.77823,114.225,0.654343,-1.30799,1.43347,0.0326797
111.521,1.87188,-0.0566094,31.4615,-2.63334,-1.4179,88.8444,0.931746,2.45318,1.36129,0.0300323
68.261,3.91483,-1.78755,64.4821,-1.79513,-0.775673,67.4,0.39184,1.89834,-1.01188,0.0346999
87.3332,1.6441,2.536,60.8365,-2.89567,-2.98275,93.8101,-0.478575,-0.0397757,-0.764432,0.0322919
60.3941,-2.79651,0.204077,34.7553,2.90434,0.844614,39.8445,1.76697,3.0867,0.640538,0.0321859
99.0652,-2.13182,-3.08534,83.8222,1.0822,-2.89764,135.68,0.00937161,0.035559,0.187697,0.0316403
88.3178,-2.66311,-2.62253,72.5279,2.62459,2.96559,194.243,-1.2513,0.704663,-0.695067,0.0315259
135.347,2.86666,-2.38547,48.4366,-1.30976,2.3882,79.8704,1.88057,0.210238,1.50951,0.0306046
158.519,0.599002,-1.52549,92.8287,-2.68086,-2.25203,173.502,-2.30604,1.44587,0.726543,0.0328321
173.352,2.64197,1.98473,90.0292,-1.03919,-0.815582,60.8721,2.08598,-1.74056,2.80031,0.0334462
160.681,-1.93017,0.939412,56.0101,2.95805,1.63896,121.947,-0.105048,-1.88698,0.699546,0.0333999
222.011,-2.08238,1.11712,78.5911,3.81817,2.18213,188.396,0.104175,-1.7664,1.06501,0.0365908
197.41,2.99017,1.8757,134.049,-1.53818,1.29077,225.77,0.949524,-1.29181,0.584938,0.0343609
185.89,-2.90086,-2.47776,85.3888,2.75195,2.63487,54.7175,0.167372,0.222937,-1.17055,0.0352933
88.1359,1.87701,0.500454,38.1306,-3.02294,1.58175,51.0575,0.536392,-1.96032,-1.0813,0.0340617
169.495,1.58456,-2.69607,104.542,-2.3676,1.50761,90.8488,-0.925042,-0.0572708,2.0795,0.0325321
103.798,1.53172,0.398138,60.7783,-3.85815,-0.662304,80.6446,-2.32558,2.87763,1.06044,0.0329428
125.537,2.67261,0.656038,102.715,-0.760903,0.565041,103.59,0.582845,-2.3763,0.0909968,0.0295299
217.422,-2.67647,0.0884709,151.684,0.796446,2.83514,48.9347,-1.54932,-2.74429,2.74667,0.0334963
244.598,-0.380229,1.09428,38.4567,3.21319,1.43664,145.331,0.993545,-2.01298,0.342361,0.032551
136.117,-0.486082,0.097593,109.694,3.96691,2.88599,63.6567,0.252835,-3.04344,2.7884,0.0355423
99.0765,-2.3801,0.228521,38.4273,1.86128,1.15147,84.5829,-1.29441,-2.57131,0.922951,0.0301018
95.1689,0.10715,0.970074,86.2055,-4.40108,1.18035,101.108,-0.593092,-2.16524,-0.210274,0.0341664
114.676,2.05875,1.91153,37.6024,-1.76492,1.46129,95.3735,0.566052,-1.25868,0.450241,0.0313705
89.9906,-2.13565,-1.80097,50.5166,4.51244,-2.57404,67.7017,1.16503,1.03837,-0.773066,0.0354858
220.009,-2.77848,-2.06623,184.259,2.04237,2.68478,183.926,-1.28466,0.321782,-1.53217,0.0352729
121.959,-2.9323,-0.176375,40.8724,2.36026,1.53493,116.374,0.0935815,-2.79846,1.71131,0.0330486
51.4654,3.33435,1.94965,35.3152,-3.64241,-1.85118,28.9116,1.52412,-1.27335,-2.48236,0.032601
190.581,-2.22998,-0.108088,150.157,1.48094,2.72796,98.7691,-0.890234,-2.06334,2.83605,0.0341713
192.026,-0.918905,-2.43234,108.819,2.40669,-1.54875,174.942,-0.838218,0.826568,0.883597,0.0317395
80.3349,-3.064,-2.34118,41.5067,3.45884,-1.26646,56.4351,2.87003,1.03913,1.07472,0.0345957
171.228,2.84036,1.61509,84.9136,-2.69664,2.67358,128.513,1.22692,-1.35357,-1.05849,0.0346048
83.2571,-3.00623,-2.90669,76.6159,3.5974,2.40144,73.5057,-0.188561,-0.231196,-0.975052,0.03503
56.8824,1.24933,-2.02268,44.7773,-4.49114,2.97272,54.2415,-2.79477,-0.0352826,1.28779,0.0345071
180.849,2.00365,0.603706,123.849,-2.26713,-0.0851052,70.0312,0.476806,-2.54641,0.688811,0.0335446
41.6729,4.03404,-1.89482,40.8149,-0.265294,-1.25281,34.8344,1.79618,1.8223,-0.642005,0.0320533
170.626,-2.72078,2.02005,135.125,1.62776,1.13206,145.852,-1.46517,-1.49167,-0.887988,0.0339325
87.0412,2.69581,1.32219,58.7299,-3.18771,1.00742,68.8478,-1.46726,-2.97801,0.314775,0.0345045
70.2529,-2.65661,-0.241985,61.8084,4.61949,0.897778,69.0475,1.33293,2.93779,1.13976,0.0340787
64.4396,0.582224,2.52348,58.056,-3.89348,-2.13021,45.643,-2.00928,-0.0431548,-1.6295,0.0334379
103.594,-2.32947,-1.75764,100.016,1.63679,0.618725,65.2119,-2.58419,2.88204,2.37637,0.032734
166.765,2.55239,0.481378,69.9311,-2.1348,1.2531,82.2923,1.64842,-2.79471,-0.771725,0.0317084
107.226,-1.48811,1.41772,46.4865,2.88933,1.33446,59.9381,1.12708,-1.87735,-0.0832623,0.0310046
84.9648,1.85336,0.878596,33.7988,-4.03003,0.202771,71.0109,-1.96816,-2.44992,0.675824,0.0315327
99.6955,-2.49218,-2.18642,67.8798,3.37852,-2.27964,124.724,0.249787,1.08034,-0.0932248,0.0320146
63.9399,-4.25114,-0.440269,60.9852,0.964619,-1.3975,66.6729,-0.974037,2.15146,-0.95723,0.0340681
206.055,2.47522,-0.22631,150.001,-2.96199,1.97386,128.233,0.420686,-2.57067,-2.20017,0.0357084
92.3576,-2.90095,-3.09021,87.6952,4.16434,-1.58622,125.796,-1.37639,1.12816,1.50399,0.0366841
114.384,-2.16673,1.61262,33.8365,1.57777,-0.329256,54.0967,0.871404,-1.87627,-1.94188,0.0316796
147.695,-2.49022,-0.863867,133.141,0.878075,0.831402,75.4846,-0.213259,-2.70435,1.69527,0.0329303
259.984,1.82641,-1.7783,64.8567,-3.95034,0.585568,125.608,-0.162503,1.6783,-2.36387,0.0355579
93.4834,-4.15945,0.303567,69.1705,3.07631,-1.7677,39.6714,1.05841,1.51346,-2.07127,0.0369161
160.165,0.471558,-1.69007,88.0207,-2.91692,2.27797,79.5588,0.0689594,1.36999,2.31515,0.032921
80.0496,-3.89313,-1.26421,37.1134,1.0676,2.44161,47.7812,-0.86893,1.00987,-2.57737,0.0325627
140.974,-2.95468,-2.22342,93.303,2.06678,0.060114,77.0261,-0.62878,1.27061,2.28353,0.0319092
123.266,-3.09739,2.31266,87.0932,1.94278,2.351,83.4826,-0.414968,-0.701316,0.0383408,0.0335862
85.2661,-2.67337,-2.52997,51.9282,1.08253,-2.00735,46.8731,0.124473,1.02185,0.522625,0.0319141
172.679,-1.89387,-0.419866,99.4971,2.68884,2.23108,110.302,0.22355,-2.85146,2.65095,0.0335517
184.212,0.586579,1.1012,57.3378,-4.00259,0.48979,156.246,-0.699385,-2.15842,0.611405,0.0341939
69.547,3.4665,2.96026,54.9044,-3.63399,2.4032,85.9006,0.242489,-0.0712461,0.55706,0.035617
153.346,-2.49078,0.589141,63.9878,1.67817,0.207995,135.007,-1.1112,-2.83092,-0.381147,0.032439
128.788,3.18628,2.57525,37.1761,-2.3838,1.06867,78.2887,0.6814,-0.549849,1.50657,0.0304293
198.884,-1.7711,-1.46991,45.1479,1.34254,2.38071,143.071,0.211296,1.32868,-2.43256,0.0320154
141.787,2.07326,2.65827,68.5729,-3.43447,-1.0701,57.4623,0.878323,0.226754,-2.55481,0.0336792
67.9758,3.20057,-0.579199,55.9799,-1.04876,-2.70185,85.337,1.5287,2.08976,2.12265,0.0297051
142.142,1.15265,-2.52612,52.493,-4.28482,-2.36932,122.182,-0.691468,0.628747,-0.156798,0.034283
77.6325,2.14961,-2.38363,59.7907,-2.30841,-0.385178,68.9377,1.2947,2.45078,-1.99846,0.0319433
234.938,1.22438,0.562564,99.2791,-2.04886,0.898697,226.895,1.06778,-2.3315,-0.336133,0.0330756
93.0578,1.53695,-2.69329,51.0453,-2.48242,3.0156,66.7199,-1.56185,0.145449,0.574293,0.0319027
144.779,3.00969,2.7097,48.3537,-3.539,0.605805,78.8902,0.780477,-0.63321,2.1039,0.0338329
74.073,2.01478,0.561069,31.2312,-3.23983,1.32448,94.9765,0.124776,-2.04245,-0.763414,0.0319726
167.22,-0.457247,-1.16599,36.7846,4.37247,-3.05682,76.1595,0.877904,1.62599,-1.89083,0.0324975
204.85,-2.21556,-2.30407,58.4629,3.50426,-2.94367,170.406,-0.319601,0.655865,-0.639597,0.0318302
100.904,2.47171,-0.963716,59.2187,-4.39833,-1.23959,100.688,0.456652,1.92863,0.275877,0.0368844
173.303,-1.06469,1.94697,54.74,2.30598,-0.613146,92.5666,1.1528,-1.14161,-2.56011,0.0300903
103.445,-2.58572,1.18389,59.6814,3.78845,1.35063,83.7092,-0.133761,-1.98547,0.166742,0.0346651
111.076,-1.86004,-0.963543,83.6643,3.66328,-0.148848,107.07,0.116762,2.48999,0.814695,0.0346003
54.7428,3.25627,2.21808,47.2082,-0.663359,-2.61978,41.564,1.97461,0.270432,-1.44533,0.0319055
112.098,-1.67363,2.38121,91.4221,1.68866,3.02459,165.275,0.991833,-0.601798,0.643381,0.0319546
134.228,-2.0371,-0.449832,116.682,3.42482,-2.11758,75.1783,0.751946,1.93271,-1.66775,0.0350664
88.2925,-2.89558,-2.61443,79.2354,2.48716,1.9486,44.9234,-1.30549,-0.992655,-1.72015,0.0310052
70.3249,-2.43197,-0.811205,61.9085,2.9406,-2.60986,39.7946,1.21179,1.77177,-1.79866,0.0326457
215.308,-1.68087,-0.3433,43.6036,3.82695,-2.98287,137.999,0.339954,2.60939,-2.63957,0.0335019
204.724,1.01927,0.515328,56.9654,-3.87031,-2.56114,84.7857,-1.32875,-2.59741,3.07647,0.0341667
160.105,2.9388,2.62399,55.8965,-3.00039,0.061457,145.098,-0.988605,-1.01615,2.56253,0.0361017
112.604,-2.16637,2.64547,32.1449,4.30963,-1.61061,111.633,0.942028,-0.377043,2.0271,0.033951
188.272,1.97495,0.495537,75.2462,-3.41753,2.33161,111.801,1.24292,-2.43991,-1.83607,0.0327667
129.376,1.07698,-1.77045,103.983,-3.35455,2.94873,114.809,-2.20162,0.747483,1.56401,0.0337646
124.769,-1.81159,-2.5383,38.2874,2.14836,2.37709,103.19,0.275026,0.183817,-1.3678,0.0317969
126.509,0.715882,2.62841,81.8913,-3.38962,-3.02721,78.4447,-0.260084,-0.331285,-0.627567,0.0327758
86.9956,4.22061,0.894884,40.7346,-2.87973,1.30567,111.431,-1.0311,-2.27939,-0.410786,0.0358771
86.38,2.66789,-0.120031,70.9723,-2.48042,0.437075,121.927,-0.908558,-3.10211,-0.557106,0.0330727
119.73,2.89688,0.541855,59.8542,-3.10067,-1.95069,38.2887,1.45534,-2.96491,2.49255,0.0348751
85.8765,-2.46838,0.293916,72.6433,3.88092,-3.13109,55.2903,-0.611759,-2.43183,2.85818,0.0359866
383.643,-2.05224,-1.37689,55.5593,3.8508,0.680491,237.051,0.118754,1.88002,2.05738,0.0357318
175.697,-0.902514,-2.20636,38.5436,2.8867,-2.20804,143.169,0.77733,0.78026,-0.00167966,0.0320714
75.2455,-2.88628,0.515167,44.3297,2.90696,0.516854,82.3009,-0.541813,-2.73639,0.00168651,0.0324662
180.512,1.43414,-0.413514,42.4709,-3.60288,-1.96746,67.237,-1.11741,2.17512,1.55395,0.033248
140.51,-2.73646,-1.10151,45.4646,1.43553,-2.8754,81.7681,-1.13855,1.78399,-1.77389,0.0321242
135.804,2.26429,0.588536,50.4067,-2.4079,1.01298,86.5579,0.851291,-2.75124,-0.424444,0.0324838
68.0391,2.17845,0.652588,57.3872,-3.51152,1.59851,95.7951,0.284179,-2.06653,-0.945918,0.0326941
256.844,-1.50029,1.95434,91.8666,2.8929,0.518868,154.564,1.2455,-1.49923,-1.43547,0.0339767
95.5309,1.12241,-1.61597,69.8912,-2.35931,-1.87246,82.0519,-0.779432,1.35574,0.256495,0.0316002
76.5051,-2.37277,-0.907589,70.8179,3.79382,-1.1003,40.3656,1.62885,2.84911,-0.192709,0.0327621
86.8454,-0.998872,-0.947847,49.2917,3.51002,3.13484,60.0783,-0.93933,1.12859,-2.2005,0.0306766
124.786,-2.86271,0.562159,80.5771,3.59827,0.193333,70.9234,-0.876949,-2.7895,-0.368826,0.0344664
189.163,-0.904754,-2.52861,81.3785,2.86524,0.0227394,107.828,0.551378,0.724081,2.55135,0.0327433
155.164,-1.51671,2.96568,55.2293,3.04405,2.72412,137.402,-0.404712,-0.382363,-0.241558,0.0331351
98.2999,-1.57918,-0.41744,70.5435,2.6667,0.302461,143.462,-0.305112,2.98061,0.719901,0.0305766
154.827,0.699095,0.224201,51.7332,-2.83493,-0.931249,80.9576,-0.523745,3.00525,1.15545,0.0316383
145.082,1.38142,2.844,76.1774,-1.66886,0.475076,69.526,-0.881798,-1.08022,2.36892,0.0320566
130.489,2.88124,2.28168,57.8026,-4.64544,-0.447062,38.6975,-2.89891,-1.48645,2.72875,0.0413307
126.991,-2.32779,1.25164,70.7306,4.0146,0.577412,95.1547,0.268899,-2.28693,-0.674227,0.0361693
238.916,1.56442,0.57455,37.4651,-2.63429,0.549345,78.1563,-0.947172,-2.7904,0.0252048,0.0292719
101.43,-1.85198,1.4708,56.319,3.64554,1.64148,89.2131,1.41557,-1.4387,0.170681,0.0333136
185.965,-2.44136,-0.967093,101.839,2.91329,0.409356,102.876,0.11348,3.0921,1.37645,0.0345441
242.073,2.11828,-1.14702,103.193,-3.62001,-0.0601145,218.085,-0.728914,2.24007,-1.0869,0.0360719
152.058,1.14619,-1.12957,41.7897,-4.35154,1.88487,114.632,-1.42583,2.08767,-3.01444,0.036554
242.551,-1.47847,0.123536,71.8513,2.29268,0.970847,176.764,-0.685263,-2.87612,0.847311,0.030996
82.6495,2.62984,-1.3353,34.1434,-2.96666,-3.04201,58.6709,-2.07124,1.38881,1.70671,0.0327196
86.2867,-0.859639,-2.99907,32.0694,3.25666,-3.02365,82.2473,1.63852,0.163661,-0.0245786,0.0294011
75.2914,-1.3828,-1.58563,34.4882,4.68408,3.0226,59.4415,0.382974,1.16899,-1.67495,0.0325443
284.187,-2.74062,-0.323731,114.43,1.2469,-2.18367,147.966,-1.17299,2.61828,-1.85994,0.0334251
108.844,-2.23819,-1.8683,91.4386,2.41825,-2.28703,173.25,-0.971634,1.08599,-0.418729,0.0321055
80.5264,4.07669,1.63381,66.8539,-1.69301,-0.178541,77.4999,1.99735,-1.67902,1.81235,0.0328426
91.4239,2.64015,1.54006,85.0924,-1.82127,2.43582,63.1523,0.494993,-1.10003,-0.895763,0.0327878
70.3395,-1.48585,-0.255131,30.9235,3.72117,-0.223976,45.7276,1.75745,3.04504,0.0311552,0.0325752
199.668,-1.33834,1.64122,138.93,2.44068,0.865246,120.587,0.664759,-2.41222,-0.775972,0.0334884
78.3924,1.88453,-1.63906,73.0894,-2.83439,-1.26332,78.0869,-2.13361,2.01795,-0.375737,0.0328369
128.841,3.18079,0.110889,90.9372,-2.35539,-0.223657,142.316,-0.803549,3.03333,0.334546,0.0349903
242.669,0.0602386,-0.957247,49.9098,-3.8586,2.58157,95.8777,-1.07072,2.0464,2.74436,0.0320581
100.245,-1.12385,0.257327,87.7778,2.02276,-0.128979,131.496,2.07332,-3.05256,-0.386306,0.0320574
107.738,2.55102,-1.64329,62.0826,-3.96191,-0.133852,97.5459,0.358848,2.15404,-1.50944,0.0350969
167.425,3.07033,2.73078,54.8567,-3.53885,-0.0497665,46.8667,2.025,-1.50405,2.78055,0.03585
50.6436,-3.50999,-1.87973,47.2689,1.84272,0.527517,33.2088,2.06331,2.09456,2.40724,0.0327261
73.058,-3.09947,-0.513531,61.9725,2.59984,-1.118,87.2715,0.892556,2.44006,-0.604469,0.0333662
71.9642,-2.58218,2.63593,45.7727,4.55223,0.603287,47.7975,0.0937634,-2.24465,-2.03264,0.0355222
230.799,3.16075,0.810902,110.232,-3.38897,-2.69466,106.649,0.0115234,-1.87548,-2.77762,0.0388415
111.549,2.96858,0.174802,51.7344,-0.867032,2.01082,72.5691,0.63303,-2.76829,-1.83601,0.0321076
81.8717,2.57843,-0.624028,79.5016,-2.09187,-2.32571,66.9094,0.30384,1.70939,1.70168,0.0324042
184.103,2.8043,1.62355,41.0531,-1.15007,2.24545,196.27,1.33181,-1.28333,-0.621908,0.0336598
156.385,2.8238,1.28534,53.2684,-2.39802,0.346596,121.145,1.57806,-2.00725,0.93874,0.0336899
185.951,1.58125,-0.85829,45.1405,-4.90654,2.00941,86.1048,-1.72701,2.46095,-2.8677,0.0374813
143.982,-2.74183,-2.62547,51.7592,1.07809,3.05094,56.6938,-1.66235,0.552312,-0.606772,0.0321538
85.8052,1.97621,1.13244,71.9075,-2.87847,2.4771,67.4664,-0.503051,-1.19905,-1.34466,0.0326139
153.238,1.5471,-2.92237,58.3027,-2.78578,-3.11597,83.0083,-0.68889,-0.285023,0.193599,0.0324099
165.089,0.30928,1.19083,36.5841,-3.83621,-2.17406,85.4598,0.0044283,-1.73884,-2.91829,0.0312207
148.466,2.44157,-3.04739,66.4664,-1.05923,-0.769811,59.9796,1.73789,0.816059,-2.27758,0.0319406
48.249,-1.62188,-1.11954,35.07,4.03138,-0.32169,55.3136,-0.629953,2.19022,0.797846,0.0317578
132.104,2.53838,0.00771276,74.0734,-3.46564,0.0734565,167.59,-1.1298,3.11965,-0.0657437,0.0352309
162.772,1.0939,-2.68702,131.562,-3.03179,-2.85306,79.8798,-1.66851,0.265848,0.16603,0.0342901
136.251,3.09711,-1.03088,63.3992,-0.883982,2.74925,87.3094,1.76878,1.68693,2.50306,0.0311455
169.384,2.15387,-2.85488,47.1735,-2.47808,1.54738,124.345,-1.08852,0.18435,1.88092,0.0309642
96.9653,-1.84077,-0.944334,59.1029,3.39065,-0.610942,122.698,0.692105,2.35976,0.333391,0.0312571
151.121,-2.06185,2.60644,73.4562,1.49683,2.39451,119.45,0.592664,-0.533653,-0.21193,0.0332205
92.3266,-2.97694,2.98594,56.1558,1.95928,2.03348,87.9586,-1.08542,-0.494931,-0.952457,0.0330857
68.2797,-0.78274,0.247052,56.0423,4.59265,0.837634,73.5558,1.68744,-2.80927,0.590582,0.034435
175.26,-1.34437,-1.98581,58.1509,2.38833,1.28202,41.5432,1.36259,0.746632,-3.01536,0.0310516
151.872,-0.89685,-2.65525,77.6555,3.26885,-2.40645,100.528,0.0530189,0.719689,0.248805,0.0330689
59.1379,2.38106,-2.74375,56.238,-3.26969,3.00389,75.6838,1.34503,-0.0719783,0.535552,0.0328896
51.687,1.0942,-2.66484,37.089,-4.29635,2.34996,34.1031,-0.86577,0.223771,1.26838,0.0324997
233.769,-2.19932,1.38191,139.33,2.17919,-2.36789,150.683,0.978061,-1.58169,2.53339,0.0344994
159.074,3.18383,2.14516,106.826,-1.64469,-2.71143,139.687,0.736029,-0.718385,-1.4266,0.033953
238.41,-2.37619,-0.0644547,184.646,0.952271,-2.67899,116.242,-0.972262,2.1056,-2.61454,0.0336692
103.149,1.60243,-1.39283,49.9632,-2.53483,1.87473,34.0362,-1.38475,1.93387,3.01562,0.0338641
70.5646,2.98702,-1.438,63.4217,-3.74899,-0.176127,113.071,-0.380696,2.47134,-1.26188,0.0352875
131.792,-1.97229,-2.50177,129.34,2.573,1.45237,133.526,1.4671,-0.539624,-2.32904,0.0339259
180.771,1.90253,-2.67589,121.152,-3.20582,-1.73658,249.542,-0.749783,0.948642,-0.939301,0.0350134
96.15,-3.99528,1.65779,56.0141,1.10942,0.496892,27.8958,0.489958,-1.78768,-1.1609,0.0304002
110.618,-2.64213,2.82754,88.1059,0.642854,2.77324,137.873,-0.52546,-0.217649,-0.0542984,0.0321165
111.385,1.92987,-0.344702,38.3967,-2.06641,-0.215782,28.8995,-1.3435,-2.82171,-0.12892,0.0284658
116.216,2.75016,0.539657,67.8306,-1.15936,3.13443,81.8427,1.27795,-2.02908,-2.59478,0.0322049
106.358,2.04679,-2.16877,77.6201,-3.54963,-2.27742,112.996,-1.62718,0.83258,0.108655,0.0348781
141.915,2.48223,2.95097,124.987,-1.56637,0.0120508,98.0541,0.446501,-0.202863,2.93892,0.03312
64.681,2.68865,-1.22541,34.113,-2.00338,-2.4992,38.5292,0.473515,2.69945,1.27379,0.0285616
141.351,2.3914,-0.0244892,69.7648,-3.65921,2.60061,91.6614,0.220178,3.11802,-2.6251,0.0347252
96.9788,-2.66239,1.74156,57.4353,1.15684,2.17572,82.8845,-0.334186,-1.04492,0.434159,0.0323542
61.4256,2.59626,1.16032,50.8738,-1.30768,0.514672,67.7482,0.254084,-2.22355,0.645644,0.0288724
219.919,1.43619,0.741613,59.3093,-1.73135,-0.232377,111.546,0.431439,-2.53778,0.97399,0.0317878
158.091,-1.39384,-0.273058,38.4884,2.44109,0.102431,96.3781,0.353207,2.55909,0.375489,0.0320675
145.206,0.849881,0.200659,68.3988,-3.21906,2.38631,59.9761,-1.29285,-2.15117,-2.18565,0.0326741
141.601,-2.00974,-0.853385,76.482,1.0982,1.47618,80.4577,-1.00858,2.93577,2.32957,0.0320134
142.762,2.6698,-0.919319,52.8623,-4.02953,1.66193,42.6606,0.117986,1.63952,-2.58125,0.0347936
59.5931,-2.46178,-2.13104,54.7834,3.67969,-1.42235,94.4286,-0.326416,1.39519,0.708685,0.0317676
76.2509,-2.11297,2.61966,41.6371,2.99368,-2.70368,88.3896,-0.486292,0.535576,0.959846,0.0328442
198.615,2.64159,1.95026,38.6123,-2.80142,-1.35956,71.8381,-1.19627,-1.2025,-2.97337,0.033757
109.139,-2.13275,-0.788899,31.7879,3.65593,0.17298,76.8802,-1.25894,2.4953,0.961879,0.0325187
86.901,-3.30956,-1.00861,47.5985,2.51014,1.02373,84.9038,-1.11579,2.99742,2.03233,0.0333443
151.666,-1.20143,1.01554,65.2206,2.76378,-2.66268,104.672,1.85418,-2.10388,2.60496,0.0325154
138.013,-1.01892,2.41544,88.1684,2.50464,-2.69204,158.08,1.71323,-0.368432,1.1757,0.0325622
49.6974,1.92154,-1.86075,30.4563,-3.30476,-1.50427,54.7112,-0.11621,1.89131,-0.356481,0.0310482
174.716,0.700325,3.10391,78.7632,-3.77039,-2.80836,167.858,-0.905658,0.171202,-0.370912,0.0325445
59.2798,2.07592,-2.86371,40.132,-3.01874,2.98697,55.425,-0.019754,-0.555895,0.432506,0.0274822
77.7833,3.40461,-0.864024,51.525,-2.7328,-0.908724,93.4286,0.462501,2.09445,0.0447005,0.030691
143.542,0.944495,-1.87858,93.0527,-2.55397,0.221269,181.896,0.700892,1.52414,-2.09985,0.0327322
236.841,1.3047,-2.92024,69.3302,-2.93619,0.671372,101.444,-0.219581,-0.213183,2.69157,0.0318243
243.012,2.52664,-1.66565,150.259,-2.57064,1.35299,92.5599,0.0142573,1.61962,-3.01863,0.0351616
60.058,-2.83244,0.910879,36.9118,3.64679,0.340106,70.8932,1.22481,-1.74303,-0.570773,0.0336015
160.782,-2.68153,-1.24461,74.8431,2.45289,-2.94939,126.221,0.310821,1.45226,-1.70478,0.0341408
124.193,-3.90805,0.183992,36.916,3.56909,3.11441,78.0191,0.321025,-2.864,2.93041,0.0365194
87.537,-1.05463,1.65439,66.2661,2.7574,1.79173,112.401,0.452837,-1.62677,0.137347,0.0295712
149.598,-3.63787,2.02163,50.8565,4.77539,1.77399,174.537,-0.108853,-0.985152,-0.247638,0.0404872
120.446,2.09353,-2.52889,53.1289,-1.85795,2.35757,99.7309,1.18367,0.469041,1.39673,0.0317106
168.079,-2.53602,1.53517,89.1571,2.96538,-1.17006,120.397,-0.028284,-2.20167,-2.70522,0.033282
57.1817,2.58266,-2.94356,54.196,-3.93862,1.98977,64.4169,0.738327,-0.46562,1.34985,0.0339589
105.819,3.61322,1.54407,49.0991,-3.67068,2.46981,88.2657,-1.57181,-1.28643,-0.925734,0.0363595
144.483,-0.0085992,2.44456,84.0982,3.79066,-2.96099,214.06,0.620894,-0.602188,0.877633,0.0355748
153.169,2.62673,2.37388,103.555,-1.87173,-2.0139,62.4091,1.82227,0.463677,-1.8954,0.0338647
125.551,-2.6977,-3.05798,62.9413,2.75678,1.28443,88.593,2.76024,-0.362112,-1.94078,0.0353293
178.108,1.84866,-1.29285,114.455,-2.50258,-2.32056,176.314,1.24786,1.50102,1.02772,0.0337524
87.9415,1.79192,-0.628279,38.719,-2.87441,-1.53623,34.2488,0.209391,2.37489,0.907946,0.0314601
223.281,1.28858,0.963953,162.345,-2.92319,-0.634416,214.257,1.0654,-2.69878,1.59837,0.0347662
79.9535,3.81396,-2.83867,60.1438,-0.136098,-1.42007,74.302,0.871007,0.769637,-1.4186,0.0305804
73.846,-0.762157,-1.84399,67.094,3.62546,2.18514,48.8481,0.909365,-0.0988676,-2.25405,0.0325046
68.8563,3.19005,1.45121,60.9957,-3.56109,1.12844,50.3676,-1.04902,-1.72211,0.322765,0.0345822
65.7522,2.77229,-1.66682,49.0913,-2.581,-0.365347,55.0268,-0.433908,1.9984,-1.30147,0.0294304
48.1036,-2.06671,-1.88197,42.1804,3.55878,-2.23155,85.9477,1.83537,1.2102,-0.349582,0.0324575
133.146,-2.71773,1.80792,115.04,2.43239,1.43851,108.029,0.440836,-1.6144,-0.369419,0.0341769
107.337,2.24424,-1.74187,37.6309,-2.76529,-1.53215,105.968,-0.0173369,1.32306,-0.209719,0.0325417
56.9255,-3.68966,-0.229277,31.5188,3.50907,-0.82212,51.1793,-0.918254,2.80872,-0.592843,0.0348736
352.355,1.53476,2.73687,122.518,-2.55614,-1.69134,224.568,-0.940514,-0.268579,-1.85498,0.0346417
63.1073,-2.29778,0.274444,43.3066,3.01778,0.717812,59.7377,-1.5791,-2.86037,0.443368,0.0322445
107.317,3.3579,-0.673976,36.2165,-0.226239,-1.65566,76.6413,0.661349,2.44207,0.981682,0.0288043
82.0736,0.845259,-0.44324,61.3108,-3.0158,-0.214684,46.0879,0.113473,2.72707,-0.228556,0.0295349
103.773,2.23488,0.612535,52.1817,-4.27001,-0.322398,55.6401,-0.395969,-2.58906,0.934933,0.0333697
255.328,1.4224,-2.70217,123.234,-1.68136,-0.856151,135.713,0.676852,1.09932,-1.84602,0.034774
170.004,2.1316,-1.45057,96.8074,-2.54238,0.0764347,255,0.198199,2.47369,-1.52701,0.0362215
135.239,-2.15515,2.81545,64.2775,1.15461,0.362411,34.8331,1.07173,-0.899085,-2.45304,0.0314153
83.6854,-3.02566,0.356198,39.6163,1.12717,-1.46166,47.7174,-1.66168,-2.88608,-1.81786,0.0292896
147.788,-0.635069,0.847289,55.8137,3.33263,-2.34283,83.3739,1.96117,-2.66905,3.09307,0.0312876
144.123,3.15584,-1.27251,79.3936,-2.86233,0.448962,124.179,1.28051,2.38624,-1.72147,0.0351102
93.7547,-1.65358,-0.0861076,54.6533,2.7713,-1.07314,73.9865,0.718534,2.69513,-0.987036,0.032125
389.63,1.36314,-2.12739,154.606,-2.40453,0.782054,154.878,0.90701,1.0519,-2.90945,0.0344336
82.4832,1.88251,-1.11618,59.7949,-2.93146,-0.733338,129.605,-0.827676,2.71043,-0.382846,0.0327113
110.45,3.85325,1.94998,38.5823,-3.35552,-2.35631,52.8425,-0.178469,-1.45242,-1.97689,0.0363439
46.5989,-4.00032,-2.60957,42.5281,2.85326,-2.782,92.9024,-1.99588,0.465703,-0.172435,0.0344462
277.011,0.877845,2.89347,50.1986,-2.21328,0.0588061,127.996,-1.37628,-0.232755,2.83466,0.0331721
437.984,-0.252167,-2.31262,54.509,3.37724,-0.185629,181.975,1.21536,1.07808,2.12699,0.0339048
117.117,-1.42906,-2.38629,48.5928,3.28772,2.66703,61.4541,-0.623601,0.0721679,-1.22986,0.0328122
357.406,1.86486,-0.103743,47.957,-3.36329,-3.0382,244.406,-1.12258,2.93363,2.93446,0.0347892
98.0186,-3.45037,2.20288,47.46,3.05007,-2.83333,55.4423,-0.214816,-0.733618,1.24698,0.0344993
119.173,2.33938,0.183664,59.5326,-4.10357,3.06911,36.1536,-1.08146,-2.01062,-2.88545,0.0349804
285.494,2.49171,-0.658633,108.116,-2.01062,-1.13642,302.745,-0.214068,2.36511,0.477791,0.0355177
92.7759,3.58383,0.734384,38.8067,-1.32305,-0.434152,39.7509,-0.0339207,2.86893,1.16854,0.0342487
123.166,4.27825,-2.85133,73.8175,-3.1679,-2.86681,82.901,0.953428,0.289135,0.0154805,0.0390381
91.8462,-1.5355,-0.7364,61.4963,3.27545,-2.46595,84.5524,-0.0390772,1.93018,-1.72955,0.0331906
93.6665,1.63214,-2.54584,63.4132,-2.91024,-0.68965,67.6442,-0.140225,1.64002,-1.85619,0.0325026
214.423,-1.30714,1.36259,139.841,3.02166,3.10332,160.464,1.5366,-1.31499,1.74073,0.0343392
154.663,-0.63102,1.97433,149.77,2.88688,-1.59123,80.9578,0.427888,0.221439,2.71763,0.033247
216.874,1.74664,1.49984,87.1212,-3.42789,2.75821,106.228,-1.47785,-1.35939,-1.25837,0.0355855
130.004,2.15136,-1.27946,82.2235,-1.31954,0.915593,47.644,1.33717,2.53809,-2.19506,0.0300542
85.9529,-3.14772,-1.97624,66.4107,1.9867,-1.54484,107.161,-0.229996,1.14179,0.431397,0.0306514
107.811,2.90349,1.19485,83.8354,-0.772093,1.96721,88.5728,0.188098,-1.70697,-0.772362,0.0328357
132.693,1.43984,-1.38154,71.4712,-3.05977,0.371525,78.2451,-0.532275,2.33593,-1.75306,0.0323773
106.189,2.38068,2.90066,72.9394,-4.35597,2.03238,99.4458,2.10576,-0.57294,0.868287,0.0376664
65.0643,-3.03686,1.88091,50.004,4.04118,-3.03151,43.9863,0.886668,-1.08414,1.37077,0.0312842
116.172,-0.084751,-1.12023,52.9676,3.22648,-2.66165,49.6762,0.532187,1.81021,-1.54142,0.0309273
166.908,-1.77737,3.01911,73.1848,3.62938,-2.19997,101.562,1.67116,-0.795628,1.06411,0.0348748
68.7797,2.30744,2.71902,52.7615,-3.33567,-2.41973,47.8864,-0.555895,1.1705,-1.14444,0.0327639
117.722,-2.24386,0.499077,65.8106,2.90625,-1.52957,76.4882,2.0383,-2.58881,-2.02865,0.03229
163.19,-1.70393,-3.10847,61.6835,3.0623,-0.675482,75.3807,0.241347,0.39211,2.43298,0.0334078
326.558,1.3758,-2.88977,64.0256,-1.75456,-1.48385,247.257,0.429929,0.424405,-1.40592,0.0326846
170.891,2.05831,2.39332,88.4604,-1.41641,1.98092,153.014,1.15479,-0.757906,0.412392,0.032655
176.472,-1.8815,-1.86602,88.1752,1.32712,0.797101,82.5442,0.432684,1.36817,2.66312,0.0338927
155.98,-1.67104,0.302293,81.4774,3.39968,-0.552589,228.097,1.27019,-2.95515,-0.854883,0.0327389
111.041,4.22445,-3.02112,72.2566,-0.191558,-2.11403,124.403,1.71727,0.563231,-0.907097,0.0353329
83.5636,1.18026,0.968229,46.2216,-3.1857,2.96354,39.2131,-1.93933,-2.37858,-1.99531,0.0296777
141.04,2.44292,3.02097,33.4733,-1.29688,1.8955,144.731,1.31033,-0.214896,1.12547,0.0314861
200.384,-0.515496,-0.231339,147.112,3.40452,2.26753,53.3258,0.0506464,-3.12698,2.49887,0.0343762
166.173,-0.601661,-1.41938,65.1426,3.18632,-2.60722,146.713,-0.342114,1.45665,-1.18784,0.0324043
92.2789,-2.29749,-0.0350425,65.2551,2.94738,-1.58313,88.7504,-1.20251,2.79965,-1.54808,0.0333642
84.1215,2.88062,0.351529,61.4887,-4.65427,0.484282,124.982,1.16568,-2.41284,-0.132753,0.0383106
247.752,2.06736,0.608117,123.017,-1.88456,0.556896,130.123,-0.0149018,-2.27657,0.0512216,0.0343308
96.481,-3.07556,-1.29777,51.7939,0.607391,-1.24166,71.1157,-0.700436,2.0075,0.0561153,0.0316162
266.265,-2.22692,-1.51716,30.1901,4.08001,0.788049,60.1725,-1.25465,1.69146,2.30521,0.0333423
349.106,-0.886044,-0.768351,37.9224,4.55962,2.41918,180.541,0.492729,2.39022,-3.09566,0.0368737
174.529,2.10915,1.53714,63.9815,-2.10557,2.37889,188.201,0.71951,-1.27442,-0.841756,0.0325839
110.356,1.87891,-0.839379,77.2401,-2.81407,0.214945,75.395,0.764221,2.71878,-1.05432,0.0328551
97.8818,2.56588,-2.47823,62.8866,-2.68899,2.40216,96.9071,0.143482,-0.0147981,1.4028,0.0328657
134.168,3.14813,3.0821,86.7968,-2.58145,-0.776465,66.893,0.466154,0.351827,-2.42462,0.034266
98.7534,-3.92313,-0.282291,60.8746,2.72014,2.04256,39.95,-0.140649,-2.47559,2.32485,0.034213
217.12,-2.14867,-2.00237,57.7776,3.81515,-2.69471,94.2315,0.718401,1.13306,-0.692349,0.0344505
55.8644,3.5492,2.44196,53.6232,-1.89327,-1.78317,51.0968,-1.29496,0.355028,-2.05806,0.0317144
89.3393,2.9215,-1.08826,45.9379,-2.81486,0.540431,43.268,-1.05648,2.60887,-1.62869,0.0331108
177.579,1.28912,-0.362823,30.5281,-3.5096,-0.346148,177.088,-1.49664,2.71392,-0.0166743,0.0330221
192.345,-2.37954,-0.432114,32.0899,1.98826,-0.500908,72.1971,0.0859108,2.9604,-0.0687937,0.0296172
116.506,2.46146,-1.08225,114.749,-1.70514,1.39358,104.616,-0.0414148,-2.40893,-2.47583,0.0291756
89.7899,1.07459,-2.53488,41.5938,-3.99117,-2.55757,69.2519,-2.7685,0.817911,0.0226924,0.0337941
132.31,2.09249,0.72396,31.9747,-3.23305,-1.37195,47.0953,-0.606862,-2.43626,2.09591,0.0324744
108.95,1.08201,-0.937903,33.1205,-3.6158,-2.23521,48.0373,0.381404,2.35211,1.29731,0.0323
133.035,0.381361,3.12403,82.0787,-3.18686,-3.01911,164.429,-1.2503,-0.184334,-0.14004,0.0331181
72.394,-2.85644,-1.65907,55.6613,0.566796,-0.248279,79.7164,-0.388103,2.1359,1.41079,0.0311159
100.557,-1.00081,0.800539,74.6543,4.19283,2.56423,69.9352,2.23277,-1.59627,1.76369,0.0351364
121.517,2.04635,-0.907015,65.899,-1.08972,-0.966062,97.5712,0.397936,2.02478,0.0590467,0.0318175
108.539,-0.961573,-1.8874,57.1888,3.81472,0.270484,64.0344,-0.809495,1.10565,2.15788,0.0334759
125.815,-2.81177,-0.348291,53.4569,3.07185,0.0617582,100.521,0.750042,2.87239,0.410049,0.0341666
94.96,4.17925,2.31329,82.0547,-1.5615,-2.59219,98.4474,1.04331,-0.342704,-1.37771,0.0343253
174.194,1.38521,-1.26284,67.9533,-2.05798,1.44111,67.2094,0.321409,1.89888,-2.70395,0.0318014
113.651,2.39094,-1.66452,44.5421,-3.12701,-1.44986,137.629,-2.0299,1.34226,-0.214658,0.033754
81.1729,1.43126,1.52632,41.3213,-3.80958,0.981492,86.9954,-1.8176,-1.97491,0.544827,0.0330756
169.05,-2.6039,-0.469362,55.4668,2.57241,0.810777,103.702,-0.124987,3.06234,1.28014,0.0334457
181.122,2.19602,-2.53003,39.9565,-2.15494,-1.15458,137.984,0.995781,0.606044,-1.37545,0.0325498
120.569,2.35839,0.978455,40.7528,-0.903793,-0.716675,48.777,2.44814,-1.9666,1.69513,0.0296978
116.535,-2.94465,-2.65618,79.574,3.76911,0.831638,29.7339,1.3454,-0.156585,-2.79536,0.0350745
150.727,3.26787,-2.42569,137.988,-3.4116,2.26253,80.1757,0.00933825,-0.000709884,1.59497,0.0369875
117.913,-0.993038,1.60844,66.3355,3.59978,1.50753,94.7338,1.15233,-1.8891,-0.100904,0.033378
162.063,2.87193,1.86142,37.5266,-1.51229,0.847959,28.0979,-0.23766,-2.09017,1.01346,0.0294513
324.921,-2.049,0.674383,137.792,1.50172,2.80468,203.003,-0.0976297,-2.10634,2.1303,0.0341528
235.554,2.38046,2.06343,90.5094,-4.32291,-1.65716,86.7462,0.125956,-0.837105,-2.56259,0.0382432
163.274,1.47228,3.05869,132.781,-2.64736,2.4979,215.511,0.491254,-0.352406,0.560784,0.0325944
127.473,-0.66365,1.30553,71.2863,3.00997,0.502641,58.3725,1.71008,-2.1828,-0.802889,0.0307566
109.204,-2.92472,1.98164,74.2149,1.46779,-2.97916,119.283,-1.50002,-0.692661,1.32238,0.0309652
204.575,-2.21667,-1.87589,166.378,3.22437,-0.941013,150.79,-0.98473,1.86883,0.934881,0.0362663
105.846,3.09732,-2.0153,96.1422,-1.57552,-1.7003,117.943,0.875791,1.04777,-0.315003,0.0330401
126.215,3.90376,0.478664,83.0829,-3.06809,-2.62238,43.2977,1.16894,-1.73638,3.10104,0.037188
131.545,3.18237,-2.43317,78.1674,-2.47502,-2.66702,71.8706,-0.451817,0.610243,0.233847,0.03442
102.58,-2.34448,-1.85942,60.5893,2.56734,-2.65931,54.2464,-0.472148,0.991718,-0.799885,0.0325424
206.34,1.75603,-2.29436,44.3036,-2.838,1.42698,168.944,0.31058,0.715951,2.56184,0.0336196
47.4455,-0.859211,-0.86928,35.1469,4.53118,-1.09611,38.1034,1.76244,2.26972,-0.226831,0.0329197
89.8343,3.01486,0.885284,54.0101,-1.46486,-2.86132,47.2368,1.41979,-1.2695,-2.53658,0.0324789
112.989,2.751,-3.05871,68.5549,-3.28806,0.126948,35.1551,-2.15181,-0.849619,3.09753,0.0347003
127.718,-1.07194,-2.70938,93.2332,3.05111,2.13016,123.999,0.241034,-0.257377,-1.44364,0.0326631
221.348,2.83295,0.918524,93.9541,-3.09514,0.830263,159.903,-0.61914,-2.00079,0.0882609,0.035821
88.2997,-2.77405,-0.182455,37.8762,1.18388,-1.6963,93.6501,-0.944887,2.35002,-1.51384,0.0292498
130.686,-2.65442,-2.60009,88.0574,0.645734,2.91499,52.8016,0.403524,0.438554,-0.768104,0.0328414
173.373,-0.345934,2.36142,117.618,3.47512,2.42944,277.657,2.09459,-0.901814,0.0680134,0.0333546
124.297,2.7119,-1.067,80.1879,-1.23514,2.66131,73.3335,0.374085,1.64229,2.55488,0.0309531
154.771,0.879529,2.82788,31.5602,-2.98809,2.00411,99.314,-0.89313,-0.382634,0.823761,0.0301327
95.8111,-2.6263,-0.228558,44.6337,3.78136,-1.20794,88.0386,-1.17781,2.50778,-0.979378,0.0337411
185.18,-0.901466,1.8285,108.816,2.95568,-0.962929,107.608,-0.274519,-2.65386,-2.79143,0.0319872
201.448,1.29365,2.92813,92.1321,-2.3627,0.908706,95.7803,0.173865,-1.02485,2.01943,0.0322441
315.789,1.73822,2.26883,76.1931,-4.69408,-1.1353,187.054,0.598015,-0.908666,-2.87906,0.0388806
151.722,-2.89688,-1.97818,49.8251,2.10721,-1.47349,150.248,-0.441371,1.29907,0.504695,0.0336233
74.6999,-2.98029,2.09153,30.4942,3.19423,1.14883,52.4855,-0.649599,-1.71713,-0.9427,0.030997
135.345,-2.6631,2.71947,119.695,1.40671,-1.44585,77.0988,-1.50716,0.711073,2.11786,0.0342751
102.557,2.68672,2.89494,69.4443,-1.00626,2.57435,104.306,0.720096,-0.405355,0.320588,0.0313165
172.912,2.98144,-1.6999,59.2861,-3.61926,0.819394,28.8894,1.77639,1.99288,-2.51929,0.0344901
110.63,1.45713,1.58698,30.308,-3.2924,2.59043,108.369,-0.760214,-1.04842,-1.00345,0.0303086
324.974,-1.77019,0.780329,59.225,2.91799,-2.95371,155.177,-0.0475946,-2.33057,2.54914,0.0336861
118.496,-2.24184,1.87913,104.202,2.75249,2.44102,201.358,-0.31149,-0.976267,0.561894,0.0337815
208.569,2.45159,-0.398202,141.742,-2.44287,2.53879,70.8693,-0.878676,3.13666,-2.93699,0.0327721
184.418,-2.01427,0.375214,35.6335,4.69065,2.11218,169.828,0.439542,-2.50515,1.73696,0.0357085
199.666,-2.27944,1.4349,45.464,0.893903,3.06598,123.687,-1.35661,-1.46664,1.63108,0.0319608
87.474,1.46933,-0.131063,60.5648,-2.06065,1.67287,47.9872,0.00990026,-3.05852,-1.80393,0.0311305
91.408,-1.18809,-1.60971,69.0571,3.30025,3.02891,76.7762,-0.000306946,1.54351,-1.64456,0.033579
87.5346,-1.71416,1.06123,65.1984,4.14133,0.150171,69.4183,0.29904,-2.41148,-0.911059,0.0349947
181.708,2.07548,2.11395,45.4411,-4.16641,1.94415,139.236,0.421719,-0.855115,0.169801,0.0347465
148.556,-2.27938,2.38411,69.9433,3.27091,0.204409,66.5093,0.268379,-0.661289,-2.17971,0.0345521
98.1621,2.94687,2.61531,69.8839,-1.29156,1.1465,58.4888,-0.511386,-1.48198,1.46881,0.0323309
101.943,2.31656,1.89475,89.5596,-2.29816,-0.452308,47.2349,1.09793,-2.8726,2.34706,0.0325741
71.9632,2.83523,2.91023,55.3464,-1.30598,2.88913,57.8855,2.3755,-0.133382,0.0211024,0.0320343
142.032,2.18836,-2.11752,76.9531,-2.11128,-0.436312,68.3526,-0.927746,2.02049,-1.68121,0.0323757
284.285,2.24947,2.29324,60.88,-3.51998,-1.03792,131.18,1.01697,-0.833295,-2.95203,0.0354155
89.6384,-2.8347,2.25612,83.1082,1.66167,-3.03343,85.1222,0.587268,-0.300167,0.993631,0.0309089
224.479,-1.15971,-2.22246,90.4264,2.82512,-0.581419,58.003,0.952068,1.48979,1.64104,0.0334118
187.291,2.33028,0.267745,64.394,-2.30305,0.91267,150.726,0.648676,-2.73377,-0.644925,0.0299125
77.3175,-3.45274,-2.96193,63.4657,2.72171,-2.52742,59.5841,-1.29467,0.779655,0.434507,0.034309
72.1136,3.1861,0.468655,70.301,-0.840705,-0.0868746,80.612,0.7983,-2.68404,0.555529,0.0305052
259.234,-2.42922,-2.80781,32.1351,1.96297,1.46653,251.135,-0.828535,0.401457,-2.00884,0.0335103
93.44,1.47041,1.64598,54.098,-2.32535,1.66137,140.415,0.67778,-1.25506,-0.0153933,0.0297636
107.818,-2.80011,-2.01758,102.523,1.03547,2.39896,114.658,-0.676218,0.153034,-1.86665,0.0303617
101.145,-2.58211,-2.57138,97.8615,1.19215,-1.69963,55.4589,-1.17638,0.869897,0.871747,0.032815
206.17,-2.22877,2.73579,50.1671,2.33253,2.26485,225.213,-0.00880923,-0.557285,-0.470935,0.0343565
109.269,2.46191,0.878015,32.5854,-1.87135,-2.55291,46.0062,1.7232,-2.2139,-2.85226,0.0315748
71.2868,4.00074,-1.2104,67.5189,-2.99855,-1.18254,88.2598,-0.509755,2.1671,-0.0278572,0.036267
124.756,1.05535,-2.7461,68.5225,-4.58753,-0.959796,69.3318,-1.24792,1.05561,-1.78631,0.034042
354.183,1.19116,0.41679,67.7138,-2.11321,0.954116,307.114,-0.137089,-2.68118,-0.537326,0.033148
78.8554,1.1741,-0.200069,71.1968,-3.84834,0.640854,80.4766,-1.05846,2.98692,-0.840923,0.0342179
310.749,-2.89517,-2.85714,64.8261,1.15502,-1.16552,213.39,-0.357256,0.361951,1.69162,0.0348206
187.355,0.41585,1.87164,36.848,-2.72945,2.2426,92.5711,-1.53605,-1.34584,-0.370956,0.0321256
102.157,-1.2134,-1.88859,36.4998,3.42994,1.3237,41.4969,1.72967,1.30806,-3.0709,0.0302897
111.654,2.23817,0.851451,33.7612,-2.33766,2.20545,95.3376,-0.0755263,-2.31485,-1.354,0.028067
100.318,2.98628,2.20846,74.8093,-2.09781,1.6262,126.051,0.0525725,-1.23634,0.582262,0.0330123
65.9408,-2.04014,2.30689,34.5368,3.81394,2.67753,33.2575,-0.172858,-0.0149535,0.370638,0.0331472
77.5714,-0.430899,1.81959,47.1238,4.61526,-2.85794,77.6661,0.367617,-0.846054,1.60566,0.034352
75.0434,-2.73989,0.442816,50.9993,2.60372,0.100149,54.4873,1.01377,-2.45702,-0.342667,0.0296968
164.788,1.90079,0.623519,54.2691,-1.3404,1.04644,126.276,1.10752,-2.36504,-0.422919,0.0316089
206.903,0.414071,-0.44798,44.3854,-4.44395,-0.986772,260.834,-1.32725,2.68045,0.538792,0.0350399
126.286,-2.31498,-1.64297,86.8162,3.56188,-0.739156,145.805,0.994969,1.83976,0.903816,0.0344165
142.057,3.50621,-2.35353,85.0014,-3.32322,-2.63234,159.364,-0.756649,0.8074,0.278815,0.0365584
84.6453,-0.665763,-1.65584,83.3205,3.10227,-2.44856,59.75,1.89749,1.66951,-0.792721,0.0306432
145.262,0.896435,-2.70374,65.5125,-3.21638,-0.0400382,132.739,-0.444791,1.10992,-2.6637,0.0330948
102.34,-0.738785,1.84018,68.5348,3.42363,0.391637,51.5544,1.24061,-1.68639,-1.44854,0.0332805
69.9513,-2.87199,-0.139135,54.2709,3.34277,-1.11649,58.4551,1.83806,2.43222,-0.977358,0.0337815
286.99,2.33255,-1.65139,59.196,-4.18899,-2.51881,273.246,-1.28038,1.3502,0.867416,0.0373356
239.121,-0.579708,-2.13771,113.309,2.90986,2.21553,142.889,0.432721,0.627298,-1.92994,0.0331794
58.2395,-2.7084,0.460572,55.1084,3.75518,1.61094,62.1427,1.06521,-2.25641,1.15037,0.0338415
74.5955,-3.18898,-2.28912,73.9965,3.3792,2.12477,44.2669,0.474048,0.211363,-1.8693,0.0343028
221.676,0.379478,1.28008,113.499,-2.67897,-2.93016,153.487,-1.47208,-1.07211,-2.07294,0.0328756
104.449,-0.620256,-0.926189,83.3111,3.4791,-1.54769,107.252,2.25664,2.25617,-0.621497,0.0339469
83.2939,-3.36935,2.5715,77.5503,1.70891,2.48045,66.575,0.255373,-0.682671,-0.0910501,0.0336038
90.5965,3.01955,1.89719,57.1705,-4.24447,0.837579,122.892,-1.58752,-1.52757,1.05962,0.0363731
158.047,3.104,2.18439,120.372,-2.73261,2.31865,117.186,-0.476616,-0.659903,-0.134256,0.035845
105.286,-3.11508,1.45073,45.7292,3.43702,-2.39186,115.281,-1.5509,-1.70662,2.44059,0.0349021
90.1959,-2.4975,-2.90938,42.8166,1.51223,-2.52216,89.9567,-0.635038,0.75051,0.387216,0.0319649
95.1323,0.474219,-2.32328,69.2387,-2.90357,3.02314,63.2749,-2.51308,0.25431,0.936763,0.0318774
89.5774,3.40666,1.35492,89.2234,-0.843515,1.40943,124.436,1.6905,-1.87765,-0.0545044,0.0332091
79.7075,2.97125,-1.89582,41.5401,-2.41846,0.464064,63.1612,2.08321,1.81083,-2.35988,0.0330373
206.1,1.76232,0.932982,88.3619,-2.27463,2.01416,165.36,-1.09737,-2.04529,-1.08118,0.0322147
66.0956,-2.73822,1.05532,59.6234,1.56896,-0.736423,52.1951,-1.84154,-2.64434,-1.79175,0.0307038
229.497,-0.956922,-0.838169,67.176,3.63497,2.18863,42.8041,1.31909,2.1057,3.0268,0.0340435
93.0836,-2.92929,2.47812,30.831,2.56374,-1.54113,38.9097,-0.444843,0.335361,2.26394,0.0347668
94.4455,1.04899,-3.01103,43.324,-2.67149,-1.96946,81.0775,1.17633,0.281409,-1.04157,0.0297466
120.193,-3.39871,1.36498,60.6774,2.86349,-0.438995,85.903,-0.641561,-2.67403,-1.80397,0.0321808
116.091,0.100922,3.04377,59.393,-3.79535,2.55712,183.725,-2.30104,-0.148186,0.486654,0.0333568
179.958,-2.17125,-2.25724,89.7627,1.05932,-0.973994,168.542,-1.02655,1.23756,1.28325,0.0330771
78.794,2.18956,-1.95315,55.7807,-2.48313,-2.21058,93.2969,-0.579819,1.07101,0.25743,0.0323081
79.5456,3.37545,-1.66619,69.5873,-1.16673,-3.11184,128.826,0.595007,0.840755,1.44565,0.0342987
56.2896,-4.18024,2.80808,55.9559,3.26973,0.674257,28.125,0.65656,-0.726622,-2.13382,0.0353633
180.843,2.74914,1.57164,89.5672,-3.96204,-1.20313,60.5194,-0.276218,-1.53256,2.77477,0.037125
147.34,-1.41281,2.80027,114.629,2.10967,-1.97623,264.74,1.73803,0.345725,1.50669,0.033673
79.2943,-2.02181,2.50065,66.8965,3.82058,1.91017,103.591,0.482207,-1.23843,-0.590484,0.0338634
105.983,-0.772467,-0.411136,79.5197,2.67695,-0.155376,141.417,-0.289172,2.73784,0.255759,0.031978
190.301,-2.95295,2.59316,32.7016,4.46174,-2.91,91.3875,1.96394,-0.245241,0.780026,0.0383794
124.222,3.11344,1.24305,74.7928,-3.36391,-1.87541,32.9502,-2.28597,-2.35065,3.11847,0.0352791
325.96,-1.99729,0.370036,33.9209,2.73246,-2.64217,208.737,0.0510454,-2.80481,-3.0122,0.0329333
213.309,2.14417,-2.45215,83.7836,-1.47661,-1.19286,163.315,0.424743,1.09814,-1.25929,0.0326972
136.208,3.25686,-0.474668,71.5073,-4.00685,-0.939771,54.7383,-1.59854,2.93122,0.465103,0.0394316
158.766,1.25602,-2.06518,57.5393,-2.31998,2.84178,124.922,1.02909,1.02479,1.37622,0.029262
100.211,-2.67981,-2.03733,97.5239,2.92008,0.0697474,52.6539,1.73264,1.18443,2.10708,0.032605
80.4819,1.9884,0.50771,40.3678,-4.04434,-0.609874,118.078,-1.79262,3.10097,1.11758,0.03353
148.82,2.0382,-0.986069,37.0402,-2.31589,1.43678,40.5316,0.651093,2.62682,-2.42285,0.0316116
157.58,-1.72448,-1.59867,48.9692,3.87766,-2.91891,130.149,0.635276,1.22536,-1.32024,0.032469
87.231,-2.33532,1.60561,40.835,3.85052,2.16615,87.1194,0.331818,-1.30081,0.56054,0.0334828
127.398,-3.4539,-1.34594,69.2104,0.176716,-2.51233,130.228,-1.69584,1.74349,-1.16639,0.0334987
214.422,1.86778,1.17026,88.4428,-3.34192,0.55838,212.594,-0.011052,-2.02184,0.611878,0.0358981
138.71,-2.29775,-1.48706,113.001,1.31945,1.08506,94.9814,0.854913,-2.60722,2.57212,0.031416
113.703,-0.39235,0.828396,33.8299,4.61441,1.59962,82.9366,0.323868,-2.24625,0.771221,0.0341881
140.506,-1.55652,-2.9833,37.3336,3.17029,0.658975,77.8277,-1.21826,0.367889,-2.64091,0.0317443
111.621,1.43781,-2.32765,107.647,-2.87602,-3.14068,63.8071,0.524226,0.224904,0.813029,0.0329759
173.743,1.87107,-2.196,123.287,-1.84788,-0.356009,168.489,0.117873,0.761434,-1.83999,0.0305071
155.623,-2.68863,-2.63352,90.6906,3.22242,-3.0252,127.256,-0.270006,0.688794,-0.391682,0.0351449
103.87,-2.6733,2.61432,40.3554,4.83553,-1.1078,55.197,2.05544,0.0307782,2.56107,0.0391358
92.2151,-2.00338,-2.96669,69.5445,3.08983,-2.68609,40.6418,-0.0632428,0.431866,0.2806,0.0328941
141.874,2.55097,0.629025,64.3315,-3.23823,1.66686,248.125,0.108587,-1.92789,-1.03784,0.0336842
157.14,-2.33379,-0.55832,67.976,4.1503,0.103745,172.016,-1.19329,2.82791,0.662065,0.0372394
125.921,2.91463,2.46904,87.7587,-1.86091,2.44314,95.2869,0.624579,-0.456891,0.0258977,0.0334926
107.69,2.48828,0.185901,101.366,-2.67543,2.67286,61.7916,1.22351,-1.85877,-2.48696,0.0334968
65.6799,0.860031,-2.61938,41.1219,-4.21125,1.34334,24.7989,0.561314,-0.576129,2.32046,0.0312529
95.5621,0.948459,-1.54556,41.8289,-3.24319,-3.0496,72.2382,0.231145,1.44396,1.50404,0.0319274
60.141,-4.5395,0.289544,53.5108,2.84416,2.03913,53.9641,-1.21249,-1.35265,1.74959,0.0324919
74.1353,-3.14941,2.66988,30.4432,2.50324,2.11369,66.6999,0.193345,-0.475812,-0.556194,0.0324886
230.483,2.16927,2.95334,48.737,-4.21769,-2.69654,241.614,-0.907313,0.0925383,-0.6333,0.0361458
170.152,1.46528,-2.39746,34.8441,-4.58157,-3.13949,65.9756,-0.110634,0.670918,0.742034,0.0353153
263.02,0.878122,-2.04923,55.3585,-4.05219,1.04521,110.705,-1.2191,0.874692,-3.09445,0.0348448
99.6648,-2.01425,-2.84215,86.1976,2.49444,-2.242,172.143,1.22337,0.425432,0.60015,0.0310977
74.4365,2.05198,0.438021,38.1622,-3.39136,-0.776738,63.2466,-2.19047,-2.93546,1.21476,0.029255
214.612,-2.0812,-2.74926,108.811,0.929808,0.639562,39.4169,-0.448646,0.215749,-2.89436,0.0325494
75.6127,2.89155,0.803709,36.0143,-2.41279,0.191226,116.095,1.84308,-2.17258,0.612483,0.0313711
90.3318,-2.42531,-0.837214,42.1917,4.60845,0.747732,83.4004,0.999678,2.61395,1.58495,0.0337742
121.149,2.70709,1.51665,54.0409,-2.54779,-2.12234,81.7768,1.08932,-1.02585,-2.64419,0.0300143
125.051,0.981006,0.806856,50.7177,-3.76413,1.91835,109.222,-0.60762,-1.97009,-1.11149,0.0332085
87.8972,3.98236,2.21131,78.9281,-1.00986,2.48869,105.329,0.837879,-0.646608,-0.27738,0.0345661
168.319,1.07512,2.33007,36.23,-2.73002,-1.64916,126.793,0.612211,-0.625546,-2.30396,0.0310535
55.4588,-3.82292,-1.70854,42.5658,1.944,-0.0148693,46.1124,-0.163874,2.7237,1.69367,0.0325312
158.638,-0.666737,-3.05492,49.6682,3.57305,2.86562,122.305,0.992348,0.0245745,-0.362637,0.0307914
282.553,-1.65651,1.09675,142.22,2.34375,-1.21662,135.169,-0.00971799,-3.06597,-2.31337,0.034336
91.2293,-2.50606,1.26149,57.5758,2.57862,1.25088,59.5053,-0.275861,-2.04322,-0.0106137,0.0320951
125.425,2.83591,-2.29237,66.1139,-1.63217,0.0498726,54.3094,2.26437,0.690258,-2.34224,0.0327693
93.9453,-2.22231,0.996594,67.8061,3.14914,1.86182,102.225,0.748819,-1.7842,0.865222,0.0336027
180.379,-2.34687,-2.7003,36.3678,3.18894,-1.06389,101.763,1.72493,0.582424,1.63641,0.0352456
80.3668,-2.44851,1.46932,60.1531,2.91132,0.478605,93.0073,-0.374139,-2.3022,-0.990712,0.0327685
114.547,-2.88368,-3.0743,50.0822,2.52141,-0.790143,57.2618,-1.1942,0.0555857,2.28416,0.0363889
68.7376,4.33509,0.371078,57.5815,-1.78346,-1.14406,43.6881,0.964759,2.96576,1.51514,0.0321001
48.5769,1.92919,-1.90722,43.8347,-3.5185,2.12242,54.6738,0.867154,0.274918,2.25355,0.0309778
153.217,1.96263,-2.16222,79.7597,-1.89078,1.2934,73.4578,-1.08672,1.08853,2.82756,0.0328051
83.7523,0.0844725,-3.01828,69.9718,-3.57127,1.96141,135.673,-1.16182,-0.289947,1.3035,0.03285
170.26,-2.51159,1.9721,61.8795,3.66043,-0.9342,128.937,-0.118469,-0.969319,-2.9063,0.0353444
209.054,1.11973,2.22854,71.2717,-2.87497,-1.79595,134.976,-0.721755,-0.677545,-2.25869,0.0330347
90.687,-3.05777,0.221931,57.8416,2.60764,-1.49064,74.0939,0.583334,2.54746,-1.71257,0.033498
137.822,-1.59292,1.79762,45.8265,3.94781,1.44487,162.688,-0.658969,-1.44038,-0.352746,0.0355652
95.4552,-2.10273,0.949872,82.8703,2.8639,0.724156,97.2961,0.868026,-2.23483,-0.225717,0.0308738
105.07,-2.26151,-1.85362,74.8972,0.879639,-2.55421,131.154,0.417103,1.06882,-0.700585,0.030625
180.722,2.30233,0.0885672,109.546,-2.64641,-1.91488,152.648,-0.388833,2.65482,2.00345,0.0336747
93.4026,1.03332,-2.75786,85.2007,-3.24325,1.57615,49.3106,-0.200613,-0.298308,1.94918,0.0325182
91.338,-3.35202,0.312047,72.8069,2.93211,2.00851,61.4639,-0.170412,-1.84712,1.69647,0.0318715
81.3919,1.86229,1.91221,40.1414,-2.27822,0.747143,120.481,0.624425,-1.4974,1.16507,0.0327248
167.606,-2.54918,0.320655,60.4502,1.51613,0.328711,80.6166,0.261619,-2.83965,0.00805575,0.0329891
168.54,2.6435,2.56729,67.3574,-2.00482,2.45154,143.001,1.1296,-0.57232,0.115747,0.0334726
106.491,2.95442,1.27729,103.688,-3.03878,2.58951,108.496,-0.348889,-0.988692,-1.31223,0.0348847
270.199,-1.73984,-2.32042,154.768,2.13864,-2.13225,256.141,0.303261,0.828175,0.188171,0.033888
193.823,3.59214,-1.01675,158.854,-2.38572,0.457497,173.282,-0.512904,2.25977,-1.47425,0.0373946
276.152,-1.44297,1.79347,141.809,2.6519,-2.34019,123.468,0.164039,-0.45699,2.14952,0.0330943
86.0488,3.60583,2.38016,34.8149,-4.12972,-0.535578,42.156,-1.37487,-0.812324,2.91574,0.0342071
167.365,0.8432,-2.96468,131.905,-2.28984,1.665,106.258,-0.436989,-0.446723,1.6535,0.033128
87.7669,2.75184,1.59084,65.1624,-1.23268,0.00455299,98.1144,-1.18275,-1.98035,1.58629,0.0349253
95.0421,2.02698,0.788093,84.9004,-1.63254,1.84219,139.017,1.00643,-1.7454,-1.0541,0.0319803
78.4049,2.90177,0.215747,60.9082,-4.55433,-0.290741,127.817,-1.95734,2.58973,0.506488,0.0390411
53.8067,-4.86068,-0.381053,41.9883,1.0106,-1.82679,57.4763,0.925772,2.75293,-1.44574,0.0355641
99.6007,-1.8479,-3.06212,35.9289,3.32749,3.00872,84.2321,1.71995,-0.100152,-0.212342,0.0317425
89.3084,1.18093,-2.8667,65.4663,-3.20993,-0.902812,78.6422,-1.66048,0.515672,-1.96388,0.0309983
108.778,2.9553,-1.01355,30.3794,-3.69242,2.52492,76.2717,-2.05289,1.95866,2.74472,0.0348113
214.023,-1.39958,0.868578,154.506,2.36714,-0.88933,136.467,-1.26885,-2.22662,-1.75791,0.0316966
60.5109,-3.35684,0.768684,36.8754,3.58068,0.540949,72.4483,0.209776,-2.2401,-0.227735,0.0338794
148.044,2.57809,-2.38192,66.3232,-0.693595,-2.68804,66.7838,1.07033,0.457416,0.306119,0.032013
160.993,2.62253,0.928782,126.493,-3.47956,0.757897,170.015,0.420862,-2.24362,0.170886,0.0364805
215.161,-2.11275,-2.70791,149.706,3.02553,-0.742168,204.681,-1.1443,1.13108,1.96574,0.0354686
88.019,-2.33181,-0.305059,67.4014,3.51252,1.482,106.839,-0.782213,-2.75492,1.78706,0.0347171
110.838,-2.89442,-2.4448,53.1796,3.6211,1.95693,58.7568,-0.380713,-0.491879,-1.88146,0.0346689
108.627,-1.93514,-2.92243,44.2737,2.32276,-1.02208,94.1376,1.32488,0.412748,1.90035,0.0321677
124.625,1.98871,0.201009,50.6457,-1.41506,-0.602076,95.3271,0.792895,2.96951,0.803085,0.0313083
101.89,2.85417,1.33016,30.3314,-1.56927,1.79352,92.8334,-1.08976,-1.98328,-0.463359,0.032388
202.414,3.22364,2.25314,99.4911,-1.59535,-2.16771,124.52,0.00481358,-0.47739,-1.86234,0.0348263
183.823,1.72189,-2.16671,86.279,-3.44675,1.28932,82.8159,-0.425366,0.381068,2.82716,0.0346355
235.863,-1.84556,-2.38174,67.4823,2.28373,-2.27147,123.426,1.46205,0.442659,0.110269,0.0340013
188.133,2.42377,-2.59705,92.4,-0.755875,1.97495,145.629,0.78237,0.0987601,1.71118,0.0325292
79.1161,-2.69045,1.84663,63.7331,1.93544,-0.152621,62.2881,-0.405659,-2.55575,-1.99925,0.0321602
130.417,-1.8462,1.63504,77.5188,1.45849,-2.67562,83.1885,0.197122,-0.494659,1.97252,0.0315641
184.173,-0.669884,0.414878,70.4587,2.57772,-1.7651,83.4444,1.60495,3.02286,-2.17998,0.0325679
128.601,-0.995419,1.3062,51.4061,2.04824,-2.85065,69.5863,0.477461,-1.53232,2.12634,0.0297223
135.213,0.822265,0.878228,104.932,-3.67139,-0.295951,156.739,-1.40524,-2.71325,1.17418,0.0348659
97.9092,-3.06928,0.679119,64.4602,2.95096,2.96088,48.4704,-1.4809,-2.69915,2.28176,0.0336986
153.057,-2.68682,-3.04456,86.0585,2.06011,-1.92329,154.354,-1.00325,0.115344,1.12128,0.0334693
103.551,1.68861,-0.886388,71.9444,-3.50584,0.425885,126.17,0.14237,2.72221,-1.31227,0.0335428
106.989,2.70791,-3.09255,69.4103,-3.48599,-3.11675,72.3151,1.55802,0.243948,0.0242052,0.0347808
92.529,-1.94349,0.726921,76.9283,3.71535,-1.34571,47.0319,0.992538,2.9041,-2.07263,0.0336607
155.206,-1.04371,-0.0383648,153.451,3.50331,-2.32787,107.562,2.44251,1.96963,-2.2895,0.0359104
77.6186,1.67939,0.348777,60.843,-2.57218,0.153679,124.471,0.175975,-2.39566,0.195098,0.0323164
144.728,2.55253,0.788482,51.499,-2.67068,1.04966,114.463,2.24507,-2.41923,-0.261175,0.0348099
75.497,-2.38831,-1.43082,64.6184,2.4559,-0.463443,33.3225,-1.17738,2.83986,0.967375,0.0290743
88.8177,-3.19872,0.440255,45.3054,1.96343,0.831197,69.2328,-1.22366,-3.04221,0.390943,0.032945
212.755,2.03188,0.735193,54.1224,-3.17995,-1.72516,159.044,-0.508865,-2.62668,2.46036,0.0330843
93.6566,1.71478,0.677631,57.2533,-2.89074,-0.777138,112.564,-0.763779,-3.10247,1.45477,0.0317606
140.403,1.83508,-1.57198,106.684,-2.54946,-1.80714,160.044,0.809709,1.37744,0.235156,0.033099
112.032,-1.40866,2.55868,57.0427,3.40879,1.83481,127.898,-0.193251,-0.824169,-0.723868,0.0320018
143.677,1.64425,-2.37282,64.7405,-2.1873,2.43151,127.068,-0.104725,0.136594,1.47885,0.0328315
186.474,0.732438,-0.613438,71.8149,-3.54479,2.44526,58.4343,-1.0589,2.36188,-3.0587,0.0336451
135.235,-2.14325,-2.12111,64.1608,2.15573,-1.87247,148.375,-0.427098,1.12723,0.248637,0.032182
256.711,1.44356,-3.02879,70.8544,-3.02723,0.87197,192.306,0.688503,-0.220817,2.38243,0.0332211
174.102,-2.78233,2.42671,72.0638,2.93143,-0.553776,75.5537,-0.776497,-1.4731,-2.98049,0.0342002
79.1968,2.76212,2.00317,35.142,-4.55177,1.06032,56.0141,-1.04169,-0.731301,0.942851,0.0344179
79.2159,-3.27092,0.220715,41.4575,0.955879,-1.38837,102.415,-0.865022,-3.07305,-1.60908,0.0300803
225.379,-2.79341,0.234037,48.6946,1.154,1.47318,227.4,-0.481779,-2.84298,1.23915,0.0331838
76.5761,-1.80795,-0.839152,53.1318,2.84703,0.0833105,69.8086,0.680198,2.60703,0.922462,0.0315995
73.5167,-0.0187047,2.52074,49.9509,4.44916,1.84546,80.375,0.746037,-0.823872,-0.675283,0.0326238
119.46,2.89321,1.75823,35.7215,-1.99497,1.99438,64.4861,0.173989,-1.29145,-0.236151,0.0325998
151.862,-2.2054,1.17776,77.4464,2.4168,-2.59715,70.7218,-1.66261,-1.28558,2.50828,0.0313053
82.4881,-0.749526,-2.63409,42.5417,3.92971,-2.62403,127.434,0.585541,0.605339,0.0100558,0.0332797
196.629,1.80493,1.16681,162.296,-2.88235,0.94349,129.259,-0.716866,-2.38515,0.223322,0.0347377
80.9229,3.41428,-0.254552,53.4766,-1.39937,-1.09608,65.3265,1.62539,2.49501,0.841525,0.0334582
106.342,1.62267,2.14863,57.4571,-3.79577,2.57493,130.669,-1.40103,-0.955778,-0.426303,0.0344901
157.354,-1.93332,1.37831,73.3288,2.42361,-2.52592,149.746,0.993894,-0.882289,2.37896,0.0330487
146.838,1.01125,-0.470754,61.8836,-3.34671,1.37214,88.9719,-2.23307,2.85181,-1.84289,0.0333145
111.833,2.98197,1.29275,56.4944,-0.541064,0.41132,124.684,2.44045,-2.12544,0.881435,0.0304148
299.222,-1.29742,1.07557,169.711,1.92648,-2.17766,101.348,0.508621,-1.96177,3.02995,0.0331426
132.421,-2.44705,1.84789,49.5813,2.5231,0.293514,119.585,0.607106,-1.20931,-1.55437,0.0328053
203.027,-2.27283,-1.38851,76.8666,1.37121,-1.9707,160.077,-0.729336,1.54378,-0.582194,0.0326487
174.107,-1.64747,-0.423951,61.1954,2.80074,0.42911,145.479,0.1687,2.86822,0.853061,0.0326428
93.3221,-1.09329,2.73513,67.0947,3.77635,-0.0649397,67.4792,2.05506,-1.21684,-2.80007,0.03218
128.055,-2.89004,1.64448,110.869,1.7814,-2.34393,64.4738,-0.526831,-1.97054,2.29478,0.0342273
96.6848,-2.11973,2.97167,45.1188,4.60739,1.41084,100.971,1.93289,-0.396678,-1.56083,0.0367701
295.786,1.54813,2.39894,57.7892,-2.4494,0.00876818,177.127,-0.612741,-0.973245,2.39017,0.0318674
221.743,-2.11079,-2.0564,68.9805,3.24531,2.02335,61.4703,0.538803,1.09928,-2.20344,0.0340626
128.837,-1.20364,-2.34811,84.5006,3.08835,-1.22061,104.256,1.56037,1.06161,1.1275,0.0330442
62.4161,-2.43785,-1.87847,36.5298,2.84165,-2.45808,118.787,-0.260501,0.614178,-0.579614,0.0321546
208.552,-0.688491,-2.13308,36.1267,3.93978,-2.15765,173.888,0.42963,1.03477,-0.0245662,0.031536
138.365,-0.531881,-0.215191,48.3666,3.01925,-1.1897,150.497,0.0558532,2.76171,-0.974507,0.0320196
75.5474,-2.05901,-2.33309,52.9127,1.66752,-1.93881,75.165,0.415184,0.878612,0.394275,0.031093
108.845,-2.78918,-0.288334,98.5807,3.04214,-2.17205,81.9943,-0.289042,1.80512,-1.88372,0.0343136
142.239,2.80682,2.63589,33.2101,-3.0431,-0.500436,74.0136,1.91037,-0.603465,3.13632,0.0334477
212.309,2.85586,0.833731,60.2191,-0.865734,1.16926,180.366,1.10649,-2.27331,-0.335528,0.0336556
127.24,-1.57882,1.73503,76.2734,2.59948,-0.840008,42.1075,1.053,-1.6389,-2.57503,0.032462
199.533,2.35187,-0.469154,110.781,-1.05207,-2.3667,172.121,0.895415,2.11116,1.89754,0.0315074
90.504,-1.55663,0.969216,50.2154,3.19635,2.89961,63.4505,0.870407,-2.056,1.93039,0.0317735
202.722,-2.08069,1.14466,59.556,1.28112,-1.8678,109.723,-1.14679,-2.10371,-3.01246,0.0316776
160.123,2.232,2.34644,80.2189,-0.916149,0.410105,94.9247,0.503381,-1.19708,1.93634,0.0320012
63.7435,-4.22359,-2.3902,60.7076,2.88275,2.51131,49.1352,-1.79603,0.352556,-1.38168,0.0332259
104.905,-1.91762,2.24148,91.8312,3.0399,-2.18962,109.903,0.4657,0.547241,1.85209,0.028461
70.2917,3.76036,-2.58742,60.9367,-2.49408,-1.47467,60.678,0.379238,1.16133,-1.11275,0.034047
254.198,2.63317,-0.0674497,108.416,-1.29475,1.64745,165.621,0.428775,-2.76843,-1.7149,0.0340428
127.593,2.43231,2.52985,51.6043,-1.97338,3.07169,121.521,0.196175,-0.588251,-0.541837,0.0311409
234.966,-1.90891,-2.70803,51.3409,2.19763,-2.1109,167.053,-0.65243,0.577965,0.597132,0.0327184
183.249,-2.41358,0.708984,73.7522,2.4083,2.68181,63.9656,-0.37025,-2.36899,1.97282,0.033197
72.4187,2.85839,1.35916,70.0106,-2.62617,-1.47282,50.1612,-0.46596,-2.12699,2.83198,0.032461
194.792,-1.94941,1.05661,110.783,3.10245,0.217997,125.364,1.95443,-2.58437,-0.838608,0.0340526
151.798,2.30337,-2.31096,50.8249,-1.49813,0.52773,58.6405,-0.885357,1.29723,-2.83869,0.0297751
149.897,2.81863,-0.662133,33.7575,-2.41182,-1.12915,130.82,-0.702246,2.52436,0.46702,0.0332969
66.4415,2.45962,2.09154,50.0404,-3.15662,2.51677,85.5399,-0.523817,-0.793369,-0.425234,0.0328939
135.841,2.09561,-0.755283,95.9106,-3.49379,-0.233499,93.7462,-0.0669125,2.40959,-0.521784,0.0348124
125.557,2.3471,-1.07519,93.7203,-1.30048,-0.303143,117.541,0.447743,2.12837,-0.772042,0.032469
325.485,2.12312,-0.885172,49.3806,-2.77034,2.28197,121.192,1.66913,2.20193,3.11604,0.0341958
76.3262,2.98471,-1.65663,64.9,-1.03596,-0.139981,63.1879,1.84835,2.1605,-1.51665,0.0289916
210.727,-0.348016,2.26804,77.2788,2.90296,-2.63284,222.265,0.197409,-0.603173,1.3823,0.0330761
136.505,2.57089,-0.224668,59.4432,-2.33579,-2.75057,43.0136,-1.44598,2.07803,2.5259,0.0329325
129.359,-2.99693,2.13578,53.0449,1.69335,2.90088,175.884,-1.39385,-0.800211,0.765098,0.0305137
142.133,-2.14615,-2.22264,83.8296,1.38675,2.00925,81.5126,-0.16877,0.46841,-2.0513,0.0318448
198.146,2.48999,1.24566,40.7654,-2.94031,-0.215703,237.154,0.715507,-2.00415,1.46136,0.0345949
213.602,1.25805,1.00315,89.9326,-4.17034,0.53736,162.418,-1.12958,-2.39504,0.465794,0.0364585
93.2729,-0.50057,1.46324,45.9361,3.53505,1.27633,97.473,-0.151062,-1.96993,-0.186913,0.0324965
129.993,0.329732,-2.35941,51.4042,-4.19091,-3.10017,115.306,-1.65141,0.565068,0.740763,0.0336077
157.05,1.92441,2.71651,130.553,-3.00437,-2.54453,193.242,-1.02777,0.1655,-1.02215,0.0342197
154.932,-3.12263,1.59848,67.2189,4.19886,-2.97809,117.135,-0.481697,-1.17967,1.70661,0.0378251
99.4483,0.130275,0.257843,97.1128,-3.82442,2.32068,60.9629,-1.41393,-2.21385,-2.06284,0.033174
94.9091,-3.84681,1.69005,57.1884,2.782,-0.281875,57.7144,-1.73395,-2.52153,-1.97193,0.0322389
240.467,2.24279,1.18314,225.414,-1.95682,-2.3063,148.79,-0.751716,-0.51555,-2.79375,0.0344665
116.576,0.828563,-2.76642,96.8718,-2.78754,1.60302,106.107,-1.10493,-0.29271,1.91374,0.0321286
146.417,-1.12249,-0.409675,93.4082,2.65608,0.0373893,180.89,0.42432,3.05787,0.447064,0.0334589
128.138,2.29209,0.526991,81.5146,-1.80819,-1.59818,65.665,1.0887,-2.93632,2.12518,0.0323147
219.429,-2.77745,-0.747242,50.1865,1.0716,1.7424,74.9225,-0.812407,2.37722,2.48964,0.0325786
80.573,-2.84034,-2.69503,58.7044,2.75221,1.36905,36.0137,-0.0888093,-0.705772,-2.2191,0.0329245
97.3041,-2.88016,-1.67813,53.4719,3.42178,2.74025,79.9118,1.30265,0.874244,-1.86481,0.0337342
195.414,-0.81478,1.3203,56.8791,2.29547,-0.0186778,121.718,0.63611,-1.88761,-1.33898,0.0318581
101.292,-2.25128,2.30274,61.9205,2.86772,-0.38841,47.877,2.14426,-1.53785,-2.69115,0.0338188
132.092,-1.4274,2.90877,42.1842,2.21022,-0.578129,70.7191,-0.267748,-0.194772,2.79628,0.03638
139.785,1.03598,1.72006,53.3085,-3.08718,2.36703,129.141,0.0978471,-1.48231,-0.646961,0.03114
130.194,2.01053,1.63294,46.5486,-1.94115,-0.228633,103.014,-0.459491,-1.71623,1.86158,0.0305291
225.173,-0.865923,2.87265,93.1889,3.15857,-0.768693,106.761,1.98257,0.260257,2.64185,0.0342561
96.4833,-1.83083,-0.382473,31.254,2.5008,0.809616,67.5546,-0.914148,-3.1334,1.19209,0.0288336
161.874,2.96041,2.51176,60.8574,-1.58368,-2.99181,146.631,1.55974,-0.450839,-0.779611,0.0336151
155.69,2.03275,-1.48012,59.0871,-1.88424,2.25966,34.6372,2.04909,1.05894,2.5434,0.0288937
111.976,3.50356,-2.05067,36.2384,-1.41482,0.283423,64.2889,1.32162,1.99746,-2.3341,0.033322
89.7321,-2.41587,2.62088,86.0051,2.92098,-2.31502,123.278,1.60564,0.151669,1.34729,0.0332689
256.063,-2.93928,1.85275,97.3346,2.73048,2.80095,183.758,-2.28299,-1.20894,0.9482,0.0380125
145.872,-0.55823,-2.382,41.5623,4.66839,1.83913,111.311,1.97781,0.666418,-2.06206,0.0326211
364.663,-1.26615,2.86516,117.914,3.43835,0.896196,277.156,0.277371,-0.353581,-1.96897,0.0361088
141.38,2.21298,3.03045,46.8603,-2.89416,2.275,72.7846,-0.11056,-0.183846,0.755447,0.0331505
70.2917,2.07384,2.91177,68.8604,-4.59404,-2.47007,30.0924,-1.45787,0.85422,-0.901341,0.0372141
134.306,-0.622946,-1.74762,106.28,3.57518,1.75846,26.3731,1.33383,0.528621,-2.7771,0.0312138
71.6221,2.91206,0.553163,66.0374,-1.60677,-0.532188,167.572,-0.618766,-3.07149,1.08535,0.0325502
79.053,-2.10492,-3.10439,64.3369,3.64489,-1.89373,97.7293,-0.748151,0.817459,1.21066,0.033574
133.645,-2.44638,0.580425,59.5155,3.95306,1.21696,110.239,-0.537879,-2.50166,0.636531,0.0337955
101.981,-1.20166,2.24015,32.0855,3.65393,-2.142,45.5619,1.3823,-1.37743,1.90104,0.0323807
155.829,1.6558,-2.29679,72.8392,-2.13303,-1.80228,217.038,-1.20745,0.747597,-0.494504,0.0330135
97.4815,3.15195,0.897338,71.07,-3.14196,0.871683,30.1015,-1.34244,-2.59593,0.0256548,0.0340848
144.5,2.65818,1.2634,36.2626,-0.735743,3.1232,107.77,1.85139,-1.50008,-1.8598,0.0295842
97.6154,0.504159,0.835593,38.8669,-3.91471,0.217375,104.39,-1.84777,-2.6123,0.618217,0.0329214
136.497,-2.14154,0.390431,47.9293,1.45787,1.46819,86.9099,-1.16266,-2.44805,1.07776,0.0325644
158.011,-1.85663,-0.309214,51.0722,2.91223,-1.89508,78.3349,1.43543,2.50224,-1.58587,0.0334778
162.361,3.00969,1.9151,54.5852,-0.810479,-2.17533,60.5899,2.01418,-0.561979,-2.19276,0.0330614
54.3446,2.5267,-1.23147,48.3412,-2.86074,-2.57515,29.0094,1.16633,-0.0567337,1.34368,0.0321117
184.87,-2.83411,-3.13068,105.866,1.65726,1.78632,136.299,0.383388,-0.131601,-1.36618,0.0346594
130.915,3.06786,-1.14929,51.3509,-1.75773,2.00812,27.6074,1.59107,2.83916,3.12578,0.0325217
140.048,-2.51543,-0.286081,81.4528,2.60614,0.397811,81.3946,-1.02578,2.7695,0.683892,0.0335543
95.0361,2.79139,-0.193416,58.669,-2.47253,-0.895361,137.688,-0.86777,2.51018,0.701945,0.0335067
302.564,-1.06663,0.484904,71.18,2.70216,-1.57515,198.656,-0.878459,-2.8259,-2.06005,0.0332214
79.5838,2.79787,2.1152,76.7113,-0.378622,2.32355,108.09,0.768251,-0.991582,-0.208354,0.0316289
112.835,-2.27229,-0.286694,104.788,3.60034,-0.421953,104.946,0.0495516,2.48768,-0.135258,0.0328177
101.46,-1.16347,0.314762,71.393,2.75124,-2.96006,77.8512,1.22425,-2.4704,3.00836,0.0303125
71.2427,2.18432,1.8792,69.6793,-2.63342,2.59286,134.823,-0.522174,-1.54018,-0.713662,0.0322737
104.53,2.08876,2.88988,31.247,-3.90566,-0.862686,44.4414,0.336783,-0.445916,-2.53062,0.033072
76.5504,3.61545,0.803514,72.0913,-1.57133,-0.23571,115.232,0.612723,-2.69379,1.03922,0.0329836
70.358,0.211301,-0.606217,61.5246,-3.57353,0.500462,74.0634,-1.38976,-3.07443,-1.10668,0.030698
114.776,-1.43015,-2.01324,69.1215,2.73625,-0.808077,63.674,-0.185594,1.35906,1.20517,0.0320643
77.4659,2.8936,0.315552,59.0826,-2.56065,1.52349,80.0444,1.9088,-2.48112,-1.20794,0.0331733
238.555,-1.74926,-0.569522,58.8975,3.73652,-2.10623,142.859,0.0936191,2.57928,-1.5367,0.0348031
127.704,2.94609,-2.58396,63.6786,-2.54237,1.67281,74.3963,1.6701,-0.232433,2.02642,0.0338716
173.446,3.02325,-2.27204,129.558,-2.94771,0.253077,89.9705,-0.00244902,2.13118,-2.52512,0.0362753
159.297,1.47738,0.435318,87.6646,-2.39708,2.1955,115.085,1.46642,-2.33201,-1.76018,0.0328042
163.939,0.628236,1.12923,110.434,-3.66037,2.53223,133.16,-0.587709,-1.28434,-1.40301,0.0341645
60.4561,2.90301,-0.840179,50.3116,-0.867335,-0.689034,70.1795,1.50713,2.25532,-0.151145,0.0311093
71.4788,-1.14118,-0.152794,33.0891,3.05139,2.70041,29.6246,1.61694,-2.85742,2.8532,0.0313004
122.157,2.41036,0.15863,78.003,-3.52788,-1.58517,90.7762,2.50489,-2.91605,1.7438,0.0361442
114.616,2.85042,-1.53032,47.4332,-3.67203,-2.71488,55.2989,-1.1166,1.1751,1.18456,0.0353536
127.927,2.56405,-2.49177,62.0888,-3.81426,0.143842,72.928,0.869249,1.31122,-2.63561,0.0348866
117.433,-1.91969,2.19519,49.6838,4.2619,-3.0017,88.1243,2.04368,-0.772898,1.0863,0.0351574
112.144,-1.99655,2.13202,91.8357,2.42859,-2.3683,102.249,0.538709,0.115119,1.78286,0.0340403
190.58,2.4465,1.75041,46.8661,-1.33783,-1.24167,75.2323,2.11527,-1.7039,2.99208,0.0296602
101.58,1.26393,-1.98414,39.7811,-4.37462,-1.71872,95.482,-1.64706,1.46193,-0.265424,0.0343055
112.349,-1.62603,2.24656,39.5743,2.85725,2.29818,133.453,0.718696,-1.35579,0.0516219,0.0315552
110.411,-0.488151,2.39087,35.8995,4.03749,0.254037,65.976,0.477266,-0.916431,-2.13683,0.0310073
95.7282,-2.97981,1.55648,42.7126,3.58045,2.55139,71.465,0.67478,-1.01022,0.994917,0.0348654
102.761,-2.48092,-1.68964,77.7333,2.32354,0.416026,63.8745,-0.747404,2.56568,2.10567,0.0327442
80.4081,3.17324,0.781868,50.6513,-3.43275,-1.88687,61.5298,-2.82672,2.86631,2.66873,0.0351429
120.399,2.40024,-2.35937,53.5454,-0.918718,2.33738,94.271,1.74281,0.10149,1.58643,0.030459
116.852,-2.41274,-1.91842,41.1411,4.44475,-2.66946,116.718,0.808446,1.28174,-0.751042,0.0369066
233.059,1.48106,-0.984203,125.638,-1.64234,-1.93597,219.344,-0.802761,1.73288,0.951766,0.033168
166.699,1.63336,-2.42151,37.4926,-2.56708,-0.243909,161.354,-0.591548,0.914411,-2.1776,0.034967
101.341,-2.22221,-2.48874,74.9236,3.7574,2.74417,96.2842,1.17558,0.445674,-1.05027,0.03579
137.95,1.03302,3.13367,54.2298,-4.174,-2.73577,158.416,-0.0209361,-0.166396,-0.413749,0.0347906
101.378,2.31289,2.16614,80.1014,-2.21266,-3.06293,129.359,0.716845,-0.59736,-1.05411,0.0327014
181.368,1.41268,1.65641,98.205,-2.3585,0.996562,104.773,-1.59726,-1.7111,0.659851,0.0337465
141.1,3.12412,-1.18958,65.4879,-1.9466,-1.68124,73.0671,0.125496,1.83273,0.491656,0.0338077
222.246,1.69921,0.330525,60.3173,-2.91723,-2.8843,99.8237,0.521871,3.11291,-3.06836,0.0323504
215.17,2.94838,-0.468479,64.7097,-2.18715,-2.17654,85.7143,-0.0794442,2.67502,1.70806,0.0345171
125.513,3.09785,-0.247605,37.3632,-3.90354,1.64808,73.4964,0.278748,-2.46823,-1.89568,0.0333693
186.602,-2.30192,-1.30708,102.023,2.89628,0.795127,157.669,-0.618825,2.44252,2.10221,0.0343688
62.5573,1.95909,1.64958,52.412,-3.44154,-2.87086,49.5986,0.555556,-0.678709,-1.76275,0.0333002
240.89,-2.34249,1.79664,58.1525,1.29652,2.72123,166.884,0.212192,-1.16396,0.924594,0.0313688
192.486,0.429542,1.47234,44.3547,-3.55417,3.12641,158.051,-1.5169,-1.32355,-1.65408,0.0316953
82.4591,-2.50695,-2.12204,76.3958,2.4733,-2.6046,63.3925,2.55561,1.21928,-0.482559,0.0339597
138.781,1.37206,-0.931929,85.9519,-2.5714,-1.28958,139.408,-0.544185,2.21555,0.35765,0.0328101
118.363,2.4022,-2.76026,76.718,-2.7032,1.6767,63.1906,-3.0161,-0.135676,1.84623,0.0337854
153.403,1.83634,1.26433,45.4353,-3.29399,-0.49086,141.123,1.01718,-2.38696,1.75519,0.0319197
167.051,3.03365,-1.12323,50.2861,-2.75165,1.5623,110.185,1.38286,2.31621,-2.68553,0.0342264
222.473,-2.44514,1.56397,32.459,3.05318,2.67203,302.741,1.76748,-1.30041,1.10806,0.0331048
77.0686,-2.58422,-0.737,50.2234,2.45581,-0.791047,105.36,0.399598,2.31905,-0.0540463,0.0322148
133.169,2.94482,0.377385,54.633,-3.14916,-1.28638,63.1423,-0.730317,-3.11526,1.66376,0.0320504
113.881,-2.39684,2.502,54.4901,4.40863,2.37146,61.7951,-1.39822,-1.35578,-0.13054,0.0367353
113.27,1.46308,-1.60929,45.8522,-2.71255,-0.923668,92.4758,-0.190211,1.83212,-0.685619,0.0310799
225.574,2.7311,-0.0745957,43.9541,-2.71942,2.62323,112.389,0.716954,-3.12359,-2.69782,0.0327305
58.1558,-4.45682,2.20158,32.9604,4.20428,1.13726,47.3039,0.36343,-1.00035,-1.06433,0.0373315
198.245,-2.85575,0.708168,53.3189,3.18713,0.55606,77.7624,0.162967,-2.10489,-0.152108,0.0350741
76.8064,1.44717,0.354518,76.4063,-2.49487,-0.905857,39.1107,-1.51077,3.02076,1.26037,0.0316255
210.064,-1.25855,-2.09478,100.708,2.60041,-1.04252,240.53,0.779328,1.39073,1.05227,0.031613
59.2988,2.17969,-0.444479,58.3744,-2.33354,0.377219,127.431,-0.748845,-3.13891,-0.821699,0.0319409
274.091,1.54146,-1.38008,43.4053,-1.80661,-1.84019,241.251,-0.54822,1.74658,0.460108,0.0315185
123.173,-2.17652,-1.95715,37.413,2.79497,-1.60186,88.8327,-0.884086,0.998642,0.355297,0.0319092
99.2948,1.20565,3.11828,45.32,-3.72465,-2.83352,77.4835,-2.59165,0.429351,-0.331383,0.0340627
132.566,-2.97786,0.0614717,65.1764,2.8674,2.16314,106.058,-0.747403,-2.50883,2.10167,0.0350279
47.0634,-3.67304,-3.07598,36.6836,2.60627,-2.1682,61.8351,-1.54245,0.732234,0.907785,0.0329146
116.407,-0.614205,-2.16625,81.6398,2.70494,-1.18052,141.789,1.47786,1.4137,0.985729,0.0324706
102.284,-3.4329,-1.38863,61.4206,1.18357,-1.56845,110.621,-0.660641,1.47577,-0.179816,0.0337127
69.7369,-0.791265,-2.31091,58.2344,2.65946,2.95771,56.8232,1.14291,0.293668,-1.01456,0.0295227
167.839,1.52147,1.40676,55.9058,-3.04693,2.78867,117.339,-0.542357,-1.68575,-1.38191,0.0329209
184.836,1.8008,-1.8378,176.78,-2.45123,-1.68831,170.556,-1.41479,1.58839,-0.149489,0.035661
145.358,-1.86273,-2.48467,104.934,3.10433,1.85176,53.7877,1.10261,0.0317624,-1.94675,0.0341045
214.345,-2.76828,-0.975344,74.8357,1.70021,-2.81581,197.517,0.504776,1.80346,-1.84047,0.0337679
55.2722,-3.61779,-1.65028,38.8784,0.899219,-2.3397,36.2765,-2.46389,0.8566,-0.689422,0.0313412
74.077,2.64939,2.7025,52.6258,-2.27884,2.83664,101.122,-2.33716,-0.230753,-0.134142,0.0322903
198.322,-0.795631,-2.82968,86.6003,2.40506,2.02375,73.1132,1.52555,0.297412,-1.42975,0.0333175
111.014,-2.03794,-0.49348,35.3759,2.37076,0.485637,118.924,0.590353,2.64472,0.979117,0.0317989
74.1621,-1.23759,-2.68029,51.6943,2.35474,2.38004,54.3485,0.978935,0.474865,-1.22286,0.0289008
97.8454,-2.57181,0.312492,32.952,3.25329,1.50646,71.0078,1.74551,-2.46206,1.19397,0.0333033
116.667,2.57086,1.53652,30.0764,-1.21098,-2.5519,77.7179,-0.294767,-1.66223,-2.19476,0.0287654
88.8437,2.9641,-2.98478,54.1514,-2.98307,0.47506,52.1392,-2.74852,0.246087,2.82334,0.0355126
212.623,-2.44063,-0.216838,123.632,3.17394,-0.143393,149.894,0.0877613,2.90535,0.0734447,0.036524
92.7653,3.10226,0.569769,82.0446,-3.74778,-1.32803,56.8638,1.9064,2.9673,1.8978,0.0358958
136.687,2.48845,-0.145468,82.0622,-2.3899,2.88552,107.068,1.06197,3.00716,-3.03099,0.0333246
104.245,-2.73955,-1.73042,66.8654,3.64572,-2.09576,95.0017,-1.35583,1.30312,-0.365342,0.0345718
98.7647,-1.6227,0.36188,51.9651,2.66862,-0.69897,69.4543,2.01382,2.70794,-1.06085,0.0272062
56.9498,-3.93326,-1.80221,49.5222,3.81304,0.00913969,50.0461,-1.80703,2.11996,1.81135,0.0362423
68.0115,-1.41023,-0.87435,40.889,3.75189,0.666927,59.8937,-0.371481,2.75299,1.54128,0.0331912
103.668,1.07229,-2.96691,44.3698,-4.15259,3.05331,116.584,-1.70314,0.548079,0.262962,0.0330172
363.186,1.5612,-0.547204,64.2205,-3.0931,2.77008,293.31,-0.30019,2.65316,2.9659,0.0346848
77.9991,-2.05674,0.939602,64.0573,3.86407,2.01403,103.232,1.71003,-1.77484,1.07442,0.0327393
43.5192,1.2834,-1.10126,40.1629,-3.58207,0.688608,48.279,-2.26773,2.73448,-1.78987,0.0318954
132.664,-2.83679,-2.93901,48.3786,2.18533,2.99306,71.9686,-1.84324,0.267438,-0.351114,0.0333133
116.162,-0.803774,1.43105,100.952,3.63841,1.54352,57.6406,1.31021,-1.32785,0.112469,0.0292622
143.4,-2.29511,-1.14428,120.882,1.70055,-1.81333,73.3017,0.333246,1.56438,-0.669054,0.0328891
198.292,-2.11193,-2.66063,83.3623,3.6811,2.46223,168.594,0.261393,0.190314,-1.16033,0.035617
173.508,2.11049,-2.99566,59.6972,-3.09025,-0.946203,127.522,-0.863294,0.584073,-2.04946,0.0336034
105.712,2.67826,1.2528,59.5952,-3.37855,2.39515,108.301,-0.819905,-1.82643,-1.14236,0.034777
47.3584,3.06173,-2.83503,46.4437,-1.65859,2.69556,41.3935,0.875987,0.996408,0.752591,0.0311025
100.498,0.988062,1.29695,52.0539,-3.52758,-1.54405,26.2438,-1.58255,-2.11891,2.84099,0.0305991
129.663,-2.70737,1.96204,58.7122,3.8671,0.807771,85.8564,0.704396,-1.56759,-1.15427,0.0353593
84.9535,-1.60475,1.06143,41.6364,2.9195,-0.138109,97.1078,0.659095,-2.55512,-1.19954,0.0295153
74.6701,4.22681,2.77427,73.5813,-3.24443,-2.70788,103.306,0.017214,-0.0771261,-0.801043,0.0369303
102.457,2.89617,0.880145,54.6209,-0.34091,-0.981393,78.1396,1.56331,-2.58569,1.86154,0.029967
154.586,-1.48751,2.24828,40.0136,2.54442,1.29795,111.541,0.650781,-0.761814,-0.950331,0.0347992
220.504,3.33452,-2.65531,65.9387,-3.02945,0.597281,60.8543,0.494647,0.500611,3.03059,0.0356432
66.0527,-3.83778,-1.74115,49.7937,1.50473,0.242291,49.9204,-0.430142,1.47376,1.98344,0.033017
194.824,1.57004,1.72337,69.0552,-2.60659,-0.573273,79.8165,-0.526695,-1.33733,2.29664,0.0330784
155.78,-2.07245,-2.9025,57.0217,2.40177,-1.03478,99.17,1.71396,0.802336,1.86772,0.033501
130.786,2.78284,2.34175,105.993,-1.19164,-1.55268,103.937,-0.51169,-0.349658,-2.38876,0.0328914
235.578,2.76594,-2.14033,190.834,-2.13796,2.93528,223.427,-0.933232,0.715337,1.20758,0.037061
158.312,0.343154,-0.387485,54.3495,-4.37981,-0.370356,176.31,-1.95122,2.85722,-0.0171282,0.034671
138.619,-0.345507,1.97325,88.6983,2.68996,-2.28793,68.8883,0.963765,-0.774929,2.02201,0.0321454
295.468,-1.6701,-0.0123425,34.0022,3.89899,0.0789521,215.015,1.26274,-3.13373,0.0912946,0.0348083
175.763,-0.546538,-1.68357,161.289,2.70683,-1.99433,302.778,2.22466,1.0981,-0.31076,0.0355861
270.031,1.55485,2.90214,81.4795,-2.19376,0.0789525,87.6797,-1.43993,0.0159336,2.82318,0.0330729
264.389,-1.81229,-0.452076,34.3058,4.43577,-0.161192,186.771,1.41434,2.74813,0.290884,0.0361478
161.573,3.42735,2.06265,85.0382,-2.44949,2.58929,139.864,1.70315,-0.915706,-0.526647,0.0359905
79.9954,2.85885,1.30896,49.6815,-4.07577,1.76084,113.648,0.707492,-1.78884,-0.451883,0.0346985
78.7184,-1.47805,-2.3438,60.2632,2.667,-0.759402,90.9671,-0.209938,1.0994,1.5844,0.0322004
71.4988,2.44375,2.01645,61.9683,-4.16247,-2.56341,40.4772,0.169805,0.375822,-1.70333,0.0348073
62.9666,-2.95508,2.46783,57.97,1.94016,2.09707,64.005,-1.93637,-0.567458,-0.370756,0.0322175
161.517,-2.75827,-2.91755,79.7944,2.07614,0.390771,91.6159,0.11923,0.027612,-2.97486,0.0343451
153.103,-2.1803,2.92396,81.5644,1.31052,1.18321,125.095,0.699878,-0.96291,-1.74075,0.032697
121.53,0.37805,-1.92527,31.843,-3.20345,-1.61002,149.973,-1.59463,1.10818,-0.315255,0.0306196
282.622,-1.31263,-2.01255,131.303,1.98178,0.676209,88.6893,0.416351,1.62122,2.68876,0.0328058
172.519,-2.76161,2.35307,113.005,1.83974,1.04823,53.8642,-1.80852,-1.24213,-1.30484,0.0339392
164.653,3.15179,2.75686,104.856,-1.92344,-0.584867,197.333,0.510614,-0.359718,-2.94146,0.0348055
144.484,-0.408148,2.90672,92.9681,3.21785,-0.790333,67.4963,1.41253,0.451886,2.58613,0.0325406
281.729,2.21266,0.605308,38.5593,-2.27953,0.847985,133.468,0.43621,-2.43577,-0.242677,0.0301071
126.498,2.69967,2.26664,50.3157,-3.78313,2.35779,73.2223,-1.08076,-1.31729,-0.09115,0.0349519
270.284,1.46377,2.7627,45.5147,-3.68981,0.168937,64.3006,-0.290366,-0.415613,2.59376,0.0339925
52.584,4.33822,-0.591673,46.7877,-1.78079,-0.100981,54.8685,1.76758,2.82067,-0.490692,0.0334932
85.9055,-2.43989,0.946542,52.4498,1.44378,1.23335,97.5334,-0.000756573,-2.10939,0.286812,0.0312109
385.433,-1.65152,0.972693,65.6122,1.83049,-1.17278,147.285,-1.3909,-2.32617,-2.14547,0.0335358
112.411,0.730291,3.04943,54.8217,-3.03347,0.0730263,55.1593,-0.185751,-0.52055,2.9764,0.0321237
74.945,0.351735,-1.63596,69.0822,-3.79284,-2.21021,61.4884,-2.59842,1.1724,0.574251,0.0322804
173.073,-2.07337,1.61571,46.4042,1.84843,1.47857,97.0565,-0.958848,-1.6498,-0.137137,0.0299523
163.641,0.190423,0.103111,63.2212,-4.12008,-0.56761,84.6448,-1.22859,2.80689,0.670721,0.0344813
84.5018,1.71345,0.716099,36.2227,-3.11482,-2.56519,64.3091,0.669672,-2.37033,-3.0019,0.0296596
83.6304,-3.15841,-2.97353,42.0752,3.85524,-2.16307,109.969,-0.232581,1.17164,0.810465,0.0349086
186.866,0.252999,2.97968,87.2437,-3.62064,-0.770534,104.514,-0.873479,0.396931,-2.53297,0.0337917
41.6877,2.11015,-2.45012,33.0502,-4.65397,-1.51932,39.1092,0.28767,1.58082,-0.930806,0.0349684
143.854,-3.07332,-2.41346,62.3607,4.18686,0.185986,74.0714,2.18715,1.70025,2.59945,0.0367282
163.858,-1.12563,-2.23742,84.425,1.90043,2.82195,143.038,-0.398219,0.551663,-1.22381,0.0300447
133.126,-2.05966,1.84169,54.903,2.55661,-2.55754,96.6178,-0.107399,-1.06718,1.88396,0.0298105
103.771,1.42637,2.35033,43.2769,-4.26511,2.66017,116.193,-0.566459,-0.984571,-0.309842,0.0336967
81.5725,-2.92196,0.845667,66.1416,1.78625,-0.103746,89.5736,-0.670262,-2.80438,-0.949412,0.0300444
129.304,-1.94696,-3.01977,54.8556,2.64949,2.49923,129.707,0.430361,0.155249,-0.764192,0.0325816
218.884,-2.85482,-0.837566,38.6838,3.91372,-1.60751,144.621,-1.38663,2.09153,-0.769947,0.036625
73.8068,-2.56234,-2.62405,71.9349,1.53532,-1.62147,46.0182,-0.183641,0.88414,1.00258,0.031697
151.879,0.714648,2.86013,67.4994,-3.08537,1.13638,58.3901,-1.18562,-0.742087,1.72375,0.0329217
94.4883,2.33602,-0.0687321,52.074,-3.93317,1.97898,40.2556,-0.647501,-2.8003,-2.04771,0.0327561
129.276,-2.80508,-1.78889,112.277,2.68163,-0.346711,91.2899,0.393778,2.0363,1.44218,0.0342155
146.829,2.48957,-0.893671,66.2242,-1.7515,2.52948,30.061,1.01344,1.22252,2.86003,0.0325061
104.368,-1.36913,-0.473212,30.4103,4.07641,-0.981248,43.1879,-0.232898,2.0422,-0.508036,0.032399
134.71,-1.44585,-1.05881,57.8828,1.76486,-0.590109,106.895,-0.585683,2.12857,0.468699,0.0292453
117.197,2.72319,-1.96281,115.731,-2.40711,-2.85665,62.7869,0.907237,0.503845,0.893848,0.0334921
49.0581,1.18746,0.817444,41.736,-3.03417,-0.848572,41.4269,-1.25597,2.6627,1.66602,0.028389
154.129,1.48187,1.83294,43.5086,-1.80357,-1.93815,62.6807,-0.328213,-1.48112,-2.51209,0.0330308
175.139,-2.08987,-0.59265,60.0852,1.55905,2.83459,80.0917,-1.27353,2.65876,-2.85595,0.032359
114.23,2.13949,2.95503,111.366,-2.05244,1.28535,81.4548,0.855667,-1.2338,1.66968,0.0327786
152.441,-2.77336,-1.64471,50.2326,3.38553,0.143366,76.5936,0.0661437,1.97417,1.78808,0.032196
138.846,-2.57222,0.020831,105.935,2.11235,-1.8085,98.9166,-0.646887,3.05412,-1.82934,0.0337031
117.71,0.560903,2.51754,47.3034,-3.7362,0.132668,41.7985,-2.31019,-0.267629,2.38487,0.0326782
104.323,2.60084,-0.799113,68.1548,-2.88373,-0.760842,93.0153,-2.31867,2.63103,-0.0382703,0.0330632
96.4548,0.927253,-0.00694884,88.0418,-2.68632,1.42165,84.6711,-0.951264,-2.29406,-1.4286,0.0306789
161.308,-1.75586,1.0376,142.023,1.70918,-3.03128,48.4079,1.31634,-1.46789,2.21431,0.0326099
88.3153,3.08614,-1.81406,85.3311,-0.191854,-2.04727,96.0574,1.5954,1.35531,0.233202,0.0306776
66.3647,-3.03479,1.00987,44.0406,3.4743,1.65142,61.817,1.49335,-1.98032,0.641551,0.0340193
105.085,0.982352,-1.53485,52.1238,-2.04489,1.22466,48.3943,0.51732,0.962503,-2.75951,0.0307923
180.26,-1.78267,0.230623,62.144,2.2238,-1.46299,112.24,1.04267,-2.80549,-1.69362,0.0352597
184.733,0.971837,-3.07112,77.6163,-2.50961,-2.68508,71.3266,-1.65609,0.0910272,-0.386037,0.0319685
85.3324,1.28205,-1.08923,54.3379,-3.33601,-2.10555,83.5867,0.0431129,1.33464,1.01632,0.0321655
90.1129,2.38586,1.838,50.7677,-3.70114,0.48774,109.67,-1.48346,-1.2031,1.35026,0.0338374
231.231,2.95585,1.91439,172.689,-1.65862,1.65221,309.404,1.50824,-1.31718,0.262185,0.0359001
117.166,0.211941,-1.62756,60.9008,-4.49795,-0.947254,89.1176,-1.98605,1.86034,-0.680306,0.0350206
115.606,-1.71384,-2.83901,107.068,2.39958,2.20933,108.976,0.71741,-0.579018,-1.23484,0.0330675
93.163,2.07013,-1.23534,84.1858,-2.73706,0.761385,109.595,0.461292,2.55209,-1.99672,0.0328151
237.675,-2.56393,0.787253,63.1646,3.93166,0.163439,289.668,-0.863983,-2.36575,-0.623813,0.0368691
173.366,-2.70014,-2.90213,143.315,0.875508,-1.61712,177.416,-0.978752,0.896363,1.28501,0.0333261
94.4151,2.94878,2.01179,40.1031,-2.1603,0.719804,58.4525,-1.08942,-1.27255,1.29199,0.0325148
167.469,-3.6375,0.427859,67.9099,0.807563,-1.48691,69.122,-0.331197,-2.76835,-1.91477,0.0356321
101.654,-1.7426,-2.69706,62.2732,1.73154,-2.49039,98.515,1.51478,0.789656,0.206674,0.0320953
79.2335,0.579544,2.45088,49.2034,-4.14487,-2.84138,116.472,-0.367822,-1.1023,-0.990929,0.0322733
112.014,0.999244,-2.69925,83.3264,-2.84794,-0.749801,66.0892,0.253209,0.857061,-1.94945,0.0324441
60.5737,-1.57634,-1.58343,38.6597,3.62115,0.100886,62.0717,-0.353206,3.01819,1.68431,0.0306127
145.817,-2.24082,-0.484262,32.7037,1.87122,-2.18591,106.681,-0.859926,2.4517,-1.70165,0.0301894
147.531,1.68253,-0.274678,46.385,-2.85682,1.21263,135.074,-0.395957,-3.12658,-1.48731,0.0327259
77.8131,1.13537,0.172275,68.5983,-3.92689,0.0866263,77.2322,0.411717,-2.86716,0.0856484,0.0320533
150.073,3.19296,-0.523079,123.714,-2.47367,-0.950413,222.71,-0.896464,2.09432,0.427334,0.0349384
48.5605,-3.74992,1.26461,45.2924,1.61847,0.58788,55.2147,-1.05521,-2.31726,-0.676732,0.0328688
98.6405,-3.38513,-1.77553,35.1976,2.42816,-2.19353,59.0684,0.562089,1.04731,-0.417996,0.0336849
88.1562,-3.06269,-2.93437,67.8016,3.51106,-2.36448,128.472,-0.170259,0.263257,0.569885,0.0344902
86.4618,-2.14469,-1.89953,37.7827,2.55361,1.81112,62.2162,-1.54829,1.43332,-2.57254,0.0286325
191.851,0.46915,2.94593,51.4735,-3.10206,1.29329,61.1749,-2.02776,-0.191412,1.65264,0.0318094
187.731,-2.10371,-1.71735,53.8655,4.20626,-1.101,88.4747,0.563367,1.55763,0.616354,0.03603
210.938,0.713191,-0.582373,49.0942,-4.09523,-0.412925,116.591,-1.3694,2.5656,-0.169448,0.0349126
133.096,-1.37975,1.3163,104.526,3.95576,1.21534,202.608,0.236834,-1.8361,-0.100963,0.0338947
89.5206,-1.8546,3.11289,34.9055,3.481,-1.23091,64.3195,-0.684165,-0.0993885,1.93938,0.0251109
82.5188,-3.48845,-2.89125,58.9354,1.2683,-0.842462,58.3686,1.00911,1.48307,2.04879,0.0332106
208.879,1.89993,-2.66461,100.212,-2.08039,2.27191,127.33,0.338394,-0.0876887,1.34666,0.0319336
125.475,1.22676,-1.77454,72.8406,-4.31171,-2.16921,129.348,-0.19734,1.26311,0.394669,0.034917
76.6949,-2.44229,0.243012,62.9917,2.35404,1.14787,82.7358,0.275613,-2.66333,0.904856,0.0320005
50.7706,3.40099,0.426689,49.3535,-4.05583,0.0463728,41.4214,-0.354718,2.81494,0.380316,0.0350621
90.1449,2.65637,0.573832,78.6395,-3.50147,-0.247112,105.015,0.207972,-3.0553,0.820945,0.0338586
136.214,-1.48605,-2.33261,69.2597,2.93884,-2.6358,217.127,0.749488,0.756306,-0.303184,0.0318883
138.226,2.50166,0.566547,68.3951,-3.03347,-2.46491,75.4723,-0.837496,-2.04008,3.03146,0.0340735
83.9078,3.70632,-1.02126,54.9129,-0.393699,-1.84821,97.7586,1.9485,1.66058,0.826945,0.0299838
74.3332,-4.12472,3.05631,58.031,3.44313,-1.56749,62.0222,-0.853628,0.755408,1.65938,0.0363541
109.275,-2.29029,2.2287,70.1902,2.35815,0.502261,114.434,0.0748979,-1.35271,-1.72643,0.0301197
176.027,-1.36722,0.437782,145.679,1.82092,0.674512,127.75,-0.446593,-2.86077,0.23673,0.0329332
135.908,-2.77131,0.656446,65.6742,0.751547,-2.24518,58.0107,-2.29535,-2.8027,-2.90162,0.0322759
117.981,-2.27702,3.08458,74.2069,1.6527,-1.86523,120.955,-0.725598,0.0701958,1.33338,0.0267299
201.585,1.31983,-2.17131,54.0547,-3.09645,3.04495,75.2478,-0.77159,0.703218,1.06693,0.0328752
179.915,-2.29626,2.80736,72.7585,1.64107,0.417676,129.238,-0.248855,-0.847599,-2.38968,0.032808
54.0271,-2.88572,0.424974,50.2324,3.43653,0.886315,121.668,0.697694,-2.21234,0.461341,0.0333182
263.867,0.697555,2.0035,36.4317,-3.03792,0.843499,63.9946,-1.32443,-1.25396,1.16,0.032294
208.279,-0.660198,0.851678,98.4883,3.2826,-2.15773,76.6529,0.00429732,-2.49175,-3.00941,0.0324007
181.6,-3.55027,-1.59888,49.5603,4.24682,1.53401,84.191,-0.505907,1.32806,3.13288,0.0386079
146.938,3.12581,-2.3027,82.1273,-1.69357,2.88866,88.6049,0.941637,0.402287,1.09183,0.0337645
123.042,-2.53585,-1.89103,52.5312,3.63011,-1.41227,100.837,0.0495146,1.19531,0.478756,0.0345116
168.47,1.60715,3.01327,79.3584,-3.50087,1.64659,140.187,-0.675494,-0.392967,1.36668,0.0342528
100.034,-1.56774,2.63283,64.3042,3.65725,-2.07779,67.0649,1.33236,-0.0271354,1.57257,0.0334131
243.62,-0.874947,-1.37095,42.8787,2.13548,-1.09966,283.819,0.697208,1.91678,0.27129,0.0332489
207.885,1.05108,2.44509,83.777,-3.57565,-1.82076,98.0194,-0.94557,0.000473922,-2.01733,0.0339789
238.173,1.5582,-2.15547,101.943,-1.46613,-2.49039,221.334,0.230027,0.887402,0.334916,0.0318443
90.6687,2.07432,-2.86131,32.9444,-3.33255,1.55117,63.4007,0.49489,-0.143516,1.87071,0.0328073
261.288,-0.549668,-1.32392,67.2763,3.79859,2.74407,137.428,1.78661,1.68504,-2.2152,0.0347214
49.9123,-2.48698,-2.59151,37.0523,2.14144,2.24239,44.9,-0.91267,0.11796,-1.44929,0.0281761
133.76,-1.86463,-2.1213,50.9627,2.57843,0.745223,61.3428,-1.38925,1.73288,2.86652,0.0322517
58.0401,-0.945121,0.694116,55.3398,4.27255,1.74503,66.7485,2.40815,-1.34269,1.05091,0.0336439
72.1613,-2.91744,-2.02141,56.6545,2.14658,2.36055,79.7491,0.593619,0.273617,-1.90122,0.0314435
70.1719,-2.34708,2.84594,62.459,2.56799,-1.1301,37.2678,1.79483,0.752148,2.30715,0.0306095
185.935,0.756602,2.66172,37.2754,-2.74605,-2.91871,183.286,-1.24161,-0.378253,-0.702755,0.0322077
126.123,-1.33821,2.71833,33.8036,4.40024,2.89777,61.1754,-0.30022,-0.461825,0.179448,0.0339369
46.1866,3.70154,-1.54228,37.3702,-0.722604,3.01101,35.8767,1.44286,0.676574,1.72989,0.0315715
56.6976,-2.18374,-0.157583,52.1072,2.54729,-0.965555,82.5507,2.17736,3.06719,-0.807972,0.0320219
101.438,2.0598,0.541147,45.2559,-3.34344,0.540382,122.286,-0.131713,-2.73097,0.000764847,0.0332615
117.056,-1.69635,0.13149,79.5619,2.31587,0.275501,127.776,-0.253156,-2.87553,0.144012,0.03063
133.518,1.03096,0.431755,117.581,-3.24168,2.2145,109.549,-2.22887,-2.31507,-1.78274,0.0349224
204.495,2.4656,2.17576,116.071,-1.21027,1.83514,195.65,-0.418645,-0.92158,0.340615,0.0322141
148.884,3.25493,-0.767671,68.5816,-1.46305,0.848008,41.7532,0.364853,2.69423,-1.61568,0.0342643
201.596,1.21329,-1.27857,76.0287,-3.64034,-1.489,158.728,-0.823566,1.78823,0.210429,0.0347255
90.7492,3.42712,-0.474526,83.7072,-3.45016,-0.88527,126.974,-0.372808,2.45435,0.410745,0.0355837
88.3338,1.60932,-0.291635,31.1091,-4.02259,-1.06271,80.8127,0.359949,2.86129,0.771076,0.0327212
248.819,-3.06458,0.0998724,78.956,2.74216,2.93663,169.911,1.17486,-3.05818,2.83676,0.0363768
84.2983,3.81423,1.46912,41.4819,-1.42994,-3.07468,38.3623,-0.739083,-1.38701,-1.73939,0.033367
142.247,-1.98411,0.197877,58.9332,4.4006,-1.11661,134.244,-1.21879,2.79233,-1.31448,0.0353926
46.0182,4.44758,1.48589,44.8505,-2.57436,2.22388,49.1008,1.23165,-1.96986,-0.737996,0.0354004
135.318,1.44735,-1.34457,73.2551,-3.54724,-1.85127,47.7148,-0.483485,1.0608,0.506706,0.0336972
278.277,-0.779155,0.729887,61.5565,3.42206,-3.02201,160.08,-0.372697,-2.24463,2.53129,0.0337909
189.749,-0.372689,-2.39953,140.783,3.03828,1.26485,46.2885,1.31878,1.27794,-2.6188,0.0327993
118.903,-2.70105,-0.633083,55.1634,2.04394,-0.996404,112.737,-0.378071,2.44084,-0.363321,0.0323245
84.6431,-3.7491,-1.00387,30.1676,2.23466,-0.64158,79.9423,-0.140255,2.30512,0.362289,0.0340794
86.1007,0.493809,1.05841,50.9475,-4.0026,0.70647,76.7674,-1.4429,-2.13531,0.351936,0.0316083
107.048,-0.946475,1.83854,106.539,2.41745,-2.90133,68.6456,0.629221,-0.0708354,1.54332,0.0318775
128.249,2.06624,1.20575,79.0835,-3.12109,2.2633,169.811,-0.142946,-1.57257,-1.05755,0.0324654
90.808,-2.05772,-0.796059,83.4602,1.61961,2.50756,54.1883,1.39627,-0.839178,-2.97957,0.0287522
162.808,-0.579619,0.279186,118.428,3.1607,1.56647,148.231,0.280787,-2.25593,1.28728,0.0317584
84.1835,2.93522,-1.55943,45.6132,-3.18116,1.81673,56.0091,1.91122,1.76632,2.90702,0.0328249
92.8649,-1.86641,0.834939,87.2153,2.09491,-1.03084,94.0603,-1.29223,-2.75734,-1.86578,0.0295843
58.9318,3.54843,0.931155,43.6878,-2.22042,-0.2656,38.5883,1.01904,-2.29618,1.19676,0.0329763
115.058,0.953402,0.424695,30.6575,-3.63037,-2.13477,73.0982,0.968828,-2.95902,2.55946,0.0318057
81.2323,1.9647,-1.07483,38.7261,-2.31672,-3.06339,60.1825,-1.14877,1.33172,1.98856,0.029115
113.358,-2.57843,2.79401,107.893,1.79931,1.6591,102.638,-0.324219,-0.754788,-1.13491,0.0332531
297.241,0.475236,1.64861,201.636,-2.82606,-1.20204,92.8446,-0.986103,-0.981988,2.85064,0.0341379
93.9002,-0.841637,-2.42748,76.1061,2.70172,1.65234,57.7046,0.887455,-0.105378,-2.20337,0.0301113
151.27,1.82309,2.69177,58.7992,-1.58968,1.07095,65.0443,-0.346869,-0.671992,1.62082,0.0312046
175.639,2.92888,2.47133,75.9821,-1.70507,-2.2267,152.374,1.15617,-0.316921,-1.58516,0.0337432
130.54,-2.85872,1.08699,32.5036,0.532528,-0.789015,60.84,-2.2519,-2.11894,-1.876,0.0310473
135.077,2.19539,0.70856,38.7858,-1.55747,2.19167,39.084,-0.651995,-1.47805,-1.48311,0.0318913
91.5614,-1.80765,0.121681,40.1094,3.13228,0.95425,71.2961,0.345877,-2.5284,0.832569,0.0324515
50.8415,-4.41954,-0.976343,47.1389,4.48793,0.525058,49.7427,0.4555,-3.12141,1.5014,0.0383149
178.675,-1.94918,-0.231184,73.2022,3.6919,-1.35727,83.0191,-0.485228,2.59042,-1.12609,0.0347034
98.8407,-1.18589,1.14281,70.1574,3.72813,-3.02147,112.703,0.474303,-1.13329,2.11891,0.0332541
79.039,2.32074,1.02199,55.5987,-2.72927,1.73489,141.018,-1.37387,-2.03258,-0.712901,0.0312893
148.141,-0.655994,-0.6002,52.8331,2.67829,-1.09545,142.363,0.430365,2.73418,-0.495249,0.0316459
132.76,-0.918315,-2.62765,80.3222,3.90267,2.47465,93.8456,1.07575,0.100809,-1.18089,0.0341705
196.083,-2.15324,-2.70898,61.3113,3.08704,-2.4872,167.39,0.420811,0.293573,0.22178,0.0336669
202.056,-1.19031,-0.298159,48.089,2.42905,-0.950027,195.107,-0.702878,2.64661,-0.651868,0.0325746
342.461,-0.687447,0.260245,52.5703,2.45124,-1.2794,187.59,-0.192429,-2.94723,-1.53965,0.032281
156.258,-0.504178,-2.49574,83.0524,4.16819,0.0977378,84.1973,2.51072,1.38211,2.59348,0.035521
84.9251,-2.64845,3.10386,77.3634,0.889487,1.2314,75.1194,-0.502519,-1.16817,-1.87246,0.0319434
264.559,-2.879,2.91441,36.1177,0.656732,-0.265614,226.821,-0.432092,-0.17558,3.10317,0.030575
170.935,2.27888,0.0805147,48.8672,-1.34613,-1.95932,98.457,0.417606,3.01063,2.03984,0.0318694
87.0448,3.03585,0.535863,66.2571,-2.57921,-0.977697,65.9281,0.78346,3.10156,1.51356,0.0330514
283.67,0.0432361,2.47207,31.6871,-3.4532,-1.03705,177.967,-0.263962,-0.404704,-2.77406,0.0329911
390.29,-2.04789,0.496066,59.8803,3.47375,-3.0297,400.978,-0.45906,-2.65626,2.75742,0.0353833
247.837,1.21426,-1.90448,104.529,-2.39577,0.629504,147.756,-0.748852,1.6673,-2.53398,0.0332529
126.578,0.997166,3.04256,31.3822,-3.44043,-0.44968,45.3838,-1.37061,-0.347338,-2.79095,0.0312517
110.408,-1.17603,1.34457,65.5859,2.75343,-1.64603,72.737,2.10438,-1.80951,-2.9906,0.0325229
176.572,3.0654,-0.224485,150.946,-2.44224,1.62137,98.5363,-0.474845,-2.60937,-1.84586,0.0358695
131.514,-2.60998,-1.25694,83.629,2.54291,-1.45729,200.373,0.042693,1.93846,-0.200344,0.0338351
129.009,3.59975,2.63866,45.7334,-3.48264,1.99179,71.0617,1.19317,-0.422467,0.646867,0.0351948
156.986,2.42612,3.01956,64.5213,-2.02788,1.12226,103.102,0.66718,-0.341461,1.8973,0.0327034
97.6748,1.40533,-2.68422,46.7301,-4.14143,-1.10404,109.057,0.351969,0.894599,-1.58018,0.031576
114.055,-3.39533,-1.22786,66.481,2.48436,3.07771,82.2223,0.220671,0.680968,-1.97762,0.0354188
234.509,1.17783,-1.56634,36.9702,-2.5633,-1.38808,198.639,-0.611204,1.64239,-0.178256,0.0321583
282.552,0.737035,-0.516067,118.119,-3.46609,2.98069,74.7098,-0.85302,2.52008,2.78643,0.0347072
72.8225,2.86074,-2.24733,52.9167,-2.69442,-0.0874484,40.068,-0.930662,1.8015,-2.15988,0.0341956
59.9866,-3.84618,-1.02649,37.4618,2.24455,-2.46688,52.4519,-1.83665,1.92245,-1.44038,0.0330053
99.6727,2.59705,1.12999,80.8366,-2.75728,1.32255,42.5255,0.217196,-1.64496,-0.192566,0.0335793
105.989,1.12551,2.49884,82.5031,-3.27695,2.75766,176.381,-0.119727,-0.552513,-0.258824,0.031443
142.666,1.70478,0.706737,50.0365,-1.82741,-2.8402,64.6759,-0.874553,-2.48004,-2.73624,0.0315968
198.296,-2.73963,-2.958,122.799,2.16265,-0.548647,89.9719,-1.79302,0.711848,2.40936,0.0348606
129.299,2.05192,-2.77507,79.6304,-3.17814,2.28496,77.2738,-0.272815,-0.0262342,1.22315,0.0338246
193.368,-1.02393,2.00903,96.6566,3.87998,-2.29317,82.313,1.10139,-0.294095,1.98098,0.0349226
162.919,2.37785,-2.9581,76.0663,-2.68243,2.99199,115.108,0.211874,0.0842517,0.333093,0.0341959
159.675,3.10849,0.304471,84.5822,-2.96506,-3.09481,49.6094,-2.27721,-2.8554,-2.8839,0.0367046
101.544,-1.87131,0.133928,35.1786,4.47025,2.75984,59.1356,-1.84291,-3.00144,2.62591,0.0349893
261.037,-1.73158,1.71007,185.615,2.86234,-0.123109,153.112,0.767259,-2.36308,-1.83318,0.034091
117.459,1.92706,-0.570954,51.83,-3.91852,-1.10943,98.3656,-1.31959,2.40366,0.538472,0.0341156
73.9035,0.606385,-1.89728,51.3558,-2.99751,-3.01783,111.746,-2.31773,0.437653,1.12056,0.031903
110.562,2.84589,-3.13816,61.2131,-3.95188,0.201397,52.1382,-1.01161,-0.224563,2.94363,0.0353326
106.931,3.36819,-1.19142,92.2465,-0.231241,0.830643,69.5298,1.55505,-3.12026,-2.02207,0.0317741
185.526,-2.32194,0.558928,94.3707,2.42584,1.3554,101.412,-0.725068,-1.91319,0.796469,0.033664
64.5546,3.07728,-0.0228336,51.6809,-1.52668,-1.61291,87.1641,0.653561,2.46506,1.59008,0.0326471
92.2372,-2.77531,3.01248,88.2163,0.667053,-1.08813,91.3056,-0.59207,1.16176,2.18258,0.0307416
74.0655,2.65983,-1.55545,68.5151,-1.70213,-0.352279,94.5808,1.68854,1.84209,-1.20317,0.0324181
68.6115,-1.70342,1.29055,43.0873,4.52017,2.30177,99.7045,1.64328,-1.25351,1.01122,0.0352135
98.1395,2.53472,0.800476,55.7894,-2.97392,2.38947,70.0035,-1.21632,-1.72177,-1.58899,0.0333832
63.703,-0.363338,0.433958,57.7998,3.89437,2.04618,75.4134,2.2403,-2.20726,1.61222,0.0323539
97.6217,1.7191,-2.01346,44.3603,-3.46481,-1.94358,83.8747,0.380838,1.22818,-0.0698705,0.0323708
246.584,-1.62378,0.780407,64.537,3.41156,-2.08372,63.5722,-0.416934,-2.53462,-2.86413,0.034868
105.607,-2.60973,0.00975609,66.8013,2.12944,2.1097,46.783,1.61042,-2.68578,2.09995,0.0302892
113.518,-2.38582,-1.97124,102.365,2.25294,2.88646,133.125,0.753925,0.481508,-1.42549,0.0331623
108.185,-3.03857,-3.00935,68.7579,2.79885,2.98336,166.393,2.55542,0.0215431,-0.290472,0.0363289
113.006,0.408056,2.61503,59.8458,-2.92064,-3.02073,127.288,-0.957399,-0.249092,-0.64742,0.0319276
138.862,3.70197,-2.20944,83.2084,-0.0943679,1.94402,96.6687,1.19992,-0.0934236,2.12973,0.0319804
335.325,0.427892,0.416611,81.8894,-2.94518,2.26791,192.616,-0.698776,-2.262,-1.8513,0.033995
186.003,-2.68513,2.71936,33.6075,4.11654,1.225,65.1692,-2.31397,-0.0818064,-1.49436,0.0362303
185.306,0.986176,2.97379,119.665,-2.23015,0.942593,71.4062,-0.215946,-0.0533932,2.03119,0.0322673
102.455,2.55,2.80505,64.5193,-2.64249,-2.17714,88.8593,1.89725,-0.00471602,-1.301,0.0332961
106.757,-0.401182,2.9338,31.3453,3.96147,-0.827085,83.6605,2.37693,-0.0467841,2.5223,0.0304354
97.7441,3.39802,-1.91633,64.0587,-2.10839,3.08998,28.1811,-0.450922,0.401306,1.27687,0.0339828
63.1223,-4.5863,-1.40915,50.0817,2.04346,-1.69359,86.5026,-1.54015,1.78457,-0.284447,0.0341134
485.964,2.55129,1.49971,95.6872,-2.29872,-2.20595,130.184,0.549729,-1.62629,-2.57752,0.0362812
92.2116,3.02429,1.93116,30.4373,-3.04158,3.13732,73.3692,1.19027,-0.66512,-1.20615,0.030726
112.431,1.16221,1.85383,56.4601,-2.88742,-2.2475,75.329,-2.09381,-0.147964,-2.18185,0.0306491
86.4822,-2.31299,-1.65674,52.7605,4.17517,-0.239466,99.0624,-1.48234,1.95725,1.41728,0.0349817
162.925,-1.85939,1.97256,73.7874,2.5107,-2.06057,86.9889,-0.458337,-0.719389,2.25005,0.0316892
116.054,-2.26721,-2.48953,113.83,1.64131,0.104502,117.719,0.239841,2.05768,2.59403,0.0325482
101.249,-2.70045,3.14073,46.5602,1.31254,0.454243,34.4866,-2.20788,-1.52948,-2.68649,0.0316603
51.9144,-3.44133,-1.33133,48.9609,2.28071,-2.20261,56.2099,-0.576949,1.32059,-0.871275,0.0303114
212.742,2.1929,-2.34497,82.9508,-1.60858,-1.5575,178.05,-0.737033,1.18351,-0.787468,0.0354766
76.5074,-2.61812,1.8238,61.7105,2.14326,-1.31846,57.9131,1.76927,-1.98736,3.14092,0.0339834
98.8591,2.50605,-0.409483,98.5434,-2.16112,-1.55756,77.0632,-0.568511,2.69533,1.14808,0.03303
70.9092,-1.56311,-2.46255,55.1196,3.59476,-2.58506,77.1418,0.916219,0.789522,-0.122505,0.0322493
98.2388,-1.48839,-0.226035,58.5721,2.16152,-2.38746,77.3216,-1.62275,2.28301,-2.16143,0.0311969
161.091,2.68266,2.33147,125.059,-2.98038,-0.704256,37.0544,-0.300114,-0.89617,3.03572,0.0351132
115.77,1.80213,0.426525,81.7987,-2.17593,2.78942,61.2504,-0.501473,-1.61287,-2.36289,0.0327227
71.6965,1.5877,-1.67108,58.4369,-2.70117,-0.0839875,41.3535,-1.14498,1.96076,-1.58709,0.0311803
175.718,-1.27651,0.956138,129.186,3.00093,-1.73052,152.061,-0.724416,-2.90472,-2.68665,0.0340025
70.8337,-1.07038,-0.824069,65.8319,2.28846,-1.98203,104.164,1.48753,1.90331,-1.15796,0.0314733
210.868,-1.86323,1.03392,101.451,2.47616,2.73671,210.033,1.74383,-1.65949,1.70278,0.0345556
110.559,2.30781,2.06545,45.668,-4.2786,1.24406,40.4537,-1.85181,-0.533119,0.821391,0.0347432
140.476,-2.31787,-1.25429,62.6739,4.18242,-1.54436,179.348,0.348937,1.93454,-0.290079,0.0366686
110.796,-0.820172,-2.90925,57.8265,3.4779,-2.90932,120.894,0.00634955,0.0798081,-7.1764e-05,0.0333395
97.4529,-2.38477,-2.28045,86.332,2.02035,-0.556761,96.0431,0.227112,1.57057,1.72369,0.0310874
95.2817,1.05909,1.14802,39.9019,-3.53321,-2.68951,54.9691,-0.409816,-2.02538,-2.44566,0.0323315
182.498,2.42403,1.63366,49.085,-2.1917,-0.769874,45.3845,2.3814,-2.21356,2.40353,0.032331
82.8699,-1.86624,0.68543,77.0835,3.38947,-3.08636,35.9552,2.42619,-1.37677,2.5114,0.0314937
159.848,-2.48872,2.94095,67.5645,3.35835,-3.03264,170.399,-0.38635,-0.0971989,0.309592,0.0351145
104.931,-0.135249,-1.65574,77.1277,2.9209,1.37439,37.3003,1.30979,0.737762,3.03013,0.0318802
134.288,3.01275,1.86339,72.4545,-3.96252,2.79506,60.5394,-1.08661,-0.557633,-0.931672,0.0364078
182.417,2.50151,-2.67829,105.881,-2.12106,2.75513,231.106,0.59032,0.199193,0.84976,0.033815
84.4464,-1.61828,-0.0953162,76.3656,3.64485,0.119906,53.1553,2.58524,-3.0306,0.215222,0.0344607
91.886,3.16636,-0.472312,59.9534,-4.15365,-2.33816,53.4388,0.440739,1.93982,1.86585,0.0363601
91.8014,3.06464,-0.172974,40.7778,-1.69975,-2.54118,52.3073,2.63485,2.76636,2.36821,0.0324053
190.402,1.55137,-3.0233,36.1729,-4.03216,-2.61531,56.7442,-0.99526,-0.064949,-0.407995,0.0339261
337.335,-2.00276,1.332,210.314,2.7572,-2.97153,150.053,0.901904,-1.23998,1.97966,0.0359176
174.032,-0.965813,1.15148,53.2471,3.33247,1.2552,204.95,-0.158965,-1.96351,0.103723,0.0330244
108.932,-1.88652,-1.48136,90.5092,1.75258,0.665874,63.9054,0.0140602,2.93759,2.14723,0.0319864
103.904,2.07853,2.25293,57.1654,-1.78764,1.51068,132.586,-0.373536,-1.21833,0.742254,0.0319037
255.415,-0.873044,0.360016,72.5815,2.67112,-0.394511,215.485,0.63987,-3.09244,-0.754527,0.0330381
70.4962,-4.54223,2.44637,69.0524,0.0823086,2.14386,51.1945,-1.77039,-0.458447,-0.302506,0.0355955
155.445,-2.37957,-1.24463,33.8306,3.24791,1.63737,88.0772,1.34503,1.94825,2.882,0.0321504
91.482,1.39399,-0.226265,46.2503,-2.74255,1.11298,100.278,-1.74506,-3.13322,-1.33925,0.0312525
79.952,-1.36632,2.72151,78.2362,3.63333,-0.849105,48.7579,1.86802,0.578646,2.71257,0.0312956
102.404,3.28117,1.44876,54.6513,-1.83924,0.603747,92.4876,0.869017,-1.97423,0.845013,0.0326539
120.307,1.73223,-1.8538,60.773,-3.44953,1.48294,40.9011,-0.261347,0.659466,2.94645,0.0334732
105.685,1.03726,-1.39294,84.3638,-2.96293,-2.99655,56.1699,1.13268,0.725428,1.60361,0.0332353
89.663,3.78628,1.56167,36.6524,-1.08873,2.35998,50.8368,0.325916,-2.02146,-0.798311,0.0334831
81.8368,-2.29649,1.67972,38.2152,4.42665,3.06932,68.7702,1.31448,-0.804895,1.3896,0.031837
84.0409,2.82797,-1.92913,31.8412,-2.92755,3.0247,49.9376,0.457583,0.713168,1.32935,0.0320712
84.4798,-1.95464,-0.474847,81.1114,3.24074,-0.419824,96.8164,-0.0183988,-2.72233,0.0550226,0.0369217
52.6516,-2.64274,-0.519428,50.7709,3.68282,-1.1114,73.2402,-1.25695,2.75797,-0.591973,0.0336849
115.673,1.32771,2.29802,50.9762,-3.8905,0.515137,92.082,-0.00123793,-1.39718,1.78288,0.0319155
91.061,2.97158,1.34859,65.9149,-1.05163,-1.93619,37.5823,1.50797,-1.22582,-2.99841,0.0316431
81.403,-3.67626,2.31804,68.7053,3.53797,1.91733,57.4735,1.06505,-1.18359,-0.400708,0.0348623
163.031,-1.21135,1.26228,43.2904,3.6706,-0.554876,57.7026,0.872465,-2.25777,-1.81715,0.0334787
91.4076,-2.11566,-1.5807,75.4129,3.1299,0.0708613,73.406,-0.0797576,2.32029,1.65156,0.0309302
126.263,2.93045,2.76591,81.0128,-2.33839,-2.89255,89.2122,-0.314753,-0.102782,-0.62472,0.0335516
97.0236,2.64005,-1.85527,64.6511,-1.6888,-0.856073,43.5031,1.66761,1.5632,-0.999197,0.0322886
135.19,-2.51051,1.40327,71.0731,1.20082,1.23591,163.369,-0.231157,-1.83589,-0.167365,0.0320923
103.263,-2.36393,-1.44764,78.712,2.94454,2.98422,93.0434,-1.12773,1.18185,-1.85133,0.033488
128.97,-0.474274,2.62285,43.9426,3.4346,2.09141,133.462,2.00416,-0.716423,-0.531437,0.0323247
72.0907,2.92653,-1.77,66.2361,-2.61396,-1.52998,32.0773,-1.24612,0.330353,-0.240023,0.0309562
230.224,-1.65624,-1.37393,122.651,3.40759,-0.816744,317.162,1.32558,2.04815,0.557184,0.0358649
140.51,-0.624802,-1.14447,64.6821,3.53149,2.09588,100.452,1.12876,1.43322,-3.04284,0.0330635
83.4269,1.41201,2.97218,58.7537,-2.71002,-1.70628,89.2689,-0.650705,0.377567,-1.60472,0.0319647
237.424,-1.10167,-2.88141,114.31,3.97481,0.677534,69.8289,0.43182,0.213337,-2.72424,0.0357329
62.9365,-1.04948,2.05556,58.2276,2.62061,-2.87725,38.0099,1.82159,-0.802481,1.35037,0.0315484
69.4719,1.86822,1.9194,69.2128,-4.35117,0.667324,100.151,-1.8229,-2.45459,1.25207,0.0357601
109.612,3.75156,-1.88745,90.0588,-3.76085,-1.00229,57.6359,-1.33631,1.1907,-0.885153,0.0383205
263.382,2.02963,2.65448,93.4513,-3.29914,0.400983,172.672,0.193483,-0.817203,2.2535,0.0355921
191.044,-2.66386,-3.03463,67.816,3.45971,-1.12178,100.257,1.83489,0.401742,1.91285,0.0360514
120.212,-3.07939,1.01531,119.136,1.15415,0.657084,244.152,0.291881,-2.42405,-0.35823,0.0334143
287.195,-1.22901,-2.05145,100.953,2.80948,0.146767,169.24,0.770396,1.63513,2.19822,0.0337305
146.852,2.71068,-0.210243,38.909,-1.95183,2.6626,84.5311,2.02988,-3.02567,-2.87284,0.0315225
183.277,-2.61574,-1.21471,59.4058,3.00991,-1.57383,246.584,-2.01325,1.94195,-0.359126,0.0334308
149.112,-1.82504,-0.377022,140.233,1.73883,0.0408102,114.951,0.0122188,2.99926,0.417833,0.0331607
183.149,1.57304,1.2468,54.7587,-2.90632,0.653245,146.203,-0.517534,-2.28146,0.593555,0.0328271
170.27,-0.886627,1.72828,55.9913,3.84468,-2.0702,47.433,2.34008,-0.71559,2.4847,0.0341014
209.025,-2.07929,-1.70861,48.8803,2.66309,1.80682,75.6004,-0.604941,1.61617,-2.76775,0.0330716
46.1255,-3.70714,-1.00409,37.3717,2.89961,-0.136004,44.0228,0.498383,1.81677,0.868083,0.0323859
122.815,-0.792971,1.63649,63.2692,3.53435,0.860418,94.0643,1.7211,-1.70768,-0.776077,0.0318751
305.533,2.67966,-1.25874,32.1249,-2.60822,-2.7172,178.993,-0.0734551,1.873,1.45846,0.0326908
123.048,-1.70197,1.00166,64.9275,2.6553,-0.337431,96.981,1.01941,-2.67022,-1.33909,0.0322425
160.022,-1.92134,1.50356,72.3305,1.78825,1.72628,135.641,-0.903965,-2.00881,0.222718,0.0324205
80.263,-2.55799,1.88383,69.5298,2.38423,-1.92095,47.2611,0.812461,-0.118882,2.47841,0.0325316
182.862,-1.51226,2.01414,56.1373,4.25445,0.731152,132.797,1.74418,-1.15457,-1.28299,0.036687
97.4779,-1.57484,1.32826,35.4687,3.12439,2.51843,71.035,-0.985766,-1.50494,1.19018,0.0318807
73.675,-3.24047,2.90823,47.7419,1.42424,-1.42921,30.0618,0.730862,0.324825,1.94574,0.0319972
54.9556,-4.11569,2.95623,41.8951,2.18589,1.3953,44.1966,-0.939531,-1.35399,-1.56093,0.0344863
149.166,-1.68035,0.626951,39.2373,3.61478,1.12701,67.2225,-0.378763,-2.40878,0.500058,0.0360402
94.6305,-2.09719,-1.86065,40.6412,2.91085,-1.76307,51.5299,0.657931,0.917228,0.0975829,0.0323843
143.565,3.10949,-2.3395,40.0327,-1.05292,-2.22862,81.5223,2.00383,1.00521,-0.110886,0.0323041
108.444,-2.62559,-1.57197,86.044,1.80927,-0.314354,86.6944,-1.53277,1.7407,1.25762,0.0328356
68.0172,3.04999,1.1998,58.0391,-2.81406,1.02736,81.5304,-0.0790088,-1.78469,0.172447,0.0332888
183.381,2.56074,-3.08716,154.282,-0.549131,1.11134,136.876,0.541558,0.0035884,2.08469,0.030919
203.465,1.22813,2.6865,153.827,-2.22779,0.446423,92.5612,-1.15811,-1.31792,2.24008,0.0329248
238.027,1.38446,1.17005,49.2274,-3.10841,-2.17807,105.631,0.0945463,-1.87155,-2.93506,0.0329119
175.959,-2.46867,-0.361373,137.124,2.56446,-2.42686,162.038,0.313707,1.53252,-2.06549,0.0349224
223.057,0.414947,1.08474,40.6637,-4.36477,0.621783,81.2079,-1.50916,-1.96073,0.462958,0.0339612
126.773,0.983641,0.54438,62.237,-4.35652,2.99253,50.33,-0.875993,-1.95341,-2.44815,0.0352925
127.458,-1.69692,-0.194509,69.8605,2.05446,-2.39561,40.7578,0.346823,3.07269,-2.2011,0.0318555
168.421,-3.68987,-3.13716,73.0133,1.72352,-1.15742,52.6022,1.09432,0.154738,1.97974,0.0340013
88.1117,1.46874,-3.05964,39.462,-4.83513,1.22231,59.3133,-0.930164,-0.832631,2.00124,0.0344861
186.948,1.65663,1.63572,39.7149,-2.00423,2.84477,188.651,-0.501779,-1.30963,-1.20905,0.0326736
159.38,2.54834,-0.0172534,42.3058,-0.714599,-0.935965,144.508,1.54469,2.95322,0.918712,0.0315441
280.324,1.75914,-3.03704,88.1605,-3.01548,-2.17801,240.284,-0.667746,0.339532,-0.859029,0.0342137
75.1349,2.3815,2.52523,57.0287,-3.35208,0.846446,32.7703,-0.485894,-1.02449,1.67878,0.0333506
89.8558,1.25814,-0.0448997,45.0846,-4.68413,-0.0705664,75.4226,0.473748,2.71641,0.0256666,0.0349792
101.745,-3.05864,-2.17196,71.0653,3.85664,2.85158,76.7156,-1.69354,0.138234,-1.25964,0.0360429
80.6096,-2.99787,3.1342,40.7496,2.45209,-0.0126126,44.661,1.08076,-0.507966,3.13637,0.0324571
138.844,-2.48501,1.13374,61.9816,1.45085,-0.19048,181.92,-0.593824,-2.18908,-1.32422,0.0317885
243.712,2.44584,2.44374,145.802,-0.57154,0.85519,223.66,1.56078,-0.596061,1.58855,0.0298936
153.277,2.23819,1.29376,57.5815,-3.70815,3.00925,145.594,-1.04941,-1.50072,-1.71549,0.0338908
307.899,-1.88285,-0.428625,108.617,1.36271,-1.85489,173.755,-0.768507,2.37732,-1.42627,0.0334555
91.3354,2.477,1.82125,78.13,-1.74965,0.263067,51.1754,0.590411,-2.52986,1.55819,0.0310924
42.4097,2.03888,1.82696,35.809,-2.40305,1.41604,38.7131,1.15019,-1.38784,0.410921,0.0286214
220.146,-2.08794,-0.392638,66.8384,3.46584,2.81906,33.2094,0.788846,3.00849,-3.07148,0.0343652
88.8535,-2.33239,0.928333,32.8724,2.20271,0.179567,53.773,-1.18103,-2.60195,-0.748766,0.0313164
72.8443,-2.10893,1.09598,35.5916,2.63394,1.91299,100.345,-0.20217,-1.81293,0.81701,0.031279
93.378,1.62421,2.63865,86.6334,-1.78008,3.07959,160.633,1.15983,-0.207655,-0.440938,0.0305483
136.79,-0.491279,0.480659,70.5549,3.77528,0.92063,123.693,1.20237,-2.64006,0.439971,0.0338144
161.911,-2.58639,-2.06735,65.9296,2.77224,-0.730124,95.8237,-0.0613153,1.4897,1.33722,0.0338631
424.843,-1.58467,0.12797,137.897,2.18703,1.8011,434.242,-0.385404,-2.57141,1.67313,0.0347029
165.137,1.42384,-0.233747,57.7352,-4.24182,0.0686659,200.072,-0.750433,2.90704,-0.302413,0.0357798
82.4111,3.44171,0.77362,78.3991,-0.370525,-0.0947923,98.0053,2.07164,-2.55692,0.868412,0.0323984
165.796,-2.36066,1.97023,76.7608,2.3099,2.51141,150.696,-0.0520263,-1.08923,0.541184,0.0336028
168.786,2.36352,-1.0038,78.7991,-2.50139,2.89213,46.8849,-0.318316,1.62165,2.38725,0.0330218
169.406,-2.32926,-1.33957,137.058,0.730253,-0.753697,260.217,-2.08394,2.005,0.58587,0.0320335
104.419,-1.31882,3.03302,37.013,2.36,-2.62804,106.169,1.87367,0.096311,0.622123,0.0319331
199.244,-1.57726,-2.91016,67.3603,4.63528,-2.58125,213.243,0.0481903,0.388363,0.328905,0.0380268
64.7937,-3.04851,-2.32314,34.9784,1.77297,-0.667287,70.7165,-1.68035,1.57172,1.65585,0.0315242
176.819,1.99118,-2.58616,72.2553,-2.66062,-0.689225,94.7551,-1.4085,1.31676,-1.89694,0.033085
99.1402,-0.437424,2.80693,63.0498,2.88323,-1.58163,103.177,1.27979,0.213567,1.89463,0.032
149.528,-1.1551,-0.308084,48.9887,4.24852,0.576244,114.863,0.691483,2.833,0.884328,0.0343943
158.263,-2.33938,-1.06078,97.2493,2.55031,0.400401,144.892,-0.167661,2.45956,1.46118,0.0335905
91.9415,1.01534,-2.2443,35.2581,-4.8311,-0.615918,56.1198,-1.50955,1.28032,-1.62838,0.0350214
59.213,-1.31234,1.77536,43.209,3.06943,0.937004,56.9972,-0.98947,-1.57504,-0.838353,0.0314595
77.0386,-0.234806,-2.75923,53.0908,4.52329,2.72003,28.3442,0.81067,-0.9054,-0.803919,0.0303924
141.771,-1.45086,-2.7611,115.158,2.48715,1.76243,76.6543,-0.785875,-0.961893,-1.75966,0.0317107
59.8732,-1.82285,2.71764,47.1704,4.08071,2.42054,48.4803,-0.320692,-0.525828,-0.297108,0.033374
111.136,2.46307,-2.24273,35.5132,-2.98405,-1.07734,80.05,-0.829017,1.08309,-1.1654,0.03074
67.0054,2.07819,-1.67811,65.7224,-3.02354,-1.33139,66.7128,0.620757,1.16747,-0.346718,0.0328264
74.3598,-2.83831,-2.43991,49.945,1.68157,-0.815888,28.8254,-2.45841,0.16867,1.62402,0.029209
104.069,-3.14149,2.73957,53.4544,4.34666,0.61301,83.7729,-1.90593,-1.03334,-2.12656,0.0366572
59.7018,-4.05926,0.972786,57.6782,1.57594,2.14157,29.0034,-0.604774,-2.1921,1.16878,0.0331946
145.243,-3.08451,0.838664,88.0873,2.44618,-2.22727,44.8903,-2.74361,2.84547,-3.06593,0.0320828
99.1017,2.7682,0.510521,57.8505,-1.19909,-0.927845,71.9065,1.89109,-3.07793,1.43837,0.0315583
89.9474,4.22822,-2.49066,46.7051,-3.80937,-0.598937,40.3437,0.316582,0.797271,-1.89172,0.0377576
208.398,1.62569,-1.7632,45.8111,-4.23657,-2.75769,130.962,0.0338155,1.52219,0.994484,0.0349527
86.5763,-2.61945,2.25849,46.0057,3.52914,-0.07907,42.7894,1.71303,-2.04696,-2.33756,0.0343981
82.1708,-2.36494,-2.89884,75.6905,3.25893,-1.89572,85.926,-1.46279,0.751925,1.00311,0.0335353
82.4145,2.3768,-2.1554,58.638,-3.85753,-2.69557,84.7486,-1.16272,0.488589,0.540173,0.0339349
117.727,-2.69797,1.06397,85.774,2.69621,-0.398607,118.006,0.939701,-2.86533,-1.46257,0.0338024
74.8178,-0.963491,-2.79117,45.7559,2.74225,-2.63987,74.0796,-0.132382,-0.025193,0.151306,0.0291242
140.48,2.23381,0.0647936,112.299,-2.40858,1.8566,172.701,1.15543,-2.6716,-1.79181,0.0334058
98.362,2.55915,0.652356,37.3073,-1.3011,2.60278,47.78,0.523634,-2.0015,-1.95043,0.0303504
109.9,0.634642,0.986704,39.7534,-3.48673,0.194854,116.12,-1.26236,-2.29638,0.791849,0.0323841
81.2087,-2.93796,1.21867,45.1507,3.16231,1.53458,98.1165,1.47113,-2.18274,0.315909,0.0339324
125.732,0.976397,-1.76819,50.3618,-2.266,-2.47128,81.4155,0.237015,1.16408,0.703088,0.0315842
87.7476,-2.26047,-2.7714,35.915,4.5906,-0.862833,66.7339,-0.72022,1.10032,1.90856,0.0349822
123.067,-1.97069,-1.66021,86.872,2.62284,-0.151663,101.495,0.758469,2.14664,1.50855,0.0329456
93.2516,-2.7248,-2.33733,68.5365,2.77439,2.45331,111.288,-1.23953,0.241001,-1.49254,0.0353999
109.611,0.707948,-0.42849,39.2659,-4.26923,-2.2188,46.7224,-1.20702,2.48979,1.79031,0.0333652
129.085,0.664685,-1.05633,54.7713,-3.23393,-0.164679,147.245,-1.09734,2.32375,-0.891649,0.0324989
124.502,3.0521,-2.36836,83.9677,-2.47168,-1.43802,90.3747,-1.40772,1.54448,-0.930331,0.0346266
55.1261,4.50737,-2.76447,34.0219,-2.27086,-2.75824,63.7634,-0.898556,0.617095,-0.0062294,0.0321958
81.9969,-1.90542,-1.00967,53.1152,3.27538,0.4625,26.6914,1.07491,2.09675,1.47217,0.0326961
85.9773,2.41966,0.728186,31.8577,-3.11919,0.125025,97.5116,-1.43112,-2.22552,0.603162,0.0328404
197.613,2.46949,-2.33614,61.7371,-4.12292,0.063665,112.886,-0.772214,0.89497,-2.3998,0.036021
261.235,2.58946,2.8896,57.3802,-2.65662,-2.19258,127.292,-0.591085,0.0561091,-1.20101,0.0358098
227.766,-3.19829,2.57187,118.169,1.42672,-1.29937,165.931,-2.28612,0.193288,2.41195,0.0356463
77.5673,-2.27031,1.61056,68.3097,1.37769,1.35394,146.892,-1.68934,-1.49303,-0.256625,0.0320769
117.4,-1.93665,0.363771,69.4129,1.47623,1.50577,117.267,-1.08244,-2.22906,1.142,0.0283205
41.7136,2.44359,-1.2395,40.0384,-2.18846,-2.56931,46.1907,-0.951784,0.725362,1.32981,0.0300509
234.707,1.58067,0.743009,116.628,-2.73277,0.78501,236.962,-0.417488,-2.26966,-0.0420011,0.0340156
164.451,0.85001,-2.8442,97.327,-2.31234,-0.46318,119.611,-0.258199,0.938892,-2.38102,0.0303239
123.654,-3.13807,1.96707,92.6054,0.636732,2.37713,154.17,-0.658803,-1.06002,0.410059,0.0328381
125.774,-2.40827,1.24791,54.7657,4.0012,0.645389,131.825,1.53117,-2.0418,-0.602525,0.0349662
163.866,-1.98598,-2.84715,43.697,3.75577,0.0962747,98.2421,1.3151,0.354367,2.94343,0.0343208
146.325,2.04256,0.987815,52.1056,-1.72868,3.11605,73.4533,1.28913,-1.78803,-2.12824,0.0306766
118.926,2.89256,-2.87225,64.0033,-2.08918,1.41907,99.3112,0.000794943,-0.652877,1.99186,0.0334609
139.866,-3.20012,0.431235,124.853,1.7708,-2.04492,73.2155,-1.49259,2.77009,-2.47615,0.0341634
170.58,-0.302737,0.820317,76.9179,3.2486,-1.58962,45.6409,0.957351,-2.42864,-2.40994,0.0331326
160.9,2.90496,-2.4049,33.304,-2.38827,0.91865,56.8581,0.606055,0.992738,2.95963,0.0330184
79.6816,-2.0006,0.542263,78.8023,2.94775,-0.51536,122.501,1.0056,-2.96327,-1.05762,0.033212
156.028,2.41057,1.12873,95.2673,-1.18837,-1.05139,58.4173,1.73491,-2.88781,2.18013,0.032757
156.385,1.35851,-0.199493,83.123,-3.76471,-0.519989,81.2761,-0.636799,2.89176,0.320496,0.0343177
90.8458,-1.91345,1.6771,58.0203,1.35847,-0.685915,34.6531,-0.944328,-1.47456,-2.36301,0.0307327
97.9443,-2.2656,0.902665,49.3295,1.99654,2.78991,94.8016,1.10676,-1.35117,1.88724,0.0324293
104.059,0.220613,-0.0392901,59.8117,-3.82819,0.442716,99.2843,-1.76463,-2.18931,-0.482006,0.0327955
151.36,-1.35239,-1.00656,80.0844,1.8528,0.640678,68.3143,0.658149,2.18193,1.64724,0.0322288
75.077,2.7521,0.902001,55.1652,-1.76251,-0.485767,51.1206,0.798161,-2.816,1.38777,0.0292927
101.574,-1.61889,-0.0962745,85.9068,2.60918,-0.887205,68.7301,0.731434,1.83089,-0.79093,0.032518
177.812,1.16854,1.26954,85.2903,-3.40553,1.599,146.721,-0.908803,-1.81709,-0.329457,0.0341953
127.134,-3.21025,-1.72661,105.804,3.33636,-0.499873,166.216,0.144724,2.06897,1.22674,0.0361381
237.242,-2.10228,2.94298,96.8125,2.53065,-2.58446,35.8851,-0.317412,0.234465,0.755754,0.0333118
102.718,-1.31204,2.03168,97.5691,3.13505,2.04342,175.736,0.715652,-1.18798,0.0117409,0.0328968
60.1967,-4.17421,2.86359,58.8765,1.33107,2.77073,32.3004,-2.20282,-0.0145492,-0.0928605,0.0335666
163.291,-1.89501,-1.92788,34.4762,4.58299,2.74842,120.574,0.0617783,0.97934,-1.60689,0.0350993
143.22,3.03981,-1.40829,94.048,-1.46142,-3.0808,102.503,0.153292,1.07889,1.67251,0.0328238
82.3355,-0.0405621,-0.543546,31.0398,4.30824,-0.32535,46.9713,1.93707,2.91761,0.218196,0.0331244
92.1334,-3.09227,1.07878,60.2428,0.792153,-2.2474,56.898,-2.53035,-2.62622,2.957,0.0285843
114.278,2.16002,1.33656,74.8797,-3.52366,0.437286,117.279,-0.892792,-2.219,0.899271,0.03348
48.3222,-2.63981,-2.70286,33.5078,2.90071,-1.34702,56.483,1.21282,0.596307,1.35585,0.0294618
89.6348,3.17582,2.84908,32.5854,-2.65614,3.03582,77.1849,-1.09046,-0.440255,-0.186734,0.0332092
206.738,2.26701,1.81334,82.244,-2.98277,-1.63969,56.9523,-0.519836,-0.50546,-2.83016,0.0343072
125.026,3.17939,-1.14163,38.3738,-2.61726,2.49816,50.3961,-1.69794,1.02542,2.6434,0.0345307
147.762,-0.632077,-3.03491,42.7925,3.2992,1.16108,125.435,0.566956,-0.266036,-2.0872,0.0314389
208.683,-0.837572,1.44361,134.74,2.43808,2.20653,142.746,0.489969,-1.8453,0.762917,0.033736
150.405,-1.75827,0.80691,113.508,1.9048,-0.754253,112.72,0.94094,3.14059,-1.56116,0.0327082
60.8948,-4.37208,-0.420317,39.3347,3.44505,-0.108172,58.3986,-0.0966872,2.39843,0.312145,0.035568
106.264,2.15221,-1.50098,49.2981,-1.53261,0.694458,48.8863,2.19578,2.29612,-2.19544,0.0310436
224.608,3.17213,0.0680895,54.1995,-1.43936,1.63464,121.992,0.567389,-2.97199,-1.56655,0.0325584
148.671,-1.15922,-1.84586,91.0056,4.49099,-0.172382,109.835,1.52184,1.9026,1.67348,0.0369583
109.899,-1.29213,-2.17614,49.375,3.05279,-2.5388,99.3546,1.34302,0.860717,-0.362665,0.0331272
121.95,-1.87369,-1.4057,42.769,1.26942,0.548036,40.4168,-1.42437,1.72819,1.95373,0.0307751
136.995,-0.80733,1.69943,114.9,3.0016,-3.09777,192.579,0.847753,-0.643394,1.48598,0.0336239
99.4156,-0.281903,2.84944,60.1526,3.61986,-1.4536,99.3715,1.29248,0.736651,1.98015,0.0323219
226.354,1.54907,3.13208,63.8065,-3.45056,2.15928,252.579,-1.16133,-0.247055,0.972798,0.0327634
130.863,-2.14494,-0.0942846,109.369,2.27236,-2.6112,100.128,-0.13182,2.94288,-2.51691,0.0309352
197.115,1.45677,2.56623,54.2056,-3.17234,-2.30704,127.442,-0.900362,-0.432898,-1.40991,0.0324465
124.117,-1.94478,-3.11298,48.5974,4.68211,0.805644,156.423,-0.164366,0.0917689,-2.36457,0.0381015
69.4569,-2.33784,0.609656,59.0923,3.09312,-2.16197,51.2109,0.999563,3.02224,-2.77162,0.0296866
117.967,2.1814,-1.56738,106.6,-2.17814,2.17599,27.9086,-0.410526,1.14266,2.53981,0.0320574
198.814,1.2126,0.28982,111.166,-2.24975,-0.559749,170.411,-0.92594,-3.13936,0.849569,0.0327535
88.9515,3.78347,-1.0526,70.7906,-1.62941,-0.0737321,122.898,1.05869,2.85134,-0.978867,0.034695
215.126,2.84695,-1.89809,146.372,-1.57,-0.194452,88.5716,0.596692,1.82818,-1.70363,0.0328667
96.2518,-1.36275,0.834461,45.8659,3.08319,1.48027,118.965,0.48638,-1.99907,0.645814,0.030808
226.899,-3.17317,1.17535,115.599,1.30405,0.431721,62.3139,-1.16872,-1.84537,-0.743625,0.0359922
148.953,-0.743697,2.37551,52.5382,3.88742,2.62423,115.748,2.08502,-0.804239,0.248721,0.0340251
284.386,-0.539921,-0.794033,51.9189,3.60488,-0.90964,272.439,0.615686,2.61269,-0.115607,0.0339358
87.1157,-2.12573,-2.7175,69.1704,2.81916,1.72637,46.9054,0.594592,-0.730553,-1.83931,0.0310754
189.005,1.2559,1.72717,75.6291,-2.11495,-2.94023,112.508,0.693449,-0.862736,-1.61579,0.0324208
53.3124,3.27912,-1.32264,47.3111,-3.96804,-0.240835,57.1397,2.23756,3.01207,-1.0818,0.0351913
102.774,-2.38128,-2.68309,62.3107,1.2078,-1.16074,39.2534,-1.86091,1.18079,1.52235,0.0315824
160.894,2.03245,-0.181581,90.8405,-4.55916,3.01461,38.5547,2.12633,-2.51005,3.087,0.0396855
73.0132,-2.18666,1.96344,62.1025,3.92944,1.53336,102.83,-0.104974,-1.44617,-0.430079,0.0330353
120.376,2.41685,-2.01859,109.388,-1.19859,0.599649,82.5607,0.502873,2.00953,-2.61824,0.0302498
98.3436,-2.78916,-0.443273,92.4083,2.11571,-1.34971,121.198,0.167033,3.04541,-0.906436,0.0285126
111.272,-2.83242,1.19487,52.8559,3.58352,2.22074,105.307,1.41794,-1.38025,1.02586,0.0341808
80.37,-1.90552,-0.79045,62.4508,3.11991,-2.05899,72.2509,1.95331,1.7725,-1.26854,0.0325191
140.524,2.31061,1.90893,84.2753,-2.54354,-2.86412,81.5305,-0.844724,-0.586507,-1.51014,0.0335856
132.884,2.36682,-0.670532,61.5996,-2.86689,2.59775,92.3802,0.727932,2.80493,3.0149,0.0320662
123.591,-2.08811,0.794213,66.629,0.988411,-0.463856,85.8112,-1.63617,-2.59259,-1.25807,0.0311819
200.342,1.46238,1.54228,62.2741,-2.64583,-0.10333,72.5887,0.345547,-2.41724,1.64561,0.0310404
394.616,-2.51557,-0.5843,228.209,1.64157,0.44622,439.775,-0.657791,2.9211,1.03052,0.0343449
120.786,-3.18374,1.53311,62.4695,3.67602,0.724572,95.2049,1.4894,-1.7449,-0.808534,0.0359983
118.418,-2.48148,-2.14381,35.2529,4.50352,2.8284,123.148,2.55111,0.902034,-1.31098,0.0365944
205.059,0.768628,-2.94175,76.5988,-2.45501,1.10998,84.453,-0.499258,0.0870967,2.23145,0.0317176
107.531,-3.64717,-1.31786,60.1669,2.21316,-2.27656,92.5454,-1.85031,1.28106,-0.9587,0.0332503
88.4891,-2.48598,-1.65855,36.2566,4.0883,-1.75951,93.3438,-0.767671,1.18981,-0.100951,0.0340427
213.299,2.16066,0.00681975,46.7705,-1.32533,-0.742983,178.018,-0.0161097,2.85917,0.749803,0.0332481
180.018,0.0495761,0.485533,50.85,-3.16531,-2.89233,66.7897,-1.83723,-2.77748,-2.90532,0.0324477
197.35,-2.73342,3.13029,45.0487,1.50208,0.173877,87.9374,-0.0686636,0.210984,-2.95641,0.0313793
153.255,2.1749,-2.44373,55.586,-1.39783,-2.40627,75.7219,0.35414,0.336203,-0.0374589,0.0319735
111.139,1.96118,-0.960154,61.2689,-3.71016,0.795885,60.6275,-0.48611,2.46542,-1.75604,0.033832
189.531,1.56104,2.3384,31.9385,-3.62924,-2.30433,130.526,-0.295965,-0.696405,-1.64045,0.0328827
71.1093,2.51219,2.54318,67.6875,-2.65942,-1.81533,72.6934,-1.35294,0.323016,-1.92467,0.0312745
44.3969,-1.03276,-1.94995,43.9098,3.87738,2.81466,66.4356,1.73484,0.706431,-1.51858,0.0333056
178.643,2.13062,1.29824,35.8174,-1.53734,-2.30157,128.323,1.58117,-1.86244,-2.68338,0.0291656
157.897,0.212957,-0.944486,59.8007,-2.87901,-0.247684,143.344,-1.02044,2.65667,-0.696802,0.0319965
51.9136,-2.25405,0.236136,45.6663,3.34965,-0.377878,53.9792,0.386357,3.08238,-0.614015,0.0306838
81.4705,-3.49708,0.0486326,33.5854,2.44336,-0.698311,64.2255,-0.540629,-2.91455,-0.746944,0.0328162
115.119,2.05979,-2.80718,56.8828,-1.15183,0.794583,57.1469,2.60085,0.320755,2.68143,0.0311096
105.192,-2.53021,-2.12727,68.4276,2.3963,3.01725,92.0961,0.211132,0.835977,-1.13866,0.0327297
151.696,2.86146,-2.50087,131.604,-1.42856,-1.20962,90.2346,0.771578,1.40614,-1.29125,0.0336458
102.288,2.09202,1.49136,66.0449,-2.61013,0.213516,69.6333,-1.69424,-1.78529,1.27784,0.030721
132.091,-2.74776,-0.824739,131.517,2.09981,2.08871,55.0973,0.504396,-2.58455,2.91345,0.0334223
81.8386,1.75966,2.69267,39.1161,-3.78249,-2.9687,63.0944,0.285563,-0.11452,-0.621816,0.0325702
158.347,-1.27294,2.48466,105.276,3.40139,1.49334,165.901,-0.913459,-1.20219,-0.991327,0.0345754
188.472,2.77668,0.858451,41.4642,-1.95672,1.57771,43.1061,0.521531,-2.22169,-0.719254,0.0332017
122.235,-2.31268,-2.86118,93.6883,2.53059,1.44797,58.4455,1.24191,-0.448792,-1.97403,0.0330614
236.068,-0.754744,-0.98429,32.1464,3.5275,0.763401,182.63,1.1308,2.29132,1.74769,0.0329383
84.7913,-1.45442,2.66828,44.4267,4.70394,1.56855,61.9293,1.7587,-0.556556,-1.09973,0.0349195
75.8447,2.18801,0.264856,62.7749,-2.73116,1.2399,53.1362,0.177631,-2.83276,-0.975047,0.0318528
259.833,1.85768,1.86599,66.9681,-3.1049,-0.89001,139.508,-1.86926,-1.51612,2.756,0.0348021
100.274,0.868968,-1.46584,60.795,-2.74269,0.205173,63.2514,-0.117447,3.12106,-1.67101,0.0314826
133.792,3.55749,-0.205894,53.109,-1.46934,-2.43104,49.8562,1.41848,-2.91305,2.22515,0.0343621
186.543,-0.729042,1.24035,162.917,2.54025,2.30491,152.278,0.935173,-1.24968,1.06456,0.0318723
91.7108,-2.61081,2.97181,47.0535,2.74356,2.67413,83.1922,1.42196,0.00662883,-0.297685,0.0326045
204.754,-1.56496,-1.10232,58.6671,2.0694,-0.375655,175.763,-1.11897,2.12108,0.726666,0.0315472
266.601,2.74191,2.89964,172.693,-0.794825,0.404248,77.3677,0.420843,-1.05441,2.49539,0.0339662
121.232,-1.5532,-2.52408,55.8769,4.15832,1.95456,86.599,-0.329916,0.273322,-1.80454,0.0322507
88.0332,-1.50507,0.952928,51.3296,3.10719,1.53578,81.1182,1.52558,-2.10859,0.582848,0.0327207
140.943,-1.19463,-0.294799,65.6009,2.05451,2.66787,65.4506,1.61386,2.67782,2.96267,0.0321111
76.3906,1.30661,2.94472,63.2458,-2.23038,-3.04935,94.6425,-0.960779,-0.179145,-0.289124,0.0339106
111.276,-2.6834,-2.26249,75.9627,2.84819,1.9957,39.3286,-0.409724,0.356823,-2.02499,0.0339139
191.118,-2.44905,-0.0082242,67.1961,2.85362,1.68647,92.0674,-1.64879,-2.67608,1.69469,0.0343771
57.2209,-1.40944,0.011001,32.5469,3.33895,-1.47008,39.3274,1.4216,2.52226,-1.48109,0.0311129
196.839,-2.05781,-0.164629,62.5423,3.92626,1.84642,115.193,-0.466302,-3.09611,2.01105,0.0357679
102.571,3.93037,-2.59292,68.0057,-1.07931,-2.4436,114.137,1.42947,0.668624,-0.149327,0.0342008
130.087,1.91824,1.05664,30.8492,-3.16273,-0.953537,52.9241,-0.0941626,-2.37901,2.01018,0.0293638
67.0661,3.97033,-2.14255,33.8324,-1.48298,-2.90693,28.861,-1.40585,-0.0447954,0.764382,0.0328386
128.535,3.26699,-1.01649,47.3085,-2.11369,1.38192,71.1745,-1.62493,2.98568,-2.39841,0.0378576
94.9309,-1.86644,-1.9346,63.5111,2.61613,-0.646274,99.4837,-0.0156317,1.28377,1.28833,0.0321159
71.6709,-2.89237,-0.112897,41.8536,1.12601,-2.15712,42.7843,-1.87026,1.5412,-2.04423,0.0286722
128.669,-2.17511,-2.80003,59.7592,3.36449,2.97219,87.5165,-1.03045,-0.0979842,-0.510964,0.0335086
45.2198,3.26169,-0.502221,34.2411,-3.12844,-0.490338,40.8724,1.0937,1.97746,-0.0118828,0.0331041
84.1174,1.41595,-0.0289878,63.7841,-3.88803,0.0712731,32.1448,-0.733932,2.47606,-0.100261,0.0319604
117.288,1.29075,1.5339,54.1013,-2.91175,2.02771,145.528,-1.22672,-2.06085,-0.493811,0.0308366
123.589,1.8777,-1.15968,82.9197,-3.28385,0.111707,151.245,-2.32275,2.41055,-1.27138,0.0328772
70.4714,0.0693384,2.20583,51.4729,-4.66571,1.95328,78.8771,-1.63771,-1.14271,0.252551,0.0335569
144.065,-2.97432,-2.72938,78.8453,1.79834,1.91724,87.9069,-0.575266,-0.114383,-1.63657,0.0336999
58.8252,2.46468,1.24296,49.0039,-2.46333,-0.348256,53.0361,1.64452,-2.77299,1.59122,0.0309128
98.806,2.38532,-1.67106,95.1253,-2.45039,2.59517,44.2621,-1.92391,0.752553,2.01695,0.0332604
65.1908,-2.04773,-0.707816,33.7113,4.10366,-2.16711,26.2805,2.45069,3.10885,-1.4593,0.0322408
181.95,-3.1746,0.77679,124.28,3.5305,-0.585361,159.929,-0.677894,-2.81944,-1.36215,0.038585
89.7184,-2.92646,-3.09001,64.7839,1.99193,2.5973,99.4774,2.09122,-0.0070981,-0.595871,0.0333807
71.9047,-3.17184,-1.87699,31.5312,2.05027,-1.81469,54.9816,-0.514494,1.57375,0.0622983,0.0319707
227.219,-3.02322,0.117343,140.441,0.988457,0.522832,297.688,-1.15305,-2.88092,0.405489,0.0336093
205.575,-2.62598,-3.01369,126.945,3.58136,-1.79967,109.605,1.18715,0.563595,1.21402,0.0373886
99.2673,2.9593,1.63333,65.8698,-1.90053,2.53359,72.1755,1.30199,-1.35596,-0.900268,0.0332045
119.624,2.68854,0.507733,50.1046,-1.70139,2.59778,53.9337,-0.367735,-2.14425,-2.09005,0.0319916
147.395,-2.89997,-0.40088,106.176,4.33128,2.15572,52.5979,-2.11221,2.87406,2.5566,0.0395089
220.129,2.81972,-2.26814,63.179,-3.78866,1.45683,169.684,-0.312625,0.568724,2.55822,0.0374852
101.207,1.19353,-0.602135,41.8493,-3.03544,1.22833,93.2807,1.18995,2.67153,-1.83046,0.0270019
152,1.64637,3.11658,47.9486,-4.38255,0.0352465,81.5509,-0.4129,-0.0364841,3.08133,0.0352927
62.6342,-3.46075,-1.86274,52.9114,3.9012,-1.93132,40.8969,0.0497239,1.88719,-0.0685762,0.0334434
257.491,1.53948,-0.58251,210.278,-1.55307,-2.68833,102.265,-0.261339,1.50032,2.10582,0.0317369
75.2601,-0.783659,-2.4099,46.4281,4.15603,-1.52361,85.9523,1.88862,0.769827,0.88629,0.0303798
116.475,-2.47898,0.05004,32.0487,3.041,-1.90381,59.7889,0.138081,2.90448,-1.95385,0.0314777
129.234,3.14951,0.942733,63.6889,-2.08439,-2.28344,61.5195,0.978118,-2.52234,-3.05701,0.0335679
168.845,-3.11358,-2.00552,39.4952,4.54844,-0.948943,134.892,-1.84258,1.16132,1.05658,0.0377778
181.364,-1.50613,-1.69457,41.9945,3.34497,2.42796,113.95,-0.117678,0.931957,-2.16065,0.0315674
196.174,1.69717,2.60784,53.402,-2.67489,-0.401392,80.3386,-0.21673,-0.684326,3.00923,0.0324923
181.996,-2.21018,2.57317,44.1755,3.33736,-0.582943,89.3891,-0.16821,-0.697054,3.12707,0.0335186
154.598,2.43751,-2.91435,104.686,-2.49299,2.09336,168.558,-1.21027,-0.0568141,1.27548,0.0331174
77.3228,-2.19586,1.37541,64.9814,4.61752,2.59837,89.8058,-0.102027,-0.902286,1.22296,0.0312279
131.118,-2.13141,0.246452,49.4572,2.31758,-1.3952,110.567,-1.31619,-3.04321,-1.64165,0.0317489
91.0196,-2.96563,-3.09851,44.0265,2.68369,-2.98415,83.0033,-0.376403,0.398036,0.114359,0.0343661
142.121,-1.53104,-2.77055,34.0346,3.07986,-2.85619,155.43,2.56719,0.483851,-0.0856485,0.0343768
259.539,-1.51563,2.6904,73.9887,3.3452,0.676867,214.146,0.717684,-0.808798,-2.01354,0.0344627
185.815,-0.131245,-0.32877,53.5842,3.42213,2.16109,96.3947,1.59317,2.58107,2.48986,0.0326375
84.6076,-1.86343,1.44359,71.6038,2.68091,1.09465,65.4279,0.20329,-1.78236,-0.348946,0.032078
101.435,-3.08292,-1.43453,93.4524,1.71413,-2.83156,151.111,0.699017,1.04386,-1.39703,0.0332016
111.541,-3.75958,-1.29209,66.5067,3.32797,-0.315415,137.323,-0.537978,1.81058,0.976671,0.0367474
124.122,-3.09568,-0.747959,56.4802,3.19171,-1.32301,69.4818,1.21993,2.54043,-0.57505,0.0354149
327.42,-1.72709,-2.07901,79.3515,2.41894,-0.508203,217.424,1.64278,1.23855,1.57081,0.0341553
195.155,3.14456,2.29237,188.118,-2.92828,2.1459,203.417,0.745686,-1.00927,0.146466,0.0383153
46.3684,1.93505,0.685037,40.3528,-2.32679,-0.21351,62.4689,-1.01139,-2.67522,0.898547,0.0316662
115.962,-0.439022,-2.00516,37.6617,3.5187,0.805091,82.7868,1.14566,1.2775,2.81025,0.0319986
45.1038,-3.51739,-0.567805,34.0438,4.32192,-0.627943,71.506,-2.27366,2.48736,-0.0601379,0.0367353
156.039,2.29972,3.12609,95.5726,-1.46885,-2.333,156.59,1.30229,0.447873,-0.82409,0.0322222
118.795,-2.44029,0.806614,54.3171,1.41875,0.609858,104.54,0.838195,-2.17643,-0.196756,0.0325384
91.7703,-0.325416,2.50161,51.5232,3.7857,-0.189988,65.5753,1.55429,-1.35622,-2.6916,0.0317845
76.9054,3,0.819545,64.0035,-2.63691,-0.489946,80.7055,-2.07822,-3.06723,1.30949,0.0318579
75.8113,-2.24429,1.55772,71.3395,1.01675,3.02029,85.7369,-1.62672,-1.12747,1.46258,0.0289202
101.586,-1.6654,1.29621,48.3771,4.18162,-0.917975,33.8773,0.395189,-1.97196,-2.21418,0.0341743
105.368,-0.688539,2.50818,53.5461,4.67672,0.521747,90.147,1.103,-1.06537,-1.98644,0.03321
60.4855,3.10878,0.324594,56.5633,-4.24913,1.37877,65.8559,0.940996,-2.93988,-1.05417,0.0364882
47.3162,-2.12132,2.46683,37.8837,4.01356,1.35204,26.0318,0.741871,-1.72874,-1.11479,0.032921
91.7481,-2.41291,-2.1369,73.6659,3.01114,2.70346,64.0639,0.865425,0.117442,-1.44282,0.0332122
268.404,-1.33455,0.459125,86.4106,3.91661,0.103589,277.637,0.482534,-2.76198,-0.355536,0.0361623
196.571,-2.094,2.43968,101.074,2.81555,-0.944314,44.9531,-1.11545,0.27888,2.89919,0.0334179
75.9092,3.06358,-2.37007,59.1087,-2.33897,2.84067,83.8201,-1.29878,0.0163495,1.07245,0.0338611
59.7005,2.52189,-0.888744,51.2049,-4.78506,-1.29663,93.5514,-1.4356,2.20697,0.407886,0.0348134
72.3298,3.91081,-1.34638,41.435,-4.29178,2.504,31.3319,1.56538,1.63488,2.4328,0.0374541
138.688,2.57186,0.369972,47.2861,-1.6255,0.476374,113.724,0.773207,-2.66478,-0.106402,0.0290606
86.2464,-2.7304,0.135699,44.4812,1.53078,-1.52548,56.9834,-0.508236,2.67302,-1.66118,0.0317659
160.22,3.12822,-0.247367,68.9415,-2.87247,-0.132465,156.965,-1.43094,3.00074,-0.114902,0.035732
94.8501,1.17811,-1.95828,75.3446,-2.01338,-1.30864,67.6149,0.184054,1.22654,-0.649639,0.0329443
127.038,-2.17987,-2.04385,98.342,2.89387,0.642362,81.2594,-1.15337,1.89163,2.68621,0.0339483
239.397,-3.00364,-2.55718,152.782,2.01774,-0.0857926,58.2064,1.1272,1.3028,2.47138,0.035557
142.878,-0.281753,1.25091,65.8026,3.10764,0.0849885,152.943,1.31661,-2.28709,-1.16592,0.03076
192.808,-0.805219,-2.72921,69.764,2.28692,1.50387,93.6163,0.850315,0.169609,-2.0501,0.030869
70.5325,-2.95809,2.47742,65.3882,2.10166,1.37947,124.429,-0.773672,-1.19325,-1.09795,0.0325093
80.7381,-3.32643,-1.0419,33.0713,0.483537,2.79861,39.8171,0.101792,1.49278,-2.44268,0.0287648
113.512,2.40674,-0.66223,82.8532,-2.05827,0.392911,96.7972,-2.15431,3.07661,-1.05514,0.0336733
67.5028,1.61103,-2.66376,54.5474,-4.05393,-2.34521,77.1675,-1.23952,0.418011,-0.318553,0.0330721
51.3396,2.39595,1.32332,48.2064,-3.4808,2.62369,68.7719,0.975947,-1.52078,-1.30037,0.0323551
91.0663,2.94185,2.49981,40.8532,-0.813215,-2.42541,106.596,0.646996,-0.424846,-1.35797,0.0313808
272.999,-2.54398,2.18134,89.6288,0.750155,-1.34393,119.043,-0.601706,-0.49008,2.75792,0.0316828
253.743,-0.170864,-1.32949,188.441,2.91543,0.990789,150.572,0.394026,2.47311,2.32028,0.0337789
117.148,1.46984,-1.39367,84.4148,-1.57404,-2.75584,134.727,-0.233984,1.23344,1.36217,0.0316712
129.876,1.42979,0.980837,105.745,-2.56643,0.579075,88.3353,-0.651693,-2.08951,0.401762,0.031568
160.508,-1.57145,-0.706349,75.2164,2.20869,2.19483,48.4335,0.0822433,2.49204,2.90118,0.0319936
82.0363,-2.23747,-2.64629,64.1328,4.09704,2.72001,101.207,-1.76936,0.0288328,-0.916891,0.0371478
231.257,-2.26384,1.67347,115.227,2.29462,0.486747,176.78,-0.178431,-1.92741,-1.18672,0.0347312
153.89,2.96875,-1.62577,109.74,-1.30395,0.851023,118.536,0.511512,2.70298,-2.47679,0.0317533
280.245,-0.577591,-0.735873,130.457,2.77639,-1.528,258.831,0.994094,2.06969,-0.792126,0.033144
97.5493,-2.06357,-2.40538,74.7753,3.18317,-0.091599,48.0399,-0.423433,1.31982,2.31378,0.0335709
54.5948,2.38832,0.647547,53.3698,-2.72624,1.98662,48.7807,0.425437,-2.02519,-1.33907,0.03175
163.001,-1.98099,2.90021,61.2493,2.92826,0.175014,65.4486,-1.1039,-0.918585,-2.7252,0.0328943
77.7218,2.31929,-1.6166,46.1148,-2.36274,-1.39073,84.3083,0.287432,1.64173,-0.225871,0.0301087
205.561,0.228008,-0.675879,44.2971,-4.17125,2.37603,82.9352,-2.11764,2.85511,-3.05191,0.033836
248.751,-1.29246,-1.82986,109.889,3.5366,3.06015,178.637,0.965043,0.855596,-1.39317,0.0341327
238.381,3.02381,-1.85102,73.2773,-0.1022,-1.50899,201.004,0.766431,1.51938,-0.342034,0.0340829
141.033,-3.18381,-2.3026,90.3324,1.86089,-1.11823,132.552,-0.878566,1.44593,1.18437,0.0324022
285.466,-1.55191,-0.106368,57.408,1.82256,-1.3514,171.778,-0.830861,2.87943,-1.24503,0.0327184
134.654,2.77371,1.71819,99.8495,-2.62168,-2.23552,38.6489,1.00419,-0.83455,-2.32948,0.0339193
92.0903,-2.80616,1.4407,74.205,2.1956,1.90202,57.5451,-0.605938,-2.0227,0.46132,0.0357039
122.725,1.42904,2.04078,39.8219,-4.19229,0.141574,86.7285,-2.46084,-1.29566,1.8992,0.0343284
166.252,3.61506,-0.880519,57.6646,-2.47419,1.51213,56.3568,0.203551,2.23123,-2.39265,0.0356955
100.86,2.00369,-1.56582,89.6617,-3.96619,2.66447,67.1442,-1.85206,0.258012,2.0529,0.0355003
100.28,-2.95324,-0.237645,55.8902,3.38774,0.426721,46.2643,1.99417,2.56667,0.664367,0.0317653
184.058,2.24968,2.05317,136.048,-3.18458,2.2294,118.081,-0.755429,-1.05708,-0.176229,0.0355335
260.396,0.810007,-1.79115,46.9833,-2.2598,-2.73559,175.358,-1.08983,1.07829,0.944443,0.0325362
154.518,0.787152,-1.97825,39.7337,-3.08959,1.74512,81.9325,-0.710983,0.930782,2.55982,0.0309855
107.276,-1.83788,0.977802,83.6654,3.08032,0.283201,124.716,-0.739199,-2.24947,-0.694601,0.0337533
353.493,-0.933823,1.72274,95.1695,2.87108,2.59105,213.162,-0.146882,-1.07444,0.868306,0.0340135
91.2644,1.01635,0.319236,45.2488,-2.97584,0.494582,103.037,-1.9793,-2.73855,-0.175345,0.0323635
135.538,3.51649,0.0944011,60.2415,-3.93124,1.36827,113.309,-0.962471,-2.93675,-1.27386,0.0379554
71.0667,-2.25372,2.84318,38.6677,3.14829,-2.94612,84.7437,0.318675,-0.567073,0.493883,0.031567
275.756,1.66556,-3.1106,87.2593,-2.68521,0.508277,135.752,-0.399093,-0.154117,2.66431,0.034062
193.688,-0.857339,-0.337468,184.694,2.17972,-1.63572,263.313,1.06053,2.49046,-1.29825,0.0336001
95.9502,-2.09565,1.94556,50.7459,3.1535,0.654838,53.4042,-0.597413,-1.38424,-1.29073,0.0327675
120.175,-3.30182,-0.343757,37.1949,2.441,-2.03283,55.8572,-2.56184,2.20997,-1.68907,0.0336068
158.972,1.45238,-0.175002,143.913,-2.0501,-2.32173,108.258,-0.62093,1.93153,2.14673,0.0326132
147.738,-2.51172,-2.06572,111.478,1.59203,-1.0289,151.279,0.740586,1.51703,1.03682,0.0336635
72.1167,-3.12596,-2.83279,55.5555,1.54728,-0.558462,47.6913,-2.28679,1.50725,2.27432,0.0323962
263.429,2.67793,-1.64969,47.5337,-0.56626,2.45033,204.079,0.539097,1.50605,2.18316,0.0294675
248.099,-1.98281,0.403315,92.0807,3.02076,2.26623,77.8038,-0.60735,-2.54084,1.86291,0.0345136
40.8141,4.53962,2.37164,35.2002,-2.67667,1.12567,38.8004,1.82807,-2.22903,1.24596,0.0335106
113.276,0.270979,-2.4854,80.1922,-3.61494,0.0394809,53.171,-1.36667,0.766076,-2.52488,0.0328034
234.556,-2.17395,0.783936,49.8824,2.07214,2.37606,68.0177,0.650381,-2.14796,1.59212,0.0331394
71.4917,1.71177,-0.432641,43.953,-2.94762,3.02034,42.4477,-0.741436,-3.10318,2.83021,0.0316781
48.9608,2.81737,-1.91441,41.4587,-4.18682,-3.09877,39.2946,-0.501841,1.01912,1.18436,0.0339399
81.9046,-0.109422,0.251689,33.2087,4.91241,1.50361,79.7549,1.92528,-2.20278,1.25192,0.034223
125.495,-2.57395,1.80191,55.5357,4.21427,-2.97045,131.323,1.75865,-1.28036,1.51083,0.0360988
134.982,-1.61045,-0.505436,86.5943,2.45507,0.724765,64.0025,-0.622365,-3.04992,1.2302,0.0324912
249.74,-1.87207,-2.62537,57.4333,2.53832,1.99846,159.458,0.710385,0.0441157,-1.65936,0.0330547
409.779,-1.42413,1.4815,49.8841,4.44212,-1.67907,313.486,1.1165,-1.71708,3.12261,0.0371701
150.509,-2.96812,0.000573521,66.5388,1.7543,2.85027,42.3971,-1.70052,-2.84403,2.8497,0.0334585
75.4437,-2.81356,1.26554,44.3524,2.64268,0.476346,74.6856,0.559837,-2.60645,-0.789194,0.0329942
170.55,-3.03404,1.58204,89.8672,2.92052,-2.94431,114.986,0.941082,-1.31669,1.75683,0.0368393
79.2751,-1.70699,2.0681,72.0103,3.55886,-2.65264,98.3372,-1.19784,-0.00543616,1.56244,0.0333165
191.997,2.82637,-0.657376,45.8536,-1.74174,-2.6503,78.7284,1.31924,2.31714,1.99293,0.0332575
204.752,-1.88265,-1.65848,77.346,3.40435,1.65404,124.039,-0.853672,1.77723,-2.97067,0.0348661
48.1831,1.27142,-2.68325,44.7193,-2.84957,-2.15991,75.413,-0.235443,0.842496,-0.523345,0.0305914
193.406,-2.63705,-2.70863,34.2131,2.41001,1.09376,79.3138,-1.09047,0.132975,-2.4808,0.0330504
57.0575,-2.90141,1.39923,45.6253,3.37418,0.145508,66.7125,0.896756,-2.7845,-1.25372,0.0299629
107.114,-2.83709,1.56442,55.8851,3.98353,-2.95222,57.0811,-1.06164,-0.919709,1.76654,0.035787
121.814,-1.86993,2.68006,95.4287,2.77509,1.99699,139.875,-0.321857,-0.349039,-0.683067,0.0321029
81.2908,2.1843,-2.30399,67.0455,-3.35039,-0.9299,77.696,-1.11263,1.69952,-1.37409,0.0337173
187.867,2.98002,1.45721,129.426,-2.38756,-0.25603,69.9674,-0.855588,-1.68649,1.71324,0.0354535
74.2722,0.430591,-2.00923,53.1037,-3.7632,-1.03894,78.324,-0.644669,1.8744,-0.970284,0.0324227
80.4927,0.990273,-2.70756,73.5023,-2.29169,-1.97112,111.245,-1.49663,0.854646,-0.736433,0.03016
79.722,-4.30276,-2.20919,67.1907,1.57373,2.23542,52.3188,1.61196,-0.193528,-1.83858,0.0361839
53.6869,1.58016,-1.64767,38.9689,-3.04465,-0.998321,64.6557,-0.577583,1.56079,-0.64935,0.0338579
62.4858,1.96105,-2.96557,48.7957,-2.65336,1.47873,43.7261,-1.77476,-0.228589,1.83888,0.0321022
127.382,-2.36262,-0.243878,48.5618,2.91753,-3.02938,49.5642,-0.326401,2.4066,-2.7855,0.0330074
133.899,-1.01277,-0.795224,67.0613,2.12551,1.35059,119.598,1.39157,2.47562,2.14582,0.032077
60.4162,3.17763,2.02945,33.0153,-2.87744,2.88597,47.2604,2.01967,-0.912589,-0.856518,0.0324294
56.2145,2.94943,2.92075,42.3969,-2.50315,1.46883,63.334,-1.35222,-1.16863,1.45192,0.0327176
456.314,1.66822,2.24852,86.8653,-1.86669,-0.413521,108.898,-0.739536,-0.953326,2.66204,0.0346508
151.108,2.78021,1.2259,61.6636,-2.70626,-2.07684,46.3039,0.732445,-2.97395,-2.98044,0.033924
130.486,-1.92325,-0.103235,60.8668,2.67157,0.984612,71.4324,1.04383,-3.0657,1.08785,0.0328144
97.4129,1.26624,1.72199,73.4647,-2.07981,1.0587,87.6949,0.155656,-1.98658,0.663285,0.0301529
101.497,1.73151,3.07375,49.5947,-4.42299,-1.69184,62.5573,0.101645,-0.069639,-1.51759,0.0349972
78.3977,2.94704,-2.95348,42.6786,-3.37052,1.39474,80.993,-0.10856,-0.832943,1.93497,0.0339101
260.969,-2.56131,-1.64141,81.7176,2.9493,-0.247472,73.096,-1.08864,2.39513,1.39394,0.0352249
215.919,3.03086,1.93873,50.4892,-2.07941,-2.53227,125.66,1.91566,-0.678418,-1.81219,0.0359052
88.0088,-1.43263,-2.69412,75.6587,3.41206,-1.85099,111.809,1.49969,0.510753,0.84313,0.0315764
125.344,-3.54236,-0.476592,56.0966,0.257674,1.53432,50.9383,-1.94065,3.01277,2.01091,0.0327015
59.9177,-2.54031,-2.56349,56.3642,3.17259,-2.1195,61.5542,-0.710441,1.02809,0.443986,0.0312043
120.682,-3.01789,3.02422,70.0402,2.9813,-3.05882,141.845,-1.51523,0.106065,0.200146,0.0346627
244.071,-2.71937,0.787546,126.165,3.62649,2.57992,156.621,0.49729,-2.0906,1.79237,0.0396505
152.272,1.8617,-0.289953,42.8552,-2.05301,-1.87475,90.4471,-0.685877,2.19042,1.58479,0.0324977
185.368,-1.96283,-2.49345,76.6776,3.21324,-2.56604,88.0376,0.843117,0.753574,-0.0725839,0.0346559
123.015,0.498158,-2.76616,53.6991,-3.68536,0.440742,60.0183,-2.53252,0.797333,3.07628,0.0330665
85.4261,1.00282,1.90665,69.8124,-2.32038,0.718128,90.133,0.15323,-1.03171,1.18852,0.0321857
124.736,-1.53327,0.0322914,74.4242,2.26486,1.55715,96.0449,1.76549,-3.02117,1.52486,0.0324822
249.67,-2.21601,-0.41513,44.0705,2.60168,0.476919,154.965,0.671355,3.01074,0.892048,0.0336469
144.753,1.40969,-2.40502,77.7933,-4.62244,-0.540801,105.189,-0.887338,0.972095,-1.86422,0.0372628
109.999,1.496,-2.53098,35.2251,-4.14555,-1.88391,39.5798,1.2035,1.58519,-0.647064,0.0333372
237.672,2.23847,2.16871,219.087,-3.36435,2.93227,277.382,-1.50488,-0.516421,-0.763563,0.0377973
140.617,1.07476,2.7853,55.6939,-2.74538,-0.256472,71.3088,-1.4956,-0.57481,3.04177,0.0289573
183.341,1.95938,-2.20906,124.418,-2.49596,3.12269,180.534,1.13686,0.481122,0.95143,0.0339585
280.39,-1.82477,-1.11835,84.6498,2.92711,-2.58074,130.726,0.599663,1.67479,-1.46239,0.034242
116.795,1.95123,-2.65235,100.864,-3.59413,-1.87888,77.5036,-0.269216,0.281002,-0.773467,0.0344509
108.435,-0.718932,2.4683,34.3785,3.30504,-0.0159707,46.1174,1.68631,-0.728079,-2.48427,0.0317223
157.221,-2.7283,2.58377,33.5924,3.07744,1.62346,136.724,0.640189,-0.552979,-0.960307,0.0328873
248.175,-1.48823,-1.6426,50.1534,2.46539,-2.77939,109.78,0.21144,1.37344,-1.13679,0.0330417
115.868,2.0649,0.879401,53.6055,-1.30583,0.701118,84.6846,0.167059,-2.62243,0.178283,0.0299523
140.828,-1.9883,1.19586,63.9076,3.41023,1.44836,91.37,-0.981358,-1.76331,0.252496,0.0342178
195.968,0.82198,0.228198,188.335,-2.34295,3.03353,81.9279,-0.505252,0.0927499,-2.80534,0.033062
97.9822,1.77186,-0.557337,75.3399,-1.88237,-1.85163,80.4401,1.12115,1.54587,1.29429,0.0323654
52.094,1.00172,-3.00073,51.8048,-4.4508,3.03323,50.9087,-2.46416,-0.299969,0.249222,0.0338852
123.1,-3.12089,-2.49159,53.6219,4.39267,-1.96993,95.9052,-1.18503,0.577862,0.521658,0.0329565
185.6,-2.53853,-1.97237,35.9784,1.89629,2.91905,64.3523,-0.759708,1.09156,-1.39176,0.0327487
292.895,-2.64031,1.19569,175.679,1.79484,-0.269541,199.894,-0.379388,-2.53585,-1.46523,0.0349009
93.5906,2.54225,-2.69451,44.8173,-1.00962,-1.73469,123.931,1.51462,0.369331,-0.959818,0.0312537
141.37,-2.67615,-1.84689,32.7245,4.41745,-1.87523,119.435,1.89886,1.38113,-0.0283349,0.0366227
92.7317,-1.50929,2.68099,31.8209,3.76411,-3.11338,76.2017,2.448,-0.0904019,0.488813,0.0334135
74.0729,-3.976,2.07392,69.1158,3.95193,2.9809,47.1203,-0.435716,-0.669709,0.906979,0.0373457
150.512,2.25802,2.74365,48.3059,-3.17456,1.13346,122.901,0.580072,-0.727991,1.61019,0.0344298
380.586,0.75087,-0.0277915,69.1368,-2.72924,2.41888,300.662,0.40297,-2.89746,-2.44667,0.0334526
282.18,-1.73758,-0.0236224,169.989,2.75407,0.347134,123.259,-0.933541,-2.93745,0.370757,0.0351624
145.754,-0.938709,2.1774,30.7424,3.7218,1.1873,123.956,0.515434,-1.0314,-0.990104,0.0331359
57.1971,-3.81125,0.152316,37.4574,3.88318,-0.315911,40.2876,-0.473071,-2.45854,-0.468227,0.034525
90.9951,1.90797,-2.91028,56.8302,-3.29427,2.60395,88.6053,-0.499069,0.305405,0.768964,0.0325572
143.621,2.26564,-0.131447,52.7078,-4.25391,1.21621,121.466,0.5392,2.97524,-1.34765,0.0356973
202.184,-2.40212,0.934733,77.5468,2.13002,2.70069,217.733,0.567581,-1.99657,1.76596,0.0314063
98.9596,-2.64526,-0.490055,39.4143,3.51968,2.23321,29.1575,1.16352,3.13772,2.72327,0.0334844
64.6542,-2.45533,-3.02225,60.9627,1.93735,-1.17806,42.1089,-1.05078,1.23125,1.84419,0.0313226
278.138,1.36867,2.5208,31.3286,-3.17547,2.88785,286.89,-0.375737,-0.760296,-0.367049,0.0334022
352.335,2.05437,-2.70993,73.455,-3.23797,0.271317,291.528,0.100853,0.443506,-2.98124,0.0331177
141.961,-1.25276,-1.8511,74.9257,2.49205,1.98256,76.1599,0.98951,0.314706,-2.44952,0.0324526
275.522,2.57448,2.53194,91.423,-3.61293,-1.6724,236.34,-1.24974,-0.177319,-2.07884,0.0367368
68.7534,-2.67341,0.933412,66.7408,1.90289,1.36054,53.2844,0.821118,-1.34352,0.42713,0.0320753
88.7194,-1.97033,0.572469,42.6735,1.87394,-1.41244,46.4294,-1.67236,-2.72927,-1.98491,0.0312318
96.9055,-1.23441,1.96659,72.8952,3.21164,2.69814,65.8843,1.05223,-0.68784,0.731549,0.0325923
94.7204,2.42248,-1.92499,64.567,-2.63361,2.7467,103.413,1.93364,0.187119,1.61149,0.0331751
146.299,-2.40996,-2.35386,73.9925,1.3813,0.403433,45.5687,-1.1897,1.21872,2.75729,0.0316673
176.546,-0.151735,-1.37419,44.1997,2.91231,-0.629104,187.782,0.457361,1.85736,0.745081,0.0316299
127.347,2.70057,-0.286499,86.1045,-3.94054,1.20888,74.3017,0.900293,-2.74754,-1.49537,0.0362899
73.2911,2.95693,2.62948,70.8921,-2.16139,2.41946,67.0461,1.76376,-0.674642,0.210019,0.0313322
129.615,-1.23941,0.265651,79.7536,3.75847,-0.064629,127.33,1.17726,-3.00469,-0.33028,0.03479
168.24,-2.22644,-0.495849,78.0154,1.16447,2.88974,104.194,-0.595742,-2.85222,-2.8976,0.0323795
98.9958,-1.97925,0.421881,85.9283,1.52261,2.82307,50.0407,0.200028,-2.45788,2.40118,0.0315493
154.492,-0.410956,-3.06668,68.0028,3.24576,-1.81657,127.203,0.459263,0.452044,1.25011,0.032601
176.947,-1.30603,-1.11777,74.9174,2.84024,0.121375,85.7751,1.40612,1.92399,1.23914,0.0330761
147.746,-2.11209,-0.561992,47.6155,3.86599,-0.639886,77.0215,1.72982,2.51031,-0.0778943,0.0341546
130.19,2.50185,-2.31944,90.0159,-2.35426,-0.908992,64.1811,-0.614081,1.03155,-1.41044,0.0332628
73.5274,2.81401,0.539454,66.5672,-2.39036,0.449034,98.7329,1.32966,-2.78232,0.0904193,0.03285
111.532,2.18824,0.644872,43.1112,-4.51889,-2.01007,51.6712,1.92603,-3.03109,2.65494,0.0361416
83.7796,-3.09132,-0.266614,60.4735,0.270219,1.43772,89.4343,0.0627698,-2.49044,1.70433,0.0318857
73.9183,-3.65704,-2.98023,67.924,1.47871,-2.63923,116.633,-1.35563,0.377061,0.341003,0.0337451
82.4764,-2.34721,2.95975,78.0794,4.14853,2.83011,141.252,0.0242242,-0.377337,-0.129632,0.0372296
179.926,2.10445,-1.69514,58.3951,-2.28189,2.48557,151.815,-0.436323,1.44399,2.10248,0.0274322
140.868,2.52212,-2.95811,40.6568,-2.30419,-2.28978,68.1899,0.425353,0.477984,-0.66833,0.0296101
73.8903,-2.157,-3.10243,66.9716,3.5245,2.17444,107.513,1.39025,-0.193123,-1.00631,0.0336734
173.044,-1.84124,-0.132667,49.1396,3.82848,0.933906,128.463,0.658522,-2.8697,1.06657,0.0344289
124.083,-2.34319,-2.93688,53.8206,2.48352,-0.068615,120.156,1.55603,0.238722,2.86826,0.0331342
96.0566,2.29171,0.111506,58.6736,-2.6336,1.1333,67.8576,-0.0929008,-2.95606,-1.0218,0.0322727
126.127,-0.933931,2.66343,44.1295,3.2049,-2.5569,113.628,-0.289687,-0.402868,1.06285,0.0320679
220.643,-1.60866,2.78429,108.754,3.99626,2.51742,133.694,1.13911,-0.546178,-0.266869,0.0355239
137.726,-2.22758,-0.0299457,70.6099,3.23842,1.24521,27.8974,-0.550465,2.80685,1.27515,0.0337685
201.718,-2.7441,-0.81389,129.382,2.59054,-3.05001,173.843,-0.808794,1.66543,-2.23612,0.0357796
139.986,2.48874,2.6838,134.111,-1.573,2.49197,234.757,0.426224,-0.604346,0.191833,0.0331687
84.9633,-1.38665,-1.82298,63.5278,3.90716,0.892567,37.6528,2.57955,2.01988,2.71555,0.0320907
100.769,2.56254,2.48963,98.7469,-3.16999,3.02505,72.4731,-0.100924,-0.566353,-0.535417,0.0324405
80.7646,1.73899,0.506844,54.8761,-3.65398,-1.20643,38.9178,-0.0808559,3.05601,1.71328,0.0324335
69.4362,-2.58786,1.54732,61.5071,2.96185,3.08662,53.7328,0.580573,-1.04472,1.5393,0.0299182
145.913,-2.07143,3.05106,65.3569,3.36707,-3.10679,149.233,1.23021,-0.161623,0.125339,0.0340176
122.15,3.6256,2.6878,59.0081,-2.75702,-1.78136,65.5792,-0.727681,-0.0136858,-1.81403,0.0352097
107.129,1.60782,2.07045,74.0491,-2.29494,2.52357,82.7025,-0.275995,-1.16018,-0.453119,0.0317798
107.961,-2.28638,-2.55827,56.9608,2.45065,-0.316886,65.0967,1.59934,0.931883,2.24139,0.0326744
62.3209,-3.46962,1.32399,53.1659,4.36493,2.09389,101.347,1.1142,-1.38833,0.7699,0.0364383
170.944,-1.91586,1.87896,72.4672,3.21829,2.61072,180.631,1.26859,-1.16009,0.731761,0.0331667
339.612,1.85111,-1.02248,171.248,-2.76899,0.70547,244.652,-0.580888,2.49534,-1.72795,0.0357285
217.234,-3.12397,1.19011,112.952,2.38372,0.962162,238.76,-0.14937,-2.11206,-0.227943,0.0343056
220.223,2.46905,-2.783,211.733,-2.66329,-0.908353,140.501,0.82057,1.46348,-1.87465,0.0354942
70.986,2.79936,1.7661,67.8227,-3.20336,1.60251,100.322,-1.26075,-1.56795,0.163594,0.0339548
163.553,-1.98703,-1.16045,120.008,2.63683,-2.68935,77.9597,1.86372,1.63202,-1.5289,0.0343232
79.7571,-2.53987,-2.22364,54.5216,1.41411,2.66641,88.0312,0.672038,0.446394,-1.39314,0.0315726
123.282,-2.73638,0.47268,93.4407,3.14426,-1.97983,50.5758,-1.95568,2.61221,-2.45251,0.0349407
161.637,2.68706,1.91765,64.662,-0.423301,1.55433,184.328,1.20601,-1.49218,0.363323,0.030283
155.787,2.22486,-1.37093,39.0124,-1.51875,-0.734474,144.181,0.196831,1.98446,-0.636456,0.0321347
108.978,2.47722,-0.906383,50.6575,-3.36603,-1.86541,57.9318,-0.616592,2.06398,0.959023,0.0340884
253.825,-0.243433,-1.13841,45.1094,3.60678,0.0286529,118.843,1.58332,2.31277,1.16706,0.0348902
108.329,-2.14527,-0.971237,107.355,2.84976,-2.60836,129.423,0.506718,1.40386,-1.63712,0.0326715
93.3604,1.7598,-0.513881,45.2741,-2.22714,-0.458778,66.2144,0.662028,2.36413,-0.0551027,0.0311667
55.2404,1.11661,-0.654638,50.6271,-3.61845,-0.388317,39.9891,-2.22828,3.00351,-0.26632,0.0296921
85.3505,2.16256,-1.96127,40.8926,-2.17115,-1.38918,60.9716,0.498829,1.13491,-0.572094,0.0314676
140.271,2.89404,-1.66978,101.104,-3.16639,1.41078,92.3345,0.973893,1.47786,-3.08056,0.0353416
153.578,2.35477,-2.09165,38.4617,-3.05758,-1.60891,134.043,0.18401,1.09117,-0.482741,0.0334472
145.364,1.13414,-2.15907,79.8398,-3.2941,0.444379,45.3153,-1.63158,1.93844,-2.60345,0.0324142
212.938,2.56533,1.0131,65.2103,-3.59308,0.410777,102.938,0.700912,-2.35669,0.602319,0.035281
65.5404,1.13581,-1.25698,50.5157,-2.85718,-2.53423,59.6234,-2.16427,0.836065,1.27725,0.0321079
154.247,2.01286,-1.77105,45.766,-1.56388,1.03149,107.346,-1.03095,1.87532,-2.80253,0.0319087
206.643,-1.81008,-0.936308,128.303,2.83876,1.28837,176.382,0.269989,3.03429,2.22468,0.0341563
102.443,-1.75051,2.85587,71.5706,2.48384,-2.83056,148.53,0.885944,0.284491,0.596754,0.0329327
119.958,2.7145,0.0922004,119.887,-3.38715,-0.0880251,182.232,-0.0639864,-3.13619,0.180226,0.0359214
297.426,-3.20524,-2.49239,32.2731,0.798955,2.71001,87.1761,-1.52311,0.394629,-1.08078,0.0345877
263.652,1.60257,0.019967,100.604,-2.07964,-2.86943,106.917,0.563032,3.14145,2.8894,0.0330469
41.7941,-0.254106,3.10643,32.3396,4.73977,2.82459,40.5024,1.93727,-0.256159,-0.281835,0.0324809
144.225,2.14981,-0.634634,48.8659,-4.14295,3.01162,49.0164,0.124285,2.28316,2.63693,0.0350582
197.847,2.07383,1.55722,125.081,-2.4355,0.201954,92.2497,-0.622732,-1.98488,1.35526,0.0338139
90.506,-3.05726,1.98383,72.8507,2.88128,-1.93083,59.9449,2.00581,0.47095,2.36853,0.0352778
110.515,-2.94026,1.9588,60.2992,1.62707,1.17859,121.969,-2.28969,-1.39146,-0.780205,0.0304757
177.165,-1.93846,0.269893,120.642,1.16993,-2.38275,55.2223,-0.0831241,2.78088,-2.65264,0.0323808
111.986,0.70492,2.5511,109.608,-2.44439,1.49188,106.197,-0.941783,-1.12463,1.05921,0.0323339
92.3524,0.240633,-2.53722,54.9822,-3.72158,-0.18641,50.0596,-1.88805,1.48602,-2.35081,0.0326496
78.2828,-3.12645,-1.50833,66.423,1.1107,-2.52002,70.3357,-0.0149386,1.06897,-1.01169,0.0327257
141.79,-2.47287,1.18807,49.2438,1.6363,3.06068,80.2043,-0.431055,-1.92587,1.87261,0.0325678
230.875,2.91407,-0.798386,59.1085,-1.58861,2.01151,68.5883,-0.499969,2.553,-2.80989,0.0340781
421.996,1.81971,-0.909064,75.0745,-1.85155,-1.10523,120.111,-0.769176,2.38961,0.196168,0.0341263
198.422,1.44492,0.611588,42.7711,-3.96022,-0.969174,190.027,1.37212,-2.85736,1.58076,0.0321671
99.3811,1.67665,1.36603,43.3042,-3.51709,-2.46718,61.6054,-0.597667,-0.975316,-2.44998,0.0324774
169.463,1.69578,0.597609,122.005,-1.44853,1.0985,95.6303,-0.381593,-1.89935,-0.500887,0.0329726
85.3062,-1.00853,-2.74333,52.95,2.9446,3.10318,84.6811,-0.430288,0.653281,-0.436675,0.0295351
174.948,1.9357,-1.0247,117.87,-1.317,1.8487,105.309,1.06071,2.42083,-2.8734,0.0317214
148.593,-1.65524,2.74702,62.3666,1.8222,-1.15469,55.8284,-0.764769,-0.527891,2.38147,0.0285764
135.817,-2.90198,-2.06762,86.9349,2.73994,-2.48839,212.893,0.186778,0.710829,-0.420775,0.0342465
136.801,4.16905,0.927193,69.9958,-0.321918,2.69178,58.5012,0.800971,-2.32559,-1.76459,0.0340852
104.921,-2.64889,-2.34883,65.9479,3.27797,-0.162267,36.589,-0.404403,0.515418,2.18656,0.0333867
132.626,-2.49533,-1.82467,47.2258,1.74431,2.73637,136.666,-0.527169,0.956661,-1.72215,0.0321905
166.937,-1.87878,1.29827,52.292,1.18671,-3.09821,66.9182,-0.713417,-1.97182,1.8867,0.0294512
168.492,-2.96889,2.85582,157.898,2.73641,-1.93354,151.401,0.38674,0.590569,1.49383,0.035838
236.502,2.7669,-1.49091,81.9344,-2.53999,-0.835959,225.679,0.362942,1.81912,-0.654951,0.0350279
176.659,-1.46741,-1.36215,128.85,2.63861,0.33415,125.896,0.715816,2.19942,1.6963,0.0317372
150.028,2.56625,-1.72532,40.8422,-1.2398,0.586645,63.6459,-0.41002,1.57661,-2.31197,0.0320589
42.0228,2.54007,-2.56938,41.9244,-4.63986,2.40226,41.8313,-2.67534,0.295622,1.31154,0.0310195
134.577,-2.98931,1.66714,39.6819,0.234058,1.5848,123.789,-1.93097,-1.61753,-0.0823396,0.0324222
95.5727,1.42966,-2.65264,50.0844,-3.90523,-2.13653,117.794,-0.945339,0.608746,-0.516117,0.0339998
49.4979,1.03347,0.633735,47.6546,-4.18523,1.8429,60.3202,-0.953241,-1.55579,-1.20917,0.0312113
91.3867,-3.22895,-1.60019,71.6335,1.20956,-1.30724,51.4725,-0.945038,1.8117,0.292953,0.0331278
122.515,-3.26237,-1.31215,119.308,2.23107,-0.357122,114.908,-0.987444,2.3528,0.955023,0.0338012
248.789,-2.49946,2.86013,53.7303,1.30882,0.269623,183.836,-2.13038,-0.214796,-2.59051,0.0332497
92.5778,2.45941,-1.93996,62.3496,-2.24829,3.02841,97.3067,0.979175,0.386711,1.31481,0.0327366
120.964,1.87808,1.9274,35.5919,-4.03688,2.20372,79.3582,-1.0535,-1.0664,-0.276321,0.0332244
72.3421,4.41844,2.90472,53.3557,-0.776936,-1.22876,56.8778,1.01762,0.411429,-2.1497,0.0322397
113.524,2.74887,-1.24788,34.5545,-0.904563,0.514051,57.3738,2.42589,2.57843,-1.76193,0.030316
54.5721,-2.65714,-0.438306,41.5215,1.55851,-1.40248,75.0852,-1.48523,2.90543,-0.964178,0.0320445
158.662,-2.404,-1.2967,56.0453,1.9807,-1.22291,126.676,-1.04831,1.68905,0.0737922,0.0326757
144.749,3.74632,2.73249,66.2383,-3.48809,-2.86337,113.855,-0.0169622,-0.166426,-0.687324,0.0371534
322.112,-1.15685,2.1829,36.906,3.08775,-1.92508,84.5604,0.179209,-0.687858,2.1752,0.0333771
161.049,2.85769,-1.55351,94.3528,-2.58416,1.66612,80.9376,0.814265,0.36235,3.06356,0.0347926
137.63,1.76676,-0.538329,42.3103,-1.79204,2.32714,56.7712,0.0137872,-3.11293,-2.86547,0.0304697
138.451,-1.30822,1.53273,118.935,2.26442,-0.682766,84.8878,-0.851856,-2.59446,-2.2155,0.0322563
90.0216,-1.70155,-0.92355,59.2985,2.39356,-0.594635,111.12,0.959041,1.97194,0.328915,0.0317561
109.268,2.28422,-1.71235,101.087,-1.25435,0.176945,132.262,0.233808,2.43443,-1.88929,0.0284693
77.2745,1.18413,-0.0502358,49.5035,-2.83952,-1.31754,70.5137,-2.18991,2.00553,1.2673,0.0303376
72.4702,-1.97113,-1.95675,34.9478,4.53332,3.13112,65.7647,-1.81486,0.881887,-1.19532,0.0345019
426.03,-0.463316,3.07806,63.3924,2.6817,1.663,270.487,1.15307,0.0380068,-1.41506,0.0342887
184.767,-2.47672,2.32231,75.4022,2.0915,-2.2026,126.055,-0.0871989,-0.431685,1.75827,0.0319935
149.535,1.4054,-2.45984,85.2142,-3.44968,2.57841,209.331,-1.39969,0.274698,1.24494,0.0342656
141.964,-3.47413,-2.10413,74.8913,1.66522,1.02436,91.1521,1.02379,1.53919,3.12848,0.0347207
134.125,0.814445,0.573103,44.5432,-3.33232,-1.67656,103.652,0.904036,3.10129,2.24966,0.0326335
45.6105,2.80418,1.70652,42.3747,-3.89826,-0.106262,52.2201,0.887053,-2.31204,1.81278,0.0333405
206.027,1.09106,-3.10878,53.491,-2.54586,-0.0997231,120.912,-0.215141,-0.034479,-3.00906,0.0325402
71.6694,-2.78442,1.59296,66.431,1.46926,1.39399,99.225,-0.990541,-2.0432,-0.19897,0.0293227
107.428,-1.92935,1.46363,42.9088,4.22862,2.63293,94.9495,0.852988,-1.47294,1.1693,0.0343671
145.268,1.9432,-1.16096,79.0591,-2.32925,0.679973,49.8471,1.2176,2.2896,-1.84093,0.0304264
95.8422,-1.61075,-1.70664,46.615,2.63398,-1.38614,97.4057,1.5964,1.63488,0.320496,0.0306562
172.076,0.0828502,0.115067,52.9194,-3.09578,-2.15811,75.3876,-0.512909,3.03136,2.27317,0.0303634
154.149,-3.37317,-2.63625,105.483,0.962713,1.17879,54.2261,-2.06192,-0.163424,-2.46815,0.0346994
87.9691,1.96099,-0.0590977,82.0051,-1.7987,0.925968,96.3237,0.247786,-2.96714,-0.985066,0.0302869
132.97,2.17397,2.8796,35.9277,-2.1711,0.635156,67.7724,0.782179,-0.648342,2.24444,0.0313947
116.093,3.57817,-0.892833,103.375,-0.952906,1.36276,91.2543,-0.690999,2.90983,-2.25559,0.0347299
114.232,3.59759,-1.52518,82.1611,-1.89268,1.57775,32.7371,-0.439314,0.318629,-3.10293,0.0348488
235.402,1.46664,-0.62283,44.8591,-4.18259,1.5945,149.401,-0.707006,2.74512,-2.21733,0.0284785
61.5518,3.45013,-0.858558,58.2312,-0.0755072,-2.64079,61.2377,1.91159,1.65053,1.78223,0.031918
73.3491,-3.86338,0.654923,39.0276,2.16173,2.16403,57.1967,1.64431,-2.03242,1.5091,0.0312916
87.8636,-1.68598,1.84009,38.3747,2.00574,-0.500143,48.5883,-0.24035,-2.48743,-2.34024,0.0309777
114.269,2.49964,-1.63088,63.2655,-3.40326,-1.44699,113.025,-1.41012,1.53695,-0.183891,0.0349345
104.102,1.03418,0.863986,41.5079,-2.73699,-1.76275,39.347,0.138126,-2.79539,2.62674,0.0307201
131.262,-1.6637,0.270028,107.497,2.84466,1.8449,97.7037,1.33299,-2.18705,1.57487,0.0334864
168.537,-1.1934,-0.228279,74.7778,2.46132,-2.79089,120.517,0.305213,2.76589,-2.56261,0.0323138
67.379,-0.910412,0.525877,44.3096,4.20159,1.75404,95.2593,-0.182454,-2.19879,1.22817,0.0273997
148.307,-0.0233081,2.11409,79.8572,4.21092,2.41557,245.484,1.05103,-0.948642,0.301475,0.0356276
92.4353,3.03607,-0.141975,36.1307,-1.72187,2.77165,62.8428,-0.0454959,2.14564,-2.91363,0.032533
70.4711,3.05068,1.89519,36.5177,-4.17119,-2.60979,30.675,0.44887,-0.572767,-1.77821,0.0310149
162.891,2.44604,-1.50843,108.822,-2.24559,2.1127,36.9132,-1.09242,-0.26051,2.66205,0.0314721
89.8489,-2.52297,-1.79929,43.6754,2.7857,-0.359828,34.8344,-1.24512,2.11634,1.43946,0.0311969
77.3556,2.87934,2.72099,37.9476,-1.14406,2.33602,91.2211,2.20017,-0.624726,0.384974,0.0299065
157.235,-1.89936,3.04206,38.276,4.62409,-1.9746,99.1991,0.492487,0.0821111,1.26652,0.0358413
230.716,0.798695,3.13335,48.3069,-3.75687,-1.53721,193.847,-0.419651,-0.203237,-1.61263,0.0339729
118.413,1.12769,-0.816019,112.175,-2.73929,3.01015,65.2803,-0.343258,1.327,2.45701,0.0314192
141.933,-1.36506,1.84228,30.5738,3.11276,0.176421,107.463,-1.312,-1.63072,-1.66586,0.031925
81.7428,-2.58777,-1.77719,69.0272,0.975209,0.157016,39.5069,-1.41292,2.56649,1.93421,0.031529
157.453,-2.25908,2.86191,135.351,1.41522,-1.50088,145.158,-0.0575982,0.671546,1.92039,0.0327432
154.787,1.67652,-2.40702,100.851,-1.38115,0.658611,50.0782,-0.523825,0.774815,-3.06563,0.030426
170.202,-3.08246,1.43354,60.5849,3.07041,-2.57301,64.1681,2.35231,-0.891016,2.27663,0.0355415
77.5689,-4.24839,0.920084,67.2182,1.89066,1.06368,80.7755,-1.07423,-2.33909,0.143596,0.0353656
90.0316,-2.14606,-3.09663,81.2988,0.998039,-2.34549,99.0129,0.191993,0.412331,0.751139,0.0315666
100.605,0.309837,-2.65304,50.0232,-3.61662,1.57606,88.1054,-1.30276,0.328901,2.05409,0.0320845
134.953,2.75478,0.133218,69.3656,-2.39249,-1.06239,103.525,0.166704,2.91098,1.19561,0.0321775
83.6589,0.682634,-0.923107,34.9331,-3.76705,0.0304405,74.1395,-0.753264,2.47036,-0.953547,0.031828
108.474,1.46624,-0.981123,65.7947,-3.78484,-0.16504,113.979,-1.42278,2.6964,-0.816083,0.0327246
108.303,-1.17097,2.30337,96.3211,2.43358,-2.70574,80.5066,0.81991,-0.304542,1.27408,0.031918
72.6814,-1.69073,-2.41768,45.2501,2.98694,1.53123,45.0327,2.62839,-1.13653,-2.33428,0.0325012
147.521,2.07266,-2.49182,38.271,-3.03621,2.31877,69.4756,-0.525132,0.551925,1.47259,0.0328364
127.119,2.661,-0.135306,49.4103,-1.31432,-1.16965,49.4292,0.167333,3.11501,1.03434,0.0320859
206.508,0.0792868,-0.400066,50.3236,-4.02602,2.54441,144.72,-1.08731,2.80552,-2.94448,0.0338282
253.231,0.875543,1.71997,51.0698,-3.59546,-1.91228,93.1257,-0.48374,-1.00617,-2.65094,0.0338947
82.0785,-2.2115,1.33716,68.7939,2.77188,-3.00882,81.7854,0.964456,-0.795491,1.9372,0.0325279
113.819,2.65535,0.190118,60.7306,-3.14227,0.406062,137.204,-1.02013,-3.00539,-0.215944,0.0347357
319.973,-2.5354,1.51357,34.6679,2.81101,-2.29609,157.796,0.374256,-1.69012,2.47353,0.0344676
104.604,-0.878076,-0.429447,57.8345,3.52839,1.74198,38.501,-0.110643,-2.82393,2.17143,0.0332757
146.878,3.2568,2.12643,136.051,-0.532522,-1.30073,31.5344,1.74162,-0.611112,-2.85603,0.0339667
261.148,-1.75204,-2.89243,170.171,3.25482,-1.34725,299.756,0.385153,0.801299,1.54519,0.0363247
118.833,-0.0845409,-0.830453,68.937,4.30525,2.13439,46.4263,0.832802,2.75598,2.96484,0.0338764
253.709,-2.95205,2.40245,33.8457,4.42532,0.664862,221.594,0.253011,-0.852999,-1.73759,0.0376921
133.183,1.12209,0.690532,57.6879,-3.27859,0.0816339,92.4479,0.365378,-2.24748,0.608898,0.0335218
80.8693,1.9628,-1.43373,35.1782,-4.53552,-0.958844,76.9371,-0.945162,1.9232,-0.474889,0.033904
89.2144,2.1595,-1.7628,71.5506,-1.53806,-1.68921,97.6726,0.909162,1.55204,-0.0735905,0.0317943
124.733,2.81903,-1.52098,30.6683,-3.46753,-0.470388,90.5017,-1.88334,1.84895,-1.05059,0.033628
109.723,-3.07927,3.00443,90.2863,3.44477,1.5295,148.554,0.0180423,-0.398328,-1.47493,0.0355649
131.636,-2.06454,-1.89816,67.5913,1.97943,0.667397,70.0357,-1.05944,1.36641,2.56555,0.0317389
74.783,-2.61488,1.46811,44.3086,3.67577,2.30405,135.877,0.12697,-1.37409,0.835936,0.0338956
129.685,-2.16331,3.05388,65.9051,3.34887,2.03457,123.638,1.7068,-0.332178,-1.01931,0.0340484
72.2063,-1.51535,-1.57231,66.4301,1.84745,0.874161,33.8278,1.26049,-3.04091,2.44647,0.0310566
241.501,1.85377,-1.22932,63.3321,-2.35122,-2.89824,151.497,-0.881342,1.42341,1.66893,0.0338281
124.208,1.34081,2.21376,52.537,-4.14633,1.15493,123.845,-1.78398,-1.33855,1.05883,0.0347268
72.4204,2.51687,-1.62777,71.7535,-1.1531,-1.95863,67.4716,-0.541013,1.60256,0.330858,0.0302013
162.809,3.17099,-3.11695,68.2079,-3.36639,0.0943047,45.2211,0.996032,-0.205941,3.07193,0.036052
366.549,-1.4745,1.37052,53.1551,3.66973,2.78716,312.823,0.495861,-1.66013,1.41664,0.0343299
132.199,2.91322,1.15697,61.8737,-4.281,-3.11754,57.7543,0.637849,-1.11932,-2.00867,0.0366535
129.485,3.50516,1.93705,82.7868,-0.673316,2.53958,123.129,1.59065,-0.871353,-0.602525,0.0349959
157.493,-2.86661,-0.522429,153.069,2.36762,-0.73348,96.4631,0.824715,2.64416,-0.211051,0.0351827
66.0309,0.117277,2.77171,43.8928,-4.39622,-2.64106,125.062,-0.667161,0.333667,-0.870408,0.0333988
106.784,1.40813,0.740343,34.2797,-4.31129,2.49199,73.856,0.639597,-2.54846,-1.75165,0.030498
234.223,2.76647,1.45615,39.3182,-3.78156,0.530832,137.407,-0.994911,-1.44076,0.925322,0.0358094
305.098,-2.72585,-0.196,120.05,2.22181,2.02115,218.103,-1.59007,-3.04905,2.21715,0.0342252
80.4288,-2.74696,2.94888,47.3195,3.69547,2.95536,49.5727,1.64468,0.069533,0.00648236,0.032485
124.125,0.641707,2.70112,88.8905,-2.62356,0.826544,73.8767,-2.1334,-0.934363,1.87458,0.0320889
77.1864,-2.56945,-2.29533,60.0202,2.56559,-0.36543,57.5901,-1.49919,2.02277,1.9299,0.0294649
190.144,-2.14867,1.37187,123.997,1.96615,2.34559,114.638,0.429838,-1.62808,0.973718,0.0335914
128.101,-1.70982,-2.68749,70.3337,2.54881,-0.759265,99.9343,-0.730922,0.817632,1.92823,0.0323879
124.014,-2.34045,-0.393925,85.8852,2.77116,-1.22157,147.282,1.20056,2.52429,-0.827644,0.0335798
292.035,0.774625,0.627954,43.1884,-2.58485,-1.08684,296.318,-0.890135,-2.77752,1.71479,0.0331106
95.7565,-1.97935,2.894,34.9747,3.39345,-1.88125,71.1075,-0.595177,0.294084,1.50794,0.032666
146.201,-1.45552,2.24474,46.7913,2.23874,2.01991,103.762,-1.20126,-1.24273,-0.224833,0.0311052
126.583,2.87472,2.24048,90.3184,-2.73595,-0.0366508,66.1125,-0.361577,-1.70269,2.27713,0.0341678
134.962,-0.368203,-0.547152,70.7687,3.91565,-2.37147,48.2754,1.77782,2.42153,-1.82431,0.0336984
151.056,1.33834,1.85981,35.0411,-2.5836,-1.52695,55.4708,-0.470008,-1.09337,-2.89642,0.0317321
154.935,3.06787,0.0945947,52.8327,-2.58953,-1.20514,122.351,2.52265,3.11913,1.29973,0.0318013
147.577,1.6908,1.3174,94.2138,-2.66086,2.98652,127.055,-1.54069,-1.13973,-1.66912,0.0332098
47.0186,2.1468,-0.815268,38.2542,-3.20755,-0.0693386,55.7459,-1.45581,-3.04021,-0.745929,0.0315358
85.0793,-1.40728,-2.17346,53.4465,3.8811,-0.540238,54.6866,1.86031,1.54745,1.63322,0.0313783
85.0938,-3.8455,2.33763,79.4762,0.612218,1.44046,81.3457,-1.75448,-1.0041,-0.897173,0.0291163
143.687,-1.59014,1.88853,93.4322,2.44614,1.65804,100.428,0.969025,-1.25179,-0.230485,0.0327241
111.036,1.68014,-0.829739,59.5503,-3.14576,-1.70714,60.9119,0.998727,1.97302,0.8774,0.031961
96.5829,0.537708,-0.258478,34.1792,-3.89217,1.97064,51.8831,-1.28844,2.46141,-2.22912,0.0326955
46.9048,4.337,-1.41671,45.7696,-2.65158,-2.67339,50.4554,-0.845639,1.55883,1.25668,0.0331557
55.1873,-3.01514,-3.04671,36.6863,2.37301,-2.16768,79.0772,-1.51892,1.05522,0.879032,0.03209
93.9456,-1.30879,-1.95337,81.8487,2.19627,0.130522,35.3089,0.264701,2.5912,2.08389,0.0316171
126.436,2.31003,-1.78384,52.3202,-2.11133,0.596419,62.3196,-0.96769,1.86749,-2.38026,0.033167
191.899,-2.72716,2.85068,134.723,0.452797,0.714669,42.396,-2.60642,-1.66426,-2.13601,0.0338212
43.4166,-2.9899,-2.89324,43.1112,2.5996,2.90045,61.892,-1.72017,0.16118,-0.489496,0.031885
106.772,1.77458,0.504237,99.489,-2.72866,-0.908833,156.303,-0.45146,2.7914,1.41307,0.0328984
66.6215,-0.174544,0.97353,34.7706,4.02408,1.08389,36.2752,2.75969,-1.64115,0.110363,0.0320956
73.4736,-2.74496,1.25079,66.6594,1.68445,-1.61182,58.1273,-1.45223,2.92932,-2.86261,0.0301203
100.062,-1.36127,1.46947,77.2962,3.96962,2.00405,107.316,1.09806,-1.03481,0.534586,0.0346067
74.8535,-2.16392,-2.37564,59.6612,3.14419,-0.387913,47.365,-0.0865923,1.37094,1.98773,0.0314943
88.2418,-2.2957,-1.46883,34.261,2.93855,-2.43672,51.3456,-2.23456,1.70811,-0.967891,0.0305937
121.773,-2.64865,2.88812,41.6997,3.55497,2.36734,46.9797,-0.938876,-0.523663,-0.520771,0.0336823
85.4893,3.01418,-1.49879,37.4534,-2.89368,-0.218683,58.3847,-0.273038,1.35262,-1.2801,0.034038
180.888,-2.85627,-2.49764,69.5305,2.02483,2.7786,121.636,0.557658,0.417525,-1.00695,0.034394
225.809,0.860221,2.54146,68.8728,-3.38298,0.732058,128.654,-1.78153,-1.00023,1.8094,0.0309529
298.769,2.82335,1.51112,92.6698,-1.54414,-2.09276,135.015,0.226081,-1.52426,-2.67931,0.0348304
203.78,2.78136,-1.82235,197.173,-2.68146,-0.197469,214.128,-0.561491,2.2407,-1.62488,0.0363372
85.919,0.42644,-1.17703,76.7588,-3.12828,-2.35906,97.9983,-1.3502,1.5949,1.18203,0.0322428
82.9087,4.10664,-0.840818,42.0434,-2.10012,-1.81712,88.3392,-0.328724,1.92629,0.976299,0.0350029
121.09,-2.06744,-1.85568,74.1642,2.53336,-0.652276,90.5841,0.382846,1.47914,1.2034,0.0329468
121.874,3.21879,0.277324,91.8015,-2.70247,3.04875,29.8998,2.4745,-1.50609,-2.77143,0.033345
86.1082,3.19952,-2.9028,61.6042,-3.36224,-2.7906,106.947,1.43332,0.0816435,-0.112197,0.0347523
114.996,-1.98219,0.386346,113.774,1.59034,1.61251,69.537,0.513332,-1.78797,1.22617,0.0321809
230.84,1.98529,-1.80781,41.1857,-2.06143,2.72566,189.385,0.554339,1.09365,1.74971,0.0325853
138.868,-2.99465,3.00369,58.9498,2.00505,-1.70927,83.7997,-0.335131,0.143427,1.57022,0.0334565
193.894,3.08622,-0.132172,50.166,-3.70344,2.5555,149.705,0.562861,-2.93434,-2.68767,0.0362389
71.5118,2.43628,0.0677848,70.4319,-3.96424,1.63055,80.5756,2.58869,-2.01591,-1.56276,0.0356533
299.013,1.93647,-0.916358,34.9828,-1.3709,1.07597,195.062,-0.443805,2.38678,-1.99233,0.0329245
180.844,1.11926,-1.26372,61.3781,-3.96157,-1.21602,193.24,-0.507013,1.77176,-0.0477039,0.0337229
81.7518,-2.58575,2.66223,49.2794,3.50472,-2.21257,45.0781,1.12974,0.314097,1.40838,0.0327616
124.877,1.43492,-0.828877,124.471,-1.86351,-2.1825,164.793,-0.607549,1.46115,1.35363,0.0324706
141.753,-0.929938,0.440461,87.3658,3.3544,2.06333,109.147,0.453217,-1.81554,1.62287,0.0322333
122.914,-1.10231,-0.581486,55.5059,3.81645,-2.14798,75.1715,1.48736,2.69254,-1.56649,0.0315098
127.196,-1.7454,2.8268,89.7148,2.49287,-1.42788,129.004,1.51394,0.609884,2.0285,0.0342684
218.072,-1.14366,-2.30709,46.7797,2.03264,-2.00368,124.757,-0.509065,1.0638,0.303404,0.0318225
155.622,1.98047,1.28426,51.6797,-2.47041,-2.86435,116.777,1.61817,-1.5963,-2.13458,0.0302464
151.154,0.565903,1.82191,38.0181,-3.65443,-2.04913,53.1984,-2.46793,-0.994757,-2.41215,0.0327962
104.926,2.15813,3.1298,78.6575,-3.30258,-2.99427,57.3311,-0.695897,-0.353133,-0.159122,0.0334788
139.97,-1.63153,0.241518,46.9429,3.24036,-0.689713,115.047,0.744228,3.13986,-0.931231,0.0344307
339.718,-1.49427,2.82226,267.993,1.66374,-2.99385,238.409,0.481808,-0.106531,0.467083,0.0334985
84.1779,-3.8315,0.614074,76.2524,2.79562,0.866612,71.0117,0.430527,-2.16476,0.252538,0.0355771
161.294,2.39816,-1.19204,79.353,-2.55964,-0.972622,80.8818,-0.0593097,2.03716,-0.21942,0.0334717
313.104,2.67645,-1.30748,112.461,-3.33799,2.50645,69.32,-0.84834,1.51281,2.46925,0.0372777
112.559,3.86036,2.84149,48.9132,-3.15287,-1.8023,71.4953,1.74166,0.224889,-1.63939,0.0365998
126.139,-3.24245,-1.5753,86.0639,2.9445,0.919842,68.8204,-1.38524,1.92707,2.49515,0.0350211
110.096,3.01359,1.66104,51.7983,-2.54718,0.988699,124.419,-0.773953,-1.68773,0.672343,0.0314205
98.3944,-2.93154,0.0453748,57.1566,3.23988,1.98148,72.8226,0.989621,-2.67251,1.93611,0.0341212
131.597,-2.19967,3.04158,96.3675,3.57918,2.58584,189.775,-0.635164,-0.368892,-0.455744,0.0353623
196.839,-1.73096,-2.37401,36.8512,3.94111,-0.335124,64.1031,0.561746,0.399917,2.03888,0.0342184
145.328,1.24262,-1.10927,48.2236,-2.78603,-0.203607,128.56,-0.217261,2.07981,-0.905667,0.0319375
127.558,-3.46497,-1.33185,62.2477,0.191637,-0.478594,77.3433,-0.00409345,2.17154,0.853252,0.0327349
121.79,-1.93757,-0.652835,53.2894,3.34627,1.09765,78.0442,1.01328,2.94334,1.75049,0.0330996
104.924,1.92107,-2.82131,76.1593,-1.12482,-1.17754,88.5388,-0.461481,0.0416093,-1.64378,0.0322532
211.973,-1.53787,-0.683663,50.7059,3.36812,-3.11464,123.172,1.35001,1.9207,-2.43098,0.0341853
198.223,-2.18877,2.28287,92.3771,1.30423,2.02973,105.097,-0.113614,-1.05843,-0.253138,0.0331168
139.995,-1.9432,-1.08471,56.7457,3.94836,2.94211,111.157,1.69328,1.41322,-2.25637,0.0336524
55.3475,2.25712,1.46272,50.4937,-3.24569,1.9912,83.7037,-1.39651,-1.7575,-0.528477,0.0332674
79.1433,-2.05995,1.43881,52.7043,1.80393,-2.91123,38.0608,-1.16008,-0.842028,1.93314,0.0316327
127.914,0.951688,1.00599,70.0962,-3.19965,1.21747,140.602,-2.25254,-2.26648,-0.211484,0.0340822
196.222,-2.55885,2.04677,46.1691,1.13057,0.949269,96.9476,0.315535,-1.00953,-1.09751,0.0329247
124.968,-2.04042,-2.87156,92.0723,2.07758,2.8683,79.0955,-0.244502,0.206863,-0.543325,0.0327833
99.4856,-1.43173,1.12534,38.1644,3.6576,0.218367,42.8729,2.31055,-1.30357,-0.906977,0.0331233
118.81,2.16293,0.156489,48.744,-3.47874,2.27663,71.5051,-1.24242,-2.42028,-2.12014,0.0319032
83.9006,3.18669,1.707,70.8194,-1.03312,0.560356,105.287,2.56952,-1.76602,1.14664,0.0325225
203.585,3.13015,2.2713,38.9786,-3.08652,0.847353,148.251,-1.37561,-1.05538,1.42395,0.0357259
91.9954,0.445322,2.3987,60.2321,-3.32561,2.56507,72.3837,-1.32871,-0.723387,-0.166371,0.0309642
78.2387,2.37562,-1.89996,60.2778,-2.88031,-2.81194,88.8064,-0.37119,1.01905,0.911977,0.032574
118.402,-1.93458,-3.05775,97.5022,1.66942,1.38269,80.4772,0.0949503,-0.835008,-1.84275,0.0322207
139.19,2.5273,2.35513,119.446,-0.63656,-0.784494,97.1724,0.215471,-2.18673,3.13963,0.032334
184.46,0.496798,-0.44575,80.3646,-3.63662,2.96126,120.274,-0.364976,2.99985,2.87617,0.0334433
93.2625,-1.70437,1.29413,77.9655,4.29018,-0.82461,95.8208,1.51408,-2.58227,-2.11874,0.0343436
93.4495,3.10711,1.51433,83.3169,-3.47697,-0.471532,38.4305,-0.291509,-2.62136,1.98586,0.0356154
166.742,2.43067,0.21792,39.1314,-0.998616,-2.0966,103.623,0.350442,3.04704,2.31452,0.0319123
157.966,-2.85073,1.15763,41.6198,1.53802,2.90897,75.919,-1.95802,-1.75617,1.75135,0.0327313
133.725,-2.81534,-1.1275,72.8375,2.07016,-1.85295,133.342,0.0771957,1.28977,-0.725458,0.0337507
210.917,2.36876,-2.04633,61.2349,-2.76751,-2.6197,144.617,1.3421,0.809736,0.573367,0.034291
119.51,-0.943818,-1.98782,67.7995,3.0221,-0.28876,89.9597,1.64347,1.49276,1.69906,0.0325347
172.874,-0.667427,2.43111,47.4909,2.82178,-1.95066,82.6791,-0.0998711,-0.916707,1.90141,0.0289812
69.8507,-4.78286,-1.1539,55.8164,1.88058,0.697959,66.8097,-0.740272,-3.12421,1.85186,0.0376071
165.036,2.40157,0.0469798,50.5764,-4.04554,3.04776,80.8757,-0.417772,-2.82924,-3.00078,0.0349489
77.062,3.2342,-0.600925,72.9276,-3.06944,-2.32885,48.5929,-2.29511,2.33716,1.72792,0.0352346
73.8742,-0.998733,-2.89533,41.2921,4.22597,-1.5963,54.8729,1.85716,-0.225618,1.29903,0.0325409
203.269,-2.2026,-2.24318,35.6573,4.35636,-0.860615,145.239,-0.048961,1.11438,1.38257,0.0357039
165.647,0.923835,-0.517678,95.1761,-3.3685,1.86127,26.7602,-0.542665,-2.70452,-2.37895,0.033338
179.157,1.91683,1.35472,51.261,-1.76389,-0.302098,122.552,0.879574,-2.06988,1.65682,0.0314355
72.7252,2.90752,-1.6269,40.0965,-1.13184,-1.33667,51.0527,1.56197,1.76907,-0.290224,0.0298
138.574,0.827033,1.64132,88.7701,-3.48847,-0.43404,83.3558,-1.29272,-2.12138,2.07536,0.0321327
156.591,2.59922,0.163216,31.9177,-3.7816,0.0892867,147.147,-0.181367,-3.02697,0.0739297,0.0344406
71.1673,3.36066,-0.122731,65.6473,-2.91274,1.20409,53.1859,1.34784,2.90426,-1.32682,0.0315446
84.7936,0.490908,2.51982,43.2569,-3.44718,3.03565,61.522,-1.90653,-0.414962,-0.515827,0.032435
106.194,-0.639843,2.0518,79.5808,2.95606,-2.3487,75.5414,1.40271,-0.823709,1.88268,0.0321169
231.523,2.37586,-0.0361403,131.226,-1.63944,0.318666,190.091,-0.365588,-3.07842,-0.354806,0.0325256
92.1299,-1.56821,-0.609728,56.1644,2.24187,-1.01361,101.513,1.10918,2.28313,-0.403879,0.0313672
266.137,1.16011,-2.17829,205.214,-3.59169,2.96847,229.975,-0.255043,0.648855,1.13642,0.0366793
102.25,-2.97459,1.33238,43.5871,1.4274,-1.31861,63.9395,-2.77636,-1.33187,-2.65099,0.02863
102.527,-2.33473,-2.36174,35.3487,3.47478,-1.52551,90.4136,-1.41169,1.19554,0.83623,0.0337832
89.3495,2.06805,-1.66428,78.0281,-3.28583,-2.57758,43.6465,-1.25135,1.48667,0.9133,0.0335752
123.674,2.60549,-0.999492,42.5362,-2.69935,-1.27793,42.9194,1.08848,2.20559,0.278436,0.0328803
82.9601,-1.66718,1.02149,32.3806,4.19859,1.1477,66.7049,-0.855803,-1.87734,0.126205,0.0321426
123.903,-2.70285,-0.128761,53.9253,2.77502,-2.74479,84.9808,-1.85873,2.09953,-2.61603,0.0339992
96.8861,2.77169,-2.51143,83.5428,-0.934933,-1.63406,57.3225,0.455441,0.690497,-0.877375,0.0309714
163.728,1.55459,0.110005,72.7352,-1.57273,-3.01032,59.8367,0.668338,-3.1093,3.12032,0.0314592
94.0695,-3.51542,2.40343,43.2263,3.37692,2.68982,147.857,1.89448,-0.73498,0.286385,0.0371463
142.813,1.0485,-2.91118,123.295,-2.84361,0.936872,52.1853,-1.98381,-1.91537,2.43514,0.0292405
97.8503,2.14881,-2.45012,93.1466,-1.18242,2.25375,40.6296,1.72176,0.711589,1.57931,0.0320321
146.211,-2.29769,-2.48007,106.753,2.74625,0.0996342,97.9207,-1.18305,1.53445,2.5797,0.0344834
219.906,2.68956,-2.85203,69.6985,-3.35267,-2.38157,231.775,-1.71395,0.421756,-0.470463,0.0365788
106.189,2.86265,1.58635,49.9446,-2.44175,1.41345,93.5539,-1.71359,-1.86185,0.172901,0.0335298
125.945,-2.37883,-1.87704,67.7035,3.3674,-2.05615,122.993,-0.26093,1.253,-0.179109,0.032582
273.093,2.8885,1.20267,61.1855,-3.85973,-0.453013,97.9535,-0.939461,-2.29302,1.65568,0.0381766
138.87,-1.25002,0.889258,73.6699,3.08536,-0.0929629,109.752,1.14182,-1.7553,-0.982221,0.0342147
333.333,-2.79636,-1.80046,100.098,2.466,2.99323,173.167,0.0767712,1.07383,-1.4895,0.0360862
93.7122,-2.07965,-1.43521,54.1489,2.5597,-2.24056,106.357,-0.632284,0.964403,-0.805352,0.0346443
178.632,1.51656,1.36502,97.6248,-3.32951,-0.41419,77.0612,-2.04332,-1.78007,1.77921,0.0349354
128.099,1.56184,2.20464,37.7241,-2.67379,1.06672,86.6447,-1.17145,-1.18182,1.13793,0.0337164
70.6692,3.1374,-1.16074,53.9672,-2.07235,1.39159,42.2765,1.70422,2.58557,-2.55233,0.032405
99.8408,-2.63424,-1.49317,53.7831,1.40991,-2.37513,62.5415,0.501988,1.29471,-0.881958,0.0287865
253.913,1.89417,1.46375,85.4728,-3.67559,-2.08584,162.136,-0.1706,-1.65399,-2.73359,0.0360429
105.252,2.47009,-0.033498,63.2855,-3.97189,2.71924,62.5297,0.80223,-2.41527,-2.75274,0.0358941
155.923,1.24105,-2.30313,43.937,-3.20108,-0.35254,93.8858,-0.530087,1.18248,-1.95059,0.0320248
82.161,1.65512,2.44368,37.2232,-3.08133,-1.72273,52.3427,-1.22912,0.289743,-2.11677,0.0301232
236.22,1.44447,-0.236252,91.0191,-2.33961,2.87811,130.693,0.0346678,2.97247,-3.11436,0.0328794
93.7596,-1.54183,1.52018,37.1196,2.89359,2.64182,91.8967,0.224664,-1.43594,1.12163,0.0308577
77.5828,-1.68781,2.69184,68.9546,3.31273,1.72984,57.4824,0.189324,-1.20882,-0.961995,0.0311135
145.046,-2.71857,-2.29389,61.7239,1.80371,1.76497,63.3362,0.109747,-0.0598731,-2.22432,0.0319858
84.1271,-2.82022,-1.38038,78.4349,3.35684,2.55713,98.5628,0.578213,1.19283,-2.34568,0.0345138
158.66,1.36004,-3.01838,50.9157,-2.13243,-2.99606,150.956,-1.06752,0.340339,-0.0223215,0.0330413
79.2526,0.121532,-1.11847,50.4449,-3.37455,3.1124,49.2271,-1.73484,1.7114,2.05231,0.0293806
179.449,-2.25632,-1.11394,32.5967,4.45903,-0.659801,95.3144,2.05385,1.39405,0.454141,0.0352679
162.337,0.716165,0.46313,58.3961,-3.35952,-0.464423,131.329,0.212607,-3.02167,0.927554,0.0332199
138.221,2.23317,1.61543,53.3615,-3.22422,2.93956,81.2607,-1.72446,-1.48106,-1.32413,0.0343507
126.787,-1.86174,-2.22674,48.8298,3.84795,-0.306732,122.094,-0.672,1.44213,1.92001,0.0335198
230.539,0.473707,-0.400909,172.393,-2.73464,-2.85482,47.7128,-1.22662,1.81991,2.45391,0.0326474
95.1307,0.954471,-2.12359,32.3187,-4.24821,-2.5018,73.8189,-0.105437,1.08396,0.378211,0.0316351
147.798,1.58821,0.387857,30.9081,-4.02226,-0.871679,87.5149,-0.101453,3.11526,1.25954,0.0337263
99.943,0.553356,2.52958,50.1955,-3.38113,0.0195878,31.858,-0.38966,-0.627592,2.50999,0.0297855
144.05,1.99886,2.5793,93.8333,-2.55586,-1.783,86.0249,0.255692,0.379411,-1.92088,0.033534
111.319,-1.80541,1.39075,68.4565,2.94974,1.59777,96.4475,0.201832,-1.28659,0.207017,0.0320676
442.46,1.66061,-2.23518,50.6584,-4.25176,-0.443781,89.3223,0.0830795,1.12951,-1.7914,0.0365611
88.7086,-2.11205,0.133102,85.4794,4.45676,1.65734,87.47,1.34807,-2.16204,1.52424,0.0374193
123.473,-1.43555,-2.71647,62.2469,2.00765,-0.18285,42.228,-0.150884,0.828747,2.53362,0.0298473
55.5149,-3.49802,2.33704,48.5819,4.21554,-2.13621,42.4326,-1.11917,0.471116,1.80994,0.0352449
77.8722,-1.86642,2.19453,64.8543,1.95828,0.28193,56.0252,0.10486,-0.274255,-1.9126,0.0289798
176.579,1.09164,2.35979,117.548,-4.11268,1.03661,94.135,-1.73645,-1.54443,1.32318,0.0368996
172.019,-1.967,0.724356,75.145,1.42952,-1.87112,79.9112,-0.911962,-2.67857,-2.59547,0.0321942
131.67,-1.37388,2.51309,54.0487,3.32935,2.65204,125.79,1.65758,-0.313234,0.138951,0.0331602
117.467,0.504514,0.520512,89.0058,-2.79539,2.20909,73.2414,-1.72088,-1.65991,-1.68858,0.0324793
140.368,-2.92212,-2.20619,72.7404,1.47648,1.92386,94.592,0.410148,0.336049,-2.15314,0.0356766
61.7086,-4.47327,3.10604,39.7535,2.2214,1.42385,35.0819,-0.6162,-0.467186,-1.68219,0.035601
192.766,1.4666,-1.13748,114.533,-2.05702,-0.0781487,198.488,1.07067,2.37907,-1.05933,0.0330161
171.331,-1.96189,-2.12054,72.402,4.32707,-2.70129,209.405,0.18249,0.510276,-0.580756,0.0370055
47.8689,1.85207,2.83052,37.575,-3.13702,-0.404396,39.3241,-1.07052,2.31949,-3.04827,0.0263865
132.968,-3.00299,-2.68521,72.578,1.45048,-2.78009,192.987,-1.91618,0.46165,-0.0948887,0.0327956
116.99,1.42381,1.29915,45.733,-1.83551,-2.49704,90.9906,-0.747399,-2.01488,-2.48699,0.0312266
145.038,-2.12971,2.73748,141.112,1.38227,-1.76567,107.606,0.187863,0.524712,1.78003,0.0327119
95.0617,-2.543,-0.709202,47.4696,3.23015,0.619369,74.208,-2.06071,2.74647,1.32857,0.0337581
201.068,-2.49802,-2.99019,45.2877,3.56235,1.7978,149.204,0.0995167,-0.126079,-1.4952,0.0337465
120.026,-2.11317,0.307787,78.5856,3.29252,0.938335,85.0836,0.684911,-2.63059,0.630548,0.0328957
84.896,-3.0217,-2.63449,36.2989,2.02933,2.98633,90.7496,-1.82856,0.187965,-0.662369,0.0306741
192.315,-0.253695,2.54489,107.086,3.2858,0.784203,158.269,0.987925,-1.21088,-1.76068,0.032316
96.3613,2.06896,1.69369,71.7227,-1.08086,-1.49344,48.5402,1.48545,-2.38146,-3.09605,0.0293658
66.3592,-3.75105,-2.13791,32.7567,3.13564,2.50723,80.7092,-1.65061,0.531777,-1.63805,0.0357812
205.262,-2.35598,-0.717557,83.9441,2.24853,-0.94568,173.332,-1.09466,2.4185,-0.228122,0.0341286
103.888,-3.085,-1.71548,78.9825,1.80223,-3.04264,137.234,-1.10154,1.20975,-1.32716,0.0314985
88.5074,3.80859,-0.990853,34.6558,-0.937423,1.05415,28.4887,2.46325,1.77161,-2.045,0.0333075
350.405,1.07518,-1.74019,45.1952,-2.57549,1.33973,131.024,-0.93328,1.33078,-3.07992,0.0332646
79.1421,2.5625,-0.293295,68.0451,-3.73994,1.86791,69.0414,-0.502041,-2.43907,-2.1612,0.0327352
83.8531,2.60208,2.22362,78.3895,-4.42102,-1.88434,34.2605,1.52079,1.35317,-2.17522,0.0386585
70.9426,-1.94607,0.536722,32.9673,2.29316,1.98104,44.7416,-0.972675,-2.52856,1.44432,0.0288659
88.1687,0.21865,1.03289,51.9563,-3.49322,-0.282819,61.3598,-1.27272,-2.27469,1.31571,0.0321204
123.322,-2.12073,-1.52693,57.3195,3.85321,-3.05298,103.574,0.527293,1.6653,-1.52605,0.0345352
123.437,-0.376953,-0.734809,80.5438,3.31086,-2.37003,42.8897,0.385186,1.6554,-1.63523,0.0330433
52.331,2.42829,0.609769,48.1958,-2.24737,2.85466,80.051,-0.384572,-1.39336,-2.24489,0.0323414
254.491,2.73831,-0.208981,167.145,-2.37688,-0.527485,333.942,1.13094,2.81914,0.318503,0.036091
159.261,2.56429,1.86594,112.508,-1.94657,1.22972,202.228,0.0262154,-1.18511,0.636226,0.0337171
186.116,-2.38607,1.82449,49.0429,2.01798,-1.2943,102.22,-1.26495,-1.18564,-3.1188,0.0323637
127.797,-0.642789,-1.97774,46.1944,3.3145,0.317417,78.2551,1.51104,1.36505,2.29516,0.0318224
113.537,-3.17415,2.73033,94.518,3.3354,-1.21145,67.7133,0.984874,-0.287608,2.3414,0.0346417
91.8525,3.40441,-1.21845,52.4026,-1.73231,-0.495647,107.577,-1.04332,2.12001,-0.722799,0.0340903
71.9793,1.86268,-3.0894,32.4377,-2.39519,-3.07352,76.5432,0.757969,-0.296929,-0.0158787,0.0295972
110.783,2.67913,-1.77435,100.322,-2.37041,2.49217,70.0268,1.82339,0.661845,2.01666,0.0337781
137.617,1.90134,-3.02143,30.1881,-2.85362,-0.144988,48.7107,-2.02558,0.21522,-2.87644,0.0332954
103.267,2.47513,-2.03338,30.4295,-3.76777,2.87827,45.4248,0.025997,1.28903,1.37154,0.0327773
106.326,-0.737192,-1.65518,42.9621,2.71735,2.91197,61.3375,0.303018,1.1965,-1.71603,0.0317591
69.3682,-1.84731,0.188919,55.4819,1.85937,0.0818955,82.825,-1.00125,3.12888,-0.107023,0.0315717
181.017,3.12154,-2.20784,96.91,-1.20522,2.51277,158.92,1.42549,0.0703483,1.56258,0.0319363
123.641,2.14598,0.616885,43.2593,-2.56462,-2.4436,60.6681,-1.65458,-2.01159,3.06049,0.034816
186.124,-3.04219,-2.58292,47.4344,2.09,-2.81093,120.91,0.834393,0.665768,-0.228006,0.0341737
133.705,2.19574,2.90855,94.46,-2.37283,2.6169,142.649,-1.53803,-0.641544,0.29165,0.0321673
74.263,-1.43841,2.01591,30.3398,3.50253,0.647464,50.3183,1.08227,-1.10244,-1.36844,0.0286659
374.272,1.51287,2.42902,51.0464,-3.9096,1.42156,203.725,-1.30318,-0.764404,1.00746,0.0354528
98.1217,0.393277,-2.7249,56.3605,-4.44682,1.80557,60.2585,-1.39186,-0.284093,1.75271,0.0324084
106.797,-2.72536,1.21983,86.0864,2.2759,-0.0260342,147.87,-1.51377,-2.65708,-1.24586,0.0332109
171.586,-0.900636,0.109726,64.2499,3.74976,-1.8189,118.164,-0.114897,2.60866,-1.92863,0.0338417
96.6665,-1.49375,-0.636802,35.1603,4.0678,2.69913,45.3388,1.54942,1.57089,-2.94725,0.0327884
121.402,-1.03965,0.318388,74.0919,2.77387,-0.413449,163.771,0.373987,3.06719,-0.731837,0.0323368
78.3542,2.69391,1.56878,35.7682,-2.21399,2.40973,68.9045,-1.67557,-1.08065,-0.840951,0.0329572
92.1113,-0.0686118,-0.760741,39.8355,3.57473,-2.17061,114.691,2.12042,1.56628,-1.40987,0.0307
158.559,-0.720145,2.10784,36.5072,3.51186,-2.88395,93.7511,0.86107,-0.958766,1.29139,0.0293664
78.5387,-3.04175,1.17287,37.2821,2.033,-1.19379,53.1685,0.483808,-2.59449,-2.36667,0.0278961
105.045,0.370955,-0.374438,46.8832,-4.14565,1.70485,51.7889,-1.5356,-2.71894,-2.07928,0.0331426
135.714,-2.97252,-2.55135,71.7963,0.955198,0.93956,66.6177,-1.86659,0.595634,-2.79227,0.0294196
127.339,1.77084,-0.2731,40.4907,-2.41149,2.74679,68.0716,0.609484,3.14138,-3.01989,0.0285153
90.8601,-0.409888,1.01188,71.6785,3.2638,-1.24687,71.5134,0.359115,-3.03451,-2.25875,0.0305932
126.521,1.83837,-0.518355,116.711,-2.47939,-2.88682,76.3143,0.822598,2.52813,2.36846,0.0334365
214.621,0.663654,0.0840893,48.4256,-2.82128,0.703717,146.395,-1.06776,-2.86306,-0.619627,0.0329579
180.402,-1.66273,-2.62827,46.6293,4.24393,-2.08169,99.0127,-0.800997,0.766326,0.546587,0.0350099
74.8002,2.18927,-1.79474,38.3303,-4.19123,-0.731789,56.457,-0.499964,1.62499,-1.06295,0.0321822
110.906,2.46091,-1.64868,33.4697,-1.31855,0.19315,71.6464,-0.280573,1.85543,-1.84183,0.0315016
250.888,-3.02252,2.68119,57.5665,2.99593,-2.27735,191.144,-0.409999,-0.240156,1.32465,0.0354417
139.965,-0.256349,-2.19276,50.5014,2.91281,-1.66704,118.334,1.37968,1.27293,0.525724,0.0300789
228.012,2.64016,-1.90523,186.838,-1.63878,-0.254349,103.471,1.25533,1.86612,-1.65089,0.0346409
225.51,0.981362,-2.68486,72.0332,-2.92792,0.991834,130.859,0.241342,0.493192,2.60649,0.0328398
116.783,-3.09045,-2.83978,78.1263,4.01874,-0.797403,104.113,-1.05963,1.10072,2.04238,0.0371894
121.821,-2.39837,0.618901,49.0947,2.81339,-1.45394,86.5827,-1.29269,-2.90778,-2.07284,0.0332104
75.2798,2.88844,0.127975,32.9732,-1.39891,-0.00650315,46.9605,-0.206873,2.60343,0.134478,0.0359251
162.936,2.57932,-2.37619,109.433,-1.28918,-1.6843,100.717,0.688299,0.995255,-0.691887,0.0334427
125.641,-2.20994,-0.759439,47.9503,2.47802,-1.75405,77.2098,0.432887,1.89128,-0.994612,0.0312434
75.8908,2.3021,0.879152,71.9714,-1.57505,0.808974,125.512,-0.414652,-2.20328,0.0701776,0.0301193
116.806,-2.66025,1.56462,79.1897,3.53188,1.63322,154.093,-0.842955,-1.37287,0.0685951,0.0352342
114.187,1.77692,-0.10828,64.2945,-1.76507,0.399815,67.4682,1.28488,-2.86882,-0.508096,0.0315055
233.554,1.30006,2.51174,54.5215,-4.00085,-0.491078,136.774,-0.960916,-0.72765,3.00281,0.0347221
56.2866,-3.10473,-0.5671,41.3148,2.04808,1.052,52.0587,1.34232,-2.21267,1.6191,0.0316904
133.321,2.87503,1.20777,94.8643,-1.38332,0.118223,73.4633,-0.335081,-2.26984,1.08955,0.0333375
73.2584,-2.67044,-0.439014,35.7429,2.45764,-0.78398,47.9813,1.30784,2.13152,-0.344966,0.0323842
94.8495,-2.09836,1.10878,49.6392,3.40581,2.10458,98.2895,1.67018,-1.61293,0.995795,0.0288731
207.131,2.17409,0.946549,59.6957,-4.11521,1.12783,115.446,-0.623103,-1.89868,-0.181284,0.0359671
110.74,-3.13535,-2.04502,35.7584,0.728177,2.50724,51.6113,-0.669228,0.892028,-1.73093,0.0321595
132.248,-0.990394,2.73695,95.3886,3.09319,1.13257,82.1916,0.984756,-1.16511,-1.60438,0.0333788
247.412,-2.78057,0.513693,59.8093,3.45664,1.28146,158.391,-0.36746,-2.49924,0.767772,0.035808
116.278,2.84079,-0.278615,108.322,-2.19217,-2.9428,41.3186,0.937723,1.63943,2.66419,0.0333488
183.207,2.69321,2.39163,65.3168,-2.89779,2.2017,169.681,0.617671,-0.75865,0.189925,0.0340181
160.454,-2.57763,2.99896,84.5823,1.53666,-0.957324,54.6464,0.22649,0.716159,2.3269,0.0307908
130.128,-1.28095,-2.61445,30.7077,3.95913,0.0111503,100.434,0.886628,0.987195,2.6256,0.0313749
68.8873,3.21742,0.556884,35.842,-2.3286,0.152976,80.7119,0.363841,-2.39278,0.403909,0.0327525
167.051,0.861522,1.9572,70.6305,-4.38985,-2.25057,105.02,-0.711063,-0.239442,-2.07541,0.0343843
198.587,-1.77455,-1.70127,69.5994,2.04411,2.23324,28.2969,0.506098,-0.254109,-2.34868,0.0320798
90.827,-2.25544,-0.958516,75.3589,3.19174,2.92293,48.5991,-0.660881,1.5626,-2.40174,0.0321739
92.1645,-2.82642,-1.03368,82.598,3.43293,-0.619721,139.349,1.21412,2.39905,0.413961,0.0344558
113.693,1.95683,2.32318,85.5029,-1.32722,1.72365,52.366,-0.237647,-1.24172,0.599527,0.0306469
210.079,-2.94441,1.99515,79.8045,3.84585,0.879103,72.6596,-0.977178,-1.64205,-1.11604,0.0359083
93.236,1.12741,-2.87899,68.3242,-2.78521,1.47627,51.174,-0.610015,-0.318919,1.92792,0.0297731
437.565,1.44874,-0.0841475,333.272,-1.66109,2.8476,72.2507,1.05276,-2.6177,-2.93175,0.0342458
80.2306,-2.23863,-1.72128,34.2796,2.99142,-0.887322,48.0586,-0.256644,1.38777,0.833956,0.0320304
105.401,-2.86932,2.19396,75.067,1.12957,-2.75188,91.6401,0.350847,-0.466643,1.33734,0.0329733
92.9306,2.41823,-2.00795,30.68,-2.72971,-1.58684,78.1607,0.102922,1.60498,-0.421107,0.0316149
151.793,1.01116,-2.52775,41.2151,-2.59585,-2.25424,42.3402,-1.03331,0.18669,-0.273511,0.0319335
77.7664,3.21769,2.63352,63.9458,-3.50459,2.29541,81.5858,1.0252,-0.566012,0.338113,0.0347221
116.527,2.07236,2.50392,59.1432,-3.38315,-0.539632,72.0108,-0.579814,-0.861873,3.04355,0.0343457
458.1,-2.55259,-0.845446,97.7299,2.37414,1.57518,191.9,-0.846339,2.53401,2.42063,0.0357366
83.6804,-1.70654,2.71682,65.1265,2.25659,1.72041,82.4085,0.746194,-0.549604,-0.99641,0.0301208
98.587,1.43978,-1.21523,59.5596,-1.95293,2.16513,44.2146,-0.287408,0.337608,2.90283,0.0299244
72.6106,-2.40523,-0.0503414,45.668,3.3782,2.72204,40.1386,0.286097,-2.4035,2.77239,0.0318391
103.637,2.35573,-1.62176,100.252,-3.61672,2.05035,50.7029,2.28843,-1.20805,2.61109,0.0346126
138.449,-0.566587,-2.25438,82.7912,3.07213,2.89038,63.6823,1.13642,1.00732,-1.13843,0.0325253
134.312,2.73583,-2.70166,71.9407,-2.9034,2.33115,137.626,0.294069,0.200171,1.25038,0.0316329
92.0632,2.52469,1.54835,63.8331,-2.95965,0.212969,50.3163,-0.977747,-1.75595,1.33538,0.0305215
138.971,-1.83274,1.78721,33.2671,2.95546,1.75095,132.827,-0.433902,-1.20031,-0.0362678,0.0323628
257.862,-1.77202,1.18002,105.599,2.3219,2.62296,179.049,-0.563842,-1.6945,1.44294,0.0338797
159.667,2.17346,2.68136,44.004,-4.26448,-2.96318,181.393,1.12538,-0.430612,-0.63864,0.0354359
75.278,-3.24721,1.00307,40.2917,2.67108,1.93168,66.809,-0.837182,-1.11233,0.92861,0.0338084
96.9269,-1.68792,1.4175,71.8561,3.84708,-2.49838,53.6826,0.556041,-0.993566,2.36731,0.0336563
137.767,-2.58699,1.94429,91.975,1.0718,-0.711578,44.8725,-0.981729,-2.54401,-2.65587,0.0323639
58.5277,3.02378,-0.445984,48.4239,-1.93416,0.169977,100.476,1.29695,2.92973,-0.61596,0.0326127
120.87,-0.911274,2.15862,59.6153,4.20512,0.380538,61.3302,1.93193,-1.42181,-1.77808,0.0327866
151.153,1.36244,-0.791174,95.6338,-1.78978,2.04618,42.8832,0.333641,2.94712,-2.83735,0.0319478
205.275,1.57428,-0.442343,100.972,-2.57628,2.4857,54.9618,-2.09429,3.10636,-2.92805,0.0333766
119.809,2.45402,2.37532,31.2157,-3.22967,0.285971,86.0737,0.872268,-1.38715,2.08935,0.0309718
102.487,-2.41615,0.0689704,80.1725,2.28617,-2.15568,68.0967,-0.263466,2.21541,-2.22465,0.0329095
153.38,2.0402,2.0083,97.3918,-1.95385,1.52038,278.498,-1.36539,-1.5787,0.487922,0.0342962
221.621,-1.54141,-2.85553,129.879,2.83669,-1.50883,177.65,-0.598152,0.729745,1.3467,0.0347319
102.227,3.21364,-0.317783,70.2665,-1.34172,-0.91595,81.2057,1.62799,2.68243,0.598167,0.0334931
151.007,1.03644,-2.35956,48.8729,-4.03191,0.029181,98.0164,-1.83157,1.14883,-2.38874,0.0328927
76.622,-1.31044,-0.378967,40.532,3.42206,-2.03731,52.8197,2.31076,2.37922,-1.65834,0.0295557
84.3349,2.38808,0.869523,80.5939,-3.51112,-1.1446,44.1133,-2.02372,-2.3647,2.01412,0.034898
116.629,2.6647,-0.617425,39.2112,-4.325,1.64409,83.9251,-1.27213,2.9138,-2.26151,0.0359302
206.752,1.53585,0.161914,47.4372,-3.39604,-0.980108,154.57,-0.262247,3.08213,1.14202,0.0338636
128.875,-1.83979,-2.2244,108.899,1.61888,0.0896471,31.5418,-0.373447,1.34143,2.31405,0.0318509
242.416,-2.55534,-1.62348,79.7235,2.83479,-2.45964,139.801,-0.120309,1.37696,-0.836153,0.0351572
167.307,1.55572,2.23525,130.213,-2.47066,1.81225,146.254,-0.242395,-1.0649,0.423003,0.032247
67.8135,-2.16781,0.108868,50.4501,2.14071,-0.484546,97.1329,1.54991,2.8677,-0.593414,0.0308815
108.792,-0.790939,-0.392018,43.3092,3.57368,-0.403792,119.105,2.18556,2.86373,-0.0117734,0.0318508
225.937,-2.71429,-3.0373,76.3553,3.2093,-2.2367,157.256,-0.189625,0.349662,0.8006,0.0358175
131.82,-2.7753,-0.39185,64.7449,3.7725,0.279379,113.798,-0.0449676,2.84363,0.671229,0.0357843
149.624,2.02866,-1.48004,144.783,-1.60358,-3.04967,152.269,0.906313,0.858895,1.56963,0.0319564
113.658,2.85244,-1.79121,48.74,-3.86566,1.31257,75.1906,0.08744,1.56403,-3.10378,0.0353787
130.6,-1.36552,3.10466,124.597,2.14031,0.543072,214.355,0.665149,0.915063,-2.56159,0.0329819
472.687,2.16545,1.17176,91.88,-3.50737,-1.91044,164.509,-0.472095,-2.46947,3.08219,0.0370117
107.044,1.99667,0.99439,89.2188,-2.4097,3.01102,27.2511,-0.140979,-2.03821,-2.01663,0.0321237
131.66,1.81348,-1.70458,97.2934,-3.46649,0.723187,92.5462,-0.745418,-2.96474,-2.42777,0.0343349
118.364,-0.74508,2.59698,74.319,3.76046,-2.97846,128.596,1.93771,0.0122175,0.707749,0.0323835
104.958,3.03237,-1.24102,49.7511,-2.65496,-2.64117,90.9722,-0.342859,2.013,1.40014,0.0322049
114.269,-1.04705,2.31515,47.8248,4.62331,1.14264,89.568,1.85302,-0.968168,-1.17251,0.0352848
153.061,1.56463,-2.58232,66.5205,-1.83448,1.87652,138.733,-1.3481,0.0254051,1.82434,0.0322009
161.322,-2.43492,2.00023,99.8679,3.66219,0.129847,55.5195,1.08008,-1.57782,-1.87038,0.0361399
107.179,1.60018,-1.63628,64.3613,-1.72572,-0.793332,160.106,0.361094,1.98944,-0.84295,0.0318609
137.623,2.14831,-2.46685,51.1376,-2.3982,-3.01796,107.691,1.21858,0.412289,0.551113,0.0328746
76.2128,-1.30706,-1.70418,67.4236,3.03225,-1.26646,109.692,0.587346,1.31737,0.437717,0.0307445
76.0377,-2.99133,-0.0859162,60.2289,3.00799,0.232885,154.762,1.43469,2.99572,0.318801,0.0341465
235.074,-1.52369,-0.283908,40.8299,4.01185,1.95477,97.8514,1.6207,3.0432,2.23867,0.0359705
151.907,-2.42476,0.521712,43.3641,2.31874,2.38755,78.8139,-0.46742,-2.20838,1.86584,0.0312325
134.605,-0.734394,-0.147731,86.0513,2.96634,1.49585,121.727,0.642321,-2.64581,1.64358,0.0316663
91.9981,-1.58368,-1.57019,89.2982,3.22873,0.0317164,93.0074,2.27223,2.48146,1.60191,0.0316317
116.909,1.37575,2.81909,32.4031,-3.49923,1.56403,36.8967,-1.39086,-0.3878,1.25506,0.0314417
76.4832,3.93511,2.60355,58.3424,-0.294375,-1.62148,72.1316,0.963665,0.141638,-2.05815,0.0328598
90.0404,-1.14997,-1.64102,81.6272,3.4212,-0.414668,62.0897,1.27428,2.33404,1.22635,0.0327096
82.2625,3.05256,-0.826634,72.9337,-2.82255,-0.191239,132.342,0.543566,2.57279,-0.635395,0.0345354
83.1872,2.54075,-2.86567,55.5348,-1.29575,-0.652053,88.8223,-0.498709,1.16072,-2.21362,0.0310897
152.508,2.32567,-0.11984,143.848,-2.82005,0.50066,160.601,-0.283581,-2.86308,-0.6205,0.0343997
177.675,-2.13227,-2.50634,68.3907,3.88285,-0.92742,210.442,1.14724,0.964203,1.57892,0.0362456
152.399,2.91445,-0.188805,41.2039,-2.86968,1.48161,105.91,0.341646,-2.83339,-1.67042,0.0342668
240.961,0.681141,2.6906,32.2017,-3.18456,0.775059,135.192,0.0530178,-0.675744,1.91554,0.0323053
63.7634,-4.35569,2.29705,61.9335,3.82476,2.2323,108.128,-0.564127,-1.01254,-0.0647519,0.038031
96.9476,-2.80921,1.74223,52.6058,3.75365,-2.9239,57.394,2.64148,-0.860943,1.61705,0.0359055
185.587,-1.16824,1.02182,51.2156,1.97172,-1.15875,94.6875,0.26975,-2.72953,-2.18056,0.0319866
99.0752,-2.60292,-0.225341,33.6513,2.11354,1.18501,74.7024,0.595399,2.90893,1.41035,0.0316955
72.66,-1.71295,2.39171,43.0307,3.8302,-0.138124,68.5225,1.17897,-1.18406,-2.52983,0.0310896
361.607,1.26579,-3.05343,90.3894,-3.59452,-1.40024,310.953,-0.798866,0.549954,-1.65319,0.035769
160.085,2.47468,0.20352,66.8796,-2.46005,-3.09308,97.8163,1.64215,3.05152,-2.98659,0.0362174
211.365,-2.44547,-1.7612,71.9895,2.3495,2.18304,130.392,-2.17018,1.43804,-2.33894,0.0351507
58.3145,3.19611,1.0821,55.3106,-0.536982,1.19048,104.457,1.61649,-2.09883,-0.108383,0.0319488
86.4986,-3.44032,0.527465,76.6435,1.20707,1.5733,135.423,-1.60199,-2.08351,1.04583,0.0332431
133.674,2.37806,2.58177,45.6013,-0.734292,2.2085,111.036,0.286606,-1.3844,0.373275,0.0312837
60.3666,3.01401,-1.21159,33.5243,-2.48595,-1.87502,49.6656,-2.90297,1.68495,0.663429,0.0333136
143.116,-2.83725,-2.6019,48.0977,3.32329,-2.69554,150.036,-0.190514,0.461514,-0.0936365,0.0341625
99.8932,-1.44924,-1.41734,34.2729,3.82577,0.883145,42.3826,1.16946,1.86781,2.30048,0.029855
233.604,-1.46193,0.526899,127.634,1.94299,2.40756,180.199,-0.0578919,-2.01133,1.88066,0.0312336
121.547,-2.57968,2.30963,46.7168,2.26665,0.227607,32.9434,-0.469338,-1.44115,-2.08202,0.0318283
144.727,2.12424,1.15923,71.6004,-2.54168,-0.0885172,138.416,-0.0647522,-2.30067,1.24775,0.0329882
223.176,1.74316,1.26828,37.6877,-3.24909,0.296181,179.817,-1.15838,-1.95446,0.972098,0.0341303
112.467,2.30759,-2.31263,101.993,-2.44026,2.51124,246.202,0.536439,0.13567,1.45931,0.0343611
73.9342,-1.83288,2.13984,52.5017,1.83005,-2.59142,67.4019,-0.510907,-0.314358,1.55193,0.0271272
155.058,-0.387612,-3.01012,103.558,3.25971,0.896528,54.5794,2.20848,-0.322711,-2.37654,0.0331647
72.9891,3.19814,-1.09221,50.7777,-0.926011,-0.188639,48.9897,-0.989097,2.17677,-0.90357,0.0306845
165.083,2.87876,0.174422,41.1721,-2.69323,-2.65357,58.2517,1.03064,-2.91906,2.82799,0.0336876
95.3483,-1.87184,1.51505,53.2534,3.06785,1.52315,150.889,-0.218235,-1.86781,0.00810516,0.0330794
144.652,-2.92469,-0.10261,30.4241,2.24934,-1.01709,90.3542,0.117921,2.78406,-0.914479,0.0335731
187.359,2.25501,-1.12705,42.2362,-3.42581,1.26082,125.914,0.00947264,2.24475,-2.38787,0.0336657
103.993,-3.41792,2.41694,35.8901,3.17148,2.05648,109.432,-0.299101,-0.711319,-0.360451,0.0336944
214.985,-0.558051,-0.635118,34.3844,4.49983,0.948256,226.111,-0.234473,2.68688,1.58337,0.0321272
102.447,0.496977,1.37767,57.6171,-3.68428,2.52199,92.5226,-1.58238,-1.63198,-1.14432,0.0329933
72.2608,-3.32884,2.52329,51.14,4.11998,1.00148,64.5773,-0.379175,-0.958247,-1.52181,0.035993
194.37,-0.789054,0.449136,106.585,3.23245,-2.83635,35.3417,1.04891,-1.13672,2.9977,0.0317954
134.559,-1.59326,-1.25623,46.7504,4.80331,-0.930686,108.386,-0.570111,1.77115,0.325539,0.0370144
123.212,1.66531,-2.90705,48.4546,-4.59833,3.06502,109.398,-0.409208,0.112804,0.311116,0.0359559
167.5,-2.61846,-0.189364,86.4009,2.19138,2.119,108.706,-1.02862,-2.3671,2.30837,0.0321195
90.9776,1.02228,-2.35705,69.2983,-2.8222,-2.13951,131.243,-1.16168,0.750007,-0.217537,0.0323271
147.702,-2.72057,1.28239,102.61,3.35794,3.1335,85.4226,-0.352327,-1.08651,1.85111,0.033996
134.109,0.830077,2.52641,33.5894,-4.8402,0.872696,81.27,-0.6377,-1.07141,1.65371,0.0380907
224.741,0.755569,-2.19648,199.272,-3.13233,-1.62796,209.691,-0.456767,1.38928,-0.568523,0.0376203
151.835,-2.64163,-1.08332,58.9551,4.19423,1.21858,140.283,1.32251,2.43846,2.3019,0.0370199
107.681,1.96856,1.78734,91.4665,-2.12939,-1.97033,65.1091,-0.885224,0.118253,-2.52551,0.0313207
113.074,1.67086,1.78965,39.72,-2.45296,-0.463118,65.767,1.25778,-1.86114,2.25277,0.0320453
43.4586,2.30202,-2.24123,36.1803,-2.29806,-2.21979,36.3364,0.103606,1.41668,-0.0214431,0.0310435
76.8848,-2.89167,-2.91429,42.9479,3.55253,-2.81153,39.2131,0.457091,-0.343511,0.10276,0.0338865
293.597,-2.17313,1.47687,105.929,1.83248,3.08953,201.966,-1.14213,-1.20649,1.61267,0.0376747
70.5982,-1.79807,1.68868,31.6633,3.48635,2.72638,80.0916,1.07855,-1.44094,1.0377,0.0302298
237.948,2.34385,-2.08829,76.7294,-3.95898,-2.43795,132.307,0.565729,1.19167,0.349658,0.0369871
130.764,1.57117,-2.23773,71.2396,-2.20733,0.0267255,63.7026,0.110689,0.643655,-2.26445,0.0296513
74.3444,0.658698,-1.6268,55.0527,-3.47629,0.0984577,61.1208,-1.13188,1.65166,-1.72525,0.0319158
272.709,-1.16382,-3.13315,87.6531,2.45123,2.66664,168.024,-0.659399,-0.0805812,-0.483388,0.0322479
74.8811,-2.26159,2.55974,59.0168,3.42937,2.27405,28.7398,-1.04845,-0.159551,-0.285692,0.0333667
103.002,-1.81984,1.31036,78.4185,2.52015,0.325321,63.7846,0.895943,-2.5256,-0.985038,0.0320151
90.2993,1.84317,-1.52404,41.3621,-2.32148,-0.598432,86.9215,1.16722,1.85794,-0.925611,0.031675
97.6756,2.50144,2.37693,58.2911,-0.73864,2.39577,150.539,1.23183,-0.474305,-0.0188432,0.0315274
84.2291,-3.25318,-0.439318,32.6597,3.34766,-3.13189,33.6699,-0.856441,2.52092,-2.69257,0.0288585
140.752,1.4113,1.09685,45.8943,-2.97543,2.23328,56.2956,-2.80535,-1.93485,-1.13643,0.0321109
95.4492,-2.06517,3.04954,55.2717,1.11224,0.579223,31.4959,-0.993907,-0.176391,-2.47031,0.02828
137.135,-1.10519,0.790902,33.1562,3.54054,2.32626,56.8634,-0.749014,-2.49205,1.53535,0.0321704
162.838,-1.8689,1.34442,41.4398,2.62615,-0.238333,121.073,0.260146,-2.03446,-1.58275,0.0312976
155.98,2.02819,0.611333,79.8634,-2.25201,1.29502,61.0356,0.279036,-2.42784,-0.683687,0.0331504
166.762,-0.150784,2.05107,63.6439,3.2205,-3.11358,116.729,2.18167,-1.08694,1.11853,0.0331018
180.737,2.84085,-1.65988,31.4121,-2.55415,-1.13994,103.791,0.600855,1.38403,-0.519939,0.0332232
157.529,1.50223,-2.19281,41.2597,-2.30731,-0.854898,151.048,0.0190461,1.21334,-1.33791,0.0318717
81.7807,0.674964,2.85518,45.2015,-4.23931,-2.25654,78.7125,-0.901844,-0.123681,-1.17147,0.0325195
105.987,3.19289,1.67872,49.3137,-3.14313,-0.935877,62.5117,1.59136,-1.81432,2.6146,0.0346983
79.9576,2.89537,1.5079,35.2895,-3.96797,0.121969,33.5953,-1.99588,-1.19823,1.38593,0.0341562
86.2038,2.52106,-1.69667,47.4576,-1.93856,0.952495,79.6786,-0.80506,1.75891,-2.64916,0.0323884
77.4001,2.36588,2.86709,68.8765,-1.99081,1.39952,69.0013,2.3542,-1.16451,1.46757,0.0290492
172.738,-0.334358,-0.0502427,109.437,2.85542,3.08149,73.5143,0.93412,-2.73578,3.13173,0.0324947
205.695,1.95311,1.92536,76.2825,-2.64794,-0.780726,185.224,0.0257005,-1.62884,2.70609,0.033509
166.994,1.85609,-1.56233,128.391,-2.25151,-1.05754,51.2504,0.299859,1.13759,-0.504799,0.0336336
131.692,-2.40289,-1.62028,96.9476,2.54341,0.159592,105.515,-0.621689,2.26365,1.77987,0.0337836
71.084,3.56033,1.68114,50.2092,-1.90594,-2.82627,25.8136,1.09386,-0.963747,-1.77578,0.0328508
121.083,-3.14806,2.4355,93.0182,0.501555,-1.70153,41.6133,-0.389697,0.919255,2.14615,0.0319187
73.6248,-1.37573,-3.02652,45.2295,2.84696,2.56697,48.1212,1.143,-0.838901,-0.689696,0.0309333
172.769,-0.923314,-2.94815,104.988,3.16602,2.97393,112.317,-0.116635,0.165804,-0.361102,0.0328865
182.435,-2.6766,2.05957,61.0489,2.02509,-1.9016,144.108,0.93143,-0.742891,2.32202,0.0344339
178.589,-0.428838,-1.67293,58.4605,3.2856,-2.95045,213.133,1.75895,1.23468,-1.27752,0.0331904
93.3827,-2.02429,-0.0438087,75.3552,3.33116,-1.18617,110.92,-0.702693,2.78168,-1.14236,0.033436
142.925,3.13194,-1.49556,100.384,-2.08156,-0.649302,89.4948,1.37499,1.62903,-0.846258,0.0281138
116.992,-1.71989,-0.129357,32.8614,4.33447,-1.88574,83.6577,1.34505,2.46314,-1.75638,0.0337842
267.458,1.92629,-0.0912405,100.569,-2.92958,1.24908,204.782,-2.24297,-2.61806,-1.34033,0.0363671
173.289,-2.26365,1.46898,90.463,2.69222,0.30542,146.338,1.40244,-1.58554,-1.16356,0.0332362
107.776,-2.94316,-1.9087,40.0695,3.47205,-1.89846,118.044,-0.516746,1.20907,0.0102397,0.0372464
74.7013,3.27625,1.97753,33.5566,-1.57376,1.53189,34.4201,1.98165,-0.715575,0.445638,0.0313158
162.395,-1.08604,-0.758189,35.5127,4.1456,-2.22358,104.827,2.36771,2.19817,-1.46539,0.0341208
197.651,-1.78687,-1.93506,70.1163,3.16489,-1.0573,206.779,-0.591531,1.51863,0.877767,0.0320613
92.8482,-1.14614,-0.759521,39.6462,2.65537,1.89732,28.0349,3.20412,-2.7669,2.65684,0.032158
133.68,2.65087,-2.14815,43.7778,-0.834843,1.65684,66.7821,1.39989,0.699492,2.47819,0.0297821
283.291,1.41321,-1.95555,95.9845,-1.76957,1.61968,70.6651,0.659821,1.31335,2.70796,0.0312042
220.926,-1.49973,-1.48488,70.8429,3.74012,0.331477,168.432,1.02887,2.13529,1.81636,0.0330626
104.075,-3.05918,-0.40672,43.4551,3.95487,2.79551,52.2527,0.921889,2.264,-3.08095,0.0350352
146.344,-2.82275,-2.73055,56.9716,2.99167,1.37133,142.794,-0.900358,-0.0752262,-2.1813,0.030933
109.597,-2.35319,-0.820996,92.7426,2.37083,0.0793415,103.221,-1.25906,2.52758,0.900337,0.0332207
70.0076,-4.14054,-1.84058,57.1035,1.74417,2.33994,53.6688,-1.50831,0.718071,-2.10266,0.0343308
71.0574,2.29632,2.75053,60.3498,-2.46622,-2.33923,81.8623,-1.90704,-0.14987,-1.19343,0.0328113
318.886,2.00211,2.71245,173.037,-2.04272,0.894214,243.643,0.24702,-1.00259,1.81824,0.0334089
50.6442,2.96782,2.14837,42.2059,-4.2049,2.60056,35.9714,-2.87508,-1.50596,-0.452193,0.0348762
125.542,-1.11739,0.0560792,56.4219,2.84534,-2.95143,57.0261,2.56486,-1.19445,-3.00751,0.0345596
74.4972,-1.76974,0.774116,63.7638,2.24801,2.67324,44.5312,-1.16082,-1.13,1.89913,0.0314529
96.1331,1.65115,2.45264,92.5586,-1.73296,-1.15255,31.2097,0.88678,-1.8024,-2.67799,0.0296662
99.6682,1.65159,-2.29815,55.6038,-4.45678,2.18616,56.5985,-2.47578,0.176325,1.79887,0.0354328
176.313,-2.9012,0.794228,69.2876,3.55738,-2.31533,44.7124,-0.267997,-1.97212,-3.10956,0.0359509
116.248,-1.03305,-2.66812,33.8501,4.05042,-1.00555,82.8046,0.887677,0.630404,1.66257,0.0327845
184.603,2.6415,-0.283911,71.9095,-3.96333,1.21925,237.429,1.5966,-3.04349,-1.50316,0.0363461
158.39,-2.69552,0.697023,77.5461,2.60011,1.54976,83.2415,-1.25658,-2.10543,0.852735,0.0345814
96.2869,3.00641,0.133855,68.7624,-3.8972,0.167261,68.6255,0.132879,-2.72307,-0.0334061,0.0354027
147.317,-3.01676,1.15031,115.779,2.4851,2.58826,114.749,-0.1447,-1.47464,1.43795,0.0351599
195.382,-1.19643,2.71977,86.5488,3.40169,-2.5726,220.72,0.997668,-0.13155,0.990817,0.0346699
128.408,-3.0747,2.45549,96.284,1.94641,-1.34104,64.6152,-0.571053,-1.09656,2.48665,0.0319049
70.733,2.38376,1.45832,60.4223,-1.25021,0.315758,60.4964,0.576055,-2.40708,1.14257,0.0311034
83.3431,2.8908,-0.999756,66.6646,-2.42734,-2.17031,79.2602,-0.569465,1.64102,1.17055,0.0315417
128.424,2.74386,1.23907,36.5231,-2.02296,2.69241,59.6616,0.590787,-1.61344,-1.45334,0.0328076
243.012,2.077,-1.66873,100.84,-4.23324,-0.303059,199.736,0.161061,1.6793,-1.36567,0.0395728
90.8473,-1.24705,2.85632,53.1955,3.64943,0.228509,41.1096,1.8014,-1.09199,-2.62781,0.0305587
247.38,0.646203,0.379737,39.2739,-4.17005,-0.0373621,90.3453,0.237282,-2.90072,0.417099,0.0348364
109.522,2.32886,-2.10005,64.6999,-3.58026,0.0882246,69.0434,-1.50025,1.97554,-2.18827,0.0349398
174.676,-1.87434,1.09779,78.1902,1.32046,-1.83392,64.812,-0.426622,-1.90984,-2.93171,0.030432
170.358,-2.65884,0.029211,39.6425,2.65608,-1.48691,164.163,-0.601549,3.00289,-1.51612,0.0329867
120.244,3.80954,2.00756,87.9512,-2.97414,0.91889,118.443,1.10204,-1.39676,1.08867,0.0339699
112.329,2.71963,0.512263,82.8858,-1.44354,0.759289,54.4944,0.86939,3.0936,-0.247026,0.0326362
160.146,-2.93677,-1.29136,119.396,1.44155,1.97443,44.853,0.597318,2.02138,-3.0174,0.0330319
74.5273,-3.66871,2.21145,67.2731,3.88397,-3.12804,87.8622,-0.00299409,-0.526311,0.9437,0.03697
171.977,-0.72776,1.0091,106.112,2.94248,-0.651834,137.825,0.24716,-2.75479,-1.66094,0.0331574
111.386,2.01272,-1.45314,97.769,-2.95071,2.83261,126.899,-0.594077,1.30478,1.99743,0.0308966
99.1621,-3.13067,2.69704,53.1441,1.38604,-2.21466,92.3769,-1.86517,-0.0753162,1.37148,0.0321784
98.2729,-2.78082,-1.40645,73.6092,2.72947,-1.55391,77.5149,0.579312,1.6161,-0.147462,0.0334795
103.125,1.698,-2.07697,50.3689,-4.46803,1.17315,61.1527,-0.740825,1.31164,3.03306,0.0353279
125.356,2.655,1.82859,44.8082,-1.87226,-2.2555,83.1271,-1.75233,-0.886834,-2.19909,0.0307716
82.3096,-3.15639,0.0106063,30.2815,1.35711,-1.61984,102.566,-2.03123,2.50419,-1.63044,0.0309126
125.525,-3.12023,-1.55984,44.1674,4.44223,0.238284,56.962,-2.17847,2.30817,1.79812,0.0377565
113.617,2.8996,-2.24554,90.7796,-3.21464,-1.5083,143.328,-0.665479,1.19332,-0.737244,0.034963
170.825,2.55188,-0.778578,96.4481,-2.77073,-1.05719,125.913,0.0222404,2.11539,0.278612,0.0338853
105.22,-3.14966,1.59387,39.3413,1.22423,2.94533,59.1395,0.182086,-1.31115,1.35146,0.0324161
160.796,-0.405425,-0.137591,138.757,2.69689,-0.153482,282.919,0.876096,-2.99476,-0.0158914,0.0320007
192.729,2.03918,-1.51318,129.627,-3.17429,2.90919,151.093,1.83747,1.29262,1.86081,0.0357824
116.169,-3.41908,-0.15115,109.828,2.91239,2.30388,33.121,-1.56594,-1.45732,2.45503,0.0357999
147.323,1.29837,-0.460914,56.635,-1.75567,-2.29223,48.4558,-0.720087,2.94588,1.83132,0.0321509
172.852,1.62395,1.64573,40.8179,-1.82808,-2.8241,113.254,-0.135576,-1.26537,-1.81336,0.0318134
109.714,0.491069,0.289187,61.3058,-3.45881,0.236129,84.1805,-0.567025,-2.96248,0.0530579,0.0324974
263.948,1.84738,-1.35427,127.946,-2.25606,1.60555,199.351,0.537425,1.79459,-2.95982,0.0344222
101.792,2.0365,1.23576,43.2171,-3.3932,0.422438,40.513,-1.77205,-1.60126,0.813325,0.0324784
174.675,-0.867178,-2.16479,90.8836,2.71726,-0.339632,92.687,-0.0569425,1.52251,1.82516,0.0326899
72.5017,-3.11628,1.31749,59.9103,1.23019,1.83296,96.5669,0.680134,-1.83752,0.515468,0.0320867
188.59,2.02153,2.21538,90.6682,-1.41814,-0.0947007,76.7523,-0.238439,-1.91057,2.31008,0.0325229
99.0507,-0.168886,2.80622,44.8829,4.58738,0.88335,77.7827,1.47532,-1.65293,-1.92287,0.0341821
244.389,-2.39637,1.70558,32.9064,2.15432,-0.0409134,155.614,-1.67412,-1.62757,-1.7465,0.0293305
176.786,2.80918,-0.297105,105.962,-3.07533,-2.24235,94.7701,-0.335644,2.38543,1.94525,0.0355931
90.1871,-1.63922,1.51532,61.5352,4.08759,3.10513,50.8079,0.138363,-1.03061,1.58981,0.0323057
169.626,2.57652,1.12759,90.9935,-3.03719,-0.64148,93.8398,0.678794,-2.5277,1.76907,0.0346318
90.5771,0.540127,-2.47189,83.8972,-3.04558,-0.354483,42.044,-0.621301,2.42466,-2.11741,0.030653
99.2827,2.29562,0.697083,66.9932,-2.28073,2.67626,80.6946,0.358666,-2.14781,-1.97918,0.0319527
77.0495,-1.96697,2.29679,36.8703,3.64464,2.15843,56.7835,1.54444,-1.3311,-0.138357,0.0328495
64.1612,-3.50704,-1.96107,32.0167,2.8953,-2.39364,75.0735,-0.429186,0.34308,-0.432573,0.0328567
171.748,2.50021,-1.4751,49.7619,-3.42504,1.17308,78.7061,-1.93336,1.64566,-2.64818,0.0346924
208.083,-2.64028,0.613378,112.011,2.24671,2.44369,184.666,-0.991714,-2.02772,1.83031,0.0341583
116.128,3.02101,-0.906614,36.1124,-0.767034,0.05004,74.7301,1.4233,2.12364,-0.956654,0.0310989
112.758,-2.19643,2.83648,64.0523,2.77916,-1.32828,85.6461,0.792239,0.386597,2.11842,0.033031
61.2452,-3.53641,0.0637738,38.2872,4.1439,1.6608,42.6114,1.10887,2.71179,1.59703,0.0354516
146.823,-3.55724,-0.573639,124.599,2.45361,1.23304,134.625,-0.33673,-1.38772,1.80668,0.0370583
120.121,-2.49217,2.29013,35.2128,1.69832,-1.3783,80.7788,-1.18357,0.0576163,2.61476,0.0291479
96.4817,-2.75132,-2.41609,32.9676,4.3839,2.31757,80.6635,1.253,0.312768,-1.54952,0.0352155
146.471,1.89319,1.1558,35.3442,-2.67936,-0.881979,81.642,0.158492,-2.27368,2.03778,0.0316281
106.812,1.65369,0.119994,80.4614,-1.42165,0.61377,65.5291,-0.0897312,-2.43883,-0.493775,0.0313819
72.3308,2.38585,2.12628,37.2813,-4.66673,0.60838,69.9291,-0.939163,-1.72591,1.5179,0.0343323
158.559,2.30654,-0.415258,60.0641,-1.34528,2.67575,113.281,0.511251,-3.00159,-3.09101,0.0322657
183.278,-2.64943,0.984336,56.726,3.07622,-0.909777,82.2595,1.0421,-2.3726,-1.89411,0.0333638
97.2612,1.99348,-1.21104,38.5892,-1.8773,-3.01194,42.5234,1.03685,1.09666,1.80089,0.0304423
170.526,-1.35036,-2.87169,51.6621,2.37107,-1.1153,169.649,0.133637,0.630311,1.75638,0.0317358
220.341,1.72231,-1.69865,38.5949,-2.65552,-1.29543,189.529,-0.770866,1.4897,-0.403216,0.0331744
115.309,-2.37583,0.201302,113.518,3.18189,0.911823,88.5871,1.08481,-2.20702,0.710521,0.0346979
173.085,-0.617409,-2.1072,63.3025,2.94951,-2.26746,193.71,-0.134424,0.988662,-0.16026,0.0318782
68.4301,1.20762,0.566384,32.1864,-3.04663,0.479976,57.1634,-0.939197,-2.22631,0.0864083,0.0308915
101.509,3.11377,-2.73386,98.5392,-3.62186,-1.83599,93.6158,0.66635,0.999833,-0.897869,0.0361564
126.249,-3.6813,-1.79061,70.3506,2.67835,-1.18211,135.216,0.699878,1.71126,0.608495,0.0347214
187.039,2.15779,-3.11487,73.3647,-2.05715,0.161026,55.868,0.360391,0.357434,3.00729,0.0300181
182.988,-2.77944,-1.8515,120.728,1.84951,-2.1826,76.8892,-0.0747454,1.09282,-0.331094,0.03439
134.001,2.55691,1.67733,73.1557,-4.00503,-0.602498,96.4077,-0.36153,-1.68748,2.27982,0.0368701
87.4652,-1.94549,-0.278769,64.8571,3.71922,-2.44137,71.9965,0.874865,2.29363,-2.1626,0.0340148
84.7682,2.4909,-1.05372,56.8547,-2.83983,-2.31713,103.326,-0.847177,2.17086,1.26341,0.0311034
71.5758,-2.55384,-0.933903,48.2441,3.96763,-0.919671,68.7966,-0.909633,2.40962,0.0142316,0.0335807
128.015,-0.996195,2.71558,56.9082,4.56462,-0.107506,66.7698,1.22883,-0.793562,-2.82309,0.0356598
70.1926,-1.51632,-1.01675,55.1617,2.78142,-3.11788,53.9912,-0.991991,1.00035,-2.10113,0.0318744
97.8557,2.57491,-1.48836,84.2253,-2.67548,2.88245,62.6035,-1.45638,0.237383,1.91237,0.0334212
96.2746,-1.72482,-0.613841,40.7895,3.68302,0.885063,100.372,2.11904,2.84065,1.4989,0.0322575
155.242,-1.78901,1.36559,119.203,3.24448,-0.0772463,142.602,1.53009,-2.67175,-1.44284,0.0342178
357.371,-2.35043,-2.53785,33.5028,4.47744,-0.965975,306.839,1.252,0.655738,1.57187,0.0379776
119.695,-1.36092,2.28638,37.0377,3.1281,1.36061,89.0093,1.48256,-1.2315,-0.925766,0.0322462
95.5237,-3.36218,-2.61939,80.9468,0.809954,2.90816,88.2637,-1.3079,0.219702,-0.755631,0.0324798
154.764,2.07674,2.02651,90.5366,-3.35682,-0.820146,68.3057,-0.796228,-1.94742,2.84666,0.0339364
225.136,-1.87641,0.329668,112.033,2.45353,2.74344,141.753,-0.600998,3.00931,2.41377,0.0337373
119.288,-2.69484,-1.44615,53.6671,2.52272,-1.05579,117.257,1.26352,1.60322,0.390356,0.0312372
92.0035,2.39178,-1.56706,39.6864,-2.41966,-0.0651225,52.6986,1.28753,1.85306,-1.50193,0.0320256
71.0719,2.42851,-2.4553,40.0498,-2.35274,2.93954,69.0485,-0.134256,0.471811,0.888347,0.0298049
322.93,2.04824,-1.04577,71.8287,-2.20197,-2.46868,210.038,-0.315337,1.71094,1.42291,0.0339034
49.0218,2.42929,-0.995266,35.9515,-2.13152,-1.01965,40.0577,2.62141,1.52529,0.0243877,0.0314152
130.9,-2.56855,-0.522292,36.69,2.42238,1.38119,95.2101,-2.49598,-3.08134,1.90348,0.033003
61.1711,-1.87258,-1.64685,45.2673,3.54256,-1.81459,44.7719,1.92475,1.80667,-0.167741,0.0313342
86.0843,3.16563,0.426656,44.4344,-1.0659,-0.895024,90.5915,1.37703,2.8251,1.32168,0.0318348
261.816,-2.79685,-1.53309,104.942,1.48047,2.47764,136.154,0.644931,0.817334,-2.27245,0.0349273
166.59,-2.57495,-2.87088,42.913,2.75925,-0.481202,135.134,-0.167035,0.686764,2.38968,0.0333447
68.5456,-2.70447,-2.29537,46.4365,3.02958,-2.71659,22.3546,1.91494,0.883748,-0.421225,0.0330743
147.7,-2.15176,2.23692,124.343,2.56929,1.82264,143.054,-0.837161,-1.01253,-0.414271,0.0284461
49.0087,-2.14742,-1.85926,47.8801,2.83205,-0.054259,44.4576,0.0179836,2.24069,1.805,0.0320175
111.905,-1.26678,-0.0801439,85.8574,2.72026,1.21605,62.3736,0.229314,2.74108,1.29619,0.032707
85.4463,2.9097,-1.95213,41.6903,-2.03053,1.69901,23.0685,1.89813,1.72437,2.63204,0.0323057
170.253,-0.163423,-1.58948,45.5577,3.85361,0.503394,84.4725,1.58641,1.95543,2.09287,0.0325354
104.774,-0.952995,-2.66609,60.1271,3.23465,-0.289285,32.6745,1.39729,1.62436,2.3768,0.0320697
61.9744,-2.01678,0.467887,45.1089,2.55319,0.263691,56.7817,-0.831109,-2.19354,-0.204195,0.0317775
81.6552,2.97601,2.61211,46.7103,-1.99833,1.69982,98.7688,0.426048,-1.32469,0.912287,0.0301429
135.173,-2.46227,-2.91107,104.539,2.69128,-1.64151,98.2095,0.205895,0.915384,1.26956,0.0341595
189.375,-1.93692,2.44181,179.369,1.90427,0.512319,68.3922,1.03005,-1.57451,-1.92949,0.0337636
133.94,1.84609,2.07075,70.0518,-1.36347,-0.766037,43.6954,1.32853,-1.83821,2.83679,0.031616
55.6672,3.41941,-2.62015,43.0262,-1.43072,2.9484,43.3987,1.08087,0.0751273,0.71463,0.0319884
80.1622,1.58744,0.210972,73.6902,-2.84451,0.936158,64.2263,-0.324073,-2.82218,-0.725185,0.0289973
99.3776,-0.365433,1.75698,59.6644,4.20437,-2.32918,52.1561,3.02075,-0.956615,2.19703,0.0337332
107.974,-3.11982,0.876994,107.658,2.29949,1.55189,72.2344,-0.263002,-2.00028,0.674896,0.034609
108.573,-1.78288,0.945961,74.6663,2.90671,-1.10963,77.9903,2.16478,-2.91201,-2.05559,0.0308762
155.101,-3.45761,2.44163,89.8053,4.19241,1.10016,154.977,0.0317699,-1.386,-1.34147,0.0396201
200.361,-2.66904,2.72049,72.7256,1.962,2.51037,171.428,-0.423982,-0.380652,-0.21012,0.0335501
121.671,-2.13617,-0.854812,77.2752,1.6647,0.39429,161.515,-0.623517,2.5652,1.2491,0.0291685
131.467,0.743939,-2.33723,45.5948,-3.34026,1.59112,82.2537,-1.46988,0.449542,2.35484,0.032083
129.397,2.16994,2.32139,35.9338,-1.54157,-0.611458,81.9217,-0.792299,-0.790921,2.93285,0.0296032
191.91,-2.52993,2.03426,61.283,1.22412,-2.45144,163.427,-1.02149,-0.974631,1.79748,0.0305648
72.601,2.05569,3.09024,49.9403,-3.65792,2.97997,52.6157,-2.55083,-0.636969,0.110264,0.0333359
74.6323,-2.50201,2.17337,69.5784,1.41693,1.34532,56.817,-1.533,-0.840581,-0.828052,0.0304119
71.0951,2.27922,0.578908,67.8373,-2.85633,0.919584,126.489,-1.00482,-2.57114,-0.340676,0.0328735
137.38,2.27246,-0.697189,58.7774,-2.31691,2.45095,73.2636,0.395262,2.41368,3.13505,0.0324881
168.524,2.76313,-1.9351,88.8668,-2.76365,-0.195398,162.514,-0.676571,1.805,-1.7397,0.034309
170.029,1.37368,-0.672483,117.362,-1.93248,-1.21113,282.842,1.1022,2.37212,0.538643,0.0331942
94.6466,2.13829,1.42754,81.0011,-3.20959,1.32405,113.175,0.238019,-1.97362,0.103496,0.0335546
293.433,-3.036,-1.35753,64.1512,0.273058,1.48978,98.8262,-1.55273,1.79279,2.84731,0.0283228
82.8801,2.81415,2.56243,37.4271,-3.77804,-2.172,66.267,1.00047,0.174158,-1.54876,0.032466
60.2842,4.05855,-2.5601,42.5206,-4.2189,-0.243898,43.798,-0.918214,1.0586,-2.3162,0.035602
108.634,0.926756,-1.34968,41.5871,-4.82002,-0.527463,110.717,0.270233,2.05547,-0.822212,0.035758
281.479,-2.57042,-0.422989,120.298,4.01844,-1.5282,129.664,-0.993732,2.39685,-1.10521,0.0378871
128.916,-1.94154,-0.478008,30.8382,2.11902,-1.00685,120.506,-0.304808,2.67566,-0.528842,0.0312435
55.7107,-3.1818,-2.21794,40.695,3.00831,-2.66448,41.8328,-0.815553,0.507324,-0.446537,0.0292762
74.0963,1.11328,1.24877,51.5376,-3.99172,1.89591,101.456,-1.71107,-1.44345,-0.647131,0.0334173
119.608,3.15471,1.25121,61.5238,-1.03474,-0.260777,124.48,0.751336,-2.39007,1.51199,0.0331379
128.054,0.799889,-1.39196,40.4315,-2.33989,1.29407,83.8173,0.00618672,1.91172,-2.68602,0.0268803
164.423,-2.72496,-0.526957,120.75,3.75478,2.63217,49.0791,-1.83562,2.42051,-3.12406,0.0372344
75.97,1.85217,-0.197293,32.5063,-2.22928,-1.67275,60.1215,0.668532,2.58845,1.47545,0.0275534
136.098,2.35766,0.905825,93.2514,-1.42076,-1.37182,120.101,-0.767451,-2.72356,2.27764,0.0329804
74.5832,2.84299,-0.518158,44.8048,-2.09573,0.771896,72.0711,-0.284566,2.67967,-1.29005,0.0313977
86.2182,-0.835733,1.87876,71.6538,2.58815,2.12191,30.308,1.28753,-0.730473,0.243147,0.0301928
180.839,0.959379,-1.1422,54.6509,-3.67837,-0.865836,226.779,-1.79346,2.08784,-0.276362,0.0345086
123.351,-2.94725,-0.133305,40.2899,2.01728,2.98611,67.6202,-1.03769,2.54031,3.11942,0.0295665
50.8416,0.655375,-2.51529,47.9494,-3.37865,2.228,74.0721,-0.398209,0.252794,1.53989,0.0294784
140.832,1.86817,1.4202,105.472,-2.57411,-2.50874,143.007,0.32521,-0.690633,-2.35425,0.0332981
86.838,3.30919,2.36962,70.3384,-1.51476,-2.55879,46.188,1.32208,-0.438194,-1.35477,0.0322945
91.8487,2.57193,2.77385,40.9992,-3.64673,-1.93998,90.8468,-0.816769,0.666757,-1.56936,0.0331588
160.239,2.25213,0.527539,139.538,-3.23443,0.910909,115.431,0.302458,-2.51359,-0.38337,0.0361671
267.17,-1.19705,0.159375,51.9433,2.68872,-1.97997,236.151,-0.850452,2.97412,-2.13934,0.0331871
99.2206,1.83675,-0.622295,53.1532,-2.63317,1.28802,81.3716,-0.573727,2.99641,-1.91031,0.0323109
242.894,2.57505,2.69866,60.9959,-1.13083,2.19047,162.816,0.690155,-0.242173,0.508196,0.0334593
76.4556,1.87257,-1.69381,72.2225,-2.68441,-1.30221,96.4966,-0.216944,1.55674,-0.391606,0.0298688
123.137,-2.82616,1.12106,62.5551,1.43594,2.038,121.553,-0.0910631,-1.62104,0.916937,0.0327765
171.018,-1.77712,-0.301573,68.6198,1.98344,2.27975,123.666,-0.395294,2.75508,2.58132,0.0320918
71.6016,-1.71705,-2.28868,65.0275,2.93854,2.54149,89.7202,0.747228,0.109124,-1.45302,0.0320085
121.403,-3.08599,2.30454,82.6998,3.20409,0.165393,106.896,-1.60581,-1.70685,-2.13915,0.0329271
89.8313,-1.45898,0.739975,73.4878,2.03995,2.85254,60.6126,-0.352894,-1.45789,2.11257,0.029575
100.936,-1.0072,2.34811,89.3704,3.76731,1.73914,148.204,1.66063,-1.04726,-0.608967,0.0342682
74.443,-0.350796,-1.85008,43.8288,3.69466,-2.97267,89.1548,2.25502,1.13436,-1.12259,0.0304443
275.879,-1.81275,2.55754,71.758,1.33366,-2.05169,111.591,-0.614713,-0.285062,1.67396,0.0326369
214.818,-1.95278,-1.73904,43.621,1.8655,-0.241051,181.329,0.844714,1.80814,1.49799,0.0319669
111.611,0.699403,-0.42639,79.3365,-2.61277,0.0214182,109.83,-0.963916,2.99579,-0.447808,0.0320588
110.759,2.46143,1.14738,67.702,-0.767319,0.236145,221.493,0.371529,-2.31532,0.911231,0.0325438
85.7237,2.67285,-3.00848,40.079,-2.38323,2.7973,86.3782,-1.07808,-0.0373461,0.477409,0.0323278
76.3962,-0.462814,-2.57237,47.6665,4.46996,-1.47645,72.9232,1.1999,1.11431,1.09592,0.0332306
296.55,2.00652,0.899565,65.2405,-2.5693,-0.615347,80.3399,0.403325,-2.67543,1.51491,0.0336875
193.746,1.54669,-0.102293,43.5494,-2.9101,-0.0970999,133.582,-1.97147,3.06334,-0.00519352,0.0337637
96.2286,-3.0916,1.03239,50.3951,1.78744,2.14781,73.1065,0.298627,-1.42803,1.11542,0.0328986
128.43,-1.70028,0.929784,55.3122,1.36378,0.747619,64.0706,-1.78925,-2.69875,-0.182165,0.0313346
358.237,-2.33985,-2.93429,175.333,1.78516,1.82629,102.59,-0.833343,-0.0983386,-1.52261,0.0353974
93.8075,2.3203,1.34756,49.4038,-4.16787,1.30084,70.6287,0.662568,-1.62693,0.0467159,0.0305626
130.292,-1.79681,2.8058,102.05,2.76082,-2.99895,147.26,-0.011547,-0.117394,0.478439,0.033247
185.407,0.0319125,-1.09002,45.1035,-4.16022,0.566189,98.2447,-1.26841,2.12447,-1.6562,0.031543
63.7684,4.82227,2.40915,49.427,-1.21787,-2.19303,58.2735,1.41751,-0.0853111,-1.681,0.0377586
375.798,-1.31215,0.102569,104.356,2.72515,-2.69017,197.204,0.900921,3.14024,-2.79274,0.0340346
96.3597,-2.90075,-2.76937,94.369,2.69379,-1.22037,114.905,-0.747292,1.11103,1.549,0.0336209
76.3267,1.9751,-1.67164,67.8445,-1.91724,0.229718,48.7953,0.334444,1.59823,-1.90136,0.0288081
72.161,-1.19795,-1.89467,35.5599,3.7738,-0.982497,50.9694,1.61726,1.57306,0.912171,0.0293692
131.556,2.0878,2.81072,40.4903,-3.76339,0.978223,95.8006,0.674296,-0.034145,1.83249,0.0334689
87.4232,-2.64578,-2.36433,42.566,0.808484,-0.0679461,44.5118,-1.26906,0.17155,2.29638,0.0312509
157.052,-0.373898,0.023733,39.4116,4.04153,-0.686391,130.596,0.745112,-3.00803,-0.710124,0.0333709
144.173,1.96746,2.40031,39.6006,-3.48266,0.000612075,104.314,-0.671237,-0.834809,2.3997,0.0339413
69.663,2.67583,-1.82887,40.533,-4.78385,-1.98677,46.1702,-1.33488,1.13709,0.157901,0.0348832
170.916,2.57748,1.77846,74.261,-3.30487,-0.152493,79.9268,0.852369,-1.68609,1.93095,0.0351176
385.408,-1.92224,-2.83913,80.1153,2.72559,-2.80375,315.816,0.0139358,0.342331,0.0353808,0.0331432
117.42,2.89528,-2.54174,94.469,-0.80576,-1.79816,93.9666,-0.588138,0.851214,-0.743582,0.0341184
102.128,3.10804,-0.981925,50.1811,-3.93862,-2.24859,40.2613,-1.3848,2.27077,1.26666,0.036677
112.934,-2.24842,-1.23552,110.662,1.39917,-1.47137,156.732,-0.841352,1.72539,-0.235846,0.0335931
189.653,-2.19969,0.0156632,59.3175,3.65999,1.92524,117.64,0.0975788,-2.98795,1.90958,0.0357926
150.728,-3.03984,-1.11782,126.383,1.17009,0.967706,170.392,-0.373952,2.93661,2.08553,0.0344355
78.1269,-2.24709,-2.9953,50.6968,3.15505,0.597462,46.7574,1.99835,-0.212723,-2.69043,0.032957
76.038,-2.22147,-1.53211,40.3767,2.7979,2.98191,50.2845,2.35999,1.1951,-1.76916,0.0318785
82.1861,2.64481,0.133064,50.6067,-2.46746,-0.348332,56.0154,-1.29313,-2.99379,0.481395,0.034414
95.6644,1.84304,-1.49812,40.4897,-2.80074,2.69657,64.8564,-1.60044,0.937915,2.08849,0.0319657
104.725,0.478164,0.10179,84.5706,-3.75212,1.53746,94.4341,0.091538,-2.25175,-1.43567,0.0341692
133.567,-1.45431,-0.79193,65.1531,2.04545,0.704853,75.6322,0.25115,-3.05142,1.49678,0.0319694
59.4156,4.11691,-2.09431,39.177,-2.12167,-0.0325178,43.4919,2.68238,1.51172,-2.06179,0.0333812
94.6255,-2.83728,0.210186,46.3775,4.37357,0.92734,112.546,1.89399,-2.6472,0.717153,0.0343819
154.433,2.13759,-2.90551,41.0964,-3.22608,1.45736,72.222,-0.373086,-0.35243,1.92031,0.032577
99.4268,2.68231,2.26864,44.9931,-4.46811,1.95775,95.1357,1.26501,-0.861352,0.310889,0.0365675
74.2593,2.62174,1.36758,39.5364,-3.57493,0.37093,54.8118,-1.04483,-1.9319,0.996649,0.0333988
71.1021,-0.597066,-2.49702,62.7846,3.01644,0.120284,55.0994,1.19954,1.50186,2.6173,0.0298735
114.122,-2.35538,1.73049,81.5281,3.75239,3.0162,84.7803,1.22497,-1.06399,1.28572,0.0351971
90.1099,-2.19816,2.10337,40.4763,3.82627,0.226825,73.1123,1.97597,-1.61771,-1.87655,0.0348744
94.2652,-1.76801,2.20802,76.7903,1.70755,0.195332,51.318,-0.847715,-2.08482,-2.01269,0.0317607
222.27,-0.563381,1.59718,43.2282,4.08775,2.48476,99.8062,1.74681,-1.18407,0.887574,0.0351284
134.293,2.38782,-3.02638,122.266,-3.30793,-0.868023,52.2305,2.23347,1.48178,-2.15836,0.0357359
45.6016,2.02774,2.37842,36.5049,-4.73618,-2.69932,43.167,-2.53818,-0.10984,-1.20545,0.0350114
128.968,1.7139,-2.06639,111.195,-2.49767,2.87115,170.599,0.549621,0.0738868,1.34564,0.0312289
98.1529,-2.64046,-1.48341,46.6964,2.39265,-0.126255,69.201,-0.484279,2.56846,1.35716,0.030672
124.601,1.08521,2.5779,88.4293,-2.21838,-2.45344,88.7642,-0.466609,-0.287564,-1.25185,0.0321159
148.388,-2.29741,2.87447,78.7811,3.56481,1.99005,112.288,-0.233187,-0.674359,-0.884422,0.0350342
129.951,1.05142,-2.31297,45.4722,-3.71072,-0.909059,96.4588,-0.359171,0.944575,-1.40391,0.033182
125.833,3.06564,-0.938597,35.7036,-2.05356,-2.12998,122.746,-0.984388,2.10159,1.19138,0.0308696
341.107,1.75505,-3.08785,165.124,-2.32433,-0.116471,140.31,-0.93966,-0.161197,-2.97138,0.0346025
76.9494,-2.80617,-0.128009,49.8842,1.25677,0.595821,73.7655,-2.13308,2.99563,0.72383,0.0313025
311.605,2.45933,2.95161,79.6823,-2.80676,1.58597,168.597,-0.0956602,-0.449449,1.36564,0.0356818
243.067,2.32369,0.0112398,54.2522,-4.12499,-0.884518,192.843,-0.259997,3.02395,0.895758,0.0365191
224.236,-1.10636,2.40802,53.5421,4.07179,3.09234,216.04,1.03847,-0.507118,0.68432,0.0328979
114.423,2.2896,0.688024,60.683,-4.06321,1.32462,215.54,0.0562187,-2.24947,-0.636594,0.035878
346.636,1.41062,1.91432,60.8062,-4.57658,0.949167,287.283,0.695287,-1.37418,0.965154,0.0372602
112.991,3.10364,-2.21832,108.068,-2.34631,-1.18234,107.35,0.841334,1.76931,-1.03598,0.0342503
61.6509,-1.98008,1.82017,48.5786,2.33073,0.0223177,54.5308,-1.56408,-1.71309,-1.79785,0.0310986
106.068,3.1863,1.93077,52.8731,-2.69717,-2.62545,128.591,-1.07802,-0.725114,-1.72697,0.033782
109.428,-1.03914,-0.12246,53.9417,2.58313,-1.52121,103.104,-0.00698591,2.08433,-1.39875,0.0307832
97.6969,1.58461,-1.66153,64.1932,-2.88804,-1.61784,61.6154,-0.173384,0.889085,-0.0436878,0.0327209
65.3952,-2.556,2.93293,43.2787,1.73249,2.33476,47.7097,-1.06672,0.00347964,-0.598174,0.0286301
139.676,1.7964,1.65618,58.866,-2.67452,-0.70551,132.204,0.50284,-1.81172,2.36169,0.0320832
103.482,3.13107,-2.53173,65.3127,-3.59961,-0.569703,84.9087,0.506005,0.388942,-1.96202,0.0363985
215.531,1.11614,2.21298,38.3358,-4.08038,-1.79322,51.7947,-1.8142,-1.00309,-2.27698,0.0347585
61.39,-2.73262,-1.8539,40.1877,1.46183,-2.54201,71.272,0.226361,1.0174,-0.688111,0.0297412
154.713,2.7457,-1.99463,123.295,-1.71491,0.0866214,60.6302,0.84347,0.996421,-2.08125,0.033336
93.3514,-1.10213,0.734981,33.523,3.06697,-1.09813,67.2057,-0.467069,-2.62716,-1.83312,0.031682
83.0582,3.71275,0.0806531,55.503,-2.19563,1.22051,79.2312,2.30106,-2.83562,-1.13986,0.0338495
170.433,1.49682,1.30797,105.42,-3.79479,1.4483,138.655,0.287105,-0.782002,-0.140331,0.0331252
79.9662,-0.490425,1.52819,45.7734,3.14131,0.299166,125.007,1.08225,-1.97062,-1.22903,0.0306553
154.436,2.33763,1.97487,40.7648,-3.27692,1.91506,164.241,-1.13521,-0.946247,0.059813,0.0343194
86.0187,1.34356,-0.511195,65.2172,-2.63582,0.0666717,54.2559,-0.82475,2.88528,-0.577867,0.0306047
241.092,0.854034,-1.17615,90.8024,-2.52564,-2.5053,198.404,-0.699836,1.56414,1.32915,0.0333348
219.39,2.88161,1.16885,83.8421,-0.935781,-1.97202,99.1918,1.93123,-1.95324,3.14088,0.0325644
148.367,0.67884,1.30907,106.207,-3.22501,-1.66519,39.6594,-0.604269,-1.56511,2.97426,0.0328155
116.02,3.09034,-0.597454,62.9383,-0.39676,0.00923558,104.91,1.16151,2.99502,-0.60669,0.0331374
245.229,2.05959,1.76412,108.081,-1.87033,-0.902855,134.957,-0.304918,-1.79534,2.66697,0.0332789
123.436,-1.82114,1.30189,108.178,2.98052,-2.75074,110.634,-0.037591,-0.824781,2.23055,0.0334809
72.3964,1.65998,1.8056,43.8042,-3.60098,2.30485,55.7869,-2.99639,-0.795656,-0.499247,0.033278
156.413,-0.32318,0.871224,42.84,3.40737,1.05247,137.076,0.0968483,-2.35062,0.181244,0.0324333
101.991,-2.59004,-2.66028,57.5452,3.48713,2.96693,73.4337,-0.406703,0.221616,-0.655967,0.0348193
117.586,2.46838,-3.03538,79.2315,-2.41899,-3.12931,141.465,-0.824159,0.223761,0.0939353,0.0330705
264.749,-0.549498,0.662171,116.343,3.00922,-0.181021,237.935,1.18452,-2.958,-0.843192,0.0340103
152.36,1.88945,-2.12478,50.4435,-4.44841,-2.18829,87.8706,1.16834,0.941572,0.0635047,0.0359102
161.105,-2.5315,1.45334,100.339,3.67082,-1.97595,102.094,-0.15971,-1.14684,2.85389,0.0371399
295.898,1.44154,0.824295,131.211,-1.99893,-1.2899,150.632,-0.288645,-2.9151,2.11419,0.0333349
104.58,2.67934,3.11379,85.9979,-0.845541,-1.27679,85.9643,-0.456182,1.18152,-1.89261,0.0312314
123.915,2.62824,0.375395,30.1618,-1.09415,-0.326569,119.683,2.27393,-3.00264,0.701964,0.0308128
145.238,1.0133,-2.13606,108.831,-3.69538,2.4294,91.2336,-0.75011,0.0961352,1.71773,0.0337503
130.812,1.87007,1.0908,46.5824,-4.58111,3.09374,70.1688,-1.64894,-1.71391,-2.00294,0.0360118
287.078,1.76186,-1.97644,41.1071,-2.75288,-1.05647,85.3493,-0.893407,1.40619,-0.919965,0.033532
108.566,1.35573,-2.82613,67.7863,-2.62807,-1.38645,83.1287,-0.236595,0.560893,-1.43968,0.0317057
91.4652,1.82237,1.64963,70.2984,-2.07403,2.20462,120.862,0.0759837,-0.903322,-0.554993,0.0317417
250.698,0.432098,1.02573,136.357,-3.37278,2.7454,199.599,-0.667207,-1.56072,-1.71966,0.0346394
212.488,-1.83851,-1.70776,39.1827,2.07056,-1.43134,174.163,-1.06931,1.28311,0.27642,0.0303529
296.689,0.763873,-0.091879,53.0316,-2.65955,1.87633,101.301,-0.32935,-2.95113,-1.96821,0.0338652
150.637,-1.4759,-0.57363,59.4924,2.47957,0.691974,129.807,-0.0929003,2.78416,1.2656,0.0324229
91.2038,3.50659,1.97632,62.203,-2.91341,-1.85769,45.0867,2.74314,-0.661391,-2.44917,0.0330153
148.204,-2.66349,2.79928,94.1454,2.09606,2.44733,69.9164,-1.30435,-0.601773,-0.351951,0.0338013
172.745,-2.35817,1.7696,47.2624,4.36985,-1.79936,92.3485,0.497191,-1.25896,2.71423,0.0358432
46.0732,2.21306,-0.046555,45.1624,-2.61918,-2.12458,42.6227,2.60467,1.2128,2.07803,0.0296333
80.6174,0.988944,-3.07714,47.7657,-3.22014,2.55303,111.753,0.0647846,-0.169995,0.653015,0.0315137
109.426,2.69568,2.04794,58.0976,-2.02406,3.10801,83.7736,2.39925,-0.690478,-1.06007,0.0336274
112.824,2.29538,-1.70949,68.7437,-3.14549,-0.687441,114.61,1.19852,2.25187,-1.02205,0.0338148
85.3157,-2.30607,0.0387409,45.868,3.22682,2.15165,66.8322,0.977272,-2.39948,2.11291,0.029888
85.1017,-2.19965,-1.91638,74.6517,1.81217,-0.869876,24.4343,1.81598,0.767038,1.04651,0.0329816
76.3008,-2.56185,0.217492,60.5465,2.94894,0.849895,64.9084,-0.531378,-2.51082,0.632403,0.0317461
171.511,-2.96504,0.361794,95.3573,1.49843,2.86454,81.4472,-2.2966,-2.23953,2.50274,0.0324678
114.43,2.39213,0.827494,57.4933,-2.1922,-2.08224,41.7352,0.254547,-2.75747,2.90973,0.033025
151.782,-1.2478,-1.70551,67.7785,2.30054,0.850103,47.2892,-0.810258,1.44435,2.55561,0.0320611
107.358,2.97626,2.2956,93.1963,-2.22218,-2.31259,82.2665,-0.914111,-0.0520503,-1.675,0.0316026
141.266,2.6565,0.801591,48.694,-1.64972,2.50703,116.75,-0.350541,-2.06648,-1.70544,0.0334575
131.507,-3.05542,0.019903,51.7036,4.44537,-0.420951,114.729,1.73407,-3.10438,-0.440854,0.0379184
204.833,-0.432069,1.53308,45.2996,2.94275,2.92966,157.381,0.863167,-1.38775,1.39658,0.0288328
96.7532,-3.02834,1.98897,88.2016,1.41385,3.06584,143.202,-1.24864,-0.854854,1.07687,0.0328092
47.1399,-1.69469,-2.00817,43.2526,4.30169,-2.37955,55.6848,2.47732,1.12288,-0.371382,0.0332955
78.1094,-3.05277,-0.825211,46.6522,1.74921,-0.423542,45.4536,-2.20701,2.067,0.401669,0.0324359
74.6271,-2.56271,2.18487,39.7354,2.78342,0.88717,115.99,1.161,-1.43562,-1.2977,0.0331315
120.797,1.47128,-1.79584,108.918,-2.69352,2.956,77.3522,-2.16163,0.766299,1.53135,0.0313076
66.1462,3.19375,-0.775084,44.3591,-1.04732,-2.91416,38.7972,2.43306,1.47343,2.13907,0.0321513
307.129,-1.23332,0.226614,85.8506,1.83954,2.65849,133.936,1.15804,-2.62718,2.43188,0.0329826
183.55,-2.89429,0.0915311,69.4163,2.13058,0.451659,259.611,-0.193947,-2.9376,0.360128,0.0341594
128.344,2.03646,-1.79808,71.6097,-2.26657,-2.2954,55.6308,-1.88474,0.447015,0.497323,0.0335136
204.984,1.14952,2.86167,155.379,-2.07935,-1.12337,56.4493,-0.685485,0.431109,-2.29815,0.0329072
299.324,1.91655,2.53971,57.9671,-2.69359,0.525275,209.133,0.180356,-0.539481,2.01444,0.0336956
152.389,-2.05632,0.303477,51.8399,1.32647,-2.61561,34.7122,1.09499,-2.80692,-2.91909,0.0319267
92.0272,3.16986,2.58477,85.2315,-1.69518,0.700976,75.1474,-0.0834221,-1.47546,1.88379,0.0334927
129.492,0.766067,2.73451,110.996,-2.91207,0.886183,152.97,-0.527527,-1.51846,1.84833,0.0313488
146.825,1.83587,1.66759,58.412,-2.83306,0.360539,87.4902,-0.0366844,-1.8577,1.30705,0.0333363
67.9105,-3.12395,-3.02129,62.4372,2.68987,1.84466,57.1658,-1.21874,-1.16705,-1.41724,0.0336918
102.137,-1.80112,0.755808,67.3503,2.3518,2.83875,64.5624,0.826866,-1.61254,2.08294,0.0290924
87.6433,-2.01278,0.590903,53.9995,3.53441,-3.05691,54.6257,1.19507,-1.65734,2.63537,0.0326585
235.855,2.94979,0.602537,58.3372,-3.52247,2.55985,86.9818,-0.682879,-2.36759,-1.95731,0.0368319
173.679,-1.27343,-1.69717,67.9827,2.95404,1.21631,74.7629,0.526593,1.1631,2.91347,0.0326915
244.058,1.16295,0.808588,61.606,-3.48545,-1.02822,170.723,0.349507,-2.41473,1.83681,0.0344209
42.611,-4.68643,0.118215,34.1328,1.20263,-0.60134,45.2445,-2.48806,-2.97927,-0.719555,0.0341188
102.213,0.755808,-0.420869,44.4605,-3.91113,2.98222,43.5957,-0.314813,2.50692,2.88009,0.0328879
72.9278,2.52822,-0.86801,53.0119,-2.29851,0.566536,53.0911,-0.329654,2.85752,-1.43455,0.0323423
130.97,-1.6581,1.30063,117.079,3.4248,-0.928939,73.6334,0.530353,-1.80698,-2.22957,0.0336286
122.714,-3.16229,-1.45025,42.8325,2.17146,1.02411,63.6091,-1.43005,0.986939,2.47436,0.0310554
219.339,2.05288,1.83877,68.653,-2.20279,-2.83379,275.007,0.624318,-1.10501,-1.61062,0.0334895
129.091,0.46617,0.548364,56.9315,-3.41841,-0.218013,125.432,-0.107892,-2.71926,0.766377,0.0309101
102.134,-1.897,-0.869612,62.0951,1.92013,-1.68769,128.467,1.29191,2.12728,-0.818081,0.032563
111.864,3.52049,0.213618,67.9249,-0.24795,-3.05887,56.536,2.38934,-3.03436,-3.01069,0.0314998
158.504,1.45132,0.613849,97.3516,-3.93139,-0.789596,128.339,-0.577566,-3.09832,1.40345,0.0360828
180.431,1.63094,2.38512,38.4828,-3.60985,-1.45213,65.5286,-1.46282,-0.236065,-2.44593,0.0336946
253.952,-1.38551,-1.83619,60.3315,3.73859,-0.620892,294.076,0.458996,1.45084,1.2153,0.0348592
126.73,-3.37076,0.207642,47.3874,3.77339,1.1323,44.7589,2.12509,-3.02338,0.924662,0.0375211
77.539,-1.86174,0.972478,64.8723,3.83169,-0.782935,72.802,-0.28929,-2.25854,-1.75541,0.036052
104.966,1.82576,0.353953,88.1868,-2.74425,1.75318,116.452,0.211007,-2.08435,-1.39922,0.0323237
175.278,2.9199,-0.309248,52.862,-2.39174,-1.77192,86.8129,-0.0104947,2.84877,1.46268,0.0339814
64.4382,3.76005,-1.27185,33.5692,-3.83302,-1.29783,78.5403,2.3624,1.02023,0.0259768,0.0355063
77.3571,2.12236,2.22422,51.5346,-3.39963,-2.71663,86.3434,-2.13413,-0.408651,-1.34234,0.0325157
205.821,0.707255,0.503281,34.0511,-3.14203,0.611827,47.4801,-2.17683,-2.48837,-0.108546,0.0337409
65.7971,3.06501,-1.63378,50.5152,-1.35062,-1.61624,46.3409,-0.249117,1.63019,-0.0175432,0.0318949
164.998,1.09697,-2.50981,60.1412,-3.17144,-2.47759,185.379,-1.1217,0.674252,-0.0322158,0.0332971
253.558,0.744509,-2.36733,67.2417,-3.86885,-0.185252,179.409,-0.512421,1.1879,-2.18208,0.0348425
86.885,2.44408,-0.627513,78.1695,-0.987811,-2.14014,97.4691,0.531018,1.67742,1.51263,0.0318338
333.967,-2.48981,0.838109,325.31,2.46211,-1.00737,245.643,0.44322,-2.9679,-1.84548,0.0366425
133.868,-2.65915,-0.743609,67.7936,1.47948,-2.489,88.1169,0.492956,1.58121,-1.74539,0.0352522
130.794,-1.11123,-3.09586,104.492,2.02067,2.30414,148.397,-0.469112,0.108524,-0.883186,0.0319993
161.473,-2.47757,-0.310634,79.5094,3.42146,-1.48289,130.362,0.354962,2.32007,-1.17226,0.034947
461.509,-2.41612,-2.82992,108.141,1.78346,0.786748,175.243,0.322821,0.0925852,-2.66652,0.0352969
185.553,-3.18942,-1.86101,86.2269,1.53653,-0.579466,114.079,0.88193,1.69428,1.28154,0.033274
91.8761,1.73702,-1.31664,83.9611,-4.42365,-1.21425,70.0224,-0.243802,1.76507,-0.10239,0.0371863
125.131,2.64854,-1.7673,108.033,-2.44019,2.4639,88.9069,0.626345,0.57288,2.05199,0.0326947
236.422,-2.08372,1.95321,86.14,3.11102,0.846304,111.345,-0.992332,-1.27015,-1.10691,0.0345583
87.43,-2.77738,2.95473,66.1318,3.04359,3.08626,37.238,0.241169,-0.148188,0.131531,0.0313281
105.75,-1.32867,2.35613,43.035,3.17883,1.58093,83.2896,0.0134881,-1.0858,-0.775205,0.0322321
112.113,0.380109,2.65756,92.2779,-3.26911,-2.90021,178.26,-2.04108,-0.352817,-0.725418,0.0322206
136.832,2.88758,-2.88023,54.8087,-3.54768,-1.0963,78.0429,-0.558214,0.67347,-1.78393,0.0332917
101.441,1.71513,-1.27276,92.1298,-2.30541,-0.837521,70.1511,-1.34497,2.34003,-0.435236,0.0307525
89.9817,-2.95551,1.95871,49.3272,1.0536,1.72779,76.4972,0.504569,-1.40843,-0.23092,0.0318271
184.089,1.32294,2.81755,60.9425,-2.23192,0.797609,92.748,-0.762888,-0.400905,2.01995,0.0325133
199.906,1.85515,1.21459,131.684,-2.77006,2.45019,221.788,0.688385,-1.3359,-1.2356,0.0343226
75.2609,2.93342,1.96927,64.4483,-2.96772,0.663144,36.1049,-2.24982,-1.07497,1.30613,0.0340027
168.737,2.86078,3.01122,39.2123,-1.16201,1.87794,105.542,1.53733,-0.520339,1.13328,0.0324952
69.0532,3.29004,2.82103,55.2539,-1.51918,2.9286,68.502,0.237238,-0.179558,-0.107566,0.0326799
125.646,-1.40887,1.54564,89.7546,2.63283,1.75297,114.419,0.419433,-1.54468,0.207333,0.029203
78.9309,-1.08927,1.91043,77.1771,2.44089,1.90143,96.1787,1.13837,-1.31751,-0.00899947,0.0317416
173.33,2.26961,-1.44582,43.4711,-3.91052,1.98456,91.2165,-1.34793,1.83112,2.85281,0.0348624
122.798,-1.52534,0.667629,77.7251,2.83906,1.79837,168.489,0.416804,-2.01268,1.13074,0.0325885
133.375,0.54667,1.741,32.4587,-3.48938,-0.828834,80.3577,-1.44979,-1.45842,2.56983,0.0307051
101.7,1.77224,0.60399,64.0484,-2.77464,2.33619,70.1459,-0.135778,-1.49206,-1.7322,0.0328698
103.001,2.92692,-2.46246,63.2235,-3.53951,-2.09393,46.7767,0.368631,1.39899,-0.368528,0.0344717
178.64,-2.44454,1.82705,52.4886,2.49237,0.653861,73.687,-0.402335,-1.92219,-1.17319,0.031606
229.077,2.97692,0.540781,65.9347,-2.37148,-2.47231,85.5282,-0.156838,-2.26207,3.01309,0.03481
60.5182,2.41444,-2.57664,35.6122,-2.22668,-1.86588,26.401,2.69245,1.46992,-0.710766,0.0304451
88.97,-1.65301,2.22118,74.4621,4.22139,2.93854,82.5486,1.49034,-0.810492,0.717356,0.0349388
156.851,-0.861404,0.811886,61.1315,4.14927,1.19045,144.054,0.308378,-2.49774,0.378559,0.0313114
84.5298,-0.421806,1.59918,39.7438,3.57235,2.66507,83.0887,2.04875,-1.2473,1.06589,0.032516
173.647,2.34355,1.15359,55.659,-2.27239,2.56347,170.334,1.14116,-1.61375,-1.40988,0.0332321
342.462,-1.93041,1.43246,39.8932,1.07467,0.868481,220.753,-0.661389,-1.78518,-0.563974,0.032207
113.169,2.25233,-2.72499,42.329,-1.58714,-2.17914,128.808,0.532193,0.603601,-0.545847,0.0312684
178.174,-3.14659,-1.35477,82.8309,1.98987,2.93407,82.5541,0.88588,0.87581,-1.99434,0.0341361
124.832,-1.51483,1.47086,43.1745,2.07905,0.0525097,119.719,-0.923327,-1.81167,-1.41835,0.0314397
88.6763,-2.00965,0.893784,50.5741,2.28937,2.3673,69.4494,1.74188,-2.00569,1.47351,0.0354978
116.578,3.01274,1.44103,96.427,-2.31072,-0.22569,93.0927,1.63747,-2.12305,1.66673,0.0326548
104.959,-2.85201,2.68185,34.9953,4.54329,2.59394,76.5025,-1.0185,-0.431659,-0.0879111,0.0360359
263.167,-0.641226,-2.29318,51.4588,2.85595,0.0316088,136.113,2.02538,0.889521,2.32479,0.033232
103.792,-1.71836,1.29695,64.5088,3.80646,0.724221,100.423,0.373194,-2.2759,-0.572727,0.0316875
119.028,-2.8459,-0.368581,39.9455,2.24955,-1.21125,110.951,-1.21925,2.75078,-0.842665,0.0319533
142.383,-2.4986,0.333734,89.3713,1.6984,2.6181,85.1582,-1.61367,-1.92496,2.28436,0.0333177
111.646,-1.3805,1.69762,71.0881,4.45605,-1.34865,81.5448,0.180033,-1.82765,-3.04628,0.036474
136.784,2.55844,-0.115176,32.2016,-2.93936,1.21685,118.26,1.04329,-3.08883,-1.33203,0.0338726
105.952,-0.773094,1.12548,70.3446,3.63311,-0.143897,104.494,0.890695,-2.29895,-1.26938,0.031924
207.34,2.21441,1.62975,72.3351,-2.12439,2.97435,113.627,-1.29852,-1.13536,-1.3446,0.0339615
115.692,-1.08107,-0.81672,51.851,3.77013,0.151661,80.5298,2.36934,1.97223,0.968382,0.0340075
175.086,-0.694461,3.11965,49.3065,3.26352,2.3296,130.692,-0.0262876,-0.465995,-0.790053,0.0314997
102.554,-1.32451,3.13543,43.5342,3.56894,-2.04343,170.199,-0.456545,0.197144,1.10432,0.0322845
87.0862,-1.42775,-1.89682,41.3492,3.24082,-1.17848,39.3217,1.84623,1.56547,0.718343,0.0303017
77.9814,3.82218,-2.86552,30.5511,-3.39836,0.0977543,48.287,-1.80409,0.760093,-2.96327,0.035456
63.7993,-3.97978,2.02987,56.979,1.82798,1.32834,52.7569,-0.502852,-1.11788,-0.701536,0.0325684
124.053,3.15845,-0.88622,51.5745,-2.40172,1.45784,65.823,1.63369,2.55385,-2.34406,0.0336184
132.91,-2.99899,2.08445,54.968,3.44966,0.0933171,78.5703,-0.488185,-1.54221,-1.99113,0.0347534
149.22,2.06359,0.766212,38.3994,-3.63978,-2.6305,79.4654,-1.9896,-2.49913,-2.88648,0.0336327
78.931,1.18874,2.44792,55.5133,-2.51536,-2.33278,49.577,-1.94255,-0.0834509,-1.50249,0.0302033
152.003,-2.05705,0.49524,82.8387,2.70798,0.904872,192.283,-0.132197,-2.56547,0.409632,0.0335968
68.6035,4.19222,1.01762,56.8778,-2.35555,0.68961,54.3122,1.19886,-2.44512,0.328007,0.0358198
99.8964,0.952712,1.17671,70.9204,-3.10116,-0.638458,126.939,0.392336,3.04253,1.81517,0.0324474
427.429,-2.4426,1.26818,80.5972,1.49172,-0.825579,124.026,-0.136222,-1.84771,-2.09375,0.0345193
165.344,0.396101,0.62411,84.1986,-3.43931,0.176713,261.684,-0.50572,-2.62893,0.447397,0.0333444
217.508,-1.56392,3.02956,36.3325,2.62751,-2.56879,136.622,-1.12224,0.334894,0.684838,0.0347549
359.218,-1.67758,0.793164,74.6188,3.19751,-2.06199,150.829,-0.365495,-2.50971,-2.85515,0.0346678
229.49,-2.89077,0.913067,34.2439,2.99593,0.122944,93.8894,-0.0034267,-2.13202,-0.790123,0.0346144
72.9101,1.35578,1.35694,36.5623,-4.39296,0.0340031,62.819,-2.44173,-2.10556,1.32293,0.0314773
250.732,-1.7891,1.56568,61.5171,2.63439,-0.419711,88.74,0.818933,-1.80213,-1.98539,0.0333712
113.849,1.09633,0.851128,101.663,-3.26323,-0.477165,139.902,-0.975622,-2.90529,1.32829,0.0327764
117.065,-2.98413,0.636532,65.8412,1.95433,1.50192,58.7922,-0.505385,-1.91134,0.865388,0.0321765
112.702,0.609963,0.65333,51.6891,-2.87723,2.78169,73.6864,-1.31237,-1.98988,-2.12836,0.0312751
172.992,3.06166,-0.740284,106.595,-2.29655,0.937575,132.268,-0.944866,2.94025,-1.67786,0.0353845
131.326,2.32433,0.080547,54.5532,-3.10914,0.513925,75.1651,-1.09377,-2.6281,-0.433378,0.0340643
150.54,2.27387,-0.0765615,64.6653,-1.11711,2.0855,79.4175,-0.264284,2.99259,-2.16206,0.0349843
120.519,3.86801,-1.63097,67.8816,-0.36206,2.77325,47.4341,1.83804,2.03837,1.87897,0.0317302
277.156,-2.39448,-1.85626,110.092,2.89485,0.145713,142.766,1.00531,1.93512,2.00197,0.0352013
172.379,-2.55614,0.111688,125.339,1.20112,2.11054,105.381,-1.28356,-1.85826,1.99885,0.0322233
82.193,2.97087,-0.903426,40.1797,-0.763457,-0.842691,73.916,0.6541,2.22432,-0.0607348,0.0290555
93.6212,2.54099,-0.246072,36.8854,-2.76492,-1.25016,52.0244,-0.0285996,2.42057,1.00409,0.0322524
202.168,2.2239,-2.61576,46.2447,-3.16634,2.7596,93.4285,1.011,0.342112,0.907828,0.0337324
58.6987,4.52339,-0.926773,50.3007,-1.11184,-1.3357,56.8929,-0.193097,2.36079,0.408925,0.0330357
132.101,1.58115,-1.71517,82.0088,-3.48571,-2.73213,78.8743,0.0130884,1.07009,1.01696,0.0339255
99.0456,0.765245,-2.52921,61.0729,-4.62588,-2.32671,116.43,-1.76224,0.751193,-0.202491,0.0334878
89.5362,-1.33246,-0.875524,87.4303,2.579,3.13311,111.935,0.839465,0.441437,-2.27455,0.0313419
82.6435,1.87939,2.17981,68.2009,-1.99505,1.21153,45.8867,-0.470465,-1.61977,0.968283,0.029437
75.8569,1.90057,-1.23789,71.9491,-1.80571,-0.256771,94.6438,1.17126,2.01527,-0.981115,0.0290039
89.2847,-2.38799,1.87467,81.1839,3.20754,1.42774,120.634,-0.447765,-1.81566,-0.446932,0.0338632
59.24,-3.94768,2.95378,56.9335,2.56412,1.50239,50.6215,-1.75574,-0.679901,-1.45139,0.034639
70.2009,4.61115,0.640835,37.0175,-1.30325,0.533126,27.4556,1.75189,-2.80557,0.107709,0.0324223
107.965,-2.15509,-1.86321,38.7649,3.91361,-2.48338,100.041,1.82773,0.744427,-0.620161,0.0336909
134.009,-0.690896,-1.00357,42.4869,4.39808,-1.60611,142.341,1.27095,1.71204,-0.602542,0.0344037
114.851,-2.28277,2.37222,54.1665,2.95612,-1.60703,29.5397,0.259544,-0.0365857,2.30393,0.0325104
207.03,-1.61539,1.36962,33.716,4.34329,-0.866627,142.698,-0.729324,-1.96164,-2.23625,0.0341961
77.6941,-1.96325,2.06051,69.2169,3.98371,1.45625,103.839,1.92635,-1.55609,-0.604263,0.0355282
105.509,-0.760891,2.22868,87.2506,3.34577,1.93646,221.603,1.01639,-0.940651,-0.29222,0.0332382
71.5112,1.48464,0.152969,60.6597,-2.63295,3.06555,47.1596,0.0955741,-2.45995,-2.91258,0.0323878
122.064,-3.13203,-1.88834,42.2195,2.5407,0.043037,117.401,-0.221988,1.60635,1.93138,0.0338235
143.532,-2.05301,2.6601,32.0998,1.91022,3.0317,73.2219,-0.409917,-0.412198,0.371603,0.0294149
77.3621,-2.33384,1.22457,40.3079,1.68457,1.10502,41.7946,-2.06191,-1.74521,-0.119552,0.0291518
139.143,-3.19135,2.83197,129.952,3.41301,-1.94895,139.265,2.50275,1.30003,1.50227,0.0383718
65.4794,-4.43721,1.27615,57.8441,0.990707,1.43567,109.093,-1.89438,-1.40802,0.159523,0.0351407
148.9,1.78094,-0.165625,91.4045,-2.71914,1.62815,172.494,1.2067,-1.97918,-1.79378,0.0337521
83.8811,2.27307,-2.51711,62.3915,-2.72339,1.60227,44.6445,-0.223466,-0.266032,2.16381,0.0300177
107.408,-1.53871,-0.80786,45.2487,3.0569,2.6133,58.638,0.0462924,1.63511,-2.86203,0.0323572
81.6061,2.89374,2.03708,76.3438,-3.75865,1.74192,56.8766,1.2072,-2.07522,0.295151,0.0341094
170.865,2.5647,1.51771,113.285,-2.70135,-0.0437562,63.6284,0.874747,-2.32187,1.56147,0.0342809
160.53,2.90567,0.503306,66.1105,-3.10327,1.28429,107.163,-1.77418,-2.71988,-0.780982,0.0359504
180.522,-2.89495,1.8973,106.677,1.95268,2.72127,194.058,0.587569,-1.17662,0.823965,0.0345713
128.221,1.57042,1.09464,48.4986,-2.57498,2.04641,75.7207,-0.616935,-1.457,-0.95177,0.0349681
122.794,3.43797,-0.484428,56.2775,-2.66929,1.0268,38.4063,1.66876,-2.35348,-1.51123,0.0351133
129.044,-2.34881,1.29638,60.4123,3.2494,-0.434783,118.627,1.37877,-2.09895,-1.73116,0.0337142
99.733,-2.75257,2.75581,54.5592,2.44522,-1.86453,79.5303,-0.249823,0.28567,1.66284,0.0299385
88.2296,-0.722556,-1.33954,54.1312,3.28632,-2.63363,80.4113,2.44707,1.48043,-1.29409,0.0326838
79.0846,-3.56554,2.23762,72.9973,2.96404,0.918617,47.1848,-1.03222,-1.51752,-1.319,0.0348092
72.0151,0.898155,0.793115,34.9202,-3.16532,0.117715,70.3964,-0.533748,-2.79671,0.6754,0.0303608
160.276,2.45531,0.176736,79.9201,-3.88377,-2.64263,53.9835,-1.65356,2.93476,2.81937,0.0357959
106.858,1.9156,-1.19878,76.1395,-3.63541,1.1482,57.018,-1.58158,-2.90781,-2.34698,0.0324299
83.5466,-3.05723,-2.19236,35.4018,3.78581,2.89085,92.3514,-1.88213,0.492862,-1.19997,0.0349896
183.273,1.13118,-1.81068,37.7639,-2.04579,0.962944,99.1195,-0.705938,1.45878,-2.77362,0.0339998
96.8086,2.87199,-0.426441,43.4431,-2.61378,-0.313979,108.968,1.8502,2.8124,-0.112462,0.0328034
79.7412,-1.11292,-0.414876,39.8636,2.83685,2.55849,22.6378,-1.43281,2.51613,2.97337,0.0279579
84.9979,0.555154,0.185447,30.48,-4.21216,1.90344,44.136,-0.0342631,-2.83528,-1.71799,0.0323797
106.287,-0.761658,2.36721,35.8858,3.08833,2.39662,106.911,2.14446,-0.728116,0.0294075,0.0322613
77.9911,0.455299,-2.77677,34.6877,-3.62713,-1.08967,37.6012,-0.426579,0.0319681,-1.6871,0.0272437
191.688,-1.40271,-3.03048,142.408,2.4375,2.93464,249.54,0.357749,-0.117165,-0.318061,0.0330733
191.315,1.74398,-1.97576,68.5187,-3.16862,1.29145,98.5351,-0.772439,0.984609,3.01598,0.0336745
107.532,3.86668,0.478148,57.6438,-0.763256,1.6374,58.913,1.00529,-2.08452,-1.15926,0.0336571
120.04,2.87455,-1.85679,64.4813,-0.385202,-2.02975,134.314,1.32714,1.55233,0.172958,0.0316638
83.2193,-0.747268,-1.90538,51.1582,3.19333,-1.92891,91.6028,0.907552,1.4069,-0.0235233,0.0316016
232.165,-1.318,-2.11713,66.914,3.15115,1.19799,124.655,0.962262,0.562199,-2.96806,0.0340367
155.283,1.83799,-2.33725,86.5941,-1.71234,-0.67013,43.349,0.513425,1.4288,-1.66712,0.0323294
72.306,2.72447,1.18095,66.2564,-3.78268,3.00198,89.0103,-0.144686,-1.69175,-1.82104,0.0317679
130.964,1.44776,1.00986,46.7081,-3.21867,-1.50384,51.8151,-1.93812,-1.62343,2.5137,0.0321357
174.915,0.742882,2.84833,95.5493,-2.29812,-0.820494,123.113,-1.19638,0.190449,-2.61436,0.0307128
108.669,-1.91917,-0.596806,59.2396,2.27844,-1.97902,74.2055,0.958454,2.36,-1.38221,0.0318179
70.2254,-2.3488,1.83747,57.2066,3.96643,2.95979,53.516,0.744093,-0.709666,1.12232,0.031178
119.395,2.7323,2.43239,89.8048,-1.82591,1.69937,100.725,1.34099,-1.26479,0.733023,0.0332085
98.1519,-1.00059,-1.26446,42.6139,2.76912,-1.86009,84.0381,1.33406,1.59627,-0.595625,0.0317809
89.8974,2.52199,-0.415944,84.5505,-2.26563,-2.59318,50.7854,-1.15687,2.41466,2.17724,0.0323742
249.302,-0.97997,0.577595,97.2181,2.65709,-1.57077,218.505,0.95503,2.94953,-2.14837,0.0333617
180.159,-3.11356,0.200445,105.829,1.73395,1.5291,189.873,-1.61635,-2.77697,1.32866,0.0320287
121.749,-1.33408,0.471146,32.5885,2.55735,-2.96952,57.7003,2.13871,-3.02473,2.84252,0.0321754
113.204,2.73809,-2.6512,50.9106,-1.79139,-1.04181,75.9207,0.575581,0.565303,-1.60939,0.032584
296.875,-2.11227,0.375174,56.3949,3.56925,-1.41995,159.278,2.00686,-2.91401,-1.79512,0.0364357
111.111,-1.03307,0.14954,93.3952,2.42309,0.98134,123.563,0.449774,-2.55575,0.8318,0.0322299
121.344,2.1855,1.45468,109.979,-4.20192,0.669153,138.786,0.3773,-2.33112,0.785531,0.0364711
108.207,-2.61364,0.878513,59.493,1.69423,-1.21101,71.6049,-0.63932,-2.63087,-2.08952,0.0321501
101.943,0.550296,2.23046,44.7089,-3.40449,-1.63983,36.4854,-1.67242,-0.74629,-2.4129,0.0321032
82.4349,-3.05327,2.68863,36.8507,1.85628,-1.46904,43.7882,-0.642161,0.0373889,2.12551,0.0318556
150.008,2.31296,-2.95605,82.2458,-4.01635,-2.96486,162.512,-0.541514,0.036258,0.00880861,0.0360988
124.192,2.39398,-0.229324,85.9446,-2.15703,1.63397,100.817,-1.42963,-2.09258,-1.8633,0.0333214
249.445,1.44631,2.63464,144.768,-2.54585,-0.0980089,58.4409,0.112942,-1.33752,2.73265,0.0337389
144.589,-3.09012,-0.521884,33.8462,1.72178,-0.740011,118.467,-0.217252,2.51875,-0.218126,0.0305818
131.457,1.02479,-2.35852,39.1309,-4.29489,0.164603,74.1838,-0.874083,0.897156,-2.52312,0.0306356
189.182,-3.43066,-2.46198,30.5003,0.639191,-0.626459,136.321,-0.109943,0.725103,1.83552,0.0342261
186.281,-1.78923,-0.751263,162.127,1.80001,-1.54194,149.481,0.869477,2.09339,-0.790674,0.0330347
135.17,-1.12527,-2.32761,107.246,3.10951,-2.97102,127.696,1.26582,0.573836,-0.643405,0.0316773
109.378,-2.80426,1.55828,71.9131,1.8466,-2.45715,60.9636,-1.73841,-0.893557,2.26776,0.0320933
147.388,-1.9683,0.51475,125.243,1.20375,0.305,226.072,-0.683752,-2.70455,-0.20975,0.0327032
51.3926,2.22444,1.9935,43.8348,-1.97207,-2.38902,71.9298,2.3657,-0.3697,-1.90067,0.0291744
139.298,-0.43815,-1.37928,45.0393,3.51905,-0.107208,103.008,0.684024,2.00115,1.27207,0.030367
136.809,1.53559,1.90928,64.3534,-2.72415,0.60424,98.4926,-0.228504,-1.44993,1.30504,0.0330891
255.055,1.77156,1.47926,132.236,-1.70709,-1.52924,74.6916,0.598169,-2.05934,3.0085,0.0330029
42.5922,-3.34208,-1.07977,39.4375,2.01005,-1.50832,59.8749,-0.245093,2.61665,-0.428549,0.0313016
97.1226,2.78839,1.74982,71.3487,-0.934238,-2.89532,65.1739,0.196254,-1.01611,-1.63804,0.0285013
211.438,1.57886,-2.23,60.3461,-1.84133,-1.81709,213.572,-0.0120626,1.1262,-0.412906,0.0323175
92.1152,-3.10335,-1.10111,35.7312,2.95115,-1.57277,77.3362,-0.757121,2.1873,-0.471665,0.0334527
70.2716,2.86219,-0.583205,66.1616,-4.60602,0.648048,57.0059,0.473199,-2.77344,-1.23125,0.0362714
121.667,-2.56301,1.55105,60.0869,0.972575,-2.09153,50.9115,-1.3401,-1.62173,2.64061,0.0316507
194.223,1.84572,2.60782,50.5229,-3.21666,0.725449,99.8679,0.135008,-1.02616,1.88237,0.0341449
224.691,-1.57618,-0.512669,65.2943,3.40943,-3.09976,147.104,0.488512,2.49735,-2.58709,0.0333208
71.3119,3.06861,-3.01996,31.8419,-1.68423,-3.10689,51.7449,-0.417853,-0.183759,0.0869308,0.031522
77.0721,-3.11186,0.601761,46.6199,1.47475,2.07166,58.0032,-1.62727,-2.65906,1.4699,0.0317909
88.877,-3.57796,-0.0913879,78.4743,1.62922,0.300106,56.7098,0.562289,-3.03973,0.391494,0.0314081
85.5234,-0.372728,2.01316,39.7366,3.56108,-2.49836,58.4904,2.15331,-0.34011,1.77166,0.0317358
153.25,2.16135,2.85921,107.626,-1.74308,-1.65458,147.456,0.00758631,0.311591,-1.76939,0.0328887
146.926,-2.42649,1.45846,68.2552,1.19356,-2.00846,41.8316,-0.373486,-2.22472,2.81626,0.0309632
132.059,2.40186,2.22022,57.7337,-3.98873,-2.7917,110.288,0.0840726,-0.356707,-1.27126,0.034765
72.0501,-3.40421,1.5667,40.0818,1.15301,-2.12825,45.3471,-0.57958,-1.63303,2.58824,0.0299231
95.9359,3.76687,1.33005,83.8464,-0.51096,0.86854,50.812,1.27796,-2.06648,0.461509,0.0338652
97.1131,0.961333,1.84169,45.9039,-2.7612,1.59245,142.546,-2.47591,-1.5987,0.249248,0.0329321
205.408,-2.19231,-0.420242,121.09,1.14014,-2.17258,202.78,-0.803209,2.2129,-1.75234,0.032795
56.0828,2.99271,-2.31095,31.9788,-4.14827,-1.25653,43.5479,-0.964117,1.18836,-1.05442,0.0343215
121.412,-1.2674,-1.21275,41.3093,2.55823,2.89803,78.8886,1.55956,0.883956,-2.17241,0.0318625
43.6887,-1.54296,-2.35313,30.3495,4.22808,-0.00383127,48.5126,-0.959747,1.35854,2.3493,0.0344452
186.719,-0.409611,2.24255,34.4407,3.41876,2.39568,201.756,0.599089,-0.984742,0.153125,0.0323899
97.1794,2.6532,-1.58805,31.5056,-3.41966,1.21378,60.2528,0.302775,2.00797,-2.80182,0.0329881
100.714,1.48932,1.935,73.6305,-2.02234,1.0037,121.114,0.345577,-1.71076,0.931299,0.0317265
259.807,-1.05361,-1.13435,49.3374,4.08347,1.6612,151.908,0.38053,2.13176,2.79554,0.0356549
376.107,-2.31193,-1.86447,143.607,1.33963,0.836672,89.0634,-1.66276,2.04922,2.70114,0.0345326
87.4913,2.79262,-0.545146,56.5031,-1.7986,0.0776458,57.5308,0.236379,2.86786,-0.622792,0.0322135
145.612,-1.00407,-2.07912,77.7716,2.58344,3.13141,83.2895,0.707631,1.15092,-1.07266,0.0316345
138.481,3.46284,1.10204,71.6471,-1.65271,-1.63904,31.7491,2.18955,-2.40003,2.74108,0.0338366
80.5543,1.4923,-0.73761,33.67,-4.1342,-1.74677,52.2777,-0.978749,2.39748,1.00916,0.0328881
112.187,2.44715,1.13606,42.374,-2.5374,1.60835,71.6048,-0.827733,-1.34785,-0.472283,0.0311206
101.749,3.60332,-2.00945,91.9068,-0.919792,2.71382,72.0971,0.876599,0.841771,1.55992,0.0340652
91.1229,2.40126,2.46925,65.7895,-1.60952,-2.27518,89.4196,0.398262,0.0686251,-1.53876,0.030082
123.306,2.38,-2.33432,118.635,-3.26587,-2.3886,130.579,-0.606378,0.747379,0.0542817,0.0349192
59.4111,-4.44667,0.341167,45.3862,2.71473,-0.232622,59.9313,-2.31024,-3.03331,-0.573789,0.0358395
445.261,2.22836,-2.5034,67.4925,-3.45346,1.75447,417.435,-0.0418697,0.636371,2.02532,0.0364638
125.784,2.22474,-0.752484,73.2413,-2.70269,-0.834282,96.5979,-1.57204,2.2084,0.0817975,0.0336569
97.7639,-0.870742,-0.0852416,43.3722,4.21342,0.0572749,60.4167,-0.228033,-2.65041,0.142517,0.031308
65.9673,-3.28527,-1.24317,64.7231,2.36032,-2.36981,57.7169,-1.99425,1.05546,-1.12664,0.0319741
158.018,2.44337,3.13468,56.9478,-2.1791,-0.957546,88.6127,-1.12151,0.357024,-2.19096,0.0331917
96.1349,-2.2775,-1.40323,73.4552,3.52136,0.042061,26.2494,1.59009,2.93115,1.44529,0.0339077
123.066,3.04201,0.95143,38.65,-2.58715,-2.85941,73.9783,1.74849,-1.99937,-2.47234,0.0331158
86.5294,-1.92061,2.56912,81.4501,3.10693,1.87164,119.901,0.795143,-0.937611,-0.69748,0.0319849
94.2702,1.71901,1.0705,57.6469,-3.45524,-1.851,34.593,0.298942,-1.92302,2.9215,0.0307066
159.084,3.17584,-2.07024,37.8595,-1.54717,-2.8605,131.614,1.02119,0.92776,0.790257,0.0329803
76.0398,1.46237,2.6661,39.104,-3.6242,-2.93433,66.069,0.944545,-0.285646,-0.682748,0.0311453
73.6311,-3.7264,-0.990123,67.8812,2.09025,-2.88812,70.8823,-2.56049,0.838303,-1.89799,0.0350075
295.285,1.93543,0.699985,87.2726,-1.69878,-1.1526,88.9271,-0.604904,-3.0976,1.85258,0.0333015
278.393,-0.812803,1.9833,85.5844,2.6933,-1.91841,71.9777,0.214014,-0.455135,2.38147,0.030582
55.5754,3.00727,1.98695,37.267,-3.71677,0.982849,38.7374,0.801267,-1.50625,1.0041,0.0346313
101.223,0.413005,1.56699,73.728,-3.45348,2.34435,143.796,-1.43438,-1.10195,-0.777367,0.0326047
161.003,3.38066,2.71595,79.9093,-3.01442,2.85138,140.17,-0.259566,-0.400277,-0.135424,0.0363139
128.195,-1.48937,-2.2294,64.9775,3.60568,-1.1551,103.765,2.18472,1.85039,1.0743,0.03317
111.144,-1.79038,-1.91216,107.555,2.35191,2.95054,75.7504,0.488244,0.791236,-1.42048,0.0311895
172.415,-1.93424,-0.664308,88.6128,2.84219,2.11428,50.5978,1.82141,-3.08172,2.77859,0.0342134
109.513,1.76031,1.46332,76.1625,-2.8336,-2.76805,47.7896,-1.38748,-1.48288,-2.05181,0.0325731
116.297,2.74814,1.57393,32.4624,-0.84751,-1.7153,80.0494,1.42805,-1.88037,-2.99396,0.0306163
144.691,-2.47334,0.820957,117.137,2.18701,1.41894,142.562,-1.27793,-1.93463,0.597987,0.0378061
108.852,2.19,-3.02134,96.843,-1.07698,-1.44494,118.671,-0.822841,0.866866,-1.57641,0.0321466
163.054,2.05968,1.21466,109.173,-2.69495,-1.51199,94.6755,0.217386,-3.0072,2.72665,0.032671
103.972,-2.86546,-0.816141,101.445,1.89185,2.34848,31.9352,1.54163,-0.988771,-3.11856,0.0334849
109.372,-1.75485,-0.640582,97.4588,2.90445,-2.22791,127.726,1.75331,2.26973,-1.58733,0.0307226
143.896,-3.19625,0.745543,81.7039,0.862152,2.12933,137.614,-1.55437,-2.00224,1.38378,0.033715
85.9502,2.30952,0.852124,37.6571,-2.90612,2.04431,100.392,0.943451,-1.70132,-1.19218,0.0287326
132.773,-2.03375,1.00666,100.647,1.90682,-1.53534,94.1336,-0.893151,-2.84162,-2.542,0.0329999
126.531,-2.24769,-2.13835,110.804,1.6877,-1.82828,191.915,-0.941971,1.42809,0.310075,0.0334573
242.983,2.01011,1.61074,50.6941,-1.39166,0.034499,197.931,0.514632,-1.81012,1.57624,0.0324855
107.801,-1.6319,-2.1583,44.0013,2.87555,2.22206,77.8706,2.51448,0.407364,-1.90283,0.032939
150.74,1.94904,-2.72346,104.69,-2.50888,2.96216,142.023,0.217396,0.119712,0.597573,0.0333476
347.931,-1.3259,-1.56419,73.3204,2.51083,1.07062,232.912,0.979683,1.5505,2.63481,0.0338106
146.729,1.65616,-1.588,71.9737,-1.83083,-1.93394,136.843,-0.97619,1.48304,0.345938,0.0324864
166.781,1.12901,-2.20355,57.4032,-3.42682,-1.27555,87.3714,-0.949063,1.32764,-0.927999,0.0333077
73.741,-2.29596,1.77893,58.2394,3.59135,3.1329,65.1379,0.471565,-0.950735,1.35397,0.0341854
111.577,-2.64715,0.156521,35.0321,3.56828,1.79683,120.574,-1.03062,-2.70356,1.64031,0.0329157
103.235,1.13722,-3.00775,72.561,-3.7038,0.425283,67.2643,-2.15467,0.0493579,2.85015,0.0343697
112.949,-2.14394,-0.225094,51.5478,1.47834,0.256396,137.266,1.41128,-2.72683,0.48149,0.0329631
138.765,-2.04277,0.00809648,99.214,3.08479,2.37698,92.2311,1.08147,-2.13551,2.36888,0.0340907
123.763,-2.44684,1.02315,86.386,1.58775,0.944901,84.0378,0.8034,-2.1495,-0.0782483,0.0326295
137.899,2.55274,-2.42036,68.7443,-2.16341,-0.423078,64.7753,1.27205,0.819309,-1.99728,0.0331977
153.627,1.22284,-0.0219042,104.659,-2.67901,-2.25064,103.572,0.642658,2.49668,2.22874,0.033067
105.388,-2.25338,-0.269485,50.6319,1.8486,-2.30172,54.937,-0.282483,1.74449,-2.03224,0.0311236
136.278,1.17739,2.88299,82.7993,-2.5201,-1.05462,78.7463,-0.0730806,-0.251933,-2.34557,0.032025
220.807,2.58363,1.66179,49.6239,-2.99195,-2.52986,162.957,0.62718,-1.2466,-2.09153,0.0341475
115.956,-2.91155,-0.681131,57.4028,1.78791,2.06817,69.628,-0.103211,2.78383,2.7493,0.0333535
250.537,2.50595,-2.38512,161.189,-1.68175,-1.69526,104.254,-0.944611,1.08669,-0.689865,0.0359694
67.7916,-3.4751,0.410716,53.2927,1.1579,2.59598,45.31,-2.29995,-2.10923,2.18526,0.0318477
251.087,-2.83828,-0.0982419,182.547,2.06848,0.20874,330.769,-0.915203,3.01179,0.306982,0.0362231
154.59,-1.87877,-1.99004,49.0376,1.35435,2.59356,81.0925,-0.161231,0.796133,-1.69958,0.0312953
66.184,2.40325,0.0758818,47.9906,-4.47785,1.58197,62.5443,-2.60255,-2.32891,-1.50608,0.035271
112.301,1.79786,-1.48946,106.503,-2.4981,-2.4403,73.4606,-0.412053,1.17127,0.950844,0.0314089
144.588,-2.05758,1.9636,82.705,1.75735,-1.10138,44.335,1.53628,-0.721689,-3.06499,0.0323004
83.4248,2.54612,-2.525,76.9748,-2.98003,-0.310612,48.6729,0.213385,2.14762,-2.21438,0.0337515
261.118,1.66269,-0.220571,81.2228,-3.38634,2.33416,102.94,-1.47845,-2.93931,-2.55473,0.0347626
109.748,-2.98396,3.01006,63.2811,2.18348,2.64266,117.623,-1.49597,-0.707972,-0.367399,0.0331361
101.22,-3.49826,-0.136446,97.0654,0.117406,0.128474,91.2403,-1.03178,2.89965,0.264921,0.029345
83.6778,4.39553,-0.238049,35.3026,-1.23049,1.13258,55.6031,0.856861,2.91273,-1.37063,0.0341308
133.591,-2.24932,1.29818,45.2234,3.12649,1.72462,46.5064,1.19664,-2.13946,0.426433,0.0329354
41.3051,3.28335,0.612784,40.4833,-1.65556,-0.272483,51.891,-1.32199,3.03855,0.885268,0.0317183
111.789,0.91119,-0.542256,41.6319,-3.54402,-1.79432,131.644,-2.05468,2.35217,1.25206,0.0317458
125.255,1.3275,1.55669,52.5937,-1.7298,1.10748,102.383,0.888529,-2.17314,0.449206,0.0305916
225.861,-2.42355,1.09529,47.2392,1.08783,0.445055,71.257,-1.97089,-2.01918,-0.650238,0.0303573
91.7737,-3.06226,2.88364,88.4631,2.67387,0.458506,78.2029,0.95663,-1.78606,-2.42513,0.0340398
116.277,2.13595,0.553796,45.4319,-3.2186,-0.0896003,79.4467,-0.81614,-2.423,0.643396,0.0331158
125.583,3.02368,-0.513739,62.7775,-4.45978,1.61986,92.8626,-0.514863,3.09883,-2.1336,0.0383012
78.347,2.92968,-1.64871,71.1838,-4.04932,0.0531964,78.6838,-1.03293,2.43868,-1.7019,0.0359576
74.3157,-1.41445,-0.159306,53.9389,3.54223,-0.57909,35.4155,-0.00504447,2.57442,-0.419784,0.0332899
371.876,-1.2171,1.23491,49.9277,2.24062,-1.19169,344.205,0.191368,-2.00424,-2.4266,0.0321239
89.5632,-2.43644,-2.52982,44.5364,2.57669,-2.06079,129.832,-0.787388,1.03117,0.469038,0.0325109
83.2612,-3.09774,-2.00608,33.6883,1.31258,3.02464,75.2966,-2.01765,0.49701,-1.25247,0.0281769
154.679,2.49967,-2.03616,94.5112,-2.65285,0.0708928,96.7687,1.72657,1.24061,-2.10706,0.0344349
140.563,0.867751,-2.53932,128.302,-2.98044,1.94405,43.3913,-1.85545,-0.675862,1.79982,0.033814
156.146,-1.84952,1.53419,85.0864,3.06422,-0.499761,79.578,1.59275,-2.25193,-2.03395,0.0324158
169.524,-1.40999,1.97272,44.6026,1.80127,1.5226,76.5737,0.286096,-1.12445,-0.450126,0.0306954
119.414,2.93403,1.83214,43.1805,-2.66673,2.30448,107.357,-0.107254,-1.04059,-0.472343,0.0337731
114.445,1.37154,-2.51773,32.9945,-3.31691,-1.49658,87.2481,-2.5358,1.01567,-1.02114,0.0328427
82.341,3.11624,1.46001,36.6988,-3.96079,0.0790656,86.4736,-0.990637,-2.14824,1.38095,0.0354456
134.871,3.09013,-2.29422,87.5274,-2.16252,-0.96165,94.4835,-0.674372,0.912354,-1.33257,0.034193
176.72,-1.84645,-1.50936,39.9194,3.64452,1.37748,105.524,0.858374,1.87497,2.88684,0.0342427
69.551,-2.03301,1.02741,44.8357,4.54059,-0.0548606,44.1869,1.74337,-2.80237,-1.08227,0.0314495
124.34,0.653943,3.0416,58.544,-2.37647,0.642141,51.4131,-1.09409,-0.662598,2.39946,0.0304932
142.065,-1.73254,0.25779,110.69,2.09677,0.622123,64.8425,0.252268,-2.92907,0.364333,0.0329036
46.8096,-3.64782,1.39171,43.3169,3.22549,2.49958,55.056,-0.662216,-1.31724,1.10787,0.0337724
100.921,-3.11843,-2.8324,43.9116,2.97608,-2.39917,82.6871,0.727519,0.718372,0.433238,0.0308338
118.206,-2.00483,1.04695,42.1159,2.72035,1.76359,62.6184,1.48465,-2.39128,0.716643,0.0326831
62.2563,-0.391123,1.11737,54.9369,4.12998,1.90374,46.3654,2.59785,-1.50666,0.786368,0.0318343
120.564,1.95414,1.88116,119.394,-2.26156,-0.140172,95.5265,0.982289,-2.21396,2.02133,0.0331621
74.1844,-2.76526,0.184317,44.047,2.56135,2.12951,48.979,-1.10782,-2.72508,1.9452,0.0323113
200.148,2.25018,-1.17141,106.211,-2.36788,0.438499,115.311,0.883115,2.6911,-1.6099,0.0336349
134.982,-1.28142,-0.0703248,76.1432,2.05323,1.01432,172.426,0.41038,-2.97477,1.08464,0.0319524
100.552,3.16265,-1.97558,44.4128,-3.15652,1.64554,37.0637,0.715154,0.536208,2.66206,0.0333797
84.0122,-0.61535,1.01052,60.3591,4.07461,1.05437,109.502,0.59334,-2.15129,0.0438435,0.0306896
163.643,2.57616,0.296869,39.0701,-3.47548,-0.587028,198.953,-0.560056,-3.07376,0.883898,0.0325139
160.405,2.34593,0.238872,73.8961,-2.51637,-2.5082,64.8697,-0.354747,-1.85556,2.74708,0.0330916
65.6661,-3.80107,-0.453718,32.9716,2.1317,1.93678,32.4908,-2.70072,2.90738,2.3905,0.0324306
136.142,-0.650602,1.87712,49.4908,3.52611,1.99462,160.804,2.44209,-1.3509,0.117494,0.0340387
107.806,0.547885,-1.461,43.1906,-3.77411,-0.182428,101.422,-0.475188,1.89187,-1.27857,0.0319463
146.796,-1.52499,0.0925673,145.508,2.60512,-1.42185,100.963,1.90707,1.98429,-1.51441,0.0337969
87.5156,-3.07813,0.471837,71.8427,3.32256,2.60274,35.5215,2.67914,-2.00505,2.1309,0.0350147
59.2483,-2.73457,-0.647952,34.6356,1.89605,-2.69176,41.7028,1.23534,2.16525,-2.04381,0.0335173
79.5962,2.85461,1.14814,47.7072,-4.65657,0.396739,85.7908,-0.104205,-2.22147,0.751398,0.0266575
84.3933,2.30952,2.93912,48.9977,-4.0355,0.940359,67.5145,-0.739797,-0.774989,1.99876,0.0335847
109.209,-0.915507,-1.23565,58.4191,2.3104,-2.40736,109.336,-0.261975,1.06638,-1.17171,0.0312981
167.056,-1.63434,-2.05047,118.416,2.14984,-1.3377,122.686,-0.165326,1.32344,0.712769,0.032976
228.591,-2.70621,-2.96104,142.133,1.64102,0.5769,47.8315,-1.24082,-1.00265,-2.74525,0.0330592
136.325,1.16526,0.677238,59.3363,-2.46557,-2.56217,69.6318,-0.0351751,-2.47515,-3.04378,0.0299573
79.5826,3.37515,1.57834,30.6979,-1.82418,1.32282,34.7168,-0.522353,-1.3729,0.255514,0.0319387
147.289,2.72288,1.72436,63.5353,-0.490364,3.01681,131.419,1.40376,-0.908209,-1.29246,0.0303536
159.875,-2.27981,2.39481,80.5432,0.963026,2.89762,202.188,-1.81383,-0.506645,0.502807,0.0325306
77.3747,-3.56443,2.53627,40.4924,2.91795,0.10513,39.1141,-2.75341,-1.67555,-2.43114,0.033145
182.999,-2.47599,2.04721,50.9157,3.52428,-2.29221,98.0097,-0.313032,-1.05579,1.94376,0.0351924
51.0795,1.35547,-0.219964,43.7275,-3.7009,-1.42835,29.2308,-2.58451,-2.8543,1.20839,0.0328429
192.427,-1.94989,-1.091,156.693,2.07007,0.818055,103.061,0.930487,2.85546,1.90906,0.0318758
95.2964,-1.17713,0.564391,69.9409,3.6737,1.10299,93.0938,0.909176,-2.54822,0.538599,0.0319129
100.317,-2.1798,1.17191,70.9026,2.8152,0.477928,97.589,-0.592119,-1.97399,-0.69398,0.0315178
81.5188,-1.06967,-1.80903,78.7585,3.62837,-1.26321,82.7336,1.86373,1.78886,0.545825,0.0311151
182.951,2.47582,-1.30594,61.5544,-1.53566,1.22328,75.7619,1.24525,2.15894,-2.52922,0.0308299
142.661,-1.76063,0.637133,47.7636,3.15944,-2.5267,73.4916,-0.906006,-2.28075,3.11936,0.0326202
132.874,-1.72124,1.23816,51.9505,4.20812,0.111809,63.2032,2.29619,-2.43011,-1.12635,0.0352314
145.264,2.27384,-1.10971,111.514,-2.22935,-0.2871,161.409,1.81064,2.51402,-0.822611,0.0340232
133.288,-1.63122,0.112917,32.9708,2.85774,-2.83139,80.1955,1.26137,-2.99713,-2.94431,0.0312296
215.152,1.01117,-0.594647,139.039,-2.32639,-2.36887,135.724,-0.243764,1.72545,1.77422,0.0318056
78.9322,-1.05031,-0.332286,71.614,3.5675,1.07858,81.4103,1.19818,-2.91306,1.41087,0.0329164
152.225,3.14337,-2.24696,88.1374,-3.70122,2.59625,166.572,0.573039,0.523416,1.43998,0.0367407
124.153,-1.80853,-0.499547,121.449,2.05018,-2.50112,88.3695,0.441199,1.9102,-2.00157,0.0323421
103.364,1.53131,-3.11471,46.1854,-2.13471,-0.524604,51.4425,-0.0405403,0.595379,-2.5901,0.0312363
110.456,-2.28939,2.39064,65.8938,2.39589,1.14159,89.0457,0.587375,-0.951853,-1.24906,0.0347668
159.145,2.54225,-2.60682,133.373,-2.94529,-0.184362,189.514,-0.598711,0.515174,-2.42246,0.0361288
215.698,0.422909,-0.948875,32.6799,-3.79092,-1.19729,138.402,-0.953341,2.11206,0.248419,0.0327177
105.019,1.90741,-1.8653,39.7471,-3.75279,1.53156,45.7479,-1.44483,0.341369,2.88632,0.0322751
235.654,2.81313,2.91246,80.2487,-2.51078,-3.0798,162.125,-1.05141,0.0107598,-0.290928,0.0381072
94.1445,-2.78586,1.77825,87.537,0.714541,-2.45005,81.2831,-0.778435,-0.991936,2.05488,0.0319943
77.3393,-2.01472,-1.00823,62.4152,2.67276,-1.8904,83.9218,-0.616697,1.83894,-0.882178,0.032057
111.153,-0.562469,1.96184,68.3902,3.23126,-1.84048,47.4979,1.35567,-0.556777,2.48086,0.0322179
100.777,-2.99271,-2.56647,33.7621,0.676916,-2.62292,94.0767,-0.261989,0.840993,-0.0564511,0.0302586
78.5514,-2.40023,1.46808,72.3417,1.69351,2.43527,82.881,0.429141,-1.27939,0.967192,0.0292564
125.427,-2.78164,-0.480712,31.1079,3.55702,-2.09889,86.715,-0.722578,2.38246,-1.61817,0.0336631
63.5275,-3.26245,-0.284013,44.4668,4.15437,1.00379,63.9704,1.44867,-3.0952,1.2878,0.0364883
175.615,-3.09126,-1.80119,76.4595,0.514374,2.59503,137.722,-0.573215,1.13475,-1.88696,0.0328952
64.8139,3.75918,-0.122289,52.3655,-1.97375,0.629994,79.3744,0.878901,-2.9073,-0.752283,0.031382
309.409,1.55093,1.47568,38.965,-2.33324,2.4022,86.7414,-1.17661,-1.79278,-0.926516,0.0334391
341.589,-1.11617,1.83555,35.9238,2.08107,1.76291,254.74,0.718751,-1.30244,-0.0726418,0.0308004
80.166,1.15267,1.50757,75.5141,-4.42735,-2.90556,72.1133,-1.33123,-0.562337,-1.87005,0.0352375
55.8656,-1.61866,-0.173561,53.3372,2.76568,1.63866,80.0654,-1.10609,-2.66217,1.81222,0.0301439
96.3209,-3.01366,0.271379,50.8338,1.25353,-0.411557,88.2032,-1.60917,2.91405,-0.682936,0.0324497
144.987,2.55344,-0.730838,87.8385,-3.15184,-2.10945,124.407,1.12638,1.85588,1.37861,0.0338651
148.251,1.18085,-0.169269,49.8195,-1.90809,1.23996,159.012,-1.41739,-3.01962,-1.40923,0.0307662
178.936,1.36071,-0.227024,37.996,-2.2575,3.01576,86.2846,0.201682,3.14138,3.0404,0.0321151
105.793,2.58612,-2.7478,76.1935,-3.7151,-1.68,174.403,0.508573,1.04779,-1.06779,0.0359877
141.793,2.07367,-2.76169,52.2249,-2.11176,1.35863,67.7372,0.182792,0.00250441,2.16286,0.0320301
90.0173,2.32048,3.05803,81.1307,-2.36341,1.71376,71.7693,-1.76178,-0.979443,1.34426,0.0314961
149.585,1.28741,0.631369,45.0638,-4.01724,-3.08245,62.6703,-1.54122,-2.07212,-2.56936,0.0332953
83.0253,-2.95033,3.08344,35.2801,2.63461,2.26053,77.8358,-2.01354,-0.520185,-0.822903,0.029711
260.346,-0.611901,0.802684,36.7995,3.73722,-2.49307,188.746,0.286115,-2.22585,2.98743,0.0313447
89.1522,2.45649,2.03348,71.1825,-1.76274,2.32605,125.207,0.448144,-1.01383,-0.29257,0.0319726
128.069,2.0123,0.0879465,61.3739,-3.1466,-2.3575,56.8606,0.804725,2.88884,2.44545,0.0331578
127.401,-1.89193,-1.7425,42.8959,3.33432,-1.84281,76.4901,-0.519021,0.996439,-0.100303,0.0326136
263.819,-1.94356,2.21154,101.123,1.16407,2.46928,320.928,0.191653,-0.707679,0.257736,0.0333245
106.193,-3.16216,0.2786,88.827,1.10638,-2.1263,61.8236,1.02934,2.51408,-2.4049,0.0330271
118.046,1.29821,0.0324835,50.0958,-1.7716,-2.07963,61.919,-0.350581,3.00631,2.11211,0.0310886
43.0018,-1.31221,-0.678697,37.9438,3.51675,-0.432066,46.5687,1.57948,2.81121,0.246631,0.0300529
174.157,1.79007,2.60426,73.7332,-1.54716,0.397935,63.8899,0.507756,-1.536,2.20633,0.0330461
208.577,-2.1713,2.23519,53.6479,2.29975,1.75569,183.883,-0.944587,-0.997356,-0.479496,0.0323042
186.663,2.74969,-1.21379,61.6143,-4.08285,1.27742,103.831,1.4098,2.18626,-2.49121,0.0365309
108.347,0.338882,1.24804,38.6656,-4.44195,0.730815,101.548,-1.39482,-2.12999,0.517223,0.0338061
259.876,-1.48208,1.54569,64.6621,2.69235,-2.15002,82.2578,0.102203,-1.55034,2.58748,0.0330844
103.193,-2.44428,-1.02537,70.0878,1.63803,1.24448,45.3447,0.0321764,2.90346,2.26985,0.0321104
94.4148,2.79596,-0.598894,44.7084,-4.31035,-0.633961,146.3,0.838285,2.58603,0.0350674,0.0365861
292.108,1.49051,0.704417,66.0979,-2.32866,2.57505,175.836,0.682128,-2.29701,-1.87063,0.0330814
223.971,-2.8652,1.68077,48.6337,2.29643,0.308587,141.2,0.356008,-1.81398,-1.37218,0.0342766
223.477,-1.6886,-0.379311,127.696,2.51245,-1.10469,205.81,0.466552,2.5535,-0.725374,0.0333994
98.9993,-1.47327,-0.718797,69.8639,1.66824,1.2591,102.731,-0.450593,-2.75709,1.9779,0.0315059
179.156,2.76468,0.901344,109.362,-2.59212,-2.0723,48.9706,1.65909,-1.67068,2.97364,0.0348724
118.895,-1.57708,-2.79745,81.5236,4.00635,-0.978606,94.0583,0.295004,1.0165,1.81884,0.032922
84.8223,-1.50039,-1.9468,56.0946,3.32385,0.0305184,58.1487,-1.24942,1.86342,1.97731,0.0301419
107.987,-3.07074,1.84475,86.1371,2.93174,1.23138,171.475,-0.407335,-1.54403,-0.613362,0.0347764
159.157,-2.00796,0.503754,38.9448,2.46507,-2.04793,76.7157,-1.14375,-3.05534,-2.55169,0.0320268
116.046,-2.64739,-1.62786,59.0313,1.13909,-1.06742,110.729,-0.424841,1.61564,0.560442,0.0321851
130.806,3.14915,-0.30473,36.7746,-1.20808,2.01468,48.9695,-0.771176,-2.99859,-2.31941,0.0316776
156.892,1.21938,-2.23836,43.6846,-2.1985,1.44928,82.9703,-0.424714,1.10952,2.59554,0.0318705
128.105,1.65657,-1.43144,64.3643,-3.81274,2.83784,99.9618,1.01174,1.05197,2.01391,0.0320242
119.797,1.23538,-0.542528,61.9347,-2.87302,-0.122383,75.4843,1.11905,-3.02871,-0.420144,0.0323683
251.038,3.10178,-0.987243,113.582,-0.497145,1.7036,124.115,1.98203,2.57556,-2.69084,0.0351652
74.2589,2.81842,2.91673,69.6483,-2.06305,1.90726,59.6666,0.840864,-0.199833,1.00947,0.0296517
101.507,1.33252,-0.949926,34.6965,-2.60595,-1.04132,120.137,-0.834519,2.39324,0.0913953,0.0304085
85.9154,3.51839,-2.86688,37.445,-0.412412,-1.21176,68.2231,1.11301,0.68672,-1.65512,0.0352542
86.6203,-3.00484,2.9272,48.2661,3.38475,1.89587,101.527,0.591354,-0.576162,-1.03133,0.0318026
205.433,-2.08454,0.0136714,105.688,1.26603,2.9147,248.267,0.534977,-2.93414,2.90102,0.032917
111.113,-1.24834,-1.60764,54.7468,2.39755,-0.963955,37.0545,0.251493,1.41684,0.643684,0.0316418
105.181,2.61834,2.24867,102.562,-2.59453,3.12939,132.569,0.427636,-0.708722,-0.880726,0.0333353
116.668,1.726,-2.90231,115.154,-2.27813,1.46095,64.9732,-1.11329,-1.01685,1.91992,0.0326837
97.616,-2.93893,-1.1512,49.5893,2.96405,-1.42006,89.3282,-0.702682,1.1771,-0.268852,0.0329995
55.6251,-2.77547,-0.511026,30.2403,2.9881,-0.833655,50.9552,-0.0849846,2.80479,-0.322629,0.0317665
169.091,-1.65284,-2.15389,85.658,3.14672,-0.317257,77.4075,0.458533,1.2837,1.83663,0.0337985
116.526,-2.56617,2.4765,92.2329,1.4947,-2.98082,117.956,-0.307146,-0.430732,0.825872,0.0325754
141.123,-0.565616,-2.55494,54.1973,3.74228,-2.94453,118.337,0.647398,0.219613,-0.389588,0.0303212
148.657,-0.807328,-2.70549,33.868,4.02356,2.33079,146.062,1.97473,0.248941,-1.24691,0.0342394
81.2431,0.111276,1.234,40.4237,-4.05856,1.9451,91.7362,-1.32194,-1.78459,-0.711101,0.0327033
143.936,1.13572,-1.6251,119.853,-2.91701,1.28595,66.5784,-2.16991,-2.12423,-2.91106,0.0337263
160.54,0.478235,-1.62332,84.4301,-3.69106,-0.460813,106.214,-0.806879,1.99193,-1.16251,0.0338423
450.294,1.93823,0.133903,53.3703,-2.99903,-2.87757,225.666,0.932562,-3.08996,3.01148,0.0345197
79.4558,-3.23106,0.533546,56.5811,4.11334,0.241367,93.7535,-0.873647,-2.87784,-0.292179,0.0362821
108.783,2.3636,2.38681,65.5031,-2.66276,1.82437,84.4034,-1.10901,-1.33842,0.56244,0.0324667
177.305,2.19706,2.42171,96.0735,-1.25442,-1.34522,96.6576,-0.549408,-0.162713,-2.51626,0.0331539
132.839,1.56225,-1.46983,56.5003,-3.39906,-0.150981,119.508,-2.45323,1.66074,-1.31884,0.0340183
137.187,-2.7524,-0.870469,125.797,1.39223,-1.33316,188.492,-0.804039,2.08588,-0.462692,0.0335629
293.645,2.4135,-1.67928,257.445,-1.96448,0.219714,96.6673,1.52076,2.40173,-1.89899,0.0363534
245.269,-1.26415,1.64548,55.4776,1.95528,-3.13367,207.657,-0.0359294,-1.29217,1.50404,0.0325204
154.164,-2.17364,-1.31547,88.1393,1.51781,-1.07409,102.022,-0.765584,2.14308,0.241383,0.0326804
89.7288,2.26733,-1.11403,85.7183,-1.11146,-1.6364,133.069,-0.752835,1.49607,0.52237,0.032321
114.779,0.390626,-1.62221,79.813,-4.42725,-1.98048,176.771,-0.558149,1.40176,0.35826,0.0333616
71.7696,1.40114,1.60238,37.7488,-2.83909,-0.819592,61.8439,-1.04491,-2.49479,2.42197,0.0312573
100.663,3.18295,-0.703786,38.4351,-0.712659,0.251514,65.5891,-0.471098,-3.0052,-0.9553,0.0307993
104.939,0.0627875,-1.18357,58.9751,-4.33022,-1.66398,68.316,-0.504828,2.34426,0.480409,0.0345166
112.002,-2.33493,2.80068,32.2017,2.03645,3.02522,85.2188,-0.880488,-0.214183,0.224543,0.0305912
258.357,2.3292,1.35922,86.8287,-3.93865,-1.95093,156.517,-1.35691,-1.64727,-2.97304,0.0362495
148.262,-2.54664,-1.19997,137.462,1.71169,0.833537,119.705,-0.274464,3.02792,2.0335,0.0325871
246.153,-1.85399,1.15149,38.9328,2.55786,-1.95048,110.132,0.294724,-2.07647,-3.10198,0.0330651
192.807,1.38026,-0.438929,50.2885,-4.17496,0.823126,87.6652,-1.86691,2.59894,-1.26206,0.0340302
110.677,2.07438,-2.89753,37.4465,-3.41059,2.67514,93.7053,-2.50823,0.107485,0.710514,0.033991
104.184,-0.960957,0.639241,32.5207,2.84285,-1.21589,76.518,-0.270746,-2.69509,-1.85513,0.0320677
160.001,-2.97611,2.88627,149.533,2.61871,2.20449,130.025,0.30139,-0.424218,-0.681784,0.0354532
62.1253,1.48834,-2.87845,55.5341,-3.60256,2.67094,33.407,-0.261001,-0.778461,0.733788,0.0320691
145.52,1.01454,-0.0541588,32.3946,-3.53047,1.64783,85.461,-0.44771,-2.68359,-1.70199,0.0324296
85.2331,-2.69518,-0.725103,64.764,2.51626,-0.287549,94.4875,-1.71726,2.68369,0.437554,0.029227
123.6,0.487844,2.1731,103.24,-3.40112,2.49376,173.47,-1.41217,-0.88337,-0.320661,0.0337942
73.3953,2.65414,0.90979,71.5086,-1.85522,0.659181,81.9739,0.511561,-2.56129,0.250608,0.0305826
124.73,2.66077,1.07308,64.5749,-2.19348,0.225102,64.8163,-0.916342,-2.32151,0.847978,0.0317804
165.378,2.29821,-0.480934,57.7475,-4.22031,0.87886,105.691,0.307374,2.99028,-1.35979,0.0346799
128.482,-2.14671,-1.36824,83.0505,0.911817,1.7449,61.9065,0.308044,1.19106,3.11314,0.0316532
80.2628,2.90352,2.18711,55.5477,-2.48698,0.780529,66.4895,1.95353,-1.51999,1.40658,0.0303279
139.528,0.471179,-3.0848,56.4159,-3.99349,-1.11226,48.6811,-1.78469,0.0918421,-1.97254,0.0332917
57.1837,3.5419,-2.97072,48.434,-0.486028,3.06632,77.3295,0.876187,0.714941,0.246146,0.0314708
93.6257,3.32625,0.928809,42.7265,-1.08238,2.69278,41.5539,2.81355,-1.5664,-1.76397,0.0291569
90.281,2.81282,1.17384,62.8437,-3.77766,-0.186779,91.5756,0.215971,-3.03358,1.36062,0.0357607
143.331,-0.317585,2.40677,110.257,3.72447,2.8958,86.5254,0.215558,-0.709889,0.489032,0.0347313
134.848,-0.329885,2.85481,46.3336,3.02284,-0.549249,62.2229,1.08417,-0.109552,2.87912,0.0323794
105.01,-0.562234,-0.299176,93.7372,2.89022,-2.30127,112.341,0.988155,1.88848,-2.00209,0.0324381
184.974,3.41307,-1.31001,84.0318,-1.53332,2.54423,61.8511,0.226144,1.3947,2.42895,0.0324358
117.374,-1.5857,1.71817,41.9509,2.57183,1.87368,121.3,0.123985,-1.43,0.155511,0.0317196
102.724,-2.44582,0.562748,45.1473,3.28829,-1.47442,30.6505,-0.774996,-2.97808,-2.03716,0.0359145
148.473,1.64426,-0.47057,69.747,-3.54319,-1.45745,54.7281,0.786884,2.8944,0.986881,0.0343645
118.394,2.72929,-0.922506,88.8388,-2.24547,0.23441,129.861,1.67853,2.77686,-1.15692,0.0337273
316.499,-1.4742,-2.71858,110.305,1.79398,1.96853,231.843,-0.498843,0.0587851,-1.59608,0.0335241
198.067,2.85663,-0.38346,44.5283,-4.16923,2.73559,112.965,0.176472,3.09864,-3.11905,0.0357206
143.777,-1.24461,1.16775,79.9824,2.65571,3.08291,77.8393,-0.118549,-1.06105,1.91516,0.0321886
130.888,1.38996,-0.14994,67.759,-3.77157,-1.13,59.9075,-1.09064,3.069,0.980065,0.0336909
123.914,3.42922,1.78302,54.3422,-3.20567,2.55755,120.777,1.31854,-1.32129,-0.774529,0.0355413
170.988,2.17839,1.15461,109.782,-2.74655,-2.86181,85.7123,0.986534,-1.53794,-2.26676,0.034174
126.336,-2.21533,1.10323,34.0166,2.78628,1.94793,69.6575,-1.69229,-1.23184,0.844695,0.0307545
247.396,-2.59922,0.262697,32.0143,4.0271,2.83382,158.55,2.23393,-2.87643,2.57112,0.037911
126.251,-0.505135,-0.987326,44.5164,4.48238,0.196239,93.0511,1.60333,2.47643,1.18356,0.0335892
86.6146,2.70226,1.55345,34.4984,-2.02378,-1.24291,27.8382,1.25677,-1.39341,2.79637,0.034318
123.091,2.47221,-0.310526,40.4367,-1.46566,2.18548,75.6725,1.10133,2.85432,-2.49601,0.0301909
100.792,2.55294,1.03335,88.2415,-2.59182,-2.3809,56.3677,2.35504,1.32185,-2.86894,0.0343652
139.045,2.18984,-1.18247,39.5099,-1.99775,-2.61446,117.637,0.489417,1.50883,1.432,0.0323099
174.76,0.999218,-0.606462,142.221,-3.01657,-0.521619,188.678,0.224426,2.32475,-0.0848427,0.0342774
110.625,-2.5342,0.844519,60.1984,2.52074,0.914027,147.06,0.755447,-2.29258,0.069508,0.0331065
111.262,-1.67862,1.4492,46.4593,4.06662,-0.0476418,59.6445,0.132879,-2.49493,-1.49684,0.0336622
106.118,2.53344,2.14781,83.6994,-2.12372,2.02672,118.196,-0.491165,-0.833933,0.121086,0.0311185
163.621,1.39846,-1.4711,41.6571,-2.16581,0.0814853,131.445,0.810666,2.0985,-1.55258,0.029288
201.786,3.25766,-1.82592,90.3719,-3.40649,-1.04212,104.752,1.56363,1.51864,-0.783802,0.0375097
61.3477,4.45162,-2.36525,60.8802,-0.492485,1.42462,32.0804,-0.5352,-0.0424085,2.49331,0.0350189
59.5596,2.64767,0.546731,39.5793,-2.27376,-0.7404,37.3806,1.20374,3.00661,1.28713,0.0316109
117.799,3.15853,2.92784,51.8379,-3.55478,2.89985,184.67,0.573546,-0.386275,0.0279915,0.0352415
79.1684,-3.11709,0.196082,67.3448,1.023,-1.16339,69.227,-1.82038,2.95019,-1.35947,0.0318657
381.182,-1.46247,-1.38603,92.8235,1.72315,-0.153491,404.849,0.242006,1.77414,1.23254,0.0347254
209.631,-2.16284,1.19502,89.9823,2.431,0.117112,215.964,0.192584,-2.27919,-1.07791,0.0338315
97.2558,1.33123,1.47692,90.1463,-2.02862,-2.90036,90.0879,0.0766222,-0.755765,-1.90591,0.0318996
109.408,1.76852,2.6424,104.929,-2.73594,-1.28168,155.584,0.579407,0.3521,-2.35911,0.0312306
171.66,2.45411,2.45173,57.5496,-1.49559,-2.17541,104.479,-0.717307,-0.447741,-1.65605,0.0329835
257.29,-2.06363,-0.82282,153.727,1.364,-3.13066,275.485,-0.598828,1.99724,-2.30784,0.0321275
48.8978,1.40146,-1.25436,30.7264,-3.66493,-1.15538,51.6151,-1.72247,2.03846,-0.0989832,0.0298581
74.1283,1.63071,-0.407386,68.8985,-2.64861,1.23028,46.2504,-2.09449,-2.94793,-1.63766,0.0289037
94.6721,-1.55419,3.0261,63.5985,1.51997,-0.586996,53.6453,1.12973,0.489803,2.67009,0.028765
147.652,-3.08445,-0.358065,89.1006,1.28039,1.319,103.325,-1.98565,-2.68574,1.67707,0.0325612
312.353,-2.97024,1.28594,129.75,3.36565,1.19408,134.055,-0.888933,-1.76306,-0.0918591,0.0386121
98.742,2.9111,-2.24622,71.1188,-2.00969,2.00094,30.4157,-2.34531,0.225073,2.03603,0.0337904
82.2494,2.27523,2.20634,43.5869,-2.3344,-2.54008,74.8084,-0.402633,-0.497276,-1.53677,0.0313933
171.317,3.17336,-1.88754,75.3049,-2.35913,1.2991,35.4003,1.54794,1.25621,3.09654,0.0336515
155.218,-1.77252,2.39548,79.644,3.14811,-2.52633,128.291,-0.264501,-0.328554,1.36138,0.033877
133.675,-2.44269,-0.633843,31.5284,2.70557,1.708,88.5248,-2.44324,2.48539,2.34184,0.0311749
137.31,3.1333,-2.09438,46.0803,-3.4595,-0.90471,73.1338,-0.821114,1.37916,-1.18967,0.0353897
153.066,2.82552,-1.13659,57.0066,-2.37763,-1.19685,94.3283,1.63071,1.8416,0.0602584,0.0310522
96.2399,-3.57864,-0.364391,79.2717,2.6576,0.871014,57.7108,-0.460561,-2.71282,1.2354,0.0348957
352.025,1.73503,3.07586,112.136,-1.59509,2.8178,243.214,0.60802,-0.00646501,0.258053,0.0327189
109.565,0.407405,-2.97849,56.5097,-4.61748,0.835299,54.3713,-2.17655,-0.678847,2.4694,0.0350004
295.258,-1.03516,1.45303,93.0127,4.01527,0.668291,158.425,0.44249,-1.71155,-0.784738,0.0366702
59.6919,-2.949,-0.0313687,57.1393,2.61663,0.440514,117.935,-1.2733,-3.04779,0.471882,0.0305545
113.145,3.63585,0.842912,50.9783,-1.97477,-1.82863,26.7454,2.90146,-2.62092,2.67154,0.0345644
486.061,-1.25885,2.8335,180.186,3.09372,0.53527,162.256,1.48749,-0.569206,-2.29823,0.0363341
54.4649,-3.23164,-2.39807,44.1142,3.0694,-0.860916,79.6962,2.31341,1.62664,1.53716,0.0335193
247.686,2.06465,-1.45752,51.6609,-3.77277,-0.217474,226.92,-0.914349,1.99074,-1.24004,0.0353248
79.0085,2.06081,2.03483,77.5235,-2.98213,-0.355325,37.4025,-0.65509,-0.919616,2.39015,0.0328435
48.0878,3.93143,-0.21158,34.4195,-3.40868,-0.947141,85.639,-0.769461,2.28158,0.735561,0.0344287
93.6796,-1.67827,-2.4786,61.362,1.77598,0.378986,57.1746,-0.245784,1.23416,2.85758,0.0313943
151.596,-2.1401,-2.91219,85.0164,2.87466,-1.59361,137.96,0.109032,1.0818,1.31858,0.0340733
181.195,2.66697,2.02794,34.6983,-1.72701,-0.569597,118.031,0.984547,-1.36325,2.59754,0.0292286
137.307,-2.47658,-3.05904,114.257,1.11111,0.815152,50.8824,-1.11355,-0.41352,-2.40899,0.0326426
152.042,1.90921,-1.1234,118.601,-1.23636,2.04583,119.357,0.817236,1.83388,3.11396,0.0334641
102.371,-2.02817,2.97885,46.0326,1.89384,0.348175,68.487,0.229277,-0.647968,-2.63068,0.0314515
146.901,-2.77562,3.11708,62.0923,1.79782,-1.32479,71.6185,-0.953939,0.33907,1.84132,0.0328294
80.3338,-2.39321,0.157822,48.6548,2.90042,1.955,84.6392,0.642835,-2.36976,1.79718,0.0306041
76.1169,-2.72386,0.955661,62.6094,2.74129,0.696592,61.6487,-2.45258,-2.67172,-0.259069,0.0310219
142.419,-2.13427,0.136877,62.3642,4.06848,-0.0714652,109.167,0.756984,-2.53306,-0.208342,0.0362361
54.9126,3.696,-0.119478,34.8066,-3.32152,0.779767,44.3038,-0.355381,-2.10671,-0.899245,0.0325264
169.865,-1.32379,1.48987,35.101,3.50776,0.572758,196.741,-0.653801,-1.58616,-0.917116,0.0338263
145.574,-2.49532,0.117778,94.5522,1.26061,-2.6488,56.5118,-1.55834,3.03185,-2.76657,0.0322606
136.81,1.94867,0.41311,50.8951,-1.73022,2.35571,100.031,-0.78685,-2.60414,-1.9426,0.0319354
80.903,-3.12328,0.878704,62.7613,3.0619,-0.276105,94.0595,-1.09387,-2.65358,-1.15481,0.0311117
200.839,2.69003,-2.3459,185.082,-2.03855,-1.42809,326.848,-1.13246,1.18707,-0.9178,0.0354781
46.3858,-1.95223,0.691211,44.4825,2.35483,-0.809446,36.1686,-1.43056,2.85888,-1.50066,0.0309162
181.865,-1.94865,0.201384,84.4531,3.37068,-0.242313,125.162,0.734354,-2.76566,-0.443697,0.0347225
224.007,-0.971823,0.995934,55.3364,3.74463,0.651123,174.582,0.130924,-2.20283,-0.34481,0.0339283
63.029,-2.85518,-0.320648,30.0784,3.60211,0.252226,72.8445,2.23269,3.10576,0.572874,0.0337808
97.8501,1.3774,-3.11963,70.6457,-1.82035,1.47885,80.5429,-0.233029,-0.561036,1.68471,0.0316128
171.071,-2.3582,-0.749998,34.4375,4.4329,0.654724,84.3587,0.822377,2.72732,1.40472,0.0357691
55.4252,-1.42234,-0.77995,47.6881,3.71614,-1.18533,78.9272,-0.248015,2.13797,-0.405384,0.0336832
66.9415,-0.632847,-0.0348985,50.8341,3.95574,0.02074,79.1455,1.65653,-2.50937,0.0556384,0.0327705
62.273,-3.12026,-2.6634,50.4048,2.17288,2.1937,42.0451,-2.62503,0.424751,-1.42608,0.0288373
88.8988,-1.10298,0.877886,69.4032,3.86749,0.524252,152.2,1.7958,-2.38336,-0.353634,0.0336814
98.4379,2.93315,1.54109,97.1001,-3.12167,1.41651,117.837,0.719675,-1.67756,0.124581,0.0360573
119.727,1.65831,2.01471,41.846,-3.37856,1.47063,101.74,-0.526848,-1.32768,0.544074,0.0324327
100.655,-1.74828,-2.85599,65.3359,4.03105,-1.44494,86.8464,1.72485,0.872425,1.41105,0.0346264
122.873,2.10456,-1.85893,101.507,-3.81783,-1.08869,200.918,0.0323208,1.57021,-0.770239,0.0358221
166.622,-0.493629,-0.214027,78.4135,2.73405,-2.00518,108.222,2.20602,2.56682,-1.79115,0.0320831
130.315,2.24177,-1.15145,71.9406,-3.01228,-0.745451,167.214,-1.20164,2.15439,-0.406002,0.0338548
117.783,2.36097,-2.38451,60.8359,-4.2826,-1.73807,38.5724,1.78481,0.743981,-0.646443,0.0363005
116.603,3.19542,-3.02314,62.2841,-4.50618,2.72511,151.868,-0.622226,-0.0728995,0.534934,0.0377759
117.281,-2.36946,-1.74949,52.5171,4.2774,-2.07586,104.001,1.46474,1.06954,-0.326363,0.0345582
86.4507,-2.88468,-1.63916,84.8357,2.21839,-0.957084,127.01,-1.30325,1.98179,0.682078,0.034311
75.7041,-0.844994,-2.70468,57.9081,4.71585,-0.561683,51.0297,0.774243,0.821521,2.143,0.0362672
83.7964,2.18312,-0.59491,60.0241,-2.04706,-2.75333,57.4551,1.86022,2.0963,2.15842,0.0311666
134.453,-1.57579,1.91295,32.5118,2.26091,2.37946,67.41,1.1006,-1.10432,0.466513,0.0316347
110.123,-2.90032,-2.0413,48.2623,0.900178,1.8618,79.554,-0.794839,0.47768,-2.38008,0.0319128
85.4685,2.80845,2.70969,67.6373,-0.860955,0.905089,34.9012,0.194487,-1.28544,1.8046,0.0318819
124.715,-2.88593,-0.756526,123.816,3.09536,1.68137,38.158,-1.89664,2.06293,2.4379,0.0358517
145.884,0.837468,-2.69204,93.3008,-2.71558,-0.888553,59.8759,0.887971,1.4396,-1.80349,0.0324048
205.875,1.07988,-2.32088,108.663,-2.48989,2.94212,92.3028,-0.799543,0.4548,1.02018,0.0317431
123.437,-2.45156,0.0973232,120.378,1.70832,2.61385,53.2054,-1.02341,-2.11252,2.51652,0.0320162
56.0771,-2.91412,-2.44424,53.6946,3.51374,-1.59134,73.1249,-0.589977,1.06874,0.852902,0.0334642
137.976,-2.16035,0.919651,109.055,2.28205,2.99234,82.1135,0.680547,-1.46082,2.07269,0.033255
91.6548,2.77471,0.513037,45.4851,-2.66895,-0.570895,135.304,-0.363478,-2.90106,1.08393,0.033372
174.121,1.65924,0.809407,51.2851,-1.69827,-2.81998,78.0419,-0.720503,-1.95261,-2.6538,0.0303585
196.915,-2.46888,-0.708578,32.7382,2.42241,-0.256788,235.188,-0.118269,2.37234,0.45179,0.0331803
158.644,-0.827916,0.473914,35.9292,4.46344,-2.10895,85.2728,1.07678,-2.95895,-2.58287,0.0343062
197.207,-0.88973,0.0529622,73.7669,2.32055,1.42803,55.1478,0.617964,-2.90782,1.37506,0.0319193
90.2702,1.44262,1.25021,56.76,-2.92986,-1.63142,51.6637,-0.852418,-2.3224,2.88163,0.0322108
294.479,1.25451,3.0858,95.4738,-1.8369,-2.01911,101.76,-0.202824,0.125718,-1.17828,0.0329464
123.217,-2.91846,0.418045,100.347,2.37764,-0.432313,141.102,-0.490421,-2.74725,-0.850357,0.0327369
75.1088,-1.82795,0.254897,37.164,2.76215,-1.92475,37.1765,-0.560859,2.79068,-2.17965,0.0313163
156.659,-1.99276,-2.99632,77.0862,1.93768,2.90245,188.479,0.553532,0.0178472,-0.384411,0.0328699
45.0458,3.4717,-2.96378,31.9346,-2.87643,-2.60813,55.5839,0.404668,0.292163,-0.355654,0.0320329
127.484,-0.846475,-0.78742,107.267,2.72767,-0.602982,99.8663,-0.391185,2.13592,0.184438,0.0288515
198.148,-0.0227053,2.71483,87.4549,3.33771,1.2719,147.644,1.05854,-0.913207,-1.44293,0.0331151
44.8878,1.81393,-0.0864021,44.1592,-4.12077,1.025,57.4888,-0.107827,-2.57466,-1.1114,0.0333356
103.865,2.16473,-2.27983,64.0346,-3.43654,-3.08072,118.202,-1.08893,0.519507,0.800895,0.0343285
234.201,-2.13882,-0.403356,54.6076,2.14957,-2.87301,122.883,-0.606895,2.59188,-2.46966,0.0323593
58.4812,3.0188,-2.81448,57.1342,-4.18684,2.35267,154.84,-1.69924,0.138401,1.11603,0.0363601
117.941,-3.56273,-2.60349,67.6992,3.12906,3.00427,166.234,-0.407842,0.326101,-0.675422,0.0363495
224.938,-3.0924,2.29266,102.851,1.87715,-1.20618,111.069,-0.852368,-0.505888,2.78435,0.035014
83.6503,1.56435,-0.455245,38.995,-2.88905,0.946654,43.1217,0.220418,-2.87873,-1.4019,0.0315674
299.72,1.15246,-1.33897,73.1412,-2.47961,1.79612,151.327,0.717001,1.90496,-3.13509,0.0315035
103.869,2.36417,-1.71776,40.9825,-2.89437,-2.17718,101.934,-0.707233,1.27812,0.459418,0.0322764
58.4293,3.87619,2.68655,49.6051,-2.46253,0.989581,36.3804,0.266505,-1.68669,1.69697,0.0329106
85.4751,3.1209,-0.754071,39.4013,-0.551143,0.331007,61.7365,0.10274,2.4379,-1.08508,0.0318932
106.116,0.174994,-1.58128,51.2759,-3.54246,-0.911307,106.179,-1.17456,1.91825,-0.669972,0.0325268
187.837,-2.2084,-0.835413,128.885,1.06842,3.10405,66.9381,-1.72333,1.39156,-2.34372,0.0330798
149.919,1.55971,3.04391,86.9267,-1.63381,-1.08707,59.3629,0.71787,0.724403,-2.15221,0.0317109
109.502,-0.367139,-2.37792,45.5239,2.86932,-1.08902,68.7029,2.51842,0.86823,1.2889,0.031684
159.874,-2.71625,1.14312,59.646,4.3726,-0.0640846,98.1523,-0.782552,-2.40293,-1.2072,0.0370991
118.519,1.57675,0.22109,118.203,-2.80004,2.27349,59.5233,-0.124061,-1.91411,-2.0524,0.0333096
82.5859,0.659356,0.454044,78.0318,-2.80486,-0.342469,86.5536,-1.23166,2.95601,0.796513,0.0314653
155.425,-2.52964,-0.209431,53.5194,2.06245,-0.383146,183.372,0.933603,2.83953,-0.173716,0.0343778
53.6956,4.07367,-2.37878,36.774,-2.39978,-1.94579,61.3411,-0.424808,0.284374,-0.43299,0.0344444
486.408,-2.32315,-2.76319,94.3898,0.733124,-2.8742,459.505,0.207624,0.392115,-0.111011,0.0350584
333.868,1.35772,2.03012,107.249,-3.3381,-1.60657,82.0287,-0.30864,-0.747724,-2.64649,0.0352575
234.479,1.83027,1.10837,189.72,-2.80744,1.98374,257.591,0.0713417,-1.50146,-0.875366,0.0353085
124.779,-2.25851,2.20978,56.6567,1.33854,-2.35584,97.6651,-0.747333,-0.344881,1.71757,0.0314212
80.0265,0.0266491,2.03545,48.6688,-4.34623,2.4233,99.6381,-0.709351,-1.14307,-0.387849,0.0301204
127.825,-2.19931,3.13893,40.7102,3.6329,1.94741,120.637,-0.0505296,-0.369245,-1.19152,0.0339668
108.643,-3.04151,-3.12639,66.3517,2.367,1.54833,118.79,-1.1133,-0.607532,-1.60846,0.0338048
116.455,-3.07482,0.276658,60.1358,0.903944,1.25265,68.3394,-1.88688,-2.42892,0.975987,0.0304406
105.718,1.03014,1.69755,50.9113,-3.48421,2.45335,45.2649,-1.44754,-0.561887,-0.755805,0.032246
90.9132,-1.53097,-0.30285,32.6352,2.72608,2.64791,39.9357,2.14222,2.70063,2.95076,0.0256749
145.214,-1.99913,0.960762,78.2936,1.37186,2.83019,92.6023,-0.960269,-1.87286,1.86943,0.0317527
191.06,0.770617,0.245951,46.6849,-2.82613,1.5351,117.067,-0.416661,-2.72163,-1.28915,0.0270875
175.117,-1.73752,1.74332,65.8106,1.91089,-1.8355,59.069,-1.36005,-1.23506,2.70436,0.0321548
162.031,2.04191,0.164966,107.879,-3.82417,-0.474181,199.615,0.520854,2.89229,0.639147,0.0364935
73.5134,1.7681,1.43101,43.1793,-2.3809,0.969844,58.6635,-2.07148,-1.19244,0.46117,0.0268891
89.6847,-2.09049,-1.64152,62.3814,2.49836,-1.93408,101.093,1.17598,1.45507,-0.292559,0.0328577
123.878,-2.18725,0.36624,85.7413,2.54456,-0.523265,167.354,1.74491,-2.4848,-0.889505,0.0329066
230.542,-2.62779,0.80602,95.1973,3.47418,-1.95209,91.2078,-0.807407,-2.07863,-2.75811,0.0358067
149.57,1.94902,1.01415,39.3377,-3.34817,-0.34251,106.444,-1.02167,-2.07623,1.35666,0.0330022
114.573,-3.02619,2.97942,56.0368,2.18472,-1.7741,57.6921,0.2733,0.190842,1.52967,0.0335619
127.165,2.53915,-2.51782,121.204,-3.09921,-1.123,102.858,0.770478,1.3025,-1.39482,0.0343063
214.25,-2.18555,-1.65421,92.9482,1.8301,-2.20194,137.496,0.993826,1.43385,-0.547734,0.0339774
94.7842,2.22932,1.80459,88.9779,-2.83142,-0.174355,42.8947,-1.19639,-2.51427,1.97895,0.0332171
43.0611,4.52247,-1.66936,39.2128,-0.823746,-1.0912,37.2627,1.6516,1.75205,-0.578156,0.0330223
87.5023,-3.21896,2.55462,80.1925,0.732694,0.966894,33.6319,-1.78878,-2.02731,-1.58772,0.0315491
99.0731,3.50403,-1.96854,40.7901,-1.60129,-1.55481,68.4393,1.56459,1.51995,-0.41373,0.0329132
145.175,1.23254,0.143299,69.8233,-1.7776,-2.54526,89.5042,-0.536817,2.8727,2.68856,0.0315041
152.604,-1.76168,1.45429,37.9634,1.48021,-0.724925,75.1144,-0.889803,-1.58828,-2.17921,0.0348193
74.1361,2.58046,-1.54619,43.4547,-3.7152,1.23247,76.9718,1.51503,2.07139,-2.77867,0.0352059
84.906,-1.97031,-2.37985,60.7604,2.44134,-0.369853,74.6974,1.242,1.72934,2.01,0.0325906
74.6725,2.03975,-2.35008,55.2487,-3.76145,-0.446119,39.4273,-1.25932,1.89645,-1.90397,0.033586
81.4051,-3.09779,-0.48482,80.5706,0.658243,-2.20195,62.9863,-2.0068,1.55138,-1.71713,0.0333246
87.7783,2.79308,0.844322,65.3315,-3.37079,1.77884,80.2761,-1.20171,-1.34208,-0.934517,0.0336715
121.787,-3.01716,0.153484,104.924,2.93748,2.19042,99.9586,-0.311898,-2.4289,2.03693,0.03485
132.772,-2.5929,2.3444,60.2547,2.60609,2.19654,153.066,-1.37622,-0.716711,-0.147858,0.0336324
112.45,-2.47124,2.32207,71.5487,1.34308,1.52467,162.593,0.366406,-1.066,-0.797397,0.0349411
176.76,3.04137,0.3157,162.728,-3.84146,0.62427,164.44,-0.306041,-2.43167,-0.30857,0.0386991
232.962,2.26701,0.359618,54.9337,-2.1007,1.88995,190.834,0.54261,-2.45258,-1.53033,0.0330598
61.6446,1.43725,1.51764,50.5339,-2.67491,2.37982,138.241,0.233039,-0.803883,-0.862175,0.0300367
100.934,2.35814,1.5009,78.7722,-1.32116,-0.21966,94.0356,0.00951657,-2.05941,1.72056,0.0318951
72.6593,-4.50979,-1.13424,33.3537,1.69306,-0.548134,72.6634,-2.24199,2.20421,0.586101,0.0326879
349.857,2.96324,0.281824,81.1678,-0.614868,1.52623,303.255,0.577359,-2.73942,-1.2444,0.0354341
265.459,-2.74761,1.4319,52.4574,3.70192,2.83499,204.291,0.64534,-1.43341,1.40309,0.0360055
76.8602,-2.34604,2.59232,68.0769,3.73049,-0.801628,23.9549,1.17305,0.0111906,2.88924,0.034099
191.905,1.87756,-1.51094,180.946,-2.52041,-1.90135,280.198,-0.420882,1.76371,0.390404,0.0338297
116.718,-2.20473,0.361089,47.2461,2.31894,-2.19208,57.2802,-0.0451677,3.09158,-2.55317,0.032666
166.062,1.92446,-0.638533,59.2054,-3.69567,2.39609,56.5042,-1.79668,2.7851,-3.03462,0.0340961
138.275,-2.85435,-0.839978,95.5148,0.909166,-2.08595,81.433,-1.79458,1.84705,-1.24597,0.0333493
85.9952,1.99193,-1.49564,35.6904,-1.69435,1.21069,49.5437,0.00418493,2.26705,-2.70633,0.0307602
117.855,-1.66325,-2.64371,105.243,2.25869,0.139426,79.6343,0.48615,2.83467,2.78314,0.0313498
95.4521,-1.86615,1.1307,44.6786,3.47442,2.45192,109.388,-0.139599,-2.12719,1.32122,0.0318957
245.561,-1.03592,-2.01971,105.752,3.50292,0.992298,153.516,-0.767563,1.24468,3.01201,0.0279942
111.583,2.94759,-0.199351,59.4841,-3.09525,-0.344459,155.073,-0.708663,3.08195,0.145108,0.0335303
190.825,0.655029,-2.59122,95.7574,-3.78409,-2.64962,213.969,-0.476591,0.484015,0.0584023,0.0337197
124.043,-1.37032,-1.94164,63.9164,2.56571,-0.0727106,37.6657,1.02222,2.28256,1.86892,0.0322738
144.471,2.65314,0.745417,55.5059,-0.803241,2.69413,78.0652,0.348163,-1.43004,-1.94871,0.0324044
135.706,3.10999,2.65649,70.2582,-3.59149,0.999877,37.7892,-0.201448,-1.26458,1.65661,0.0361308
176.185,2.21717,-0.894121,78.2919,-1.11959,2.40556,81.1995,1.78997,2.13738,2.9835,0.0323346
138.587,-1.67499,1.87954,98.7385,3.1258,2.91346,152.973,0.0488953,-1.05234,1.03393,0.0340014
115.87,-1.81054,-1.60922,62.4205,2.39392,-0.374173,80.8284,-0.878505,2.00204,1.23505,0.0307872
200.839,2.64726,-2.281,92.5527,-2.98266,-1.42814,204.462,-0.562974,1.10633,-0.852852,0.0356543
118.41,-0.584974,1.84306,49.1307,2.909,1.08024,113.708,1.81853,-1.54599,-0.762822,0.031747
123.155,2.35224,-0.589317,80.779,-1.62723,-1.90083,101.08,1.02519,2.18431,1.31152,0.0315311
335.692,-1.49134,-2.72924,40.544,2.97613,-0.821977,228.842,-0.856773,0.495856,1.90727,0.0334198
115.261,2.45201,-1.9888,53.7649,-3.77213,-2.24909,96.9511,0.72218,1.24928,0.260296,0.0339474
237.676,-1.69545,-2.77541,88.7458,1.73615,2.16321,84.9533,-0.486969,0.164297,-1.34456,0.0300532
94.3927,-1.46698,1.50282,85.9246,1.9328,-2.21888,50.1395,1.27716,-1.05023,2.56148,0.0314498
96.9398,2.63591,1.5803,45.2652,-1.22996,0.290479,97.7234,0.685767,-1.72156,1.28982,0.0311722
79.711,-1.8068,3.09888,41.042,2.82599,0.411632,43.6569,1.99595,0.0135757,-2.68725,0.0326248
246.802,-1.21534,-0.773136,48.8432,3.6176,-1.94653,219.576,0.860845,2.02495,-1.1734,0.0340039
251.249,-2.16839,-0.0367558,89.244,3.3819,2.93732,98.5015,-1.41545,-2.82616,2.97407,0.0356259
231.008,0.9385,1.916,37.4828,-2.62274,0.115198,195.028,0.523603,-1.36047,1.8008,0.0321618
209.907,2.57222,1.62612,50.4809,-2.6695,-2.51262,62.2392,-0.0654433,-1.40413,-2.14445,0.0339595
130.136,-1.65486,1.75103,113.501,1.92035,-2.69696,134.582,-0.248325,-0.670599,1.8352,0.0315937
103.364,1.68795,-2.764,93.0038,-1.95249,-2.48346,97.6199,0.583415,0.665297,-0.280546,0.0317408
126.762,-0.371791,-0.0161824,34.988,4.30999,0.841124,73.7397,0.814818,-2.90191,0.857307,0.0331825
125.005,2.81215,2.84714,61.4841,-2.15146,-2.13554,119.661,0.887435,-0.267244,-1.30051,0.0322344
70.7536,-2.52983,1.53991,65.6128,1.35945,0.318986,83.5577,-0.268929,-2.08111,-1.22093,0.0316037
102.618,2.48595,-2.14277,85.1577,-2.91335,-1.8439,133.289,-0.762837,1.14231,-0.298867,0.0344891
186.789,-3.11897,2.54471,37.5722,0.509954,-2.38645,188.48,-0.418646,-0.175838,1.35202,0.0326217
102.19,-1.47835,2.20754,47.5668,3.43857,-2.35288,69.7818,1.67857,0.0850196,1.72277,0.0333355
86.181,-2.35625,-0.141915,30.451,2.76519,-0.325697,49.9124,0.92769,2.51342,-0.183782,0.0322475
95.967,-1.59276,-2.83314,73.7626,2.24933,2.51447,105.512,0.0107118,-0.403365,-0.935574,0.0300662
102.013,3.22994,1.91663,63.3951,-2.61896,1.40507,136.362,-0.0473816,-1.27838,0.511566,0.0339123
115.491,-2.95459,-2.19507,31.5061,3.60907,-1.359,65.6655,-0.77934,1.08481,0.836071,0.0326466
125.997,2.73276,-0.532878,53.0464,-2.50483,-1.8032,51.9366,0.569075,2.67803,1.27032,0.0332215
185.415,-1.96875,-0.84654,46.2011,3.57055,0.590804,71.3276,0.826796,2.47899,1.43734,0.0342171
40.168,-2.84828,-2.12994,39.19,4.46524,-0.704569,48.7231,-1.17274,2.06372,1.42537,0.0342512
111.472,-3.36487,0.792266,85.5428,1.76603,-0.352935,102.573,0.47355,-3.13967,-1.1452,0.0326635
119.195,-1.80967,1.49844,63.9545,1.67017,2.36593,92.648,-2.12151,-1.10801,0.867493,0.0322978
85.0166,-1.09534,0.817321,33.672,2.7218,1.93015,61.5342,2.40077,-2.41596,1.11282,0.031806
99.7921,1.36794,2.39207,42.0218,-2.87913,-1.0901,63.1043,-0.913479,-0.0405293,-2.80101,0.0312566
77.4265,-2.45395,2.25171,36.6266,4.64705,-0.0502286,61.9154,1.47246,-1.27593,-2.30194,0.0354693
104.078,-1.71509,-3.13272,93.6897,2.00338,1.88614,53.9207,-0.654858,-0.340864,-1.26433,0.030841
479.542,-1.25017,-2.91909,240.614,2.99166,-1.35726,301.46,0.637165,0.523899,1.56183,0.0362871
103.084,2.35273,1.7429,94.2879,-2.32761,1.14116,144.925,0.788288,-1.54185,0.60174,0.0340329
104.633,-2.34186,-1.34676,53.801,2.38802,0.894394,69.8978,-1.6452,2.24731,2.24115,0.0261178
208.568,-2.35256,2.38686,54.8951,2.96078,0.842664,137.464,-1.05093,-0.993251,-1.5442,0.0315177
182.571,-3.01893,2.91239,108.583,1.73084,-1.64207,101.575,-0.538263,0.949176,1.72872,0.0347122
180.445,-0.288474,-2.88461,35.8834,4.50189,1.0973,82.1514,0.320645,0.166329,-2.30128,0.0340889
260.177,1.74223,-1.47264,205.803,-2.31875,2.31265,96.6086,-1.20084,0.483977,2.4979,0.0339136
114.238,-2.01182,3.03084,80.2456,3.01997,2.49243,118.381,-0.222402,-0.436402,-0.538414,0.0332477
140.678,1.71711,1.20615,53.4811,-2.85891,-0.927906,76.8676,0.28255,-2.75091,2.13406,0.0324781
90.6454,-1.86042,-0.179131,57.5963,3.71546,-0.249565,50.2258,-0.343464,2.95294,-0.0704339,0.0311084
92.2242,-3.0197,0.194581,43.8592,1.64813,-1.31199,84.4821,-0.47342,-3.12339,-1.50657,0.0318876
84.244,-3.67773,-0.532219,51.2873,3.59548,-1.38295,54.8684,-0.333329,2.34608,-0.850733,0.0368291
129.272,1.89657,-1.36633,48.3893,-2.7881,1.93297,65.2789,-0.336388,1.6634,2.98388,0.031157
61.4089,2.78695,2.24869,59.5413,-1.02985,2.57726,66.2752,1.55198,-0.592676,-0.328575,0.0315436
190.981,-0.522345,0.175343,32.0831,3.91427,-0.653742,138.559,0.255606,-3.06247,-0.829085,0.0331467
179.1,1.92869,-0.647729,143.876,-2.24719,-1.93315,142.055,-0.956872,1.58936,1.28542,0.0329318
155.869,-2.69077,-0.9599,112.728,1.09959,1.60379,94.0014,-0.708052,2.22098,2.56369,0.0336191
173.082,-1.06162,-0.57536,70.2841,2.74118,0.635323,96.579,0.719328,2.94679,1.21068,0.0332077
127.197,-1.57995,0.480625,40.0011,2.27879,-0.219926,131.544,0.110139,-3.03434,-0.70055,0.0294711
130.361,-3.23724,1.04785,38.1557,0.29931,-1.69101,69.2481,-1.64192,-2.25872,-2.73886,0.0288206
157.882,-2.08485,-1.44133,86.7335,3.07396,2.66414,107.732,1.51053,1.19902,-2.17771,0.0339962
113.155,1.99384,-0.423021,71.0986,-1.5976,0.0785418,106.703,1.75989,-2.73439,-0.501562,0.0279131
120.588,-3.02902,2.60041,68.5802,4.03803,2.85991,113.297,0.77671,-0.680003,0.259499,0.0366148
200.403,2.95738,-0.320603,64.9219,-2.37328,-2.91808,85.7948,1.10354,2.4264,2.59748,0.0344264
89.5362,-1.46362,0.526959,44.4787,4.21493,-0.130641,86.706,0.555389,-2.79797,-0.6576,0.032272
262.073,0.21563,2.69396,183.028,-3.36837,-1.25545,109.622,-1.08746,0.306956,-2.33377,0.0352187
208.361,-1.22074,2.67122,169.079,1.89125,-2.70315,185.629,0.0281423,-0.0338267,0.908818,0.0327723
136.342,2.18246,-2.74748,93.071,-1.45346,0.197213,43.1751,-0.714322,0.0797843,-2.9447,0.0323904
136.591,-2.1866,1.47116,49.3095,1.46686,-0.481504,52.716,-1.35618,-2.49962,-1.95266,0.0284502
101.705,2.62325,2.32561,37.2427,-0.922804,-0.942856,56.9758,1.88877,-0.273167,-3.01471,0.0316343
62.291,-3.58208,2.44586,52.1901,0.434417,2.1211,78.3877,-0.950041,-0.181656,-0.324758,0.0297351
71.6954,-3.30893,-1.80628,51.722,1.46423,-1.36629,89.3485,-1.81349,1.9623,0.439989,0.0316514
196.858,-1.06278,-2.88832,55.9928,3.43,0.752166,112.972,2.03044,-0.0399879,-2.6427,0.0322819
99.5707,2.54642,-1.13492,34.4694,-2.54715,1.35941,68.6455,2.29116,1.9621,-2.49433,0.0320379
98.528,-2.66698,2.94415,98.4497,3.19502,-1.63764,163.048,-0.276744,0.59663,1.70139,0.0326219
117.367,-2.15461,-2.97665,69.1593,2.15046,-2.47002,86.9304,0.887921,0.00927145,0.506629,0.0310151
158.528,-2.04828,0.271094,129.622,2.82068,0.105549,205.278,0.433894,3.14019,-0.165545,0.0339362
64.6522,1.63866,-0.311608,47.1171,-2.92708,-3.07884,40.9828,1.33132,-3.05318,2.76723,0.0319401
152.946,-1.60656,1.01044,45.5956,1.63825,-2.94379,49.309,-0.624828,-1.5471,2.32895,0.0281362
160.254,2.2145,2.13968,41.5765,-3.06625,-1.6568,99.1471,0.302922,-0.731778,-2.48671,0.0326841
129.203,1.72491,2.89116,50.857,-1.70623,-0.845249,68.7531,0.949261,-0.0438956,-2.54677,0.0316011
60.5485,-3.57086,-2.56177,57.4579,2.35633,-0.709197,60.7758,-0.70967,1.88599,1.85257,0.033571
126.535,-1.61373,1.12189,86.0469,2.42759,0.749004,159.355,0.244794,-2.11039,-0.372886,0.0325051
137.403,-2.24194,-2.55804,68.1536,1.67773,0.60733,34.8706,-2.37066,0.279053,-3.11781,0.0296548
107.628,-1.09429,-1.34934,103.34,2.52956,-0.260723,108.802,0.796988,-3.1289,1.08861,0.0294823
90.8831,2.16686,2.73995,76.0678,-3.37168,0.561592,41.6833,-1.50515,-1.4396,2.17836,0.0327203
80.5198,2.80104,2.29794,36.9282,-4.85807,0.930863,63.4132,-0.248573,-1.17946,1.36707,0.0360091
400.399,0.833674,0.412269,43.4803,-4.24616,0.614661,128.57,-0.0460598,-2.8335,-0.202392,0.034723
98.0301,1.37435,1.86598,50.9795,-2.22271,-2.04484,64.0899,-1.16936,-1.02728,-2.37236,0.0325127
121.386,-1.89405,1.98082,59.6376,2.41167,2.41975,57.0757,-1.57986,-1.01658,0.438931,0.0332004
84.423,-1.98515,-0.341823,73.4125,2.52395,2.01503,49.7314,-1.16364,-2.62968,2.35685,0.0320569
96.7417,-2.63646,0.0301221,65.3229,4.05915,2.33135,62.0516,-1.64012,-2.73711,2.30122,0.0361608
124.711,2.41561,0.552676,69.0556,-0.672018,-0.409635,50.3665,0.0181461,3.0024,0.962311,0.0319046
186.428,1.71612,3.04617,38.1576,-2.47601,-0.220554,105.228,1.19164,-0.264509,-3.01646,0.0319708
79.7882,1.96728,-2.73531,77.1968,-3.24354,-0.150751,46.9052,1.72726,1.68365,-2.58456,0.0336573
181.443,-2.24708,-2.83082,40.3403,3.00989,1.8808,141.841,0.176847,-0.0569387,-1.57157,0.0299157
150.781,-2.3345,0.410359,100.257,2.98969,1.20416,197.456,1.16313,-2.64727,0.793799,0.0350731
99.5955,-1.50321,1.82736,77.6039,3.92095,1.61537,99.7669,-0.0259563,-1.53395,-0.211985,0.0344961
90.7898,3.55436,2.6305,35.2212,-1.26527,-0.142692,30.5076,1.98253,-1.75919,2.7732,0.0352452
95.3753,2.79096,-2.37595,57.4017,-2.8196,0.841685,43.3084,-0.631813,1.34156,3.06555,0.0331752
134.193,-1.35998,-3.07143,106.792,1.94903,0.734217,82.8065,0.0470062,-0.827465,-2.47754,0.0323661
115.309,-1.18835,2.64963,88.9368,2.49012,-2.88577,57.9991,1.83245,-0.592755,0.747779,0.0326202
83.7041,-2.43216,-0.253098,40.4574,1.46059,0.255565,53.893,-0.773719,-2.7945,0.508664,0.0307983
108.818,-2.76471,1.57642,54.734,0.393729,0.38246,102.583,-1.54134,-2.26381,-1.19396,0.0312358
123.819,-1.01867,2.55661,36.7636,3.3203,2.91372,102.348,1.44876,-0.487348,0.357115,0.0318274
92.9052,-2.71949,0.237427,53.1742,2.71904,-0.389613,107.944,-1.47467,-2.97956,-0.627041,0.0333402
107.967,-2.54596,-2.67174,51.135,1.1966,-1.44641,42.6503,-0.197841,1.19956,1.22533,0.0298208
83.8334,-2.51094,2.54697,81.5212,2.8499,2.36186,109.712,0.239717,-0.600884,-0.185112,0.033633
74.8209,1.45899,0.916775,38.7036,-2.4423,-2.73754,37.6728,-0.684845,-3.00706,-2.62887,0.0312644
141.497,-1.62033,-2.49028,67.959,2.15165,-1.20129,84.8781,1.34565,1.63931,1.28899,0.0337975
72.7431,2.21655,-0.922623,46.4565,-2.89698,-1.84652,107.168,0.0448908,2.12357,0.9239,0.0286675
111.734,1.99352,-0.271961,97.4685,-1.07191,0.533592,146.923,0.588919,-3.02441,-0.805553,0.0321167
74.6076,3.15324,2.20507,63.1025,-3.05961,1.68118,137.192,-1.45565,-1.26091,0.523888,0.0336492
87.0985,3.72707,0.13642,41.6522,-2.62284,0.578458,50.8337,1.18092,-2.77791,-0.442038,0.0334896
238.73,2.18348,0.76542,52.2084,-4.13078,-1.82138,118.188,0.260732,-2.4235,2.5868,0.0358696
230.44,3.33445,0.78493,35.1524,-3.4885,-2.9895,75.1096,-1.16166,-2.06753,-2.50876,0.0352211
112.88,0.0169094,-1.84078,85.7465,-3.84794,2.11467,50.7126,-2.39678,1.21678,2.32774,0.0340809
55.9204,1.286,0.96629,51.9458,-4.18086,1.10921,80.6528,-0.625192,-2.36365,-0.142918,0.0331397
79.4692,2.64829,2.01068,53.2772,-2.03196,2.44711,75.1573,1.24537,-0.853327,-0.436427,0.031955
131.112,-2.91043,-2.80058,93.3898,0.981484,-1.61869,67.3473,-1.69355,0.849694,1.1819,0.0307713
127.619,-1.82679,-0.189246,89.1084,2.23825,-1.59824,66.6685,-1.53787,2.68404,-1.409,0.0335749
114.451,-3.09968,-0.598155,112.199,1.85373,-0.753564,98.6122,0.647165,2.45191,-0.155409,0.0334853
79.1218,-1.01667,-1.77741,71.4007,2.57621,-1.82742,88.6707,-0.602033,1.72098,-0.0500062,0.031763
89.2477,-2.50748,2.16691,54.0502,0.904819,-1.91488,30.8891,-1.67395,-0.813916,2.2014,0.031073
122.132,1.27789,-3.02037,67.6329,-2.43464,3.1241,136.779,-1.30325,-0.0554013,0.138716,0.0326381
223.598,2.45026,1.76834,44.2248,-1.87706,0.369743,244.941,1.15996,-1.82441,1.3986,0.0330782
108.394,-3.11458,2.8795,57.8639,4.18281,2.64075,80.7292,-0.889153,-0.150464,-0.238754,0.0367425
190.518,1.86356,0.301768,95.8112,-2.33197,2.50139,218.043,-0.49005,-2.68576,-2.19962,0.0300821
169.775,2.30287,-1.35009,137.728,-2.40244,-1.17877,122.84,-0.200391,1.99225,-0.171323,0.036693
95.1656,2.63125,0.744275,30.7777,-2.23776,-1.6872,38.8405,2.28292,-3.08389,2.43147,0.0305044
124.714,-1.13969,-1.02198,71.1433,2.29156,0.0657343,119.69,1.19193,2.6181,1.08771,0.0317078
97.1384,1.51202,0.102589,66.5782,-2.8582,-1.79541,65.1971,-2.07294,2.8887,1.898,0.0324319
83.2948,2.53073,-1.67107,52.6604,-2.85502,-2.57018,92.7707,-0.743683,1.16953,0.899116,0.0326669
100.187,-0.770884,-1.51682,75.4603,2.31394,-0.996431,119.39,0.822826,2.20739,0.520388,0.0314052
161.793,1.68138,-2.74455,77.0675,-2.58258,2.45433,93.7316,-1.37852,0.0821961,1.0843,0.0334002
70.512,-2.92538,3.00423,30.9351,3.10165,2.07391,72.5293,-1.76817,-0.570513,-0.930325,0.0315696
137.205,3.39131,-2.00269,82.8942,-4.03474,-2.6382,144.2,0.904244,1.43006,0.635508,0.0388297
110.801,-1.45826,-2.71456,64.6467,2.96041,-2.47746,241.563,0.532493,0.527246,0.2371,0.0320095
100.551,2.81968,1.58983,64.8443,-3.24331,0.627785,58.1629,2.55012,-2.33109,0.962044,0.0350919
97.9072,-3.0721,-2.77998,52.278,4.47092,-1.53527,68.2393,0.548577,0.461597,1.2447,0.0363304
131.793,-2.36516,1.80962,35.775,1.2782,2.63118,157.603,-0.443775,-1.18285,0.82156,0.0314496
219.065,-2.19762,2.9115,111.044,2.19455,-0.163297,93.9815,0.772781,-0.53353,-3.07479,0.0337357
78.4853,-1.09314,-0.217559,47.5772,2.56307,0.419166,50.6209,1.33918,-2.97913,0.636726,0.0300498
75.0486,-3.36256,-0.397049,55.8348,3.45814,-0.786378,68.4193,0.559299,2.79929,-0.389329,0.035073
82.6184,2.7272,-1.49063,57.8522,-2.10966,-0.726098,71.6608,-0.0793464,1.70683,-0.764531,0.0323963
107.394,-1.78997,-0.150997,52.7392,2.20657,0.754268,64.7592,-0.112125,-2.94135,0.905265,0.0303774
221.826,2.62779,1.57967,35.5333,-2.98412,-0.495962,185.535,1.3062,-1.56521,2.07563,0.0276479
122.403,2.69581,-2.88759,110.009,-0.666477,-1.7234,60.5655,1.43702,0.617084,-1.16419,0.0308058
78.4263,2.97261,2.70295,44.4943,-3.09589,-2.59437,68.9829,-1.18902,-0.00645462,-0.985869,0.0367382
79.7421,2.42436,-2.98527,72.9827,-4.16928,1.88951,50.3815,-2.44823,-0.686098,1.40841,0.0370539
158.171,-1.3748,0.335806,47.9823,2.37685,2.59828,68.337,0.549899,-2.12797,2.26247,0.0321038
75.8961,-2.94221,-1.53958,52.6321,1.82532,2.19186,59.4808,-1.7121,1.03551,-2.55174,0.0332587
94.4292,-2.2004,-1.67853,68.8257,3.59753,-1.08675,110.064,-0.426311,1.69313,0.591784,0.0340459
193.609,-0.649184,-0.736692,67.7781,3.69521,2.64048,101.226,0.509057,2.12011,-2.90601,0.032359
242.856,1.73279,-0.220877,38.416,-2.76773,-2.5647,143.147,1.16646,2.65904,2.34382,0.0297903
135.974,2.94583,1.89678,93.2832,-0.870142,-0.63716,110.472,0.918817,-1.91233,2.53394,0.0306319
166.126,-1.22001,-1.10819,57.5589,2.61624,-2.71551,207.489,0.14599,1.5873,-1.60732,0.0322808
59.7517,-2.03932,-2.84059,31.8436,4.06466,1.77814,32.4821,-0.105052,0.49527,-1.66446,0.0324959
210.92,-0.841627,-2.08004,50.7052,4.21898,0.181855,180.926,0.64089,1.27399,2.26189,0.0343861
81.9928,3.09687,1.87647,59.6044,-2.4407,-2.6721,44.4687,-0.726989,-0.483417,-1.73461,0.0325087
94.1331,-3.05888,2.91672,77.5939,3.53861,1.94285,129.779,0.521878,-0.85758,-0.973874,0.035747
138.605,1.97261,-0.326324,67.4198,-1.73347,1.54117,48.4075,-0.504489,2.70262,-1.8675,0.0283546
83.1213,-2.17833,0.956617,64.7009,2.19348,2.93656,52.4697,-0.852524,-1.69301,1.97994,0.0318528
97.8055,-2.93175,2.24467,64.84,3.16521,2.62965,74.131,2.02098,-0.891051,0.38498,0.0345555
273.177,1.45158,-1.6825,89.1215,-3.04603,3.03292,218.299,-0.674929,0.887384,1.56777,0.034299
113.311,-1.21419,-0.459214,63.0757,3.62263,-1.56744,52.6905,0.126706,2.90346,-1.10822,0.0331377
88.39,-1.84807,0.640938,74.7767,2.35842,2.1313,104.382,-1.2621,-1.76498,1.49036,0.0320978
92.1974,-0.33269,-1.19009,60.6584,4.03326,-2.23447,137.735,0.791938,1.74422,-1.04438,0.0333428
122.502,-2.24735,2.1092,50.286,3.89818,-2.98947,125.131,0.690478,-0.401086,1.18452,0.0344318
92.208,2.18438,-0.778819,30.9614,-3.93276,-1.17385,33.3759,1.15523,1.68722,0.395027,0.0326754
137.896,-1.13775,0.383881,70.805,2.28312,-1.49795,85.4485,1.87906,2.81742,-1.88183,0.0322054
170.298,1.16162,2.4225,45.6544,-2.66912,-1.49536,79.6756,-0.195505,-0.359304,-2.36532,0.0320909
293.24,-2.43677,2.88836,65.5611,3.23741,1.17992,210.715,0.755036,-0.495723,-1.70844,0.0355792
117.435,0.90493,-1.16579,68.4621,-3.71222,0.41015,77.0722,-1.72155,2.48905,-1.57594,0.0333564
122.464,2.91993,0.177653,87.0731,-3.75276,-1.23626,87.6247,0.554578,-2.99067,1.41391,0.0364592
76.4824,-2.6593,-1.85712,65.3809,3.66955,-1.34948,87.1937,1.11833,1.21643,0.507641,0.0344201
156.28,-2.87309,1.53836,72.1619,0.98245,-2.15384,60.7475,0.20416,-1.17867,2.59098,0.0305816
207.224,-0.646623,-2.17551,30.1307,2.83777,-1.29239,135.318,0.392271,1.24584,0.883122,0.0320012
92.887,-1.32026,-2.66654,78.7275,2.01269,2.34194,145.536,1.29629,-0.455211,-1.2747,0.0302548
119.5,2.56338,0.431227,48.3447,-3.59501,-1.79126,50.7155,0.439914,-2.87822,2.22249,0.0321153
93.0974,-2.3852,-0.901416,47.5025,1.49908,-1.22954,78.034,-1.72745,2.20997,-0.328121,0.0267139
69.5539,-1.5971,2.18436,42.791,3.12969,2.84916,64.861,1.21205,-0.82502,0.664805,0.0288992
102.371,4.25226,-0.572322,86.7683,-3.91741,-1.06775,56.1614,-0.100778,2.84678,0.495428,0.0398912
143.112,-2.60073,-1.15521,35.3511,1.67124,2.307,81.6628,-1.87316,2.18419,-2.82098,0.0319678
88.7663,-1.16082,-2.49273,61.5825,3.26606,-2.98608,110.911,0.323252,0.446548,-0.49335,0.0298049
181.61,2.161,0.310162,150.902,-2.04744,1.9522,101.671,-0.0361525,-2.01337,-1.64204,0.0336569
86.546,-2.90734,-1.87659,60.3562,1.56794,-2.40023,89.7454,-0.0727214,1.31894,-0.523641,0.0321569
263.552,-1.53983,-2.73517,155.212,1.93728,-2.24293,191.301,-0.178008,0.569015,0.492241,0.0335615
98.1544,1.34833,-0.65547,67.804,-2.48837,-0.136497,131.543,0.748811,2.4979,-0.518973,0.0317295
165.307,-1.39544,2.88091,86.269,3.57136,-2.27897,137.628,0.517477,0.228543,1.12331,0.0345443
207.07,2.43467,2.55729,81.4188,-1.49903,-3.13084,86.4181,0.566183,-0.221331,-0.595052,0.0310846
113.232,-0.915981,0.648004,60.5928,2.11623,2.78401,53.0937,-0.80731,-1.51166,2.136,0.0312585
111.518,-1.69056,-1.68006,48.7501,3.92029,-0.492214,44.4795,-1.23269,1.43581,1.18785,0.0325575
115.025,-1.5631,0.599777,37.0438,3.44739,-1.56475,84.8939,0.881872,-2.5951,-2.16452,0.0300752
119.551,1.0879,-0.355452,59.8605,-3.41473,-2.37521,107.705,-1.02757,2.69191,2.01976,0.0330128
112.047,-0.63393,2.83308,40.9901,3.16066,1.33492,49.4427,1.10175,-0.378121,-1.49817,0.0318307
118.462,2.85161,-2.53443,36.3251,-1.81146,-0.511438,77.094,-0.0314336,1.16425,-2.02299,0.0321523
55.5393,4.0177,0.146692,40.9935,-2.47511,-1.11792,34.3266,1.32518,1.72264,1.26461,0.0338219
165.287,-1.9432,-2.96517,120.076,3.35758,-2.6551,118.463,-1.5654,0.248126,0.310073,0.0357878
71.6433,4.37868,-2.85951,34.4428,-3.42363,-2.98653,49.6586,-1.7064,0.799332,0.127021,0.0341875
103.47,-2.49662,0.695063,60.0946,3.3984,1.35867,93.4231,0.465914,-1.98937,0.663602,0.0339277
84.0861,2.19586,-2.06411,75.5412,-3.84212,-0.919905,61.2693,-0.705354,0.767427,-1.14421,0.0350016
127.043,-3.50255,2.76344,79.513,1.83725,0.103108,115.605,-0.471701,-1.19477,-2.66033,0.0347343
123.809,1.25493,-1.24131,101.118,-2.7945,-2.65402,129.933,-1.78574,1.23061,1.41271,0.0332036
93.0738,0.846078,-0.352954,44.4202,-4.72944,-2.92161,42.2759,0.948348,3.08433,2.56865,0.0320895
156.866,-0.824318,-2.43572,66.7953,3.52835,-2.84648,126.672,0.56986,0.625904,-0.410754,0.0332976
58.8944,2.68734,-2.66966,38.1886,-3.64398,2.34438,50.3661,-2.06071,0.0894982,1.26914,0.0339078
121.266,0.277209,0.418419,96.7449,-3.0375,0.868638,167.983,-1.87693,-2.47806,-0.450218,0.0326395
138.742,-2.59119,-1.80747,87.1289,3.37852,-2.69407,175.719,-1.56134,1.09846,-0.886606,0.035593
116.179,-2.77602,1.81804,76.5047,1.57963,2.78164,132.561,-0.417949,-0.849687,0.963599,0.0327381
76.989,2.93548,-2.15236,76.3949,-2.20619,-2.86365,89.7441,0.583495,0.642505,0.711288,0.0327161
171.822,1.45829,1.15057,154.217,-2.29759,-2.4278,30.472,-0.2056,-0.698147,-2.70482,0.0331894
204.236,2.44206,0.216372,89.206,-2.75508,2.40055,156.77,-0.626253,-2.49975,-2.18417,0.0343859
243.287,1.44004,2.40009,55.1374,-2.94739,0.407902,254.691,-0.704895,-0.917413,1.99218,0.0334904
86.0358,-1.13674,0.914272,33.0037,2.70468,0.543082,63.6082,0.501682,-2.69147,-0.37119,0.0290909
125.598,2.2093,-3.1019,33.2719,-2.36161,2.20512,133.3,1.31154,-0.177229,0.976162,0.0294714
80.4092,-3.80819,-2.5968,48.6241,3.81923,-1.91761,97.1572,1.38404,0.910242,0.679187,0.0364789
72.1337,2.71703,1.55921,66.4479,-2.67674,2.2205,51.2342,-1.12563,-1.17989,-0.661292,0.0319195
115.849,2.14752,0.93916,69.8956,-2.9575,0.568223,121.821,0.646317,-2.08347,0.370938,0.0337068
123.874,0.561841,-0.221047,38.2734,-3.42935,-2.3257,75.9773,-1.13409,2.70261,2.10465,0.0299467
215.816,-1.44646,-1.52525,86.0766,2.90801,2.94401,138.603,-0.715829,1.69199,-1.81393,0.0320582
97.1461,-3.50215,2.47619,32.3207,1.47796,1.12247,40.8954,-0.640902,-0.631993,-1.35372,0.0337803
94.3491,-3.7389,3.03341,48.5464,1.88716,2.42308,69.4527,-0.500532,-0.201845,-0.61033,0.0339753
87.1484,-2.27058,-2.66154,44.3137,3.97979,-1.4859,80.445,2.14451,0.995271,1.17564,0.0356152
146.461,-1.21567,-1.2005,74.385,3.52846,-2.61977,97.5707,-0.00815696,1.51557,-1.41927,0.0320104
120.303,2.39863,-2.68946,50.3683,-3.09038,-1.92897,73.1246,-0.743165,1.04895,-0.760489,0.0336093
117.199,-1.89551,2.95627,35.3627,3.84852,1.56032,50.0166,0.598393,-0.795063,-1.39595,0.0321919
238.52,2.39793,-1.99987,79.7363,-3.11384,-1.47357,180.357,0.458733,1.39399,-0.526295,0.0352025
66.1557,-2.19255,-0.185396,40.3815,2.98551,-1.22286,70.8491,0.134245,2.70284,-1.03746,0.0324823
128.22,-1.44269,-1.75179,64.7745,3.95344,-1.54596,170.031,-0.273931,1.52772,0.205832,0.0344091
87.1404,2.03004,-0.698616,62.9806,-2.74575,2.70858,40.6676,1.58349,2.92133,2.87599,0.0330714
122.733,-2.70428,3.00608,90.5451,0.732343,2.51311,121.823,-1.41155,-0.170059,-0.49297,0.0299283
