jet0Pt,jet0Eta,jet0Phi,jet1Pt,jet1Eta,jet1Phi,DiTauPt,DiTauEta,DiTauPhi,SignedDeltaPhi,Weight
104.375,2.65972,0.946867,99.7585,-2.7073,2.81526,94.6759,0.741435,-1.88591,-1.8684,-0.0128315
159.861,-2.29402,-0.00301781,112.81,1.6272,1.46935,147.652,-0.750478,-2.68744,1.47237,0.0128315
149.587,-2.33303,0.922506,74.4145,2.81478,1.35891,110.688,-0.364257,-2.38226,0.4364,0.0128315
108.75,-0.304996,0.32417,39.9256,3.48137,2.30687,64.3548,1.30189,-2.61842,1.9827,0.0128315
169.923,-1.90655,-0.55237,82.721,1.85785,-0.203847,197.093,-0.719459,2.80751,0.348523,-0.0128315
81.4665,-1.33764,2.83362,31.0234,4.25278,-3.04791,70.0492,1.95439,0.0129474,0.401658,-0.0128315
196.722,-1.26583,1.52131,46.8498,2.02912,-1.26616,84.3706,0.627372,-2.02294,-2.78747,-0.0128315
100.48,-1.94617,-1.66974,94.3006,3.98859,0.112202,94.6021,1.68357,2.35942,1.78194,0.0128315
104.637,-3.3582,-1.22126,98.9632,0.999857,2.78881,54.1043,-1.12583,1.18826,-2.27312,-0.0128315
188.644,2.0743,2.05016,67.9072,-1.80082,0.418288,190.357,0.654204,-1.56063,1.63187,-0.0128315
124.823,2.80027,1.55096,52.0854,-2.87373,2.45407,109.896,1.08336,-1.34021,-0.903115,0.0128315
260.852,-2.2674,-1.99452,159.624,1.95951,0.00500503,323.467,0.704423,1.5445,1.99952,0.0128315
111.895,-0.27552,0.16092,44.1166,4.08755,1.41888,106.67,0.630789,-2.64179,1.25796,0.0128315
188.149,3.15738,-1.62061,81.5639,-3.08136,-1.93015,187.267,0.275945,1.67078,0.309548,0.0128315
117.311,2.00168,-1.16004,58.5279,-4.23104,1.9275,77.2165,-0.497173,1.76866,-3.08754,0.0128315
106.959,-1.81124,-0.986608,79.5238,1.60994,-1.85359,106.984,-1.52549,2.11212,-0.866979,-0.0128315
160.013,2.07615,0.728063,124.273,-2.05894,0.886223,88.6417,-0.169628,-2.27815,-0.158161,-0.0128315
262.49,-2.66792,2.15866,163.286,0.468115,-0.273332,94.2807,-0.991529,-1.83786,-2.43199,-0.0128315
78.3899,1.10695,0.167683,77.7314,-3.09111,2.3427,55.6616,-0.69797,-1.79378,-2.17502,-0.0128315
300.843,1.71012,1.67535,179.482,-2.87148,0.461872,239.271,0.9419,-1.86946,1.21348,0.0128315
289.104,0.544218,-2.66359,180.829,-3.28057,1.95547,108.129,-0.407781,-0.272181,1.66413,0.0128315
76.7681,3.20827,-1.50539,34.4919,-2.77734,-0.325212,35.6443,1.46824,1.76335,-1.18018,0.0128315
294.358,-2.50633,1.1071,39.2392,1.80511,2.16839,196.049,-0.90981,-1.88854,1.06128,-0.0128315
159.658,-1.98433,-0.83456,82.0942,3.75761,-2.0104,115.949,1.06665,1.94789,-1.17584,-0.0128315
181.576,2.85377,2.01836,62.6383,-3.27349,-0.111067,140.114,-1.93699,-1.33946,2.12943,0.0128315
219.692,1.24402,-2.82302,157.868,-3.25213,2.75547,167.55,0.616089,0.00116465,0.704693,0.0128315
145.965,-2.11234,2.8309,126.796,1.89868,0.173331,50.6318,-1.52702,-0.412299,-2.65757,-0.0128315
105.979,-1.38336,0.535736,96.2398,3.73315,-0.650511,134.838,1.93973,-2.59067,-1.18625,-0.0128315
102.614,2.50131,-2.88213,45.3268,-1.34715,2.03796,108.994,1.49908,-0.0118173,1.36309,0.0128315
190.395,-0.996487,-1.06744,114.865,2.43866,-2.12545,118.055,1.73355,1.26933,-1.05802,-0.0128315
95.6929,-2.06687,2.21155,59.7385,3.73282,-2.63266,59.7653,-0.324584,-0.589274,1.43897,0.0128315
299.066,-1.8568,-1.42524,78.3364,1.48364,-1.79394,334.384,-1.21354,1.6041,-0.368702,-0.0128315
220.569,-2.01628,2.78125,145.842,1.8038,3.06883,135.885,-0.286,-0.0689071,0.287581,0.0128315
52.7474,-2.68217,-0.11602,40.8816,3.4093,1.57714,32.1385,-2.07595,-2.27455,1.69316,0.0128315
108.841,2.80202,-0.482089,97.8639,-1.91767,-2.34188,83.0082,0.473735,2.57145,1.85979,0.0128315
179.55,-2.17959,1.15478,55.5425,2.48383,0.458433,129.979,-1.10074,-2.019,-0.69635,-0.0128315
215.247,-0.967002,1.92263,60.1648,3.86697,3.04839,146.716,0.38752,-1.22792,1.12576,0.0128315
360.74,-1.88116,2.61193,143.145,3.63867,0.575102,200.268,0.165471,-1.01618,-2.03683,-0.0128315
128.82,-2.5686,-2.25817,99.0577,1.72879,0.0194554,85.9087,1.52453,1.53207,2.27762,0.0128315
133.246,1.87207,-2.40671,76.644,-2.84689,-0.66555,146.574,-0.249765,1.30157,-1.74116,0.0128315
159.378,-1.07712,-2.93612,61.4463,3.47429,-1.82785,129.185,0.456517,0.532538,1.10827,0.0128315
625.911,-0.398962,1.15501,200.47,2.69542,-1.64333,201.407,0.0803262,-2.05283,-2.79834,-0.0128315
150.423,-1.02693,-0.843447,122.461,2.46395,-1.33812,272.01,-0.812523,2.28579,-0.494672,0.0128315
216.434,1.34511,-2.35244,68.2818,-2.93459,2.32254,122.724,-0.938743,0.481253,1.6082,0.0128315
105.199,3.58165,2.63023,41.1485,-2.09867,-2.23291,95.8302,1.15458,0.0664473,-1.42004,-0.0128315
116.14,1.22503,-1.49977,104.286,-2.47453,-2.73105,124.143,-0.652079,1.29411,1.23128,0.0128315
209.054,2.3433,2.6345,77.8429,-0.835956,0.101315,130.73,0.116826,-0.978472,2.53318,0.0128315
244.064,-1.85353,0.293593,71.0336,3.48259,2.12187,235.155,-0.474861,-2.64837,1.82827,0.0128315
187.114,-2.10718,1.0229,133.25,2.37183,2.50436,181.162,-1.22487,-1.87089,1.48146,0.0128315
73.6111,0.788349,-1.27345,58.2201,-4.65557,-0.0189033,111.729,-0.303581,1.86568,-1.25454,-0.0128315
138.923,3.13689,-0.260817,34.0023,-2.11261,-1.37336,105.683,0.156407,2.4171,1.11254,0.0128315
136.649,2.52676,-0.510817,66.3806,-4.04698,-2.45307,153.994,-1.66793,2.90484,1.94225,0.0128315
109.291,3.16408,-0.995712,43.7892,-1.36016,0.888084,59.679,0.72581,2.85905,-1.8838,0.0128315
134.306,-2.17064,-0.789691,104.54,1.90982,-2.15799,110.788,-1.9766,1.7936,-1.3683,-0.0128315
239.612,-0.310109,2.2686,74.1718,4.1513,0.256004,194.603,0.955937,-1.20694,-2.01259,-0.0128315
246.513,2.78066,-1.53055,169.851,-0.70474,-0.411921,155.83,1.17001,2.04726,-1.11863,-0.0128315
169.883,-2.77486,-0.53128,113.895,1.48885,-2.19262,49.562,0.0853263,3.04367,-1.66134,-0.0128315
167.332,1.33583,-0.287586,39.2526,-1.90524,-2.43108,100.212,-1.54917,2.5673,2.14349,0.0128315
69.9838,2.67091,-2.28096,43.9384,-3.471,-0.52217,40.0997,-1.53538,1.41833,-1.75879,0.0128315
95.0179,-2.8362,1.5121,70.7402,2.41451,-2.55041,71.0233,0.708139,-1.23637,2.22068,0.0128315
113.644,0.234777,2.2991,81.2125,-3.04278,0.462048,41.1813,-1.90905,-1.90409,1.83705,-0.0128315
166.132,1.93458,-2.7085,142.213,-3.21507,-1.6409,242.313,0.816558,1.14,-1.0676,-0.0128315
111.045,-3.49043,2.65005,41.2663,0.62112,0.464245,74.5914,-0.094582,-1.39569,-2.18581,-0.0128315
153.587,-1.7059,0.803165,59.8865,1.89792,2.94253,62.3073,-0.105288,-1.97909,2.13937,0.0128315
123.025,1.72695,0.915719,55.3897,-1.37482,-0.203127,130.909,-0.34888,-2.58223,1.11885,0.0128315
171.27,1.06945,0.138363,35.6113,-3.91118,-1.64874,147.197,-0.602472,2.96164,1.78711,0.0128315
145.96,-2.17089,2.13054,102.627,0.927184,0.425357,133.371,-0.204544,-1.65129,-1.70518,-0.0128315
89.7677,3.15929,-1.69143,40.9837,-1.53232,3.13762,70.8797,-1.14272,1.49624,1.45413,0.0128315
108.753,-1.83286,-1.78042,50.7715,2.88149,3.08787,92.6762,-0.641901,0.762133,-1.4149,-0.0128315
346.683,0.996033,2.89233,56.1098,-2.48011,0.977454,152.049,-0.966831,-0.315427,1.91487,0.0128315
121.741,-0.915975,-2.2066,109.859,2.17114,-1.47825,204.878,1.48902,1.4712,0.728344,0.0128315
133.113,-1.33868,-2.38928,69.8688,3.07237,1.26801,35.664,0.620724,0.434126,-2.6259,-0.0128315
88.2554,-1.25939,1.27503,71.7167,2.59938,2.28545,109.438,1.4268,-1.25437,1.01042,0.0128315
100.34,0.774692,1.71224,87.374,-3.02685,0.710717,110.595,-1.28632,-1.74568,1.00152,0.0128315
129.591,-0.777178,-1.97645,61.8328,2.98375,-0.837867,86.71,1.3398,1.63344,1.13858,0.0128315
122.22,-2.54425,1.7488,69.692,3.82842,2.20014,71.0958,1.29383,-1.02002,0.451332,0.0128315
133.978,-2.48613,3.13485,38.2754,2.19346,-2.35894,124.887,1.16099,0.114532,0.789393,-0.0128315
87.4657,1.54615,0.160237,76.3268,-2.39171,2.5484,48.572,-1.21679,-1.81795,-2.38816,-0.0128315
107.984,3.00515,1.48102,106.7,-2.66916,-0.529374,130.338,-2.04484,-2.44609,2.0104,0.0128315
72.2395,2.15732,-0.884301,68.2473,-2.43747,-2.43115,54.3139,0.546636,1.4084,1.54685,0.0128315
177.678,-2.7476,-2.87377,140.355,2.75163,-1.19332,157.535,0.916189,1.32917,1.68045,0.0128315
149.548,-0.840528,-0.582028,64.3261,2.86264,0.0410577,120.442,0.925091,2.65166,0.623086,0.0128315
270.522,-2.01517,-2.32477,130.915,3.5675,0.122023,112.853,-1.70724,1.14528,2.4468,0.0128315
169.683,2.41512,2.40063,44.6185,-2.10757,1.63367,137.67,0.376476,-0.999878,0.766961,0.0128315
227.81,-1.42828,-2.36717,90.4888,3.10638,2.5201,113.663,1.37642,0.597926,-1.39592,-0.0128315
133.932,-2.01348,-2.9462,91.222,1.12409,2.58712,95.523,0.493678,-0.129421,-0.749861,-0.0128315
291.865,-1.96566,-2.45141,55.6528,3.05635,-2.83095,128.211,0.509547,0.558163,-0.379534,-0.0128315
100.812,3.06759,0.565984,69.6121,-2.18646,-1.39866,73.8272,-0.8004,2.75533,1.96465,0.0128315
237.134,1.2107,0.0409183,105.279,-3.89911,-2.28915,72.7843,-1.21803,2.17339,2.33007,0.0128315
85.614,1.7212,2.90843,57.3264,-3.29135,3.05058,119.515,1.08272,-0.245325,-0.142146,0.0128315
109.778,-0.280153,-2.26367,40.3091,4.18099,-0.896878,65.6607,1.0351,1.47505,1.3668,0.0128315
209.594,2.58013,-1.45396,100.776,-1.80233,3.0234,129.188,-0.300343,1.07372,1.80582,0.0128315
95.1335,0.246989,2.70205,71.7638,-2.91792,-2.43231,93.3142,-1.86558,0.445163,-1.14883,-0.0128315
206.548,2.66017,1.65206,93.6753,-1.13721,-0.427698,39.1169,2.51586,-2.3969,2.07976,0.0128315
163.411,1.8499,1.1216,30.7067,-2.09425,-1.3197,110.22,-1.82429,-2.30271,2.44131,0.0128315
131.306,2.93708,-0.77608,80.3964,-1.38345,1.30326,106.429,1.06732,3.00733,-2.07934,-0.0128315
117.939,2.23422,0.809417,77.951,-3.81624,-1.86919,52.6405,-0.138496,3.12988,2.6786,0.0128315
472.804,1.65092,2.68005,58.7826,-4.02358,0.824595,326.639,1.13161,-0.648246,1.85545,0.0128315
153.378,-2.24179,-0.725825,57.4033,2.18803,-2.33127,115.125,-1.30801,1.86254,-1.60545,-0.0128315
100.869,-3.06801,-0.813429,51.5097,3.62724,0.61995,106.135,0.0803245,2.72658,1.43338,0.0128315
162.328,-2.68237,1.15307,69.3671,1.3886,-0.0475876,101.307,0.43062,-2.62746,-1.20066,-0.0128315
102.374,4.01181,-0.745761,44.5134,-3.3325,1.60895,66.6269,0.164587,2.84233,-2.35471,-0.0128315
66.3669,0.171392,2.43123,49.8085,-4.11494,3.12476,80.7721,-1.15828,-0.0906134,-0.693521,-0.0128315
220.247,-1.54956,-2.08216,148.171,2.65972,-1.45734,125.445,-0.035951,1.31573,0.624829,0.0128315
140.845,-3.16923,0.963999,74.8849,2.0115,-0.307828,126.852,0.363336,-2.46806,-1.27183,-0.0128315
193.945,-2.61621,-0.730901,106.665,2.93089,1.36985,82.9493,-1.25417,2.99067,2.10076,0.0128315
90.6425,2.24138,0.989822,51.0062,-4.24847,1.48881,79.3092,-1.75115,-2.16162,-0.498991,-0.0128315
160.162,-1.4481,2.4027,40.5758,2.88391,1.51703,158.866,0.789378,-0.952156,-0.885665,-0.0128315
137.047,-2.55159,0.09421,68.5531,3.2988,-1.20402,50.4272,1.881,-3.08996,-1.29823,-0.0128315
115.416,-2.12677,-1.79057,32.1123,2.37852,-3.13991,90.0095,-0.640958,1.34259,-1.34933,-0.0128315
148.264,-1.97577,2.13924,112.548,3.6444,-0.20876,93.7813,0.318413,-1.93791,-2.348,-0.0128315
266.649,1.35623,1.54001,123.415,-2.36668,-2.86404,184.212,-0.220607,-1.05554,-1.87913,-0.0128315
136.924,-1.94061,-0.44907,63.445,1.77045,-2.6464,118.474,0.937785,1.71324,-2.19733,-0.0128315
127.052,-1.16786,2.24428,56.0392,3.25209,-2.80618,190.253,1.39747,-0.602871,1.23272,0.0128315
301.166,1.19334,-0.0471671,68.3902,-2.52534,1.6381,217.93,-2.34912,3.01783,-1.68527,-0.0128315
107.003,1.81178,-2.83642,79.396,-2.32955,-1.02443,106.557,-0.53391,1.2358,-1.812,-0.0128315
77.5342,-0.764971,1.70368,37.3977,4.15105,1.61521,87.4409,0.66351,-1.58059,-0.0884677,0.0128315
181.934,0.972625,1.08775,84.8897,-2.95575,-1.48352,81.5232,-1.7273,-2.37318,2.57128,0.0128315
179.174,-2.13695,1.29732,119.808,2.80281,-2.11109,132.924,0.711459,-1.16788,2.87477,0.0128315
222.439,-2.51027,-2.829,137.35,0.65894,2.88706,132.455,-0.511474,-0.107748,-0.567123,-0.0128315
162.106,-2.01199,0.42305,60.7164,1.53428,0.0116781,196.319,0.0351091,-2.81239,-0.411372,-0.0128315
233.687,-2.1086,0.0216674,143.808,2.62239,1.28995,129.07,-0.453877,-2.53978,1.26828,0.0128315
380.085,0.903849,-2.4832,60.0934,-3.88798,2.41762,374.446,-0.404195,0.594176,1.38237,0.0128315
118.275,-3.14843,2.81669,74.7836,2.10444,-2.50567,87.9756,0.00942348,-0.0190824,0.960824,0.0128315
148.989,-0.899303,2.7186,91.7842,2.44726,2.68798,328.01,0.800832,-0.548584,-0.0306163,-0.0128315
177.72,-1.17485,0.310611,144.056,2.31007,-0.554665,150.15,-0.311999,2.98447,-0.865276,-0.0128315
134.195,-1.86286,-1.8428,77.4902,3.7278,0.324841,96.7584,0.445506,1.66345,2.16764,0.0128315
271.572,1.63468,-0.323468,92.9601,-3.08988,-1.51883,246.943,-1.2124,2.56537,1.19536,0.0128315
308.921,-1.13275,1.15487,110.774,2.95849,2.7304,258.895,0.534741,-1.7309,1.57553,0.0128315
107.414,-3.41011,0.368691,61.7582,2.10781,-1.74831,86.412,0.55704,-2.95692,-2.117,-0.0128315
169.515,-2.46321,-3.1283,54.5906,1.15759,0.875386,70.4892,-0.407962,-0.29605,-2.2795,-0.0128315
93.1437,-1.1654,1.84712,68.5641,2.69584,1.33137,88.5164,-0.864487,-2.54966,-0.515746,-0.0128315
253.951,-2.0289,0.325866,68.8077,1.22901,-0.404822,178.408,-1.71072,-3.00824,-0.730688,-0.0128315
191.253,1.72884,3.13864,67.701,-3.66098,0.938246,132.387,-0.847507,-0.310814,2.2004,0.0128315
214.81,-1.56157,-2.52106,149.663,3.26522,3.0461,190.98,1.55952,0.216384,-0.716033,-0.0128315
190.704,-1.64642,1.42655,59.3609,1.96021,1.40668,152.322,-0.150051,-1.74277,-0.01987,-0.0128315
149.436,1.66072,1.00607,60.1013,-2.73189,1.4622,167.668,-0.181225,-2.05205,-0.456136,-0.0128315
135.415,-0.604199,3.04815,96.3811,2.48918,0.940792,85.5505,1.80755,-0.6391,-2.10736,-0.0128315
116.184,-1.37709,-1.56074,82.9405,3.52268,-2.76935,109.191,0.0952323,1.11593,-1.2086,-0.0128315
172.458,2.61671,-1.48874,82.2555,-3.71955,-0.922529,193.565,-0.260638,1.84995,-0.566211,-0.0128315
96.8761,1.67071,1.75342,63.2635,-2.04468,-2.25224,87.8042,1.56502,-0.653408,-2.27752,-0.0128315
94.5751,-2.66116,0.307127,60.4228,1.04981,0.0798363,91.3127,-0.40392,-1.98178,-0.227291,0.0128315
167.811,-1.87663,-0.805197,72.2081,2.9292,1.40537,215.43,1.8732,2.98209,2.21056,0.0128315
108.296,-0.2555,2.84717,60.0731,2.85694,-2.56723,125.553,1.11023,0.00212973,0.868787,0.0128315
188.891,-2.62212,-1.68746,153.382,1.03358,0.631138,219.329,0.0077608,1.65329,2.3186,0.0128315
337.096,-0.182313,-0.28578,36.198,3.75715,1.98036,136.647,0.710624,2.93776,2.26614,0.0128315
275.755,-0.339062,-0.41105,54.6582,4.21375,-1.64763,222.31,0.741703,2.48099,-1.23658,-0.0128315
244.23,2.54849,-0.881692,67.71,-2.79237,-1.45448,179.929,0.202892,2.26031,0.572788,0.0128315
102.46,-1.65465,-1.22419,54.3479,2.16488,0.822923,78.3236,-0.0218733,2.55704,2.04712,0.0128315
236.955,2.33017,1.41221,100.035,-2.87711,-0.90439,39.049,-0.377473,-2.18716,2.3166,0.0128315
102.429,-0.720417,0.154746,55.2116,3.50043,-1.72817,39.2003,0.321504,2.76329,-1.88292,-0.0128315
340.564,-1.84469,-2.55921,94.1803,1.87448,-0.993568,244.83,-1.14966,0.760161,1.56564,0.0128315
279.395,1.14292,0.283264,121.718,-3.1319,2.4522,204.18,-1.17514,-2.23666,-2.16894,-0.0128315
127.698,1.97115,-0.00266982,49.9647,-1.22208,1.02507,133.79,1.01539,-3.06648,-1.02774,-0.0128315
117.852,2.23369,2.92647,114.039,-1.10992,1.25933,54.3449,-0.375176,-1.29302,1.66714,0.0128315
71.6622,2.15232,1.09464,67.0794,-1.50954,1.45832,84.9841,-1.22462,-1.98648,-0.363686,-0.0128315
191.337,-1.91612,-0.0515591,106.961,3.21765,-2.30779,90.6437,1.2264,2.26894,-2.25623,-0.0128315
101.428,1.96474,-2.49311,60.8316,-2.47346,2.35663,57.1735,-1.37516,0.0379957,1.43345,-0.0128315
202.34,-2.74281,-1.31403,189.951,1.08445,-2.68663,113.753,-0.361295,1.18643,-1.37259,-0.0128315
364.213,-1.79449,-1.48916,84.6551,2.99693,-0.403612,283.605,-0.0292966,1.81791,1.08554,0.0128315
229.217,2.56325,1.73958,153.791,-1.18656,2.57543,189.592,-0.310681,-0.962464,-0.835848,-0.0128315
252.743,2.45159,2.20559,48.5894,-2.9464,2.65624,171.398,0.772932,-0.823732,-0.450652,-0.0128315
93.6897,-2.95655,-2.92131,51.6046,0.39887,-2.16179,87.451,-1.80195,0.471773,0.759512,0.0128315
156.192,-2.96699,-0.00165361,55.0505,1.46195,-1.75504,156.777,-1.04333,2.55998,-1.75339,-0.0128315
85.7949,2.62689,1.64229,61.3599,-3.63085,3.0031,110.283,1.87275,-0.876962,-1.36081,-0.0128315
169.356,-2.02095,-2.22566,100.913,1.8295,2.89661,148.136,-0.8939,0.620868,-1.16091,-0.0128315
214.331,-1.69035,-0.664537,76.3236,1.40401,-1.66914,215.859,-0.702437,2.12782,-1.00461,-0.0128315
104.497,1.29414,0.777175,81.8913,-3.10696,2.87316,50.8494,-0.891928,-1.04997,-2.09598,-0.0128315
277.789,-2.21718,1.50708,52.6821,3.98281,3.07956,208.241,0.621673,-1.51645,1.57248,0.0128315
95.177,-3.06286,-2.38581,60.3876,1.63435,-2.78236,111.837,-0.669243,0.550478,-0.396549,-0.0128315
196.002,1.23686,1.52467,70.6571,-1.77716,-0.177903,164.324,0.69937,-1.97997,1.70257,0.0128315
154.305,-1.75892,1.97978,127.001,1.44546,0.709128,79.4409,-0.244437,-1.6558,-1.27065,-0.0128315
141.144,-3.56995,-2.05104,41.3617,3.44431,2.40481,76.7119,-2.07587,0.326554,-1.82734,-0.0128315
185.813,1.01188,2.95395,81.8814,-4.01751,-2.74605,153.061,-1.48929,0.14336,-0.583183,-0.0128315
182.177,-1.49957,-2.7107,55.1147,1.54343,-1.35047,86.5166,-1.18174,0.349924,1.36023,0.0128315
221.478,1.0189,2.05389,177.497,-2.30088,-2.94857,171.45,-0.298782,-0.643752,-1.28073,-0.0128315
262.155,-0.524022,2.92316,85.9214,2.49779,0.563754,253.203,-0.0455349,-0.598341,-2.3594,-0.0128315
82.4977,2.21446,1.4119,62.3671,-1.99233,2.10332,106.304,0.680109,-1.40378,-0.691417,-0.0128315
171.257,-2.14524,-2.21491,62.7526,3.12188,2.0106,119.673,0.31863,0.626878,-2.05768,0.0128315
87.021,2.0366,2.71461,80.7283,-2.31554,0.654907,76.0311,0.456507,-1.87404,2.0597,0.0128315
151.152,-1.44898,-0.342677,76.8305,2.86386,-1.80046,155.729,0.222023,1.7805,-1.45779,-0.0128315
106.145,2.85236,-2.69262,59.7395,-2.01683,1.87059,81.5173,-0.803816,0.38494,1.71998,0.0128315
101.386,-0.823784,-2.99414,56.0105,3.03475,1.50282,78.5284,0.743308,-0.510564,-1.78622,0.0128315
156.371,1.50147,-2.61201,56.9949,-4.41361,2.76214,133.925,-1.00572,0.406522,0.909037,-0.0128315
136.067,2.76709,1.27042,48.2048,-2.26039,1.70006,62.6968,-0.310175,-1.1557,-0.429642,0.0128315
157.955,-3.1568,-2.95034,66.4327,1.63038,1.08167,116.141,-0.50089,-0.0577606,-2.25118,-0.0128315
109.787,3.16785,0.262015,87.6402,-3.5698,-1.49284,105.192,0.607693,2.52923,1.75485,0.0128315
78.8406,-1.883,-1.97036,64.3678,2.56956,-1.06002,127.618,-0.0101307,1.72193,0.910348,0.0128315
207.986,1.7542,-1.64697,131.496,-3.23034,2.96379,81.2256,-1.70856,1.23257,1.67242,0.0128315
181.223,1.56679,-2.15097,68.6613,-4.68119,-1.83122,163.535,0.0688889,1.39697,-0.319749,-0.0128315
159.278,-1.96961,2.35898,153.366,1.1409,-2.42532,79.2379,0.707044,0.223427,1.49889,0.0128315
164.993,-1.86898,0.755093,73.7746,2.69583,1.88531,139.106,1.33675,-2.01816,1.13022,0.0128315
383.947,2.55909,3.05355,307.304,-1.03809,-1.02864,289.988,-0.151066,0.770135,-2.201,-0.0128315
121.566,3.16553,-2.33789,73.8624,-1.38982,-1.09749,103.832,1.15146,1.19457,-1.24039,-0.0128315
204.918,-1.54525,-0.573798,33.1814,2.92856,-0.75609,87.5116,0.129328,2.12141,-0.182292,-0.0128315
115.199,2.02953,-2.68855,71.9248,-2.93534,-0.571469,80.564,-2.66199,1.2542,-2.11708,-0.0128315
117.811,2.23409,-1.83497,105.788,-2.20309,-3.09461,82.0907,-0.966102,0.640656,1.25964,0.0128315
380.066,2.10187,-0.586309,245.783,-1.32509,2.04347,137.599,1.06706,2.42671,-2.62978,-0.0128315
196.54,1.72782,1.82941,88.7068,-2.46896,-0.629814,82.5287,-2.28543,-1.87813,2.45922,0.0128315
188.214,0.447288,2.23004,55.5164,-3.23013,2.28878,277.115,-0.321233,-0.926002,-0.0587347,0.0128315
238.303,-1.60335,3.11208,95.5264,2.40459,1.0021,166.257,1.07796,-0.376105,-2.10999,-0.0128315
193.22,-2.53707,-1.24884,44.6679,3.60092,-3.08955,67.1106,0.0781892,1.68382,-1.84071,-0.0128315
91.2959,-2.80199,-1.71466,79.9866,3.7592,-3.03003,66.4164,0.26435,0.547092,-1.31537,-0.0128315
119.574,1.04615,-1.63234,45.7876,-4.17003,2.82878,94.6518,-2.12906,0.764136,1.82207,0.0128315
245.997,1.03959,-0.542809,48.3737,-4.70181,-2.23041,205.96,-1.28546,2.40969,1.6876,0.0128315
130.82,-1.35252,0.413182,111.505,2.58102,-0.90083,122.297,0.388452,2.85778,-1.31401,-0.0128315
142.295,-0.374396,-0.62029,35.8928,3.16321,-2.83856,43.2391,1.40602,2.5339,-2.21827,-0.0128315
74.9122,2.71025,1.5547,50.8259,-3.163,0.196505,56.3401,0.00461499,-2.282,1.35819,0.0128315
98.3311,3.1805,2.63737,71.5503,-0.122483,1.27666,64.4839,0.956959,-1.20401,1.36072,0.0128315
102.463,-1.96347,-2.91225,50.2923,1.4593,1.13469,47.0038,-0.00034328,-0.105342,-2.23624,-0.0128315
182.55,2.91279,-1.7212,94.9683,-1.39862,2.31449,151.898,-1.0408,0.792791,2.2475,0.0128315
172.04,3.12978,0.876954,103.096,-1.45779,1.7352,211.784,1.41381,-2.24469,-0.858242,-0.0128315
98.0986,-3.34635,-2.19191,45.7703,1.24555,-2.5254,69.3711,-1.00388,0.669059,-0.333487,-0.0128315
148.332,-2.33543,0.158648,98.6214,1.35811,-0.603485,109.388,-0.834142,2.75909,-0.762133,-0.0128315
204.215,2.05964,-1.80318,48.2581,-2.84511,-0.0574462,95.8179,0.929017,1.61692,-1.74573,-0.0128315
149.281,-3.07071,-0.59214,68.9544,1.69487,1.49169,82.1247,-0.727586,3.05594,2.08383,0.0128315
402.234,-1.80781,-1.82915,121.386,2.07934,-0.817908,176.08,-0.600301,1.58399,1.01124,0.0128315
202.393,-2.26613,-2.66997,33.3243,2.19006,1.14489,91.0449,-1.74841,0.313887,-2.46832,-0.0128315
158.77,-2.89824,2.33262,72.1953,2.58773,-2.42043,109.809,-1.14591,-0.42631,1.53014,0.0128315
125.371,-3.39316,-1.93,42.6903,1.08559,1.95219,41.3713,-2.45364,0.516032,-2.401,-0.0128315
302.587,2.12644,-3.12965,35.6151,-2.76185,0.192163,222.577,1.12463,-0.0449572,2.96138,0.0128315
131.432,1.81285,-1.47047,110.883,-2.77495,0.0881781,177.092,1.03286,2.36668,-1.55865,-0.0128315
75.577,-1.61103,-1.14297,67.9355,4.3151,-1.14697,77.1152,1.17186,2.32236,-0.0039984,-0.0128315
195.223,-2.82442,2.75824,81.001,3.79371,1.35864,105.128,1.75342,-0.904728,-1.3996,-0.0128315
152.654,3.75644,2.82272,64.6484,-1.89564,2.73704,102.923,1.0167,-0.220064,0.0856757,0.0128315
236.324,-1.46876,1.27002,142.717,1.93267,-2.23185,98.815,0.249484,-2.73044,2.78132,-0.0128315
173.935,2.56034,-1.99932,37.3327,-1.90673,0.460705,115.582,0.677515,1.64761,-2.46003,-0.0128315
127.198,-2.34296,1.2114,75.4403,3.70338,-1.49187,35.734,1.63423,3.05053,-2.70327,-0.0128315
122.144,1.69096,-0.35074,109.17,-3.2051,1.65152,118.664,-0.12041,-1.56638,-2.00226,-0.0128315
181.665,1.64675,-2.7712,95.3304,-2.16383,-1.21666,104.231,-0.919196,1.26672,-1.55454,-0.0128315
355.017,-0.192202,-0.230038,37.3651,4.74067,1.75262,164.843,1.84128,2.77411,1.98266,0.0128315
161.285,-0.388488,-0.592092,125.844,3.14019,-2.33215,137.711,1.15286,1.93957,-1.74006,-0.0128315
140.394,-2.60917,0.213311,43.4382,2.06399,1.90834,152.872,-1.5552,-2.73374,1.69503,0.0128315
82.7447,1.99983,0.0973402,37.9255,-2.37827,2.12772,55.6076,-2.24888,-2.95826,-2.03037,0.0128315
84.5315,-1.78073,0.5244,54.8292,3.34148,2.18736,46.6376,-0.199319,-2.66905,1.66296,0.0128315
95.643,2.71227,1.35058,68.4667,-4.11133,-2.98299,57.2429,-0.447641,-1.3107,-1.94961,-0.0128315
142.465,-2.73753,-2.20512,110.682,2.54404,2.41066,114.282,2.10104,0.356509,-1.66741,-0.0128315
143.517,2.87518,0.693656,46.4119,-0.511841,-1.6583,68.3238,1.63507,-2.5678,2.35195,0.0128315
133.425,3.1351,2.15561,72.8695,-3.52983,1.52153,153.488,1.04396,-0.943338,0.634076,0.0128315
126.227,2.17264,1.85137,46.3316,-2.09985,0.00204354,57.1328,-1.46478,-1.67024,1.84932,0.0128315
71.0912,2.19739,-1.03624,64.5014,-2.13339,-3.09449,91.51,-1.57665,2.21752,2.05825,0.0128315
99.7201,-1.40907,-1.28799,88.3374,2.06626,-2.44865,128.165,0.545563,1.29972,-1.16066,-0.0128315
110.961,-0.378866,0.939035,84.0825,3.18934,-2.35093,73.4519,1.11455,0.632456,2.99322,0.0128315
468.487,2.12362,1.98877,146.376,-2.0124,-2.03144,350.14,0.805945,-1.0884,-2.26298,-0.0128315
163.895,1.91285,-1.64746,127.614,-2.08369,-0.237095,159.419,-0.408115,1.72207,-1.41037,-0.0128315
131.971,1.40707,0.0511564,120.725,-2.06281,-1.93482,98.4042,-0.741989,2.62935,1.98598,0.0128315
136.402,-2.4575,-1.17889,123.509,2.99605,-2.93329,120.078,-0.165881,1.0866,-1.7544,-0.0128315
199.261,-0.649286,0.129175,136.816,2.41859,-1.3514,68.0669,1.55456,2.26404,-1.48058,-0.0128315
174.734,2.051,0.0770907,30.7808,-2.74704,1.10444,105.574,0.538515,-2.81264,-1.02735,-0.0128315
139.666,-3.17916,-1.83454,116.523,2.18912,-3.02634,131.83,0.52109,0.567477,-1.19181,-0.0128315
170.629,-0.227854,-1.64617,138.651,3.12204,0.535149,102.433,1.02427,2.36901,2.18131,0.0128315
114.325,1.06509,-2.83728,65.4853,-4.45189,-1.24481,107.859,0.170088,0.760402,-1.59247,-0.0128315
178.484,0.906406,-1.60547,116.299,-2.62233,2.44641,113.206,-0.977314,1.09863,2.23131,0.0128315
207.579,-2.16701,0.182641,70.0901,1.91837,1.61864,92.1936,-0.173096,-2.53426,1.436,0.0128315
138.736,-3.08412,-1.76401,57.2599,1.81469,-2.51292,198.508,-0.645398,1.09766,-0.748911,-0.0128315
135.619,2.07707,-0.184129,118.64,-1.84357,0.507144,146.326,-0.902346,3.07784,-0.691273,-0.0128315
141.562,1.29696,0.753318,57.9392,-3.87383,2.37863,55.403,-0.0298801,-1.94722,-1.62531,-0.0128315
327.245,1.13545,-2.37533,83.265,-3.48218,2.83629,342.959,-1.68177,0.710225,1.07156,0.0128315
183.369,-2.13153,2.15504,39.1755,4.45534,3.08592,116.237,1.23978,-1.14498,0.930887,0.0128315
133.927,1.23296,-2.70486,38.4077,-2.63419,2.00426,77.2972,0.281331,0.0629772,1.57406,0.0128315
213.87,-1.16255,0.450735,42.1823,1.90699,-1.89405,120.605,1.22109,-2.97187,-2.34479,-0.0128315
155.753,-0.887706,0.450195,103.041,3.29247,2.12587,180.128,1.5979,-2.00652,1.67568,0.0128315
189.599,2.35146,0.142815,36.0777,-0.941953,-1.23739,137.727,0.610496,-3.04917,1.38021,0.0128315
494.672,1.74426,1.10962,135.251,-1.51772,-0.755482,178.131,0.331663,-2.22302,1.86511,0.0128315
68.5808,-3.38857,2.86121,41.7827,4.41993,0.526595,61.4449,0.656886,-1.01152,-2.33462,-0.0128315
98.2951,1.01166,1.81252,78.7593,-2.8245,1.15572,91.111,-0.960532,-1.30797,0.656798,0.0128315
106.316,-2.71822,-2.56419,46.3046,2.29918,-2.34942,93.2312,2.13257,0.949618,0.214765,0.0128315
226.372,-1.5566,3.04151,37.5641,2.98256,0.287102,129.348,-1.32955,-0.243001,-2.75441,-0.0128315
134.896,-2.21863,0.29102,92.4985,1.8868,-1.32523,95.8976,-0.202095,2.58675,-1.61625,-0.0128315
94.4685,-0.836716,-0.509477,75.5473,3.32612,-1.3341,89.9617,0.827054,2.21277,-0.824622,-0.0128315
154.468,-2.09609,3.08343,123.012,2.07419,-1.92694,201.175,0.805041,0.721922,1.27281,0.0128315
239.071,-2.3864,2.57371,68.2786,2.50042,1.62568,210.621,-1.16513,-0.657051,-0.948025,-0.0128315
150.175,-2.27418,0.597613,54.9914,3.47282,-1.5937,55.3519,-1.99684,-2.55393,-2.19131,-0.0128315
152.426,1.62488,1.08132,124.656,-1.99601,2.62872,87.0088,-0.0652581,-1.39892,-1.5474,-0.0128315
97.4832,-2.02017,2.88133,87.8034,2.41925,-1.92747,124.212,-1.84134,-0.105156,1.47439,0.0128315
221.252,1.84504,-0.843107,221.217,-1.91576,-2.30725,301.477,1.30765,1.75009,1.46415,0.0128315
193.668,-1.49044,-1.82468,95.6106,2.46454,2.90242,146.586,0.49413,1.2074,-1.55609,-0.0128315
370.573,2.45612,0.252667,120.218,-2.76557,-2.27865,243.679,-0.680924,-3.07615,2.53132,0.0128315
97.4936,2.92441,0.961748,93.1206,-0.26775,2.07851,98.7714,0.281454,-1.49428,-1.11676,-0.0128315
74.8072,1.65014,-2.64437,55.8909,-3.48965,2.975,108.213,-2.24778,0.501029,0.663811,0.0128315
231.028,-2.85185,-1.98202,99.1755,1.21201,-1.8894,218.546,-1.73757,1.59591,0.0926135,0.0128315
198.839,-1.16741,-2.75816,88.4442,2.43733,-2.86911,141.143,-0.662085,0.341729,-0.110955,-0.0128315
104.321,-4.43012,2.39179,68.5274,0.711382,3.01592,63.6106,-0.567053,-0.665297,0.624135,0.0128315
111.611,2.55512,-1.163,99.0134,-3.08495,-2.87503,88.3448,0.929888,1.12511,1.71203,0.0128315
102.076,1.57479,-0.721454,36.3308,-2.41354,0.47696,88.1377,0.368794,2.82713,-1.19841,0.0128315
203.456,-2.3362,-1.68164,168.638,1.5226,-0.114888,119.748,1.14743,1.99332,1.56675,0.0128315
88.2071,-0.660987,1.98854,79.5091,3.65578,-0.0901681,95.448,0.30998,-2.73268,-2.07871,-0.0128315
110.984,-2.35255,1.8068,105.564,2.74006,-0.201164,72.6326,1.52761,-2.20818,-2.00796,-0.0128315
135.648,-1.0413,2.28616,59.9592,3.08607,-0.413758,66.8699,1.65997,-1.05161,-2.69992,-0.0128315
333.59,-1.65624,-2.15972,111.986,1.54532,1.87775,182.977,-0.365346,0.615639,-2.24571,-0.0128315
195.715,2.01842,-0.687225,119.211,-2.89386,0.437615,91.6966,-0.414202,2.83685,-1.12484,-0.0128315
176.513,-1.95825,-0.146138,44.408,3.74208,0.959998,135.45,-0.776642,2.94875,1.10614,0.0128315
70.5286,2.07084,-2.87089,34.7864,-3.10881,1.89094,47.7408,-1.01036,-0.144316,1.52136,0.0128315
122.168,2.58278,0.291587,80.7424,-2.44997,1.74273,129.417,-0.872078,-2.44094,-1.45114,-0.0128315
89.2997,0.434428,-0.161452,66.9468,-3.22963,1.52917,70.5893,-1.26574,-2.21381,-1.69062,-0.0128315
283.063,-1.12578,-1.51609,215.804,2.18696,-0.888628,240.467,0.83409,1.98909,0.627464,0.0128315
94.8674,-1.04779,-1.22151,32.9877,3.61467,1.17946,64.1434,1.84709,2.26481,2.40096,0.0128315
185.73,-2.36691,1.56785,139.669,2.7057,-1.20119,60.8918,0.265607,-2.59019,-2.76904,-0.0128315
84.5995,-1.67345,3.11894,68.0961,3.36996,-1.85581,35.994,-0.151705,-0.0145655,1.30844,0.0128315
304.2,-1.869,0.87932,57.3367,1.96958,-1.85859,187.896,-0.637032,-2.40062,-2.73791,-0.0128315
136.473,-2.40272,-2.98047,75.8337,1.94121,1.84855,101.158,-0.248097,-0.0158503,-1.45417,-0.0128315
91.381,2.44921,-3.13012,71.253,-1.40127,0.976716,73.3509,-0.193938,-0.863984,2.17635,0.0128315
165.758,1.78266,1.24948,55.1446,-3.88404,1.19456,155.958,-2.33036,-1.69075,0.0549259,0.0128315
159.734,0.918122,0.106049,43.5866,-3.67383,-1.18301,166.616,-1.42284,2.89145,1.28906,0.0128315
162.444,3.09326,2.95365,88.0648,-0.717588,1.21259,108.568,1.63215,-0.499076,1.74107,0.0128315
154.721,0.710353,0.190798,48.7887,-2.34008,1.11241,128.165,-1.27825,-2.81002,-0.92161,-0.0128315
119.256,2.68849,0.461697,55.0143,-3.70478,-0.471216,56.0637,0.632089,-2.53103,0.932912,0.0128315
87.2086,1.38503,0.890889,84.809,-1.6304,-0.706696,37.5596,-0.590466,2.57608,1.59759,0.0128315
160.886,2.21102,-2.37212,95.1659,-2.78826,2.42776,72.3008,0.45901,0.176082,1.48331,0.0128315
203.825,2.43372,-0.343477,54.3174,-2.67837,0.571294,94.5661,0.834381,2.68088,-0.914771,-0.0128315
181.646,2.51411,1.29676,78.4356,-3.91625,3.0225,113.597,-0.433586,-1.20662,-1.72573,-0.0128315
79.4858,-2.86414,-1.96675,58.7938,3.17626,2.8162,61.6323,0.745384,0.378438,-1.50023,-0.0128315
107.247,1.46952,-2.73643,71.2881,-2.51637,-0.733901,57.1848,-1.71141,1.24033,-2.00253,-0.0128315
268.797,1.35737,-0.0602498,76.5551,-3.88892,2.32539,194.764,-0.237671,-2.69286,-2.38564,-0.0128315
239.364,0.848733,1.5693,54.6081,-2.94406,2.56475,215.6,0.129682,-1.52208,-0.995444,-0.0128315
159.315,-1.08073,2.8237,127.441,3.0745,0.509854,58.3728,-0.990005,-0.619362,-2.31384,-0.0128315
255.832,-2.44583,-0.117179,231.393,2.05596,2.25542,195.075,0.946993,-1.85006,2.3726,0.0128315
212.636,-1.01582,-2.32161,166.427,3.06462,0.450142,104.185,1.22317,1.01186,2.77176,0.0128315
137.295,-2.18891,2.49868,114.887,0.963849,-1.02397,81.8392,-1.71612,0.51719,2.76054,0.0128315
163.396,-2.57208,-0.144111,75.4792,2.48909,2.14764,84.346,0.519509,-2.95148,2.29175,0.0128315
138.304,2.41619,1.75474,105.849,-1.93708,-3.06129,170.82,-0.739539,-0.945249,-1.46716,-0.0128315
235.031,-3.02917,0.597202,79.0168,0.458376,0.855731,234.572,-0.979766,-2.38193,0.258529,0.0128315
143.728,1.21664,-0.180055,132.772,-2.77956,-1.74166,178.564,-0.267739,2.46553,1.5616,0.0128315
108.393,3.11933,-2.10692,63.4625,-1.613,2.83227,114.35,1.63193,0.585769,1.344,0.0128315
104.038,-2.70137,2.74197,47.7854,2.63479,-2.94796,66.3419,-0.561438,-0.491348,0.593251,0.0128315
161.802,-2.70271,-0.286982,70.7176,3.89272,-1.25682,110.1,-0.485372,2.74757,-0.969839,0.0128315
302.32,1.40107,2.43923,49.9968,-2.13731,1.39229,159.437,-1.37671,-0.712435,1.04694,0.0128315
170.308,2.3824,-2.51679,133.721,-1.17149,0.026947,59.153,0.0288812,1.55875,-2.54374,-0.0128315
152.909,1.8578,0.861384,75.784,-1.65236,2.14164,164.164,-1.25645,-2.12748,-1.28026,-0.0128315
164.518,-2.27572,-2.7385,63.283,2.64654,0.855976,96.1493,-0.61769,0.152217,-2.68871,-0.0128315
81.7975,1.55169,-2.78818,78.9724,-3.60244,2.709,120.742,0.165014,-0.21659,0.786006,0.0128315
120.135,-3.13005,-2.65403,111.234,2.30741,1.33972,131.628,-1.46132,-0.761734,-2.28943,-0.0128315
167.786,2.12487,-2.08588,107.177,-2.90595,2.36434,173.791,-0.275812,0.404089,1.83297,0.0128315
116.685,-3.08351,1.68661,110.741,2.57214,0.67736,119.232,-0.434693,-1.98203,-1.00925,-0.0128315
424.642,1.24734,0.857784,54.3697,-4.33767,-1.22189,294.846,-0.658556,-2.30707,2.07967,0.0128315
58.9141,3.40833,0.459626,48.6501,-0.814818,-0.413184,63.9766,0.692321,2.71168,0.87281,0.0128315
289.042,-1.64951,-2.90604,89.815,2.67884,1.16504,153.637,-0.863928,0.106199,-2.2121,-0.0128315
91.6149,1.89224,1.08202,64.2681,-1.59909,-0.703281,84.9138,0.0262013,3.12438,1.7853,0.0128315
260.985,-2.69263,-1.8848,112.512,2.53173,-2.38612,203.878,-1.39203,1.14814,-0.501313,-0.0128315
151.281,2.51314,1.8283,139.963,-2.60928,0.595273,90.2419,-0.717908,-1.62263,1.23303,0.0128315
59.0583,2.06211,-0.511525,58.8802,-2.21232,-1.52253,81.4083,2.01844,1.79904,1.011,0.0128315
360.756,-1.3869,-0.553623,69.4158,2.62696,0.987129,302.166,-0.20196,2.89503,1.54075,0.0128315
279.32,-2.30071,-1.5445,103.211,2.42722,-2.21876,123.957,-0.768307,1.33464,-0.674251,-0.0128315
76.069,-2.79175,1.97484,60.0473,1.66933,0.343083,73.6774,0.0453955,-1.93433,-1.63175,-0.0128315
260.187,1.7626,1.57721,130.552,-2.5507,-0.114136,240.973,0.671433,-2.06099,1.69135,0.0128315
222.484,2.34099,-0.937233,144.023,-2.01464,-1.75235,201.995,1.65281,1.92238,0.815121,0.0128315
194.464,-2.89779,2.4063,121.34,0.507314,-0.483037,61.5658,-2.2977,-2.08536,-2.88933,-0.0128315
90.074,-2.25528,-2.72961,88.8601,3.42223,-0.837105,56.1091,-0.629015,1.86966,1.89251,0.0128315
116.174,0.896713,1.09727,90.3584,-3.7835,-0.623969,76.8123,0.493817,2.75182,1.72124,0.0128315
96.1919,2.32429,-0.228752,42.4317,-3.89851,1.19205,82.9934,-0.308525,-2.99228,-1.4208,-0.0128315
118.055,-3.26914,-0.442801,36.2952,2.52519,1.53704,86.3322,-0.426056,3.02572,1.97984,0.0128315
333.4,-0.62164,0.0223884,101.135,2.78646,-2.04433,364.748,0.712844,3.07705,-2.06672,-0.0128315
174.443,-3.26689,-1.30369,146.931,2.21081,0.668746,72.9206,0.894383,2.50562,1.97244,0.0128315
90.347,-2.04106,1.05246,76.3577,3.60405,1.27532,107.461,-1.65686,-2.06189,0.222866,0.0128315
253.788,2.39399,2.72714,201.355,-0.871576,-2.00293,220.031,0.449438,0.209986,-1.55311,-0.0128315
197.625,0.593131,1.66508,109.952,-2.86314,0.544549,194.742,-0.936075,-1.55247,1.12053,0.0128315
79.6425,2.0478,-1.30369,41.5183,-3.68261,-0.104662,93.5477,-1.75538,2.12792,-1.19903,-0.0128315
166.809,0.978583,2.69774,102.952,-3.40206,2.22592,225.226,-0.699273,-0.61998,0.471819,0.0128315
190.995,1.18666,-2.78614,99.1491,-2.22238,2.32288,100.054,-0.26713,-0.277441,1.17417,0.0128315
190.616,-2.39458,1.14174,93.7951,2.84051,-1.59388,139.125,0.09353,-2.66347,-2.73562,-0.0128315
230.035,-1.54816,1.59731,31.8872,2.68113,-0.892923,95.1416,1.3437,-1.27731,-2.49023,-0.0128315
327.015,0.893708,0.945363,90.5222,-2.6063,-1.70091,93.906,0.288249,-2.22279,2.64628,0.0128315
157.449,-1.90927,0.588313,136.278,1.2703,2.41329,126.266,1.04157,-2.03617,1.82498,0.0128315
96.0715,1.94541,0.945967,66.2667,-3.38085,-2.86728,87.074,-1.05882,-1.43893,-2.46994,-0.0128315
214.674,-2.7351,-1.38495,123.606,1.24413,-0.767741,143.65,-1.48382,1.80559,0.617208,0.0128315
197.984,-0.0873532,2.57292,74.0059,3.8688,0.472703,153.946,0.487826,-1.09199,-2.10022,-0.0128315
86.5202,-0.462806,-1.19303,59.6731,3.43016,0.427401,81.6135,-0.0487314,2.48964,1.62043,0.0128315
248.982,-0.27866,0.598037,44.2619,3.34188,1.38174,259.916,2.0494,-2.49114,0.783699,0.0128315
151.772,-2.9009,-1.64219,105.102,2.672,0.258529,133.408,0.179999,1.98821,1.90072,0.0128315
106.863,0.086658,1.89028,74.3253,-3.41393,2.53406,57.6068,-0.657601,-1.1905,-0.643776,-0.0128315
185.504,-0.500935,3.02479,61.6911,3.35846,-1.55262,169.717,1.98705,0.518333,1.70577,0.0128315
290.709,-1.62441,-2.95755,185.701,3.16891,1.76322,183.944,0.00895446,-0.297565,-1.56241,-0.0128315
127.469,1.13397,0.779,90.2242,-3.23921,-1.15754,63.0729,-0.819291,2.90832,1.93654,0.0128315
195.201,3.10717,-2.20008,90.4834,-1.89229,-3.03213,308.058,0.595517,0.742305,0.832053,0.0128315
140.414,2.72401,-0.172301,43.4491,-2.50798,1.72479,91.2469,-0.587992,-3.07493,-1.89709,-0.0128315
325.996,-2.33708,2.95981,62.0821,2.50306,0.959656,240.41,-0.00965073,-0.324335,-2.00015,-0.0128315
164.127,-1.88275,1.82904,31.1912,3.28035,2.34201,95.4377,1.27398,-1.58811,0.512974,0.0128315
118.532,1.68194,1.62261,80.0295,-3.29085,-2.89922,113.507,-0.359072,-0.862079,-1.76135,-0.0128315
108.598,3.22158,0.496895,35.5672,-0.628878,1.97488,76.4524,-0.323901,-2.1083,-1.47799,-0.0128315
128.034,2.40839,0.273855,40.846,-3.44091,-1.42788,66.2291,0.943714,-3.02669,1.70174,0.0128315
99.5179,-2.58943,-0.227038,34.2882,3.33476,0.102206,79.0334,0.817515,3.08653,0.329245,0.0128315
111.179,1.45634,1.78882,59.1515,-3.7714,2.52085,129.578,-1.03996,-1.30508,-0.732034,-0.0128315
115.428,-1.9194,2.8253,93.5022,3.86288,-1.39253,68.1738,-1.42142,0.546716,2.06535,0.0128315
142.391,1.46435,-0.625062,128.538,-3.31931,0.601181,280.856,-0.659789,-3.04774,-1.22624,-0.0128315
80.9451,1.18372,-2.45349,77.3762,-3.41865,2.26442,63.271,-0.519072,-1.10507,1.56527,0.0128315
83.022,1.8735,0.371907,49.1756,-3.20962,-1.33617,65.8625,0.218325,-2.83408,1.70808,0.0128315
110.779,-2.3328,3.06558,52.556,2.82803,0.497357,48.2154,-1.04395,0.122705,-2.56822,-0.0128315
325.159,2.56894,-0.404571,321.858,-2.42499,-3.05176,109.931,-0.0597473,1.23882,2.64719,0.0128315
114.919,-2.52563,-0.292479,59.5649,2.85406,-2.91735,46.6239,0.264315,1.90325,-2.62487,-0.0128315
261.41,0.770106,0.923908,113.561,-2.53237,1.7387,128.391,-1.04914,-2.08799,-0.814793,-0.0128315
92.0841,-0.255422,1.97418,60.2472,4.12987,-2.14482,65.7323,1.00282,0.0957348,2.16419,0.0128315
93.3408,-2.95501,1.99873,93.2766,0.339339,0.908196,141.549,-1.95087,-1.48833,-1.09054,-0.0128315
130.911,-2.08801,-1.14783,72.2216,2.93688,2.60234,27.016,1.33325,0.684092,-2.53302,-0.0128315
109.995,-1.49559,-0.273215,76.3754,1.89158,1.77599,75.7082,-0.738713,3.11312,2.04921,0.0128315
214.386,-0.57667,2.56528,96.3203,2.72474,-3.07694,311.412,0.649491,-0.354333,0.640965,0.0128315
246.683,1.06432,-2.11343,87.277,-2.6423,-0.837006,185.184,-0.363241,1.37798,-1.27642,-0.0128315
114.298,0.933487,0.65898,62.0949,-3.11911,2.58113,90.3877,-0.329534,-1.90535,-1.92215,-0.0128315
237.592,2.74198,3.11829,155.064,-0.862506,-2.01226,192.351,0.400068,0.28217,-1.15263,-0.0128315
53.4482,3.76288,-0.785861,52.4619,-0.905924,-0.0463629,57.8655,0.965941,2.98855,-0.739498,-0.0128315
248.173,-2.15044,-2.82632,35.4828,3.17227,0.94004,73.6011,1.4636,0.28796,-2.51682,-0.0128315
121.661,3.05646,-1.85406,55.3725,-3.10834,-2.86933,99.606,0.838414,1.14863,1.01527,0.0128315
300.806,-1.56525,-0.121811,130.616,2.75241,1.65545,150.497,0.511042,3.04369,1.77726,0.0128315
76.687,1.60145,2.10352,55.3196,-3.90614,3.13516,86.3033,-0.609474,-1.04592,-1.03164,-0.0128315
164.293,-1.18693,0.826784,114.487,2.53087,1.62163,226.766,0.695199,-2.05161,0.794848,0.0128315
95.8054,2.85041,0.546341,70.1283,-2.18934,1.25113,101.756,0.957252,-2.34067,-0.704789,-0.0128315
217.876,1.28969,0.58819,86.4618,-2.38746,3.07493,111.093,-1.16598,-2.27542,-2.48674,-0.0128315
148.358,-3.38854,-2.53838,67.2978,2.57429,-0.737723,64.0084,-2.31084,1.02998,1.80066,0.0128315
185.684,-1.3157,-2.89356,55.7407,2.72147,1.42682,114.979,0.851068,0.364043,-1.9628,-0.0128315
100.534,-2.18113,2.43831,47.413,4.444,-1.63731,102.084,-1.64005,-0.373198,2.20757,0.0128315
125.716,2.44883,-0.94184,30.8823,-2.42572,-0.637398,135.213,0.0878627,2.55211,-0.304442,-0.0128315
179.602,-0.394313,-1.96703,80.198,3.37446,0.406281,59.1375,0.710983,2.17781,2.37331,0.0128315
90.5538,3.23226,-2.50678,48.659,-0.550164,-2.14058,114.456,2.2311,0.865475,-0.366194,-0.0128315
161.277,2.05642,-0.0817388,122.439,-2.88886,-2.21054,76.2534,1.8156,2.26781,2.12881,0.0128315
97.152,1.05336,2.66229,51.1729,-2.74469,-2.69933,135.215,0.152509,-0.0713091,-0.921572,-0.0128315
178.012,1.05947,-2.4871,90.6738,-2.61737,-3.05311,212.213,-0.683752,0.697155,0.566009,0.0128315
109.045,2.93945,-0.0826417,100.672,-2.71409,2.34617,39.3893,2.0527,-1.61461,-2.42881,-0.0128315
84.4555,-1.42431,1.86796,69.5902,4.65775,0.432589,110.479,-0.207283,-1.52189,-1.43537,-0.0128315
203.113,3.13403,1.97584,169.317,-0.939581,0.063602,164.797,-0.657341,-2.04523,1.91224,0.0128315
57.6729,-3.45069,-1.77254,56.6162,1.63589,2.47898,23.1439,-1.99409,-0.366737,-2.03166,0.0128315
134.475,-2.06843,-2.49253,103.818,2.38961,2.48941,97.6737,-0.0979361,0.0395383,-1.30124,-0.0128315
293.93,0.592699,-1.27721,114.844,-2.55817,2.84705,128.427,-1.69876,1.40661,2.15892,0.0128315
234.756,1.42973,-1.87975,211.324,-1.57486,-0.611065,309.129,-0.219418,1.81413,-1.26868,-0.0128315
125.095,-2.73524,-0.401699,62.4332,1.61218,-1.5239,124.675,-1.00663,2.53347,-1.1222,-0.0128315
339.752,-1.6397,-1.17517,71.9937,3.81776,0.283216,173.826,0.535729,2.02138,1.45839,0.0128315
72.8871,2.51456,0.90343,69.2071,-1.83757,2.34751,53.2821,0.9985,-1.70128,-1.44409,-0.0128315
177.777,-2.25233,-1.92964,167.691,1.34916,2.46899,81.5522,0.0242475,-0.141618,-1.88455,-0.0128315
255.749,-1.75555,2.69049,54.8285,3.01965,1.32101,277.299,0.366822,-0.495489,-1.36948,-0.0128315
74.7583,-1.48831,1.36608,35.8886,3.087,1.97929,58.387,1.20548,-1.59496,0.613212,0.0128315
146.106,0.459416,1.37734,35.6335,-3.29065,1.89529,142.506,-1.89088,-1.77762,-0.51795,-0.0128315
124.196,-2.6793,-0.633443,59.3389,0.697425,0.5924,82.8671,-1.28569,2.66612,1.22584,0.0128315
132.878,0.915946,3.10445,130.544,-3.18108,-1.73253,109.134,-0.225615,0.739698,-1.4462,-0.0128315
269.316,-2.2689,-2.09624,159.115,1.63366,1.80535,337.997,-0.53088,0.184295,-2.38159,-0.0128315
89.026,0.436328,2.82734,49.6274,-3.53549,2.3957,85.8477,-1.29968,-0.340671,0.431648,0.0128315
164.943,1.39097,-1.04178,72.3771,-3.48484,-0.911494,92.2597,-0.782234,1.66199,-0.130281,0.0128315
130.128,-2.37432,-0.987687,73.3184,1.36649,-1.60392,92.1384,-0.141914,2.00525,-0.616231,-0.0128315
169.393,1.97681,0.848811,88.0263,-2.45229,-0.761867,41.2294,-0.459335,-2.32842,1.61068,0.0128315
363.704,0.810177,1.13145,75.3261,-2.66909,-1.19452,86.9477,-0.446149,-2.07721,2.32598,0.0128315
74.3725,-3.73621,-1.26606,64.5325,1.27053,1.16899,36.0079,-1.73255,-2.6488,2.43505,0.0128315
119.986,3.39015,0.276958,102.487,-1.59817,2.14656,84.1984,0.51225,-2.65646,-1.8696,-0.0128315
163.934,1.49084,-2.54383,63.775,-2.11568,-0.490392,80.0133,-1.02189,1.19386,-2.05344,-0.0128315
131.574,-2.26735,-1.82124,46.183,1.74954,0.589504,70.1024,-1.01735,1.48287,2.41074,0.0128315
247.844,-2.82839,-2.18604,83.8053,2.44597,-2.78936,267.412,-0.0891593,0.811659,-0.603323,-0.0128315
92.5926,-1.40985,-2.39113,55.3067,3.93937,1.76158,35.3252,1.99249,-0.54274,-2.13048,-0.0128315
147.827,-3.03655,-1.38327,106.418,2.84233,1.61036,84.4735,-2.01194,2.6201,2.99363,0.0128315
99.2949,-2.88914,-2.8701,32.8566,1.31155,0.868945,44.1103,-1.39594,0.16517,-2.54414,-0.0128315
83.4324,2.07172,-3.09838,56.534,-1.19826,1.33168,53.9286,-1.46764,-0.899436,1.85313,0.0128315
252.517,2.76331,-1.58503,184.446,-2.56816,0.260456,112.56,-0.653302,-3.13578,-1.84549,-0.0128315
232.767,2.61081,-0.256639,118.214,-3.50031,-2.52108,142.865,1.1273,2.7955,2.26444,0.0128315
290.618,2.40666,-2.86671,100.66,-1.71441,-2.80953,280.807,-1.0125,0.241252,-0.0571854,-0.0128315
172.789,-1.75066,2.68128,158.359,3.47708,-1.56526,109.964,0.614274,0.685272,2.03664,0.0128315
135.303,1.23093,-2.15938,58.3116,-3.54335,-0.868784,69.7285,-1.07595,1.48311,-1.2906,-0.0128315
167.293,-1.5522,-1.89776,48.371,1.66806,-3.01658,156.641,-0.775557,1.4121,-1.11882,0.0128315
79.5468,2.58275,2.40811,46.5294,-2.06697,1.7645,95.4566,0.508511,-1.26361,0.643611,0.0128315
171.272,-2.24843,0.412208,57.0384,2.44647,-2.01563,83.9757,-0.102303,-2.54171,-2.42783,-0.0128315
167.797,-0.330957,1.78887,46.9707,3.39199,2.98045,146.003,1.47369,-1.45696,1.19158,0.0128315
366.396,-0.66411,2.67217,58.2685,3.17075,1.55158,264.114,1.26064,-0.5493,-1.12059,-0.0128315
98.8842,-2.12205,2.97589,53.381,2.45361,1.79638,115.945,-1.37206,-0.516437,-1.17951,-0.0128315
285.271,-2.56107,1.27947,41.8516,4.04859,1.15298,227.366,-1.21153,-1.96743,-0.126494,0.0128315
170.657,-2.22377,-2.09566,139.331,1.88221,2.61997,114.684,-1.92824,0.50339,-1.56756,-0.0128315
100.017,1.93146,-2.66758,51.0895,-3.58115,1.7128,56.875,-1.41409,-0.546589,1.90281,0.0128315
101.185,2.85831,1.97148,99.6992,-2.07971,2.54072,89.5968,0.0520299,-0.74981,-0.569236,-0.0128315
129.388,2.47658,-1.30528,90.8258,-0.89532,-3.04956,151.344,1.25186,0.968223,1.74428,0.0128315
144.596,2.52677,-1.16597,52.7021,-2.89111,3.01488,57.1983,-0.87519,2.11709,2.10233,0.0128315
333.723,1.44817,2.765,231.038,-1.98146,0.633472,115.662,0.0992165,-1.44652,2.13153,0.0128315
77.2723,-2.72907,-1.18077,66.0386,2.35152,0.0300765,63.5838,-0.486114,2.33395,1.21085,0.0128315
230.369,-0.58596,-0.751066,101.359,4.10015,0.964989,110.263,1.48427,2.54995,1.71605,0.0128315
188.235,-2.7516,-1.85469,31.1583,1.84459,-2.12031,191.635,-0.514303,1.30358,-0.265625,-0.0128315
100.869,2.62228,-3.10784,76.6238,-1.85891,-1.45984,102.162,0.354777,1.14091,-1.648,-0.0128315
181.593,2.66589,-2.05032,141.915,-1.21604,-0.573206,170.25,1.39549,2.33213,-1.47711,-0.0128315
118.014,-2.63643,0.59776,52.0206,0.986878,-1.27533,86.2573,-0.0701657,-2.80569,-1.87309,-0.0128315
115.018,-0.43302,2.23807,82.4026,3.42717,0.561787,54.7612,1.88901,-1.33839,-1.67628,-0.0128315
76.3353,1.86226,-1.45872,76.2902,-1.88965,0.437748,51.994,0.270815,2.07107,-1.89646,-0.0128315
188.256,2.85035,3.10067,91.8987,-3.22729,0.629887,97.9199,-0.689881,-0.628989,2.47078,0.0128315
158.186,-1.45712,2.29434,124.146,1.95465,-1.67514,71.2097,1.12917,0.154915,2.3137,0.0128315
101.818,2.85884,-1.87043,71.5301,-1.34599,-0.605269,88.3751,0.866196,2.10919,-1.26516,-0.0128315
162.752,3.10657,3.03339,111.263,-2.38928,2.62941,199.645,0.385737,-0.340892,0.403985,0.0128315
215.217,1.61786,-1.69354,117.466,-3.55234,1.26299,167.909,0.57779,1.62827,-2.95653,-0.0128315
475.158,-1.50337,-1.7942,68.8586,2.52536,0.314862,231.906,0.206359,1.48193,2.10906,0.0128315
246.985,2.79086,1.54926,64.4524,-1.31178,2.58635,222.064,0.955523,-1.31455,-1.03709,-0.0128315
165.372,-1.255,-0.420155,141.041,2.64359,0.137406,124.048,2.07844,3.03831,0.557561,-0.0128315
102.701,-1.84921,-3.04261,70.5187,3.75297,2.42984,153.643,1.74124,-0.263008,-0.810736,-0.0128315
146.935,-1.98614,-2.4613,102.765,2.69852,-1.20642,176.529,-0.512595,1.22323,1.25488,0.0128315
593.706,1.22951,-2.59349,112.826,-2.45169,0.0733469,171.738,0.199256,0.635761,-2.66684,-0.0128315
220.106,-0.298193,-0.417865,38.3332,3.2904,2.19157,146.132,0.936745,2.88201,2.60943,0.0128315
113.944,1.25791,1.69425,75.4924,-2.7609,-2.34201,71.7982,-0.183326,-0.770671,-2.24693,-0.0128315
198.377,-1.5761,-2.96159,127.588,2.59166,0.768364,113.998,0.490232,-0.599519,-2.55323,-0.0128315
125.024,-2.73073,-2.13482,85.2236,2.66517,0.18098,60.566,-0.609178,1.71618,2.3158,0.0128315
88.4842,-3.04845,-3.11574,73.9861,0.502489,1.36497,41.6796,-1.2454,-1.32788,-1.80248,-0.0128315
109.868,-2.69464,-1.89447,59.8204,0.741092,0.31037,51.3447,-1.73412,2.0676,2.20484,0.0128315
136.853,-1.67677,-3.11927,124.553,1.72443,-1.10611,64.7217,-1.26542,0.747665,2.01316,0.0128315
401.518,-1.76437,1.41903,71.1028,2.71079,1.86434,272.535,0.413854,-1.83786,0.445305,0.0128315
272.131,1.94146,1.29578,125.212,-2.4013,0.586402,149.435,-1.31221,-2.24982,0.70938,0.0128315
113.557,-0.994378,1.0957,80.4488,3.77369,3.03607,102.012,0.063002,-1.2579,1.94037,0.0128315
116.679,3.02489,-1.11733,52.8733,-3.96429,-2.29256,43.6732,1.22255,2.04494,1.17522,0.0128315
123.289,2.43387,2.47972,32.8564,-3.83648,-0.913218,84.4841,-1.26694,-0.818008,-2.89025,0.0128315
262.378,2.54475,1.12182,45.2047,-3.15286,1.95155,246.274,-1.15648,-1.91067,-0.829733,-0.0128315
83.2004,-2.87651,-2.23004,49.1335,2.4108,-2.02895,83.4268,0.597875,0.998029,0.201089,0.0128315
301.55,3.19044,-0.925754,79.141,-3.13093,1.62073,108.387,-0.863394,2.41797,-2.54648,-0.0128315
99.222,2.85356,2.99822,47.3984,-2.76824,1.71574,95.1812,-1.92048,-0.851284,1.28248,0.0128315
59.9852,-1.15142,-1.24392,57.8656,3.23765,-2.94875,68.9561,-0.042121,1.03703,-1.70483,-0.0128315
189.688,0.547709,0.148933,178.338,-3.30863,-2.00617,80.0228,-0.978256,2.33362,2.1551,0.0128315
113.936,1.97771,0.694782,112.167,-1.67155,1.46117,77.3184,0.0633341,-2.07389,-0.766389,-0.0128315
166.8,2.25343,1.30447,108.676,-1.75979,2.56649,259.917,1.71642,-1.14038,-1.26202,-0.0128315
71.1042,2.15275,1.4381,39.9027,-3.32608,-2.66005,86.6268,-0.761665,-0.632368,-2.18503,-0.0128315
125.478,-0.731378,-1.10282,63.8413,2.70265,-1.2689,105.129,-0.349171,2.18839,-0.166079,0.0128315
99.2798,1.95049,0.59098,67.8366,-2.89043,-1.30847,183.972,0.853148,3.06179,1.89945,0.0128315
150.757,2.64872,-1.35391,38.4518,-1.26229,-2.96728,136.421,-0.327844,1.56412,1.61337,0.0128315
293.924,-2.90271,0.171137,123.552,1.61469,2.53941,111.134,-0.493507,-2.71428,2.36828,0.0128315
94.0803,1.02676,-0.796339,53.888,-3.36752,-0.216056,30.3454,-0.548907,-3.01484,-0.580282,-0.0128315
230.315,2.95551,2.50702,197.105,-2.56597,0.451073,161.255,-0.480823,-1.51119,2.05595,0.0128315
217.657,2.27607,2.21311,164.663,-1.77401,1.18931,358.988,-0.130146,-1.26418,1.0238,0.0128315
235.02,2.36253,-0.486456,115.312,-2.91711,-2.82388,121.534,-2.03208,2.4703,2.33742,0.0128315
96.5408,2.27813,-0.956045,38.7952,-4.37139,0.649174,86.9785,-0.868707,2.87397,-1.60522,-0.0128315
94.4667,2.86207,0.584798,62.2826,-1.77368,2.54676,62.9866,0.261053,-2.4778,-1.96196,-0.0128315
83.1673,0.541497,-2.45022,56.9722,-4.12861,-0.500092,110.161,-1.6231,1.50275,-1.95013,0.0128315
101.54,-1.6798,-2.03774,91.0554,4.16526,-1.47202,81.9508,-1.23569,1.13348,0.565725,0.0128315
106.017,0.088342,2.47139,37.5968,-3.82998,2.13745,75.335,-0.21871,-0.54059,0.333937,-0.0128315
183.175,2.73263,1.20281,83.4017,-0.314945,0.993389,184.072,1.04172,-1.99294,0.209417,-0.0128315
240.576,1.42576,1.94023,78.4541,-2.26512,1.25986,152.625,0.376887,-1.42292,0.680362,0.0128315
123.905,-2.11839,-2.68164,57.4346,3.05522,2.32366,100.476,0.726082,-0.035609,-1.27789,-0.0128315
102.986,2.84129,-2.88353,62.5208,-3.04822,-1.70612,64.9826,0.33452,0.510875,-1.17741,-0.0128315
131.604,-1.9964,2.41183,96.0847,2.67912,0.292991,107.241,-0.847684,-1.19905,-2.11884,-0.0128315
114.995,1.32108,1.64779,108.236,-3.25479,2.87981,143.076,-1.48461,-0.560852,-1.23202,-0.0128315
225.623,1.58437,1.80257,30.9616,-2.94362,1.36131,171.716,0.537823,-1.42012,0.441254,0.0128315
85.9933,-1.34145,-1.82437,78.1101,3.59621,-0.100501,101.635,1.13963,2.01188,1.72387,0.0128315
137.349,-1.96884,1.07345,133.276,2.44167,1.96877,173.471,-0.828484,-1.61686,0.895322,0.0128315
261.716,1.55346,-0.755755,89.844,-2.83565,-1.2522,157.261,-0.0374449,2.12409,0.496447,0.0128315
153.283,-1.01962,0.187306,97.0591,2.99685,1.9808,86.5664,-0.607202,-2.55704,1.79349,0.0128315
257.507,-2.52852,-2.3263,224.195,0.800829,1.04218,111.328,-1.73943,0.758867,-2.91471,-0.0128315
114.795,-3.22078,-2.18474,53.0983,3.61761,-1.00926,124.643,-0.0421532,1.37771,1.17549,0.0128315
249.476,2.86804,-0.216287,93.5942,-1.48303,-0.132984,304.648,0.192444,2.93745,-0.0833027,-0.0128315
290.807,-2.2069,1.05871,139.712,1.85899,-1.22548,159.53,-1.01849,-2.28027,-2.28418,-0.0128315
170.513,3.02355,-0.695193,156.683,-1.24867,-2.26128,197.783,-0.426865,1.54179,1.56609,0.0128315
71.8253,-3.76056,-2.03124,62.0953,1.7125,-0.0576502,56.7319,-2.15346,2.42954,1.97359,0.0128315
94.1636,1.86623,1.63179,49.5302,-1.93947,0.786563,106.101,1.27044,-2.1074,0.845227,0.0128315
120.696,-2.72224,-2.67214,64.5473,4.13008,-0.23841,43.096,-1.13675,0.283494,2.43373,0.0128315
163.956,0.776966,-1.14395,52.0787,-3.43672,-2.38431,149.461,-1.33269,1.70615,1.24037,0.0128315
85.3834,-2.85858,2.83642,57.8963,2.21843,2.23041,36.0443,1.73669,-0.257715,-0.606011,-0.0128315
103.063,2.27807,2.35354,44.1984,-1.56371,-2.13461,113.826,0.368971,-0.652447,-1.79503,-0.0128315
70.3282,1.91992,0.25237,54.6902,-3.05337,-1.30737,40.446,-0.270606,-2.75654,1.55974,0.0128315
124.651,1.9315,1.07622,63.086,-1.94937,-2.44589,58.0834,-0.453516,-1.85947,-2.76107,-0.0128315
94.6956,2.56897,-2.82371,82.9248,-2.66379,2.88738,143.603,0.113228,-0.00800027,0.572092,0.0128315
93.3415,3.05403,-2.19795,42.6736,-0.985251,-2.64589,116.884,1.13029,0.571017,0.447939,0.0128315
153.194,-1.53144,-2.79063,44.3532,2.10231,2.93077,161.532,0.118848,0.193597,-0.561787,-0.0128315
203.6,2.298,1.54901,129.891,-1.23367,-2.98549,179.447,-0.521848,-1.29349,-1.74868,-0.0128315
153.953,3.16599,2.98052,125.594,-1.5363,3.02408,214.751,-0.547253,-0.31068,-0.0435603,0.0128315
149.118,-1.38639,2.19753,119.986,1.61895,0.980838,121.24,0.41511,-1.28955,-1.2167,-0.0128315
138.449,-2.52851,-2.73229,89.6672,1.8729,-1.44327,161.017,-0.243008,1.03432,1.28902,0.0128315
183.891,2.13721,-1.21192,61.3199,-3.63007,-2.86514,92.776,-1.9468,2.01693,1.65322,0.0128315
160.112,2.73919,2.32124,81.033,-3.7979,2.86168,187.954,-0.223217,-0.603696,-0.540441,-0.0128315
193.492,-2.10018,-1.99872,135.977,1.29501,1.19367,48.8457,-0.863772,-0.432235,-3.09079,-0.0128315
141.331,2.6846,-2.32122,31.6507,-3.47088,2.38322,102.068,-1.12966,0.736599,1.57875,0.0128315
40.8481,3.53676,-0.588004,38.2417,-1.49573,0.527668,51.7889,1.04356,-2.05388,-1.11567,-0.0128315
261.035,-1.10439,0.190993,42.7023,2.86492,-3.03115,105.02,-0.587536,-2.8781,3.06104,0.0128315
120.63,2.21982,-0.653781,52.1177,-2.82072,-0.177941,150.181,0.309218,2.79776,-0.47584,-0.0128315
315.724,-1.84585,-1.18609,85.7851,2.79088,0.131112,314.23,1.54339,2.20091,1.3172,0.0128315
111.904,1.76914,-0.471429,87.0605,-3.07844,-0.525529,169.996,0.442649,-3.1347,0.0541002,0.0128315
264.308,2.88803,-2.56862,97.1206,-1.46753,-0.440867,184.155,1.68093,0.893399,-2.12776,-0.0128315
156.344,-2.59273,0.820233,113.338,2.74359,2.33594,104.575,-0.517892,-1.32637,1.51571,0.0128315
97.6505,-2.56409,1.84661,31.9362,4.54127,-3.04598,50.4236,-1.65766,-1.28704,1.39059,0.0128315
275.706,2.78396,0.426484,198.871,-1.85928,0.726624,176.943,0.880258,-2.71701,-0.30014,0.0128315
374.154,-2.20545,-0.757762,103.708,1.58873,1.14171,173.258,0.44789,2.11426,1.89947,0.0128315
147.424,3.11972,1.9504,76.6732,-1.32918,0.596787,78.8188,-0.144161,-1.63474,1.35362,0.0128315
247.398,3.03674,-2.35251,93.2566,-1.97043,-0.975952,234.644,0.778092,1.11779,-1.37655,-0.0128315
144.504,1.6151,0.440918,60.7301,-3.99216,0.685544,168.485,0.880615,-2.58868,-0.244626,-0.0128315
113.716,1.68733,1.59304,74.5534,-2.30601,2.72282,110.831,-0.866578,-1.11837,-1.12978,-0.0128315
122.283,2.96079,-2.24881,104.537,-1.88027,2.79455,184.441,-0.53989,0.312696,1.23983,0.0128315
111.902,2.60201,1.61303,103.497,-3.61041,0.0835427,74.6947,-0.491335,-2.1646,1.52949,0.0128315
83.9066,-2.26724,0.921914,43.741,2.09309,1.68851,65.0313,0.569375,-2.18095,0.766594,0.0128315
117.815,-2.0646,-0.456373,105.08,1.54146,1.47245,50.7244,0.622498,2.82514,1.92882,0.0128315
142.4,2.63192,0.911083,37.945,-2.13268,3.0273,70.1861,1.07562,-1.86047,-2.11622,-0.0128315
212.62,2.53743,-1.6655,118.067,-1.43534,-2.6539,229.143,1.09384,1.15517,0.988396,0.0128315
179.199,1.76211,2.34981,74.8742,-3.3319,-2.4165,52.2144,-0.708076,-0.583126,-1.51687,-0.0128315
115.591,2.62189,-1.88272,95.4912,-1.62797,-2.93723,87.0537,0.529831,0.812301,1.05451,0.0128315
308.346,2.00531,-0.576384,164.249,-2.88979,-2.61224,188.523,1.41025,1.94427,2.03586,0.0128315
105.861,-2.56467,2.98186,96.0367,3.35342,1.14339,174.594,-0.860642,-0.742068,-1.83847,-0.0128315
150.062,1.29538,1.59702,129.09,-2.52988,0.588703,118.327,0.0278795,-1.72976,1.00832,0.0128315
116.711,-2.53677,0.266576,84.6489,1.38653,-1.13279,79.2943,0.682535,2.60133,-1.39937,-0.0128315
173.439,-1.4942,1.22434,38.5636,3.96402,-1.67556,92.9715,1.99772,-1.69329,-2.8999,-0.0128315
103.467,2.08903,0.943273,58.4717,-1.45665,2.25501,55.3229,-0.805694,-1.60523,-1.31174,-0.0128315
245.487,-1.27772,-1.35617,90.0503,2.73139,1.17439,158.893,1.41272,2.70084,2.53057,0.0128315
90.3204,-2.48158,-1.21834,89.9546,2.30585,0.402503,114.291,0.796557,2.61803,1.62084,0.0128315
110.755,-1.93848,0.237719,72.6116,2.98834,-1.46214,78.3317,-1.70389,2.42167,-1.69986,-0.0128315
106.716,2.26383,0.816031,91.1871,-3.71115,3.0723,64.075,1.16232,-1.00202,-2.25627,-0.0128315
144.786,-1.90497,-0.158468,30.7565,2.6711,-0.593303,108.645,-0.542609,2.726,-0.434836,-0.0128315
119.237,-3.10508,-1.495,41.4959,2.15234,3.04778,81.5792,-2.46009,1.36194,-1.74041,-0.0128315
188.173,2.17435,1.08304,122.321,-3.17042,-0.885536,158.609,0.404032,-3.08768,1.96857,0.0128315
83.7015,-2.22771,2.54787,80.6344,2.17222,2.74398,160.76,-0.841454,0.136523,0.196112,0.0128315
71.097,2.54389,2.90966,64.3598,-2.47451,-1.47436,45.7704,0.811718,0.481832,-1.89917,-0.0128315
157.867,-2.35425,1.62466,75.7079,2.75399,0.310246,138.826,-1.54345,-1.84919,-1.31441,-0.0128315
239.373,2.00183,-2.31466,145.669,-1.93498,-0.607129,220.372,1.83279,1.33921,-1.70753,-0.0128315
186.377,-1.66496,1.36971,119.215,2.70706,-2.44952,68.7117,0.0283558,-1.15694,2.46396,-0.0128315
112.68,-0.662421,2.94161,58.2953,2.45978,-1.21332,69.1484,0.342218,0.296656,2.12825,0.0128315
202.963,1.7341,-0.27631,134.425,-2.64155,0.896193,209.849,0.161565,-3.00603,-1.1725,-0.0128315
89.9294,-3.73916,-0.0443384,64.5011,3.54115,-1.20301,128.813,-1.3973,2.74502,-1.15867,-0.0128315
288.264,2.0045,-1.25531,167.294,-3.44938,0.428449,152.88,-0.1489,2.45045,-1.68376,-0.0128315
176.73,-1.38484,1.73503,42.9913,2.63092,-0.525978,51.756,-1.32778,-1.86693,-2.261,-0.0128315
180.886,-2.3316,2.89095,40.6487,3.13034,-3.06019,141.36,-0.257048,-0.388919,0.33204,0.0128315
96.9767,-3.07861,-2.02659,83.3921,1.05136,-2.77118,164.504,-0.573881,1.02353,-0.744592,-0.0128315
232.365,1.54621,-1.3848,163.071,-2.43249,2.49775,75.0139,0.625296,1.2946,2.40064,0.0128315
151.475,1.03432,1.57032,54.5752,-3.63001,-0.860219,85.0128,-0.514336,-1.86698,2.43054,0.0128315
115.74,1.04349,1.15315,45.252,-3.80852,1.58268,69.6985,-1.02315,-1.94493,-0.429522,-0.0128315
222.259,2.71347,1.08466,170.921,-2.00625,-2.74149,134.374,0.346286,-1.11727,-2.45704,-0.0128315
362.909,-0.692436,3.08345,45.2452,3.17076,-1.54527,261.658,0.7432,0.220322,1.65446,0.0128315
125.983,-2.44051,0.626958,52.5019,0.91316,2.72745,47.1027,-1.05613,-1.84601,2.10049,0.0128315
117.604,3.0881,-0.26445,48.305,-2.94952,1.6084,100.71,0.176564,-2.91782,-1.87285,-0.0128315
73.2537,2.35568,-1.85753,42.2756,-2.33453,2.08094,27.6707,-0.371724,1.4916,2.34471,0.0128315
170.223,2.62985,2.72077,42.5184,-1.1821,0.648457,91.3523,0.75364,-0.910516,2.07232,0.0128315
149.308,2.74002,-2.95812,60.5167,-1.69272,-0.88375,102.303,1.44262,0.39546,-2.07437,-0.0128315
277.48,-1.4613,-1.49661,151.815,2.59215,-2.21712,323.911,1.07154,1.5869,-0.720516,-0.0128315
133.928,1.77379,1.12809,84.9515,-2.7051,-0.73055,48.1486,1.5125,3.11339,1.85864,0.0128315
172.955,1.26538,-2.5281,32.1387,-2.54979,-1.56929,166.575,0.0105637,0.845217,-0.958802,-0.0128315
161.13,2.24986,2.23797,128.266,-1.57969,0.520464,117.254,1.08726,-1.25343,1.71751,0.0128315
125.69,-2.48789,-1.44125,64.909,3.71458,2.54091,107.172,1.09464,0.796609,-2.30103,-0.0128315
140.792,-2.84999,-0.483766,62.3342,1.80872,0.0411437,65.4194,1.54181,2.89,0.52491,0.0128315
309.546,-2.05486,-1.0998,55.5658,2.15705,-2.3998,218.318,-0.951259,1.9249,-1.3,-0.0128315
191.215,3.4291,0.840644,150.423,-2.03433,0.357356,144.706,2.15497,-2.41793,0.483289,0.0128315
183.257,-1.73214,0.390481,142.753,1.75288,1.15179,201.802,0.55013,-2.44062,0.761309,0.0128315
231.219,1.80044,2.4726,93.4816,-3.15906,0.455956,59.9973,0.743966,-0.919054,2.01664,0.0128315
187.787,1.13024,2.3951,131.156,-3.41715,-1.54821,81.7773,-0.807465,0.00578212,-2.33987,-0.0128315
130.307,-0.91759,1.8216,52.4958,2.31885,2.54266,116.703,0.666721,-1.26455,0.721055,0.0128315
176,1.97266,-1.49085,137.409,-2.06098,-2.44549,147.877,-0.150368,1.49842,0.954641,0.0128315
127.745,1.62593,-2.49924,105.882,-1.39138,1.9714,117.525,-0.48591,-0.935082,1.81254,0.0128315
45.388,-2.85928,-1.92894,37.302,2.13086,-0.470363,50.5409,1.82187,1.26268,1.45858,0.0128315
380.387,-1.42252,-1.9986,114.71,1.91527,-0.112039,79.3013,0.787878,1.11008,1.88656,0.0128315
136.8,-1.74508,-0.239264,116.154,2.72872,-1.12205,177.47,-0.294413,2.43962,-0.882788,-0.0128315
155.852,1.5349,-0.22321,43.1837,-2.09732,-1.52408,102.137,-0.131219,2.23968,1.30087,-0.0128315
118.419,-1.99122,-1.23164,83.9516,2.52918,-0.968132,118.828,1.4803,2.42443,0.263507,0.0128315
44.9422,-3.42135,-2.80797,32.2783,3.46653,2.34469,41.5945,0.714561,-0.737035,-1.13052,-0.0128315
65.4007,4.33855,-2.24672,64.5606,-3.24648,2.44556,88.8359,-2.11269,0.620559,1.5909,0.0128315
120.494,-2.9883,2.33365,75.6155,2.81466,-3.06547,70.3321,-1.16864,-0.477566,0.884066,0.0128315
148.174,-2.22124,-1.25555,123.206,2.59713,0.0170882,89.2955,0.845885,2.48325,1.27264,0.0128315
106.393,1.60316,-3.02224,35.0145,-4.11558,-1.26653,37.4571,-2.5306,-0.0364048,-1.75571,0.0128315
237.88,-1.3171,0.294871,44.1433,2.39627,2.32131,208.731,-0.961404,-2.67333,2.02643,0.0128315
112.795,3.09783,-2.25346,56.5504,-0.192554,-1.20477,99.2769,0.198312,1.16898,-1.04869,-0.0128315
188.81,-0.384517,-2.2511,141.846,2.63919,1.89371,98.3822,0.674381,-0.0712309,-2.13838,-0.0128315
473.989,2.84863,-0.368183,112.305,-3.48043,-1.99278,158.138,-0.0419562,2.64504,1.62459,0.0128315
136.126,2.737,1.26969,85.6487,-3.2612,-3.08001,77.0354,-0.0628865,-0.938648,-1.93348,-0.0128315
300.943,-1.01775,-1.2535,74.8578,2.50209,0.473405,135.526,1.11263,2.23846,1.72691,0.0128315
300.784,-1.86007,-0.770668,144.865,2.2816,0.69958,117.966,-1.74132,2.7396,1.47025,0.0128315
77.9284,-0.448409,-0.167001,63.5828,4.11521,2.19534,24.7268,2.59665,-2.43508,2.36234,0.0128315
214.98,-2.45768,-0.0569435,183.857,1.01321,-2.50639,126.661,-0.311827,1.46884,-2.44945,-0.0128315
139.29,3.07262,1.61998,87.8595,-1.27111,2.48737,119.913,-0.837224,-1.30252,-0.867392,-0.0128315
230.62,2.55316,2.14982,197.64,-1.52891,3.04851,277.817,-0.392463,-0.431853,-0.898691,-0.0128315
90.5493,2.33106,1.97338,54.1764,-2.67097,-0.061243,93.5134,1.92113,-2.09916,2.03462,0.0128315
402.979,-0.994532,-1.13771,242.753,2.87397,-2.37181,306.942,0.265679,1.53304,-1.2341,-0.0128315
122.587,-2.49715,0.881684,59.6538,2.41351,2.27501,106.47,-1.41201,-2.04715,1.39332,0.0128315
65.6477,1.82263,1.24841,59.8111,-2.23741,-0.613397,36.3661,-0.767603,-1.70491,1.86181,0.0128315
100.519,-2.88087,2.54327,89.6438,0.95279,-2.02651,104.247,-1.31101,0.111647,1.71341,0.0128315
202.112,-2.37638,2.70388,102.552,1.30484,-2.99204,123.86,-0.965057,0.423598,0.587262,0.0128315
281.642,-1.77018,0.365516,193.29,1.8658,2.51343,82.8824,0.118403,-2.38243,2.14792,0.0128315
290.865,-2.01666,2.82164,57.7334,2.66484,0.404927,79.199,-0.115523,-0.436488,-2.41672,-0.0128315
199.521,-2.51974,-0.246746,168.456,0.915092,-2.22289,193.339,-0.465116,2.01669,-1.97614,-0.0128315
134.992,-1.24634,-0.823497,78.4892,2.49972,0.169931,76.3946,1.30858,2.9772,0.993427,0.0128315
267.649,-1.73546,-2.88824,33.1243,2.70513,2.72084,179.032,-0.617677,0.253008,-0.674104,-0.0128315
139.012,-1.90402,0.507067,132.026,2.24715,-1.38711,61.2571,-0.118202,-3.09184,-1.89418,-0.0128315
138.879,-1.02509,-3.04346,75.2604,3.17509,-1.22893,90.408,-0.158056,0.611349,1.81453,0.0128315
78.3671,3.00533,2.77414,69.4758,-3.31561,-1.85363,67.3827,-0.841172,0.629519,-1.65542,-0.0128315
466.322,-1.59169,1.73706,230.611,2.08937,-2.59373,391.719,0.969175,-1.01471,1.9524,0.0128315
311.056,1.80637,-2.1415,64.8421,-1.82633,-2.39309,325.29,1.17227,0.854917,0.251586,0.0128315
96.6547,-2.86149,-1.71919,56.445,1.59773,2.40521,64.9967,-2.05525,1.00739,-2.15879,-0.0128315
312.949,-1.02114,2.72951,188.172,2.69462,2.00973,144.44,-0.377753,-0.702442,-0.719784,-0.0128315
163.44,2.17945,-1.19447,42.5813,-3.01002,0.162818,125.126,-0.72688,2.28983,-1.35728,-0.0128315
123.659,-2.22363,1.72299,93.0337,3.11828,2.1578,282.335,1.28453,-1.09287,0.434812,0.0128315
128.906,3.17031,2.96355,51.4231,-3.20621,2.35527,178.973,0.484712,-0.552116,0.608279,0.0128315
221.737,-2.12893,1.20323,52.4221,2.78832,-2.68261,117.13,-0.629234,-1.68986,2.39734,0.0128315
176.133,-2.69046,3.11503,125.849,2.11649,-1.82656,150.169,-1.21003,0.38555,1.34159,0.0128315
55.955,-2.69314,0.917468,47.89,3.65074,-0.517914,43.5414,0.976867,-2.78165,-1.43538,-0.0128315
106.975,-0.866651,-2.58581,100.731,3.16124,-2.61398,115.58,-0.103541,0.882464,-0.028168,-0.0128315
175.425,-1.21584,2.4361,145.161,2.93207,-0.628208,81.7272,0.930925,-3.06531,-3.06431,-0.0128315
112.557,-1.5308,-2.91281,62.6992,2.53812,1.98807,176.489,0.167844,-0.304863,-1.38231,-0.0128315
186.999,2.26384,3.07753,47.6068,-1.86632,3.06489,169.602,0.888817,0.0658207,0.0126317,-0.0128315
96.8229,2.9007,-3.00043,78.2837,-3.59589,-2.62924,66.5857,-0.551306,-0.120457,-0.371186,-0.0128315
370.287,2.62961,1.63099,229.608,-2.66499,1.62918,392.16,1.17026,-1.51651,0.00180638,0.0128315
221.907,-0.998611,-0.194221,151.398,2.52811,2.40038,109.965,2.06603,-1.95844,2.5946,0.0128315
153.949,-3.13706,-0.107835,47.1765,0.651852,0.419595,118.674,0.241341,3.0153,0.527431,0.0128315
253.242,1.63285,0.650135,51.4392,-2.90213,-0.144179,171.995,-0.713006,-2.90261,0.794314,0.0128315
60.712,-1.84861,1.29943,58.5989,2.22649,-1.17047,46.719,-0.450562,3.10988,-2.4699,-0.0128315
133.805,-1.28914,-2.1223,97.404,2.63062,-1.26284,95.2101,0.765309,1.13841,0.859457,0.0128315
123.871,1.89392,2.75794,31.5282,-1.54847,0.225493,80.7903,-0.708148,-0.601593,2.53245,0.0128315
193.307,2.12822,-0.0482519,31.0224,-3.21755,-2.74968,62.9076,0.826809,-3.12192,2.70143,0.0128315
120.43,-2.70593,-0.869299,104.676,0.392171,-0.02758,111.17,-1.86369,2.61662,0.841719,0.0128315
590.341,2.38339,-1.52944,105.1,-1.51654,3.02311,166.631,-0.218973,1.68211,1.73063,0.0128315
200.354,-2.53148,-2.3466,129.148,0.929342,-0.905961,76.6798,-1.11367,1.21542,1.44064,0.0128315
158.372,2.24632,-2.56151,100.477,-2.30567,-1.02858,108.891,-0.369342,1.57854,-1.53293,-0.0128315
66.1451,-2.75105,-0.16707,48.5247,1.61806,-2.42147,36.7996,-0.54383,2.49525,-2.2544,-0.0128315
106.469,2.42763,0.391063,46.9059,-1.24774,-1.13685,77.6222,-0.619632,-3.08638,1.52792,0.0128315
146.527,1.25483,1.12688,64.7449,-2.15294,-2.11692,141.557,-0.750351,-1.25696,-3.03938,-0.0128315
153.866,1.25329,-1.45548,110.431,-2.80364,0.196886,164.423,0.967476,2.17201,-1.65237,-0.0128315
337.063,0.974283,-0.278821,119.849,-2.56868,-2.05645,74.0043,-0.428139,2.29915,1.77763,0.0128315
170.232,-1.34484,-1.32485,82.4117,2.87238,-0.554042,175.2,0.331081,1.85673,0.770809,0.0128315
284.116,2.57004,1.76923,150.787,-2.23977,-0.487544,263.104,-0.593472,-1.62446,2.25678,0.0128315
323.998,-2.3389,2.81786,42.6207,3.35339,-0.841624,234.335,0.696582,-0.233149,2.6237,0.0128315
232.743,1.83602,0.568689,69.3592,-3.80085,-2.52846,133.716,-1.97474,-2.94429,3.09715,0.0128315
125.039,-2.44162,0.955851,49.5147,1.6922,2.14623,104.247,-1.29222,-2.29767,1.19038,0.0128315
99.1757,2.19329,2.39768,35.2489,-2.76288,1.93816,58.0345,-1.47838,-0.568881,0.459524,0.0128315
125.013,2.64818,1.61976,117.041,-2.33581,2.29884,173.763,0.244472,-1.50956,-0.679076,-0.0128315
163.805,-2.1712,0.712395,145.667,1.13206,-0.567855,89.6673,-1.01858,-2.90072,-1.28025,-0.0128315
208.698,-2.33608,-2.00401,66.43,3.59545,-1.79663,182.531,-1.12853,1.1518,0.207383,-0.0128315
465.836,-0.655004,0.41768,52.1694,3.98804,1.93343,68.8094,-0.0780231,-2.38173,1.51575,0.0128315
154.521,-1.27964,-2.58044,120.068,2.94132,-2.40324,161.818,1.0545,0.45308,0.177196,0.0128315
77.7253,1.54046,-2.12178,66.197,-4.10975,-1.4018,130.538,-0.0634078,1.0038,-0.719982,-0.0128315
114.883,-2.37359,0.453332,61.3498,1.57159,3.01212,79.0159,1.11191,-1.85883,2.55879,0.0128315
293.222,-2.16202,1.26403,66.2722,3.07945,0.506199,147.141,0.364822,-2.30029,-0.757826,-0.0128315
334.298,0.994568,0.997218,234.803,-2.10651,2.02079,446.556,0.734713,-1.64364,-1.02357,-0.0128315
154.103,2.7455,-1.88562,96.5285,-0.374918,0.759586,128.98,0.877627,2.23729,-2.64521,0.0128315
189.92,1.27924,-0.996428,59.0539,-2.63172,2.33731,62.4427,-0.818254,2.23353,2.94944,0.0128315
174.66,-1.69374,1.79758,69.2826,2.73243,3.0203,170.071,1.53054,-0.986796,1.22272,0.0128315
103.048,-2.65852,0.069813,99.4131,2.1051,-1.87695,38.9944,-1.08651,1.27334,-1.94676,-0.0128315
185.802,-1.92512,0.30112,64.1397,2.345,-1.07449,192.159,0.716006,3.05276,-1.37561,-0.0128315
153.923,-1.54185,0.210444,53.4422,4.0639,1.14659,73.8887,-0.177608,-2.48676,0.936149,0.0128315
120.723,-1.59934,0.0959349,33.6937,3.76693,-2.3829,37.9549,0.614992,-2.95162,-2.47884,-0.0128315
193.789,1.53687,2.98967,44.7459,-3.03147,-2.6545,178.609,-0.0717684,-0.109848,-0.639022,-0.0128315
172.691,1.95975,2.22187,91.8224,-1.97475,1.05311,66.841,-0.305023,-1.63684,1.16876,0.0128315
246.626,-1.68893,1.90221,77.9285,3.16446,0.65855,159.588,-1.23224,-1.50025,-1.24366,-0.0128315
263.001,-1.12212,0.589823,116.582,2.72986,1.07592,135.801,0.0357281,-2.44607,0.486099,0.0128315
70.33,-3.42831,1.01956,47.3478,2.91195,1.62386,47.3545,0.689556,-1.84238,0.604298,0.0128315
137.799,-2.31395,-1.34394,55.289,0.846107,-1.07758,82.5904,-1.15336,1.60428,0.266363,-0.0128315
304.506,-1.47939,-1.86481,189.74,3.28526,2.11811,98.3051,-0.532487,0.32936,-2.30026,-0.0128315
90.0023,-0.163612,-2.37644,63.3267,3.56095,1.84831,105.297,0.9431,0.739169,-2.05843,-0.0128315
136.65,1.38038,2.37507,42.3057,-3.45555,1.95876,177.574,-0.778309,-0.874732,0.416307,0.0128315
133.908,1.52092,-1.10805,109.507,-2.65886,0.767993,74.7411,-2.15786,3.02219,-1.87604,-0.0128315
59.7213,2.26499,-1.58314,56.9283,-2.50395,-2.8164,70.2661,-1.53826,1.36657,1.23327,0.0128315
208.359,2.37992,0.696079,73.1619,-1.86462,1.9707,178.224,-0.657614,-2.14063,-1.27463,-0.0128315
152.554,2.02024,-1.11074,81.5074,-1.56706,0.743532,86.2306,-0.499836,2.27723,-1.85427,-0.0128315
164.412,-2.16183,3.12824,46.5404,1.17826,2.33206,166.991,0.478931,-0.567327,-0.796187,-0.0128315
102.149,-2.6562,2.30591,96.0606,2.46735,-1.38413,56.9496,-1.35609,-0.582419,2.59315,0.0128315
116.489,-2.9382,2.4234,42.5959,4.73343,0.536569,96.6325,2.16211,-1.39747,-1.88683,-0.0128315
458.32,-2.2247,-0.0897236,177.91,2.94663,2.89894,179.837,0.673313,-3.12623,2.98866,0.0128315
235.831,-1.23339,0.971534,107.935,2.8318,1.67257,280.48,0.292112,-2.09172,0.701038,0.0128315
144.216,2.44239,-0.548225,118.03,-2.25719,-0.840497,126.501,1.01804,2.39123,0.292272,0.0128315
134.685,2.30237,-1.14412,77.6389,-1.05986,-0.852855,177.682,0.349524,2.14879,-0.29126,-0.0128315
215.376,-1.01003,-1.12577,54.2149,2.29256,2.74197,137.416,0.682827,1.97868,-2.41544,-0.0128315
202.051,-2.36792,-1.5002,90.72,3.26815,-3.03657,44.3804,-0.649188,1.30302,-1.53637,-0.0128315
122.917,2.81204,0.255537,74.2705,-1.32807,2.38375,129.03,0.207891,-2.20441,-2.12821,-0.0128315
222.835,1.92441,-0.864311,118.679,-3.5594,-1.96935,242.241,1.59155,2.11121,1.10504,0.0128315
95.4468,2.31655,-1.75222,49.9457,-1.70852,-0.938515,56.786,0.950184,1.63857,-0.813706,-0.0128315
209.815,1.87881,-2.27604,59.4277,-1.32347,-0.0916943,66.1411,-1.3868,1.57811,-2.18435,-0.0128315
107.228,1.48752,2.35568,89.3177,-3.65723,1.86391,120.718,-0.458171,-0.716571,0.491773,0.0128315
194.124,2.52764,-2.70102,71.6168,-3.49848,0.452729,77.5434,1.22575,-0.100521,3.12944,0.0128315
130.239,1.27372,0.648889,96.5145,-2.35913,1.31231,129.891,-0.763415,-2.40951,-0.663418,-0.0128315
99.6661,-2.70145,1.98002,38.2041,2.72166,-1.18206,55.0787,-0.432279,-1.55757,3.1211,-0.0128315
222.265,3.36113,-1.25454,98.1211,-3.73365,3.07487,48.7078,1.19382,1.20225,1.95377,0.0128315
151.872,-2.45621,2.54988,120.267,2.61077,2.99004,89.1967,-0.618868,-0.179281,0.440161,0.0128315
184.627,3.08028,-1.40714,50.4087,-1.45099,2.37409,187.829,-0.224435,1.73979,2.50195,0.0128315
226.649,0.771605,-0.506813,93.6614,-2.53931,2.67414,64.3219,0.110048,2.07205,3.10223,0.0128315
189.618,1.90862,1.33553,68.0563,-3.39673,2.12102,164.1,0.076743,-1.50768,-0.785486,-0.0128315
206.133,1.67064,-1.14838,172.551,-2.45345,0.403999,89.3379,-2.14432,2.09979,-1.55238,-0.0128315
190.025,2.38853,1.65444,115.864,-1.64176,2.66515,235.914,0.270125,-0.606799,-1.01071,-0.0128315
183.176,-0.529007,-2.74107,51.7421,2.66418,-1.07243,145.494,0.358286,0.735594,1.66864,0.0128315
268.397,1.4412,0.912557,74.395,-2.43167,2.74875,145.36,0.364227,-1.96375,-1.83619,-0.0128315
109.617,-2.96802,0.970763,77.2723,1.0149,2.07098,137.163,-0.139914,-1.50605,1.10022,0.0128315
108.096,-3.4765,-0.646415,64.2885,2.68404,0.590021,67.5196,-0.0914319,-3.03604,1.23644,0.0128315
153.546,-1.94254,-0.928521,64.6671,3.08316,0.966176,99.0251,0.218408,2.77381,1.8947,0.0128315
104.35,-2.90746,-0.179534,64.7949,2.71873,-1.6448,99.4262,-0.417466,2.32916,-1.46527,-0.0128315
284.171,-2.20444,-0.336431,62.1708,1.65736,-0.847768,258.942,-1.13579,2.77509,-0.511337,-0.0128315
140.701,-2.50423,2.88359,107.843,2.63839,-2.85208,139.936,-0.158889,0.363677,0.547509,0.0128315
203.719,-1.77981,-2.17443,159.445,2.69968,-0.760373,141.55,1.6966,1.26829,1.41406,0.0128315
196.708,-1.56975,-2.13432,53.4688,1.57785,-1.92718,177.661,0.873009,0.982579,0.20714,0.0128315
124.357,2.97611,-0.0488671,109.903,-2.18445,-0.102542,169.903,2.31701,2.75543,0.0536744,0.0128315
182.816,2.55371,2.04324,47.2226,-3.83365,-1.66282,92.044,1.08509,-0.766742,-2.57713,-0.0128315
239.41,-1.12862,-1.13722,140.111,2.92805,0.176486,127.66,1.35774,2.67995,1.3137,0.0128315
144.791,-0.518172,-0.297741,39.7615,2.87235,0.333702,65.0145,1.21471,3.02187,0.631443,0.0128315
277.004,2.77816,1.34195,138.315,-2.63938,0.803089,423.428,-0.230973,-2.24802,0.538866,0.0128315
125.117,-0.207225,-1.26719,61.8172,2.83331,2.82509,44.6566,1.01394,1.4694,-2.19091,-0.0128315
174.845,1.73055,-0.231123,42.2585,-3.76624,-0.911043,104.718,-0.505065,2.70321,0.67992,0.0128315
144.393,0.444693,0.251212,30.652,-3.3785,-1.10447,113.966,-0.325333,2.95594,1.35568,0.0128315
104.385,1.59766,-0.469312,92.2015,-2.35589,1.1656,79.0302,-1.43187,-2.80092,-1.63492,-0.0128315
189.168,-0.922786,-0.800171,32.1007,4.03134,-0.100411,159.217,1.28879,2.44592,0.69976,0.0128315
132.22,-0.60164,1.40859,65.3869,3.82114,2.64433,108.556,1.89011,-1.7951,1.23573,-0.0128315
160.401,3.58822,0.967183,118.269,-0.830633,1.74561,90.8374,-0.683462,-1.80487,-0.778429,-0.0128315
150.287,3.13647,-2.06316,50.287,-3.02721,0.546749,85.6233,-0.596957,1.58473,-2.60991,-0.0128315
249.696,1.11812,1.32101,101.886,-3.53982,-0.404762,118.324,-1.53836,-2.23228,1.72578,-0.0128315
96.2686,-2.31825,1.79245,90.233,3.80302,-2.36441,37.6065,-1.37654,0.202008,2.12632,-0.0128315
147.904,-1.90618,-0.773317,108.972,3.04956,-0.191092,156,1.33344,2.65402,0.582225,0.0128315
90.3716,-1.97036,1.67485,76.5817,4.08904,2.52872,122.043,-0.82505,-0.962565,0.853877,-0.0128315
119.694,-2.22668,-2.16127,117.993,1.86371,1.16575,97.6987,0.266985,-1.57579,-2.95617,-0.0128315
128.749,0.590831,-2.37907,121.657,-3.84823,3.00382,128.101,-2.13098,0.379959,0.900297,0.0128315
136.473,-0.467282,2.51483,132.678,3.17386,-2.9493,126.299,1.66551,-0.232004,0.819046,0.0128315
84.8161,-1.19469,2.89449,72.0218,2.75309,2.55638,87.8539,-1.06053,-0.447508,-0.338105,-0.0128315
92.941,-2.40261,-3.09579,60.7269,3.78885,-1.97918,147.671,-0.162312,0.126913,1.11661,0.0128315
384.154,2.88799,1.40279,51.132,-1.93423,0.390368,329.128,0.253966,-1.80786,1.01242,0.0128315
119.358,-2.4993,0.303459,112.614,2.89739,-0.883297,79.4005,-0.865483,3.08299,-1.18676,-0.0128315
143.017,3.08752,0.723696,124.317,-2.15596,2.90915,96.8505,-0.51852,-1.61377,-2.18545,-0.0128315
76.6209,-1.81676,-2.75599,69.3039,3.20457,2.5673,83.2066,-0.105464,-0.138902,-0.959886,-0.0128315
277.398,2.7002,-0.672523,33.3525,-4.33049,-0.924825,287.085,0.306488,2.45002,0.252302,0.0128315
93.9246,1.32159,1.38636,91.4247,-3.19802,2.33702,165.172,-1.36179,-1.44247,-0.950662,-0.0128315
310.62,1.8918,1.28977,106.798,-3.0749,0.877394,328.023,-1.4094,-2.03876,0.412371,0.0128315
245.937,-2.39726,-1.50559,124.295,0.656739,0.0552698,241.293,-0.542121,2.33426,1.56086,0.0128315
113.301,1.08248,-2.014,80.5909,-2.7066,-2.97767,64.7655,0.220581,0.889684,0.963668,-0.0128315
177.859,-1.07402,0.953486,61.292,3.52645,-1.22179,123.647,0.911332,-2.33093,-2.17527,-0.0128315
164.632,1.34532,-2.24368,75.5487,-2.85642,-1.39922,152.78,-1.47108,1.13926,-0.844461,-0.0128315
193.498,2.30569,-1.96791,51.4799,-2.07999,0.00920291,148.145,1.37954,1.76284,-1.97711,-0.0128315
288.336,-1.66439,1.0792,57.876,3.3814,-1.30326,108.289,-0.963783,-1.75219,-2.38246,-0.0128315
117.073,-1.86746,-1.53685,110.464,2.97663,-2.81834,189.468,-1.91518,0.47585,-1.28149,-0.0128315
503.21,1.95129,2.95529,77.1855,-3.10378,-2.50626,406.32,-0.835879,-0.194249,-0.821636,-0.0128315
146.966,1.6479,-2.56066,30.5178,-3.38628,-2.17692,69.9708,-1.43005,0.54617,-0.383744,-0.0128315
253.093,1.55909,2.85202,247.042,-1.6491,1.15563,175.169,-0.206421,-1.20838,1.69639,0.0128315
156.975,3.0765,-0.49027,56.246,-0.830501,-0.946677,87.5353,1.14862,2.67144,0.456408,0.0128315
362.962,-0.656553,0.0530877,110.614,3.32757,-1.58127,266.871,0.603901,2.9403,-1.63436,-0.0128315
84.9731,1.31194,-3.03405,75.5918,-3.17487,-1.83096,105.464,1.23917,0.740047,-1.20309,-0.0128315
213.834,1.48989,2.42963,167.04,-2.18888,-2.46999,109.302,-1.82261,-0.155547,-1.38357,-0.0128315
344.224,1.47625,1.83233,120.484,-2.61303,-0.0557554,85.0826,0.701608,-1.72694,1.88808,0.0128315
149.311,-2.95812,-0.718816,69.1294,3.39574,-0.703775,99.3103,0.0234922,2.5205,0.0150412,0.0128315
176.6,0.512616,-0.941696,168.375,-2.86187,0.499259,233.781,-0.883617,2.79033,-1.44095,-0.0128315
107.409,-3.39392,2.22272,43.8648,3.11907,-1.90423,56.0363,-1.16326,-0.345892,2.15623,0.0128315
308.768,-2.25977,-0.0833374,85.312,3.19702,0.777021,284.289,-0.23179,-2.87789,0.860358,0.0128315
168.116,-2.85184,-2.23555,74.888,1.37074,0.232288,153.095,0.603738,0.403181,2.46784,-0.0128315
172.446,1.56104,-2.70476,130.235,-2.28087,-0.0790006,139.87,-0.0301785,0.756762,-2.62576,-0.0128315
135.751,-2.99056,-1.1966,32.6103,2.44139,-2.54932,56.5177,1.66146,1.88232,-1.35272,-0.0128315
126.217,-2.12873,2.66105,98.5859,2.68624,-1.07163,115.589,-1.53544,0.758377,2.55051,0.0128315
253.464,1.47888,2.04983,195.847,-1.55253,0.819215,298.42,-0.45271,-1.56914,1.23062,0.0128315
94.2182,-2.47507,0.861203,55.0459,2.00135,1.39202,77.7036,1.20268,-1.82186,0.530813,0.0128315
112.919,-2.82647,-0.507018,34.4135,1.61505,-1.22996,110.047,1.04554,2.26808,-0.722944,-0.0128315
185.525,-1.32764,-1.2908,83.2071,2.43969,-2.46952,197.823,1.37266,1.48459,-1.17873,-0.0128315
104.271,2.14817,-0.0784064,66.6543,-2.05073,1.45454,72.3013,1.09454,-2.96629,-1.53294,-0.0128315
186.763,-0.586402,-0.781726,60.7971,2.70976,3.00508,111.482,0.278295,2.32756,-2.49638,-0.0128315
159.845,0.256758,-0.420476,80.1609,-3.92851,2.97155,32.7321,-1.65943,-2.57571,2.89116,0.0128315
229.913,-2.64878,-1.56413,44.9468,2.57181,-0.0494726,122.099,-0.723237,1.61229,1.51465,0.0128315
145.752,-2.81835,-1.25855,122.646,3.10289,0.186711,119.546,-0.978927,2.55741,1.44526,0.0128315
85.0722,-2.92111,-1.28859,48.1789,1.72871,-1.47379,117.743,-1.57647,1.82088,-0.185202,-0.0128315
128.886,2.48796,1.49361,33.3869,-3.75591,1.95243,90.6672,1.72153,-1.6367,-0.458811,-0.0128315
268.791,-1.62031,0.959475,61.1464,4.53309,-0.416047,147.29,0.327125,-2.41006,-1.37552,-0.0128315
147.461,-2.43867,0.0853161,125.061,2.37711,0.815541,123.772,-0.39135,-3.08716,0.730225,0.0128315
139.9,-1.36265,-0.961888,34.0947,2.71368,0.343407,99.2476,0.251345,2.1336,1.3053,0.0128315
76.9017,-0.952668,0.804718,76.2622,2.86472,0.256257,123.362,1.57498,-2.66863,-0.54846,-0.0128315
109.784,3.24813,2.71153,33.8137,-3.52842,0.839585,80.4713,0.257051,-0.745035,1.87195,0.0128315
263.894,2.52388,1.29112,123.633,-1.45856,2.87544,253.904,1.6025,-1.13346,-1.58433,-0.0128315
170.012,3.26871,-0.134201,73.1984,-2.34191,-1.23095,137.904,1.6506,2.67539,1.09675,0.0128315
267.429,-0.222486,-3.09196,52.4914,3.70333,1.51675,91.1124,1.78474,0.0691084,-1.67448,-0.0128315
86.382,1.67961,1.44871,58.5096,-2.11143,0.853983,126.89,-0.446513,-2.11637,0.594729,0.0128315
336.311,-2.04981,2.31351,41.3164,1.41492,-0.815382,139.578,-0.707534,-0.8486,-3.12889,-0.0128315
297.535,-1.38539,-2.3802,141.707,2.20174,-2.14395,87.0384,0.358617,0.858011,0.236245,0.0128315
121.885,1.10123,-0.905329,82.7533,-3.41537,-2.29845,94.2666,-0.591574,2.1429,1.39312,0.0128315
70.7945,3.07474,-1.43939,56.9182,-2.99097,-1.48202,90.798,1.53331,1.45644,0.0426316,-0.0128315
163.324,1.84524,0.31205,156.171,-1.42295,-1.67982,152.17,-0.54195,2.14728,1.99187,0.0128315
76.4327,3.00711,2.96901,71.301,-1.85405,1.81293,62.8767,0.808563,-0.73447,1.15609,0.0128315
288.015,-1.75528,-1.51892,59.5787,2.19124,2.93869,194.152,-0.124024,1.5269,-1.82558,-0.0128315
131.132,2.09383,-1.62326,113.74,-2.82775,3.092,81.3184,-1.13025,0.322177,1.56792,0.0128315
120.909,3.51851,2.31888,48.492,-3.33285,-2.01713,36.361,-2.05786,-0.570652,-1.94718,-0.0128315
133.279,2.02307,-1.5004,35.3286,-4.28681,-2.66209,98.8233,-1.52127,1.57925,1.16169,0.0128315
345.181,-2.35063,0.226216,36.2276,4.50134,1.88717,113.817,1.48466,-2.92987,1.66095,0.0128315
95.3733,-1.28393,2.68645,69.8246,2.76527,-3.03829,101.083,1.63721,0.067513,0.558442,0.0128315
142.926,-2.72606,-0.951689,71.6078,2.0655,1.09869,50.2798,0.129243,2.60674,2.05038,0.0128315
252.293,2.25429,-1.60147,189.468,-1.38496,1.80074,64.134,-0.0377049,0.355107,2.88097,0.0128315
77.2773,-2.29555,2.63304,77.2661,2.00774,-2.70018,75.9944,0.201852,0.00596108,0.949973,0.0128315
98.3821,1.16886,2.22435,63.476,-2.32395,0.775806,60.5614,-0.25445,-0.471084,1.44855,-0.0128315
118.19,-1.33558,-1.33639,68.8907,3.19488,1.1159,48.8246,-0.583006,2.3255,2.45229,0.0128315
187.719,2.19549,-2.10235,53.1184,-4.40382,1.74877,86.44,-0.916044,0.190779,2.43206,0.0128315
245.557,2.02034,-0.338856,131.806,-1.2659,-2.87003,66.4111,0.527134,2.05991,2.53118,0.0128315
147.85,-2.07438,-0.451298,90.3783,2.44818,1.55348,83.5536,-0.689734,-2.72545,2.00478,0.0128315
297.219,1.0519,2.03336,87.4484,-2.90966,1.14324,278.031,-1.05971,-1.37467,0.89012,0.0128315
92.9258,3.08891,-1.84788,71.1649,-0.458733,2.46263,40.35,1.76279,1.18193,1.97268,0.0128315
211.221,0.921568,-2.23279,69.0734,-2.80927,-0.621561,136.249,-0.789675,1.01616,-1.61123,-0.0128315
119.06,3.57177,-1.48475,38.8637,-1.61631,-2.71065,127.446,1.93511,1.41287,1.22589,0.0128315
292.085,-1.17296,1.57203,181.59,2.2724,0.146939,268.343,-0.115199,-2.1148,-1.42509,-0.0128315
177.234,1.89378,1.70747,60.1557,-1.95701,0.0549223,161.253,-1.3928,-1.6333,1.65255,0.0128315
140.049,2.54715,0.587922,79.2232,-2.23243,2.51576,47.381,0.32797,-1.60359,-1.92783,-0.0128315
131.368,1.78792,0.373698,80.1498,-1.42999,-0.740621,115.729,-0.685947,-3.11918,1.11432,0.0128315
74.3868,2.71107,-2.0638,62.8737,-1.43094,2.09795,38.9882,1.47316,0.0358181,2.12144,-0.0128315
99.7521,-1.34083,2.60407,83.2702,1.82406,-2.02584,53.254,-1.09983,-0.331719,1.65328,0.0128315
108.58,-2.01517,2.37206,48.2378,2.66795,1.90883,84.5727,-0.859884,-0.956437,-0.463227,-0.0128315
231.351,1.73197,-0.446252,37.6799,-3.076,0.387529,131.894,0.572566,2.96304,-0.83378,0.0128315
86.8382,-3.46586,1.57837,31.0227,1.46035,2.14445,55.6508,-1.00157,-1.10944,0.566079,0.0128315
161.596,-2.74575,-2.96002,31.2988,1.34209,-2.38125,154.773,-0.385345,0.303188,0.578766,0.0128315
168.319,-2.87092,-0.314817,39.8176,0.755967,2.30716,92.376,-1.37602,2.87187,2.62198,0.0128315
302.867,1.59255,-1.47978,45.8296,-3.52391,0.43759,159.056,0.00595868,1.77892,-1.91737,0.0128315
73.0909,-2.80452,-0.263175,53.6917,4.69232,1.53779,58.0383,0.600815,-2.38456,1.80096,0.0128315
135.159,-1.75078,0.791481,64.1909,2.50324,1.35964,152.038,-0.807248,-2.21584,0.568161,0.0128315
111.695,-2.60146,2.40348,52.4239,3.40922,0.854195,50.0518,-0.179648,-1.23685,-1.54928,-0.0128315
107.969,-1.96837,-2.38265,35.5495,3.61357,2.26664,56.3571,1.21862,0.622327,-1.6339,-0.0128315
130.961,-2.84419,-1.56697,112.819,1.94475,2.68028,90.8516,0.841144,0.673271,-2.03593,-0.0128315
233.68,-0.74253,0.016382,69.0299,2.70296,1.27421,118.394,2.11089,-2.87676,1.25783,0.0128315
116.328,0.620513,-3.08834,103.047,-2.47759,1.25259,104.651,-0.675539,-0.815384,1.94225,0.0128315
217.758,-2.13989,-1.668,118.6,0.997808,0.761028,98.563,-2.05232,2.13537,2.42903,0.0128315
121.564,1.36759,0.0526846,98.9494,-3.63498,-0.211073,111.02,-1.34803,-3.09392,0.263757,0.0128315
78.9101,-3.55152,-2.96008,40.7358,1.66675,-1.64186,31.3802,-1.78758,0.756342,1.31822,0.0128315
217.788,1.91032,-1.4935,117.03,-1.98265,-1.63258,189.013,0.230005,1.93705,0.139078,-0.0128315
69.6898,-3.94921,3.11827,68.3762,3.20496,2.14906,57.5692,0.323316,0.0480991,-0.969208,-0.0128315
87.3748,1.83129,0.648158,52.7307,-3.00236,1.45098,104.535,0.0967231,-2.19176,-0.802827,-0.0128315
96.7388,1.42743,-1.47595,92.3086,-2.42096,-2.94343,39.56,-1.2258,1.28116,1.46748,0.0128315
289.705,-1.42625,-2.12297,131.41,1.60175,-0.333741,265.45,-0.48884,0.96276,1.78923,0.0128315
103.341,1.62625,0.106973,85.7192,-3.91626,-1.49309,69.6643,-1.56064,2.40213,1.60006,0.0128315
133.483,-1.98747,-1.18235,37.3421,4.01677,2.39339,71.7515,-0.0998586,1.23653,-2.70745,-0.0128315
223.198,2.10449,-1.75087,92.0726,-1.63013,2.74241,127.936,0.0894964,1.04692,1.7899,0.0128315
74.6683,2.35756,-1.73272,74.6014,-2.70828,-0.873399,113.64,0.197111,1.66652,-0.859325,-0.0128315
83.4189,1.44889,2.25621,50.5255,-2.65382,0.971554,59.0568,-2.61281,-2.53012,1.28466,0.0128315
215.111,3.08641,-0.0955234,56.5312,-4.4011,-1.06478,168.697,-0.0511634,2.79532,0.969261,0.0128315
98.411,-3.16474,0.236489,87.5665,1.90099,0.989649,102.97,-1.18517,-2.68126,0.75316,0.0128315
137.029,-2.44431,1.47754,120.659,3.01733,2.99368,191.989,1.47176,-0.754196,1.51614,0.0128315
123.435,2.87515,-3.04616,89.8447,-2.22971,-1.16864,108.807,0.819773,0.683461,-1.87752,-0.0128315
175.327,-2.42272,2.52089,148.321,2.3516,1.59455,133.341,-0.685507,-0.803659,-0.926336,-0.0128315
247.042,2.54469,-2.91092,63.1242,-1.95845,1.26938,66.1906,0.0701682,0.110932,2.10289,0.0128315
135.368,3.393,0.529544,79.7064,-1.86002,-1.06136,143.246,1.07355,2.92086,1.5909,0.0128315
153.154,-0.644014,1.74203,88.7744,2.38946,1.07866,200.089,1.29995,-2.00602,-0.663369,-0.0128315
178.206,-1.85408,3.11675,68.4544,1.83837,1.50796,92.7714,0.751836,-0.350943,-1.60879,-0.0128315
221.852,0.929584,1.8448,182.056,-2.20492,-2.45805,157.164,-1.2196,-0.439182,-1.98033,-0.0128315
154.127,-2.24443,-2.96398,49.4054,1.16094,1.5126,135.072,-0.636246,-0.319691,-1.8066,-0.0128315
183.324,2.18632,0.540911,77.1105,-1.54133,-0.577308,224.275,-0.585601,-2.8328,1.11822,0.0128315
241.169,2.05824,0.119055,34.6313,-1.92139,0.922548,199.868,-1.1153,-2.79667,-0.803492,-0.0128315
286.511,-1.70444,1.16805,121.066,2.01826,2.48723,203.643,-0.596943,-1.7647,1.31918,0.0128315
98.946,2.40791,1.43696,94.5131,-1.00701,0.721083,48.7481,0.183804,-0.89306,0.715873,0.0128315
131.687,-2.08332,2.13419,100.389,2.58906,0.845363,94.0497,0.947805,-1.49929,-1.28883,-0.0128315
179.017,2.25549,-0.27019,95.7883,-1.01534,-2.37833,144.607,1.12241,2.02641,2.10814,0.0128315
140.909,2.32293,-3.13541,59.1985,-1.32022,-1.2646,94.7497,1.53991,0.499163,-1.87082,-0.0128315
114.574,0.669138,-2.16496,35.5772,-3.24524,2.44684,102.829,-0.6698,0.729701,1.67139,0.0128315
41.3744,4.78078,2.19141,33.0838,-1.89496,-2.35445,48.5324,0.533719,-0.630561,-1.73733,-0.0128315
332.799,2.33298,2.38891,186.484,-2.39366,-1.25669,214.949,1.99826,-0.652859,-2.63759,-0.0128315
99.6378,-0.486704,-2.65924,63.1506,2.76558,2.22098,131.486,0.957642,0.00494672,-1.40297,-0.0128315
82.0129,3.26368,-0.473661,68.5932,-3.99697,-0.875426,51.6159,0.73269,2.48748,0.401765,0.0128315
105.643,1.43598,-1.5242,70.706,-2.36174,-2.79031,64.8455,-0.851083,1.14851,1.26611,0.0128315
153.713,-2.95435,1.4987,85.4121,1.87358,2.30709,98.2018,-1.18067,-1.33409,0.808384,0.0128315
103.157,-2.32786,-0.853619,82.3386,1.16436,2.2232,109.926,-0.15355,2.80263,3.07682,0.0128315
168.907,-1.30348,-1.04987,52.4343,3.08011,-1.63215,221.386,0.733405,1.97212,-0.58228,-0.0128315
145.469,2.75864,-0.714289,47.5086,-1.58959,1.37265,107.631,1.0948,2.6583,-2.08694,-0.0128315
290.457,1.85796,0.434959,51.0111,-2.10154,-2.17163,277.149,0.0944285,-2.80669,2.60659,0.0128315
118.639,1.99801,-1.27189,71.9728,-3.60479,-2.23371,144.638,0.246473,1.48025,0.961825,0.0128315
234.478,-0.0747587,3.09236,53.6187,3.85384,1.8826,200.36,1.19898,-0.138723,-1.20976,-0.0128315
193.257,2.51117,-2.16422,31.6749,-0.708585,2.29385,140.643,0.942422,0.814324,1.82511,0.0128315
102.313,-2.46303,1.73344,34.1533,2.57258,-0.0323154,59.9997,0.536394,-2.07459,-1.76575,-0.0128315
95.6191,2.95097,1.35863,87.0307,-1.52998,2.53395,126.401,1.2107,-1.22622,-1.17532,-0.0128315
201.515,2.11292,2.49052,132.04,-2.83087,-2.98319,196.087,-1.20054,-0.300278,-0.809472,-0.0128315
178.23,-2.50843,-1.01544,151.785,1.85371,-2.90672,237.439,0.682556,1.20527,-1.89128,-0.0128315
122.549,-2.12869,-2.47187,61.3735,2.59082,1.18612,61.2667,-0.581217,0.116405,-2.62519,-0.0128315
241.218,-1.87278,1.43941,229.772,1.45666,-0.406872,217.01,-0.562131,-2.66199,-1.84628,-0.0128315
155.179,-2.25839,-2.80242,51.4938,1.66538,2.9405,131.915,0.421505,0.0985369,-0.540262,-0.0128315
150.015,-2.88118,1.20647,68.8605,1.75264,-2.32351,66.1832,-1.08338,-1.82843,2.7532,0.0128315
221.666,-1.10429,-0.884477,84.9454,2.73777,-2.29244,185.025,0.0253676,1.84986,-1.40796,-0.0128315
106.629,3.10859,-2.54165,71.5783,-3.50853,-0.780491,76.91,0.561794,1.14464,-1.76116,-0.0128315
124.659,-3.01162,-1.95057,81.48,1.12849,-0.928652,250.296,-1.19832,1.1545,1.02192,-0.0128315
129.743,-2.79842,0.197297,117.763,0.856219,1.34952,124.199,-0.0170789,-1.93711,1.15223,0.0128315
161.904,1.59182,-0.565498,70.7289,-3.53852,-2.18415,71.5681,0.981218,1.47681,1.61865,-0.0128315
158.018,2.31295,0.129284,153.308,-0.964596,2.10463,192.852,0.940905,-2.42175,-1.97534,-0.0128315
149.305,-1.32099,-3.08084,138.21,3.37843,0.0353047,64.4794,1.57824,-1.97108,3.11614,-0.0128315
253.727,-2.87188,0.628526,103.183,1.79781,0.245979,191.1,-0.811723,-2.63886,-0.382547,-0.0128315
73.0452,-3.31755,0.355745,69.4901,2.0532,-0.576514,48.2948,1.29195,-2.35187,-0.932259,-0.0128315
95.5351,3.51724,1.88603,74.2284,-0.753175,-2.88559,105.517,1.38509,-0.931301,-1.51157,-0.0128315
181.762,2.87777,-0.155215,31.0151,-1.79373,1.1476,143.65,0.982394,-3.11641,-1.30282,-0.0128315
204.952,1.10807,-2.05401,60.3512,-3.90528,-2.87736,221.395,0.192964,0.85932,0.823346,0.0128315
106.619,-1.8886,-2.3571,94.8727,3.41549,2.94501,146.821,0.975877,-0.139893,-0.981073,-0.0128315
185.072,0.606094,1.79178,48.2308,-2.45348,-2.35325,165.329,-0.626998,-1.49142,-2.13815,-0.0128315
141.9,-3.10393,0.744314,56.8427,1.21136,-1.34527,159.993,0.888282,-3.11194,-2.08959,-0.0128315
251.184,2.85912,2.26874,71.7145,-0.597443,0.240644,145.618,2.41192,-1.0278,2.02809,-0.0128315
288.791,2.20541,0.300335,168.037,-1.10714,2.79215,86.0634,0.822584,-2.50196,-2.49182,-0.0128315
131.685,3.30584,-2.83112,56.4801,-0.40294,1.45641,55.5258,2.06395,0.0371169,1.99566,-0.0128315
91.0901,-2.27993,1.9433,67.4962,3.39689,-3.04692,61.7158,1.13833,-0.93454,1.29297,0.0128315
143.083,2.53171,2.18123,48.7537,-1.89931,2.69166,124.569,1.58319,-0.756592,-0.510426,-0.0128315
134.721,-2.78057,0.452605,88.1253,3.34101,1.53587,141.181,-0.117556,-2.41425,1.08327,0.0128315
175.913,-2.75654,-2.24535,114.518,2.50259,1.35697,56.9394,-1.69675,0.157644,-2.68086,-0.0128315
123.513,-1.39146,-2.28002,78.3087,3.05876,-0.268781,80.6145,0.406787,1.53861,2.01124,0.0128315
282.973,0.734546,1.09431,110.547,-3.49446,-1.13862,219.003,-1.90584,-2.26252,2.23293,0.0128315
106.662,-1.54017,2.01038,90.2691,2.15298,-2.70078,107.509,0.322132,-0.712402,1.57203,0.0128315
181.113,3.37462,2.05167,136.101,-0.919852,-1.92208,81.0871,1.8491,-0.187569,-2.30944,-0.0128315
330.631,1.04651,-2.34284,78.3642,-2.12508,-1.09188,306.699,0.120223,0.878608,-1.25097,-0.0128315
104.758,-3.19369,0.90919,57.2245,0.715459,0.253001,157.673,-0.789622,-2.3188,-0.65619,-0.0128315
102.357,-1.96955,-0.317132,100.531,2.51008,1.57871,120.369,1.74269,-2.62076,1.89585,0.0128315
84.4706,1.70854,-0.912948,47.9961,-2.5959,0.340418,54.8349,-0.693492,2.53361,-1.25337,-0.0128315
198.226,-2.81964,-0.51566,135.072,1.28878,2.26164,144.768,0.181923,2.77826,2.77729,0.0128315
85.6756,-0.110114,1.38358,58.6234,3.95518,0.82491,99.7651,1.35454,-2.5431,-0.558675,0.0128315
222.256,-0.719174,-0.776022,171.494,2.59519,3.03367,136.539,0.564662,1.32941,-2.4735,-0.0128315
85.8497,2.45141,-0.0823363,39.8417,-2.63375,-1.41664,60.341,-0.506125,2.56662,1.3343,0.0128315
60.2346,2.31983,0.605895,60.0972,-3.63661,1.97127,67.7439,-0.1966,-1.73195,-1.36538,-0.0128315
316.042,-1.59061,-2.0221,83.0511,3.15678,2.32343,281.777,-0.444929,0.801274,-1.93765,-0.0128315
327.446,-3.10202,1.36891,160.661,0.86548,2.13052,204.225,-0.983068,-1.50859,0.761617,0.0128315
143.024,0.885743,-1.00895,62.4219,-3.81672,-0.460431,143.839,-1.448,2.86963,-0.548516,-0.0128315
299.074,0.970657,-2.05834,106.616,-2.96957,2.28499,204.255,-1.757,0.741575,1.93986,0.0128315
187.362,1.88217,-1.28322,138.012,-2.02382,2.01135,96.972,0.731677,0.329829,2.98861,0.0128315
153.005,1.73688,1.40631,120.754,-1.55894,-2.584,110.213,0.632727,-1.03882,-2.29287,-0.0128315
81.4033,-1.84763,1.96342,74.5766,3.0181,0.268642,63.6101,0.293401,-1.89682,-1.69478,-0.0128315
326.643,2.17324,-2.75555,52.657,-1.62271,1.43519,280.835,-0.514021,0.254239,2.09244,0.0128315
264.72,2.64503,-2.9588,109.599,-1.59584,-1.26426,76.0852,-0.958614,0.291882,-1.69454,-0.0128315
232.004,-2.53649,-2.63769,126.229,0.877661,2.1027,149.115,-0.38238,0.135725,-1.54279,-0.0128315
127.38,2.17669,-1.10582,74.469,-1.16214,-1.84157,82.9617,1.60431,1.56967,0.735754,0.0128315
121.219,-2.36838,-2.83263,32.0969,1.57946,-0.907059,127.67,-0.0497877,0.806051,1.92557,0.0128315
264.334,1.701,-2.10884,183.452,-2.42026,2.42556,159.706,-0.0418947,0.910085,1.74878,0.0128315
205.029,-0.557763,3.06534,63.882,3.1403,-1.00299,157.812,1.90489,0.367157,2.21485,0.0128315
79.7753,2.60016,0.236681,58.4635,-1.63421,2.47785,42.4493,0.687544,-1.92064,-2.24117,-0.0128315
218.367,3.12214,2.01921,114.261,-2.94084,-0.627102,66.152,0.285289,-0.948692,2.64631,-0.0128315
121.349,3.10847,-0.362773,54.0953,-0.548154,2.09582,59.3415,0.687326,-2.66761,-2.45859,-0.0128315
125.806,-2.2603,-2.07725,59.1016,3.8905,1.03454,82.9617,0.495152,0.55577,3.1118,-0.0128315
317.371,-2.05313,-2.41244,106.268,3.49451,-0.161519,135.226,-0.800445,1.03702,2.25092,0.0128315
246.776,3.02744,1.98276,32.8491,-3.3709,0.27737,148.017,-0.36044,-1.2405,1.70539,0.0128315
113.612,2.13706,-0.396034,59.7974,-3.06452,0.312885,105.362,-0.945067,-2.87095,-0.708919,-0.0128315
194.163,1.52819,1.36403,31.2287,-4.59186,2.01291,131.903,-1.19882,-1.93351,-0.648881,0.0128315
311.762,-1.07498,2.06461,59.2272,2.53485,-1.73038,148.357,1.5779,-1.08468,2.48819,0.0128315
270.596,-2.77417,1.77861,38.593,4.12621,-1.7911,206.497,-0.615653,-1.299,2.71347,0.0128315
184.302,-1.27818,-0.34621,117.286,3.04517,1.2321,134.888,0.235943,-2.8447,1.57831,0.0128315
164.442,1.92577,-0.10288,47.6535,-3.73703,-1.84438,120.272,-0.969573,2.39695,1.7415,0.0128315
63.6848,2.62576,1.80472,41.123,-4.18511,0.760672,62.5488,-1.34944,-1.56592,1.04405,0.0128315
232.387,1.60783,-0.444585,89.526,-3.64678,-1.9142,54.1073,-1.59336,2.08719,1.46962,0.0128315
113.207,-0.663135,-0.712394,47.2476,3.60863,3.11867,58.0062,0.345652,2.45255,-2.45212,-0.0128315
114.069,-1.66204,-2.97599,102.859,1.40245,0.929266,56.0055,-1.01325,-0.646099,-2.37793,-0.0128315
223.311,2.63619,-0.25114,198.378,-2.58394,-2.61969,45.1252,-1.12086,1.99631,2.36855,0.0128315
99.6564,2.68528,3.0046,37.4113,-3.05445,-1.789,45.2131,1.11223,0.0745575,-1.48958,-0.0128315
116.619,-1.90385,2.2846,66.3469,2.78709,0.481903,103.792,0.835156,-0.858798,-1.8027,-0.0128315
117.283,3.35986,0.938959,103.455,-1.82618,3.01881,87.9006,0.230417,-1.28893,-2.07985,-0.0128315
114.275,1.35795,1.73754,113.833,-3.08083,0.581203,129.161,-1.38383,-1.58129,1.15633,0.0128315
224.338,1.70526,0.317605,44.2852,-3.08312,-0.0474102,167.884,0.332625,-2.81165,0.365015,0.0128315
227.413,0.872939,-0.644185,58.8186,-3.75199,0.218429,234.224,-0.0902599,2.60801,-0.862613,-0.0128315
167.469,-1.83814,-0.668013,74.0849,4.29094,1.4604,148.011,-0.685403,3.00413,2.12842,0.0128315
77.9498,1.5231,2.29614,50.5652,-2.36584,0.895357,66.5733,-1.14231,-2.43077,1.40078,0.0128315
97.2449,3.42581,-1.9875,65.009,-1.26349,-0.480369,80.61,-0.0554141,2.01716,-1.50713,-0.0128315
182.319,-1.79744,0.253196,135.282,1.52902,-1.94467,159.236,-0.26333,-3.09109,-2.19787,-0.0128315
366.704,1.65852,-1.10647,257.216,-1.50901,2.3766,53.7787,0.935153,1.02903,2.80011,0.0128315
102.308,-2.90292,-0.466635,56.1001,0.658083,-1.73633,109.028,-1.13685,2.13724,-1.26969,-0.0128315
230.774,-2.75381,0.628664,79.5383,0.590049,3.03932,104.068,-1.61245,-2.0492,2.41065,0.0128315
188.416,-2.12798,2.28476,98.221,1.26428,0.293272,170.197,0.488104,-2.00442,-1.99149,-0.0128315
106.559,-3.43775,-2.53539,48.6051,1.66859,2.5178,54.4714,-0.710186,-0.574291,-1.22999,-0.0128315
192.017,2.20742,-1.48564,168.14,-1.73778,0.0129374,52.0423,0.114767,2.2339,-1.49858,-0.0128315
197.766,-1.18876,2.32355,196.087,1.99903,0.427672,95.5196,1.52317,-1.73335,-1.89588,-0.0128315
182.31,-1.20731,-0.266369,73.5401,2.82801,0.558979,204.068,0.781983,2.96311,0.825348,0.0128315
141.923,-2.30169,-2.75775,107.388,0.780905,1.14203,75.5922,-1.24074,-0.776991,-2.38341,-0.0128315
176.171,-2.28671,-2.23785,80.8872,3.30143,2.05825,167.302,0.66834,0.266398,-1.98708,-0.0128315
58.9949,3.66298,-2.52113,48.6268,-2.49818,-3.09227,45.5879,-1.87228,1.40916,0.571145,0.0128315
100.543,-0.999424,-2.21141,39.7714,3.63666,1.6562,62.0763,2.07684,0.469662,-2.41557,0.0128315
251.267,-0.236747,-1.7232,56.6819,3.64886,-0.475767,184.534,1.64588,1.61847,1.24743,0.0128315
139.539,-0.958739,-2.5352,98.5454,3.42637,1.29127,84.0171,-0.383064,0.169731,-2.45672,-0.0128315
190.352,3.36365,-2.67922,88.9514,-2.34054,-0.403938,73.4679,0.52409,1.3366,-2.27528,-0.0128315
238.195,1.94375,2.86973,40.5088,-2.35897,0.0856289,101.285,0.179699,-0.423524,2.7841,0.0128315
182.378,2.1017,1.64808,142.606,-1.25242,-2.21562,113.511,0.221863,-0.393365,-2.41949,-0.0128315
110.429,1.22182,-2.75119,60.9202,-3.44933,1.91035,82.1057,-0.482339,-0.259233,1.62164,0.0128315
245.28,2.23772,2.39142,47.3839,-0.87153,1.1975,273.465,0.57684,-1.01135,1.19392,0.0128315
167.612,-1.72832,1.59331,138.924,3.60193,-0.587325,172.806,1.52711,-2.06677,-2.18063,-0.0128315
103.647,-1.57898,2.53806,103.178,1.54277,2.11146,103.38,0.618758,-1.11422,-0.426598,0.0128315
338.897,1.63972,1.82112,60.414,-2.07454,0.338506,219.85,0.575728,-1.33889,1.48261,0.0128315
396.317,1.43191,-2.95109,66.1498,-2.68242,2.02239,116.522,-0.95923,-0.0197394,1.30971,0.0128315
286.906,-1.73531,-3.04997,140.738,1.52206,1.16239,223.882,1.16161,-0.680903,-2.07083,-0.0128315
282,1.4124,-1.18191,109.278,-2.98042,1.51952,126.454,-0.609947,2.384,-2.70143,-0.0128315
200.393,2.44544,-0.55285,135.599,-1.3172,0.42461,236.621,-0.276441,2.99977,-0.977459,-0.0128315
152.78,2.32033,1.09197,55.1336,-2.71602,2.10679,75.1871,-1.36822,-1.98074,-1.01482,-0.0128315
192.135,2.48807,-2.83557,47.2198,-2.29626,3.02733,215.371,-0.453469,0.152674,0.420287,0.0128315
213.887,1.23458,-3.08727,54.8002,-3.68681,3.0588,205.984,-1.11039,0.060752,0.13712,0.0128315
174.127,3.23581,0.59136,98.7769,-1.36142,-0.673368,58.3254,-0.275398,3.00091,1.26473,0.0128315
44.3287,3.72893,-0.928982,44.1636,-2.69432,-2.89679,36.3897,-2.42906,0.546352,1.96781,0.0128315
96.5846,2.18979,-2.49982,41.1711,-2.08985,-0.581923,54.3972,-1.33525,0.718703,-1.9179,-0.0128315
256.601,-2.34504,1.35841,128.963,3.05536,0.450491,144.643,-0.271909,-2.19114,-0.907918,-0.0128315
199.253,-1.28466,-2.59381,155.314,1.93844,2.92734,264.687,0.522176,0.0254891,-0.76204,-0.0128315
171.779,-1.64328,-1.33623,153.606,1.46753,0.697068,97.0444,0.774796,2.32909,2.0333,0.0128315
155.243,2.26071,-1.31668,77.9475,-1.01339,2.63977,69.6163,1.7117,1.36323,2.32673,0.0128315
155.493,-1.20022,2.7144,56.6658,1.83486,-1.99911,107.029,0.00929068,-0.334824,1.56968,0.0128315
146.649,2.85826,-3.01265,54.6923,-2.26801,-0.630435,83.0832,-0.455961,0.275973,-2.38221,-0.0128315
282.017,-1.89857,1.15252,60.958,3.71542,-2.58534,77.7595,0.199668,-1.75485,2.54533,0.0128315
105.854,1.78512,-2.4059,64.4969,-2.187,3.0743,100.78,0.573814,0.681631,0.802992,0.0128315
117.577,-2.35196,-0.162308,62.1554,4.74533,0.560061,59.2716,-0.650213,2.90578,0.722368,0.0128315
302.404,-1.69206,-2.96876,62.4504,1.56253,2.67583,252.354,-0.664663,-0.0511344,-0.638589,-0.0128315
150.725,2.28845,-1.60865,85.7839,-2.52867,-2.09742,179.014,-0.303008,1.4587,0.488768,0.0128315
102.524,3.17733,0.156061,50.6615,-1.5285,1.7226,90.7633,1.33679,-2.00394,-1.56654,-0.0128315
147.735,2.37004,-1.07111,47.062,-2.90229,-2.76434,156.251,-1.25997,1.56909,1.69323,0.0128315
85.9043,2.31968,-0.0745109,62.3117,-1.54975,-2.09372,48.3579,-0.702624,2.6479,2.01921,0.0128315
170.775,-2.26687,1.41408,49.1348,4.51922,-3.10736,90.5079,0.153444,-1.41646,1.76174,0.0128315
238.345,-2.04643,-0.30525,86.7482,3.40685,-3.05911,139.119,-0.437483,2.23436,-2.75386,-0.0128315
175.333,1.96084,-1.4332,116.391,-1.75634,-0.447596,197.497,1.78809,2.08197,-0.985603,-0.0128315
301.88,-0.322185,-2.27749,60.6657,2.92279,2.47499,185.505,0.673016,0.615758,-1.53071,-0.0128315
84.9837,0.816838,2.58238,34.5861,-4.47669,2.22164,95.0463,0.730851,-0.435145,0.360738,0.0128315
183.665,-2.50913,1.05251,64.9669,1.01192,0.108429,89.5318,-0.106233,-2.36938,-0.944086,-0.0128315
237.714,1.9159,-1.76608,71.7657,-3.70357,-0.237182,179.926,-0.755838,1.72314,-1.5289,-0.0128315
333.751,-0.88396,0.86801,64.2509,3.41789,-0.0925779,282.023,0.0398928,-2.42027,-0.960588,-0.0128315
116.82,1.66904,2.05965,31.5726,-1.92844,0.491932,53.9457,0.931435,-1.4626,1.56772,-0.0128315
266.599,2.89598,-2.26974,90.2837,-2.97732,-0.654684,203.512,0.65237,1.07459,-1.61506,-0.0128315
128.2,1.46776,-0.876662,67.322,-3.12851,1.11327,73.6786,-0.927404,-2.89992,-1.98993,-0.0128315
175.823,1.36363,-1.33076,98.7204,-2.22176,2.92761,130.991,-1.36806,1.15936,2.02482,0.0128315
125.343,-2.14126,1.71262,93.2986,2.39874,-0.0385045,85.354,-0.144779,-2.46757,-1.75113,-0.0128315
152.991,2.17538,1.77889,89.587,-1.78401,3.02767,222.953,-0.510156,-1.19867,-1.24878,-0.0128315
222.958,0.756621,-0.480704,69.2846,-2.5089,0.964783,174.358,-0.77467,-2.938,-1.44549,-0.0128315
105.391,-2.73608,-0.0997119,58.5148,0.904177,1.44766,70.0968,0.694643,-2.75942,1.54737,0.0128315
143.551,-2.39037,2.13263,120.69,0.918076,-0.280683,67.8978,-2.18622,-2.29367,-2.41331,-0.0128315
220.943,-2.05116,2.39148,84.3723,1.31397,1.98711,267.768,-0.154001,-0.903533,-0.40437,-0.0128315
123.618,2.3448,-0.122911,101.731,-2.74358,-0.552945,178.939,1.33504,2.79078,0.430034,0.0128315
263.2,2.19478,-1.98729,31.1501,-3.82569,-2.77057,74.2907,-1.0438,1.01013,0.783276,0.0128315
150.757,2.55788,-0.161167,85.7899,-1.23591,-0.645523,261.173,1.26349,2.77989,0.484356,0.0128315
229.153,3.1216,3.09362,69.4471,-1.27859,1.10283,130.498,-0.747122,-0.310617,1.99079,0.0128315
237.95,2.34193,-1.79138,133.888,-3.4153,-1.20457,153.811,-1.32608,1.51775,-0.586811,-0.0128315
160.614,1.8009,2.5765,74.5151,-3.47655,0.997635,76.3117,-0.340534,-1.00226,1.57886,0.0128315
207.228,-0.4934,-0.920216,98.3126,2.88386,1.50364,122.963,1.57737,2.42816,2.42386,0.0128315
82.4096,2.4302,-2.12423,78.8526,-3.79679,-1.7084,97.0282,-0.604275,1.05533,-0.41583,-0.0128315
141.793,-2.468,-0.728448,35.2371,2.12992,-2.12373,146.264,-1.05385,2.38178,-1.39528,-0.0128315
225.728,-1.0587,-1.62002,47.7769,3.88253,-3.03246,93.4006,0.222694,1.40472,-1.41244,-0.0128315
117.695,-2.34607,2.31781,66.4619,1.38327,2.44918,150.122,-2.0766,-0.647339,0.131364,0.0128315
260.871,-1.46026,0.301243,93.1801,1.69098,1.88971,277.088,0.900335,-2.73868,1.58847,0.0128315
153.457,-1.91334,3.02912,148.894,1.88158,-2.48179,245.434,-0.419456,0.340763,0.772275,0.0128315
153.744,0.968233,-0.116074,46.4696,-4.06291,-1.18653,94.0655,0.291425,-3.00346,1.07046,0.0128315
237.567,-0.88131,1.09532,86.0213,2.16309,2.45729,106.628,-0.206638,-1.59267,1.36196,0.0128315
422.577,1.29144,-2.59657,123.173,-3.64048,2.82425,425.834,0.284237,0.125435,0.862372,0.0128315
313.102,-2.47918,0.389206,135.728,1.80342,-0.96955,323.266,-0.232792,3.14103,-1.35876,-0.0128315
296.477,-0.88066,-1.87916,83.4375,2.99171,-1.08775,269.868,-0.152559,1.42926,0.791408,0.0128315
138.768,-1.57617,2.54448,76.0945,2.48634,-1.47781,49.1267,0.529219,-0.348565,2.2609,0.0128315
186.786,1.1378,-1.73587,74.2818,-3.81953,-2.02057,202.288,0.262414,1.62155,0.284704,-0.0128315
190.884,-2.78639,-1.63376,138.063,0.599472,2.94315,137.324,-0.618569,0.672597,-1.70627,-0.0128315
172.807,-1.9418,-2.962,69.1144,1.10925,1.63998,121.703,-0.291652,-0.234536,-1.6812,-0.0128315
314.706,-2.434,-1.99047,42.4291,3.10285,2.01529,209.651,-1.32118,1.07817,-2.27743,-0.0128315
248.746,2.97664,-0.622345,112.193,-2.04407,-2.41421,237.915,0.973893,2.24025,1.79187,0.0128315
366.016,-1.58564,-1.12994,266.423,1.75254,1.43704,78.237,0.857275,2.35113,2.56698,0.0128315
285.25,0.59983,1.30426,61.7516,-3.39637,-0.665381,219.84,0.408285,-2.06245,1.96964,0.0128315
245.317,0.670589,1.97368,34.7362,-4.15068,-2.69616,166.795,-2.08999,-1.15051,-1.61334,-0.0128315
56.3549,0.461062,1.04325,55.8305,-4.52477,-2.55625,30.6844,-1.65171,-1.61369,-2.68369,-0.0128315
312.794,-0.868549,-1.6739,50.8665,2.71026,-2.78708,211.538,-0.009049,1.44488,-1.11318,-0.0128315
246.26,1.69791,-1.37943,148.228,-1.70591,-1.08151,255.428,0.865804,1.30467,-0.297926,-0.0128315
165.341,1.16327,2.87782,78.7497,-1.93628,-2.11359,97.522,-0.503045,0.456608,-1.29177,-0.0128315
199.358,2.59448,0.133964,63.118,-1.88719,-0.668386,163.271,0.458557,-3.0656,0.80235,0.0128315
87.705,1.0774,0.0410525,49.7324,-3.6729,1.30369,88.0986,-1.33456,-2.51116,-1.26264,-0.0128315
147.298,-2.06308,2.30062,48.6409,4.27458,-0.244131,120.627,0.0966535,-1.23133,-2.54475,-0.0128315
155.012,2.04169,-1.69813,46.7612,-0.990493,-1.16187,92.4417,-0.874637,1.65294,-0.536264,0.0128315
253.087,1.96658,3.04579,67.3475,-1.78671,-1.62254,253.845,0.589554,0.260628,-1.61485,-0.0128315
108.018,-1.728,1.84166,56.638,3.40533,1.32073,125.808,-0.182709,-1.39871,-0.520934,-0.0128315
306.197,2.31701,0.15082,93.8945,-2.31744,-1.66584,156.159,0.843769,3.12939,1.81666,0.0128315
165.011,-1.12507,2.73287,126.383,2.12274,-2.1206,179.43,-0.741233,0.218181,1.42972,0.0128315
139.944,-2.49915,0.285485,39.7474,2.46775,2.47879,66.0477,-0.608588,-2.71548,2.19331,0.0128315
467.635,2.23662,-0.752261,112.939,-2.82689,1.17179,431.904,-0.0170364,2.64775,-1.92406,-0.0128315
283.252,1.45611,1.86602,87.4292,-2.64144,-2.17357,92.4762,0.827415,-1.26428,-2.2436,-0.0128315
230.348,0.757873,2.21904,65.7946,-2.54924,-1.27282,82.7103,-1.63382,-1.01272,-2.79132,-0.0128315
277.703,-1.77823,0.641687,153.755,1.90131,-0.26372,167.547,-1.1457,-2.77132,-0.905407,-0.0128315
125.564,-2.09361,-0.726577,53.4392,3.35294,-1.92243,115.516,2.14765,1.9754,-1.19586,-0.0128315
108.051,-1.35936,0.816007,93.7467,3.13478,2.81835,62.6497,1.52301,-1.36059,2.00235,0.0128315
239.58,1.85837,-3.03132,121.757,-2.2614,-1.1093,92.0079,-1.4593,0.93784,-1.92202,-0.0128315
116.661,-2.65133,-0.79715,62.6445,2.85366,-1.56178,113.625,0.865191,2.14975,-0.764625,-0.0128315
90.378,-3.59174,1.53652,49.0935,0.000531502,0.0392082,51.043,-2.3698,-2.18486,-1.49731,-0.0128315
101.876,-0.558055,-0.330405,32.3588,4.32342,-1.78922,68.3244,1.77622,2.49403,-1.45882,0.0128315
97.3897,3.04582,-2.56719,74.1519,-1.18483,2.36205,60.9898,2.09487,0.547166,1.35394,-0.0128315
86.4591,1.96271,1.86604,54.8837,-2.50655,-0.308065,33.1735,-2.20993,-2.82873,2.17411,0.0128315
140.754,-0.449146,-2.36056,53.9173,3.77106,1.44571,67.9668,1.3932,0.335286,-2.47691,-0.0128315
114.796,-1.34282,-2.3362,38.3988,2.57063,2.17264,99.5729,-1.17934,0.78799,-1.77435,-0.0128315
236.706,-0.348808,-1.00427,168.766,2.99467,0.622038,121.31,0.86684,2.8038,1.6263,0.0128315
198.163,1.44186,2.43917,178.635,-1.92579,-2.57089,185.698,-1.41699,-0.144075,-1.27312,-0.0128315
170.708,2.73744,-1.82716,128.655,-1.26143,0.282216,138.768,1.27917,1.89686,-2.10938,-0.0128315
316.359,1.64393,-0.406701,34.7021,-3.77441,3.10262,162.379,-1.28607,2.67804,2.77386,0.0128315
253.928,1.00517,-1.87688,77.9604,-3.13319,-0.688115,108.982,-0.444069,1.54617,-1.18876,-0.0128315
110.99,-2.19614,0.043633,74.8357,2.49789,-1.37003,35.6351,-1.79191,2.84509,-1.41366,-0.0128315
120.243,1.68902,2.69424,88.8383,-3.98827,-1.49324,104.622,-1.44086,0.560276,-2.09571,-0.0128315
104.76,-3.11138,0.0167043,83.8115,1.64701,-1.86827,97.6312,-0.0963498,2.58234,-1.88497,-0.0128315
139.238,-0.538719,2.73311,46.5462,3.72213,1.45738,115.906,0.894527,-0.741822,-1.27573,-0.0128315
79.3069,3.30101,0.182165,37.2863,-1.45823,1.53607,69.6118,1.96857,-2.41982,-1.35391,-0.0128315
89.0036,-2.03289,-0.599142,57.3477,3.97355,0.193151,150.482,1.27832,2.86204,0.792293,0.0128315
105.164,-2.48801,1.95454,38.7807,2.05023,-2.28523,32.5008,-1.83438,-1.15093,2.04341,0.0128315
152.888,-2.35488,0.39751,119.498,2.18328,2.53066,94.8648,1.5535,-1.76356,2.13315,0.0128315
155.76,-2.96254,2.6089,51.8339,0.0559467,1.53497,47.5164,-2.01256,-1.4231,-1.07393,-0.0128315
240.151,-2.02136,1.18718,150.271,1.40256,0.314662,259.578,0.0879587,-2.26835,-0.872519,-0.0128315
121.068,-3.7218,1.739,60.5668,2.26103,-1.74645,67.3238,-0.0645582,-0.77142,2.79774,0.0128315
298.688,1.12446,-1.59528,37.861,-4.14474,2.91752,237.913,0.478732,1.43536,1.77038,0.0128315
140.039,2.69873,-1.09506,99.6397,-2.96904,-2.7585,92.3705,-0.835942,1.36911,1.66344,0.0128315
112.33,-0.699996,2.9659,74.7849,2.8527,-0.584008,51.6278,2.4112,-0.229202,2.73328,0.0128315
152.625,0.997308,0.27064,43.4295,-3.52238,1.4818,100.412,-0.101718,-2.61393,-1.21116,-0.0128315
108.072,-3.04323,-0.632719,86.2428,3.2751,0.637413,36.0003,-1.73295,2.22634,1.27013,-0.0128315
73.1784,-3.14942,2.97775,35.7419,2.657,2.0564,71.0626,-1.09225,-0.847473,-0.921354,-0.0128315
111.497,3.0885,-2.04208,76.961,-0.0487766,-0.619679,93.5739,0.833178,1.64833,-1.42241,-0.0128315
286.192,-2.0297,0.54336,62.019,3.29402,-1.14259,199.096,0.290228,-2.78642,-1.68595,0.0128315
117.524,-3.49788,-0.986481,74.6647,0.248785,-0.20304,156.641,-0.611933,2.53761,0.78344,0.0128315
237.363,2.06594,-1.7121,32.2562,-2.26326,-0.235633,133.2,1.97788,1.4867,-1.47646,-0.0128315
110.367,1.57524,1.21987,77.0509,-2.16733,0.0993868,75.841,-1.62791,-2.21183,1.12048,0.0128315
106.306,1.7285,-0.848,56.8572,-1.88983,2.98781,49.438,1.68157,1.91234,2.44738,0.0128315
238.387,1.41035,-0.656518,180.559,-2.28639,1.9931,116.955,-0.00249938,-2.63801,-2.64962,-0.0128315
196.008,1.18921,1.68876,52.365,-2.97002,0.0586819,65.4115,0.573882,-1.91263,1.63007,0.0128315
130.09,1.1438,-1.51228,48.6812,-3.09889,1.32194,85.2646,-1.76381,1.71923,-2.83422,-0.0128315
77.8285,2.75615,2.27146,74.2293,-1.65383,-0.704063,53.832,0.829061,-1.76694,2.97553,0.0128315
129.375,0.726295,0.888491,36.3733,-3.52972,-0.838487,96.497,-1.72766,-2.54275,1.72698,0.0128315
123.083,1.76296,1.56024,104.425,-3.2765,2.96172,50.3617,1.33415,-1.19839,-1.40148,-0.0128315
110.773,2.43212,-0.0280097,109.631,-1.21865,2.44003,76.5756,1.0375,-1.994,-2.46804,-0.0128315
82.3329,-2.69436,-0.537158,68.6726,0.962295,-1.46914,112.258,-1.36424,2.24312,-0.93198,-0.0128315
219.925,-0.121712,0.63031,99.0118,3.86509,-0.392743,234.795,1.00347,-2.82418,-1.02305,-0.0128315
152.545,-2.06623,-0.558429,68.3068,2.03414,1.27166,59.1245,1.55045,2.4209,1.83009,0.0128315
174.485,3.39286,1.13793,96.1425,-2.50176,2.18847,55.5487,0.718037,-1.08349,-1.05054,-0.0128315
92.2751,-2.16448,-0.868297,33.6773,4.00264,-2.9491,58.3815,2.83348,2.21521,-2.08081,-0.0128315
100.423,2.15096,-2.78648,54.2113,-2.54836,2.00989,70.8202,-2.15423,-0.542771,1.48682,0.0128315
94.9021,3.06576,1.80126,51.7317,-2.74687,-2.07996,93.9274,0.458331,-0.0523955,-2.40196,-0.0128315
132.668,-2.40715,0.193334,66.3795,1.50522,-2.04397,62.8432,-1.26034,-2.94442,-2.23731,-0.0128315
288.279,-1.89498,0.843418,112.845,2.38569,-0.0232775,169.53,-0.622993,-2.57284,-0.866696,-0.0128315
126.918,-2.35313,-1.68267,68.4397,2.26479,-1.02503,134.603,-1.23282,1.386,0.65764,0.0128315
150.02,2.07757,0.157134,54.4967,-4.2123,1.71046,54.7958,0.181681,-2.22185,-1.55332,-0.0128315
209.264,-1.90983,-2.15681,84.9713,1.49015,0.269607,90.8783,-0.0160528,1.42031,2.42642,0.0128315
596.006,0.917046,0.413202,116.621,-2.92419,1.92495,308.398,-0.957461,-2.31777,-1.51174,-0.0128315
130.812,-2.48048,0.767279,75.9122,1.84386,3.13405,68.5224,-1.12916,-2.17144,2.36677,0.0128315
101.972,0.332456,0.626625,53.3403,-3.48208,-1.66221,77.0681,-1.34562,2.5851,2.28884,0.0128315
154.945,2.65051,3.05201,70.4533,-3.55979,-0.633483,61.6542,2.10899,0.209232,-2.59769,-0.0128315
136.864,1.3964,2.70827,68.2619,-3.26124,0.733537,96.7076,-1.42627,-0.840589,1.97473,0.0128315
193.529,-1.99625,-0.772878,57.3601,1.86056,-2.78126,193.212,-1.51298,1.95478,-2.00838,-0.0128315
105.905,-0.989894,-0.246516,66.9916,2.13511,1.93797,40.7522,1.78535,-2.9223,2.18449,0.0128315
218.073,-1.53165,2.76165,116.72,2.20514,-0.72734,112.537,0.761693,0.734606,2.7942,0.0128315
259.703,2.65213,2.95363,51.9636,-2.62911,-0.938529,217.225,-0.439352,-0.0495197,-2.39103,-0.0128315
138.113,-1.14721,1.12981,63.5022,2.16826,-3.13608,75.6246,0.799471,-1.35768,2.0173,0.0128315
214.323,1.68006,-3.1038,81.5667,-2.75159,1.4715,121.977,-0.519642,-0.0295417,1.70789,0.0128315
371.89,1.54568,0.807095,155.387,-2.05078,-2.91875,82.4501,0.911972,-1.89389,-2.55734,-0.0128315
51.785,2.65519,1.10314,43.2475,-3.5059,0.338988,39.1779,-0.248166,-2.30921,0.764151,0.0128315
137.629,-1.15318,0.675552,106.451,2.67328,-0.793581,104.87,1.17063,-3.0034,-1.46913,-0.0128315
351.848,-1.53659,-0.175091,56.3545,2.1383,2.24527,108.499,0.844747,3.11324,2.42037,0.0128315
231.538,2.6396,-0.787667,93.0682,-0.936811,0.205859,133.499,-0.494992,2.60135,-0.993527,0.0128315
245.978,-1.96357,-0.164209,78.9188,2.2468,-1.62559,202.677,-1.29445,2.70096,-1.46138,-0.0128315
221.844,-1.87417,-1.62814,73.781,1.7157,2.2091,86.6638,1.16455,0.747939,-2.44595,-0.0128315
298.95,1.74777,-0.68906,274.779,-2.88466,-3.05532,117.801,-0.623236,1.5385,2.36626,0.0128315
150.29,-2.26399,1.05908,78.902,2.65001,2.10569,116.608,0.0749209,-2.10553,1.04661,0.0128315
106.504,-0.19631,0.243174,59.6783,4.10744,1.64672,94.3998,0.853408,-2.1769,1.40355,0.0128315
189.74,1.16161,-1.07396,85.3571,-2.66237,2.48735,114.563,-0.111071,1.87345,2.72187,0.0128315
75.992,-2.72613,2.48366,72.2675,1.47158,-2.36812,111.987,-0.0794422,-0.0888134,1.4314,-0.0128315
552.941,0.889673,-2.16995,64.6482,-2.42652,1.67219,232.004,0.834374,0.871668,2.44104,0.0128315
157.612,3.22808,3.06147,76.7118,-1.09793,1.25799,97.8431,1.29222,-0.498583,1.80348,0.0128315
135.828,-2.47686,-2.57773,60.6065,4.70705,-1.19723,47.6508,-0.161802,1.02986,1.3805,0.0128315
321,-1.94309,-1.56232,56.359,4.13958,2.97993,154.173,0.218886,1.25213,-1.74093,-0.0128315
168.532,1.8865,2.32491,67.1611,-3.14297,-1.50363,152.628,0.675595,-0.561982,-2.45464,-0.0128315
333.801,2.31944,0.251072,142.689,-1.93317,-0.839382,212.634,1.56674,3.10157,1.09045,0.0128315
67.242,-1.47331,-0.0712507,57.7926,2.49072,2.47984,57.0139,1.49891,-1.9216,2.55109,0.0128315
88.1052,0.847911,-1.00177,67.9947,-2.96788,-1.53494,120.418,0.381503,1.84313,0.533173,0.0128315
189.554,3.13051,1.97812,183.992,-2.68334,1.33121,260.989,1.03087,-1.49461,0.646915,0.0128315
131.322,-2.69618,-1.01922,43.6993,2.89561,2.63083,63.1248,0.364062,1.7218,-2.63313,-0.0128315
284.556,2.05531,-1.56766,135.185,-3.20148,2.17979,97.7032,-0.4231,1.01132,2.53573,0.0128315
80.24,-1.10841,-2.45289,55.2144,3.88177,-1.55066,103.71,1.4314,0.792156,0.902229,0.0128315
117.509,-2.33529,-0.970811,56.8766,3.54551,1.65225,62.9853,2.09945,-2.76245,2.62306,0.0128315
193.445,2.52816,1.05343,78.7392,-1.61563,3.01728,135.617,-0.205706,-1.79232,-1.96385,-0.0128315
191.102,1.44868,0.714313,110.21,-1.67691,-0.713188,75.7569,-0.92474,-3.06263,1.4275,0.0128315
80.4527,1.9837,-1.81084,46.618,-2.50091,-2.34375,117.43,-1.10522,0.920973,0.532905,0.0128315
121.749,3.7334,0.543033,66.4325,-1.90228,-2.08492,94.2431,2.22249,2.99197,2.62795,0.0128315
71.1098,-2.37284,-3.12578,43.8584,4.21774,-2.18395,54.5085,-1.17191,-0.418132,0.941826,-0.0128315
122.405,-2.59757,-1.30938,122.061,0.513945,0.418358,58.3314,-1.61893,2.32057,1.72774,0.0128315
110.096,-0.141542,0.847522,65.5445,3.48026,1.67001,85.1571,0.892926,-1.97472,0.822484,0.0128315
134.01,1.26492,-1.89341,127.015,-2.84201,0.388966,82.2693,-1.99272,2.0697,-2.28237,-0.0128315
199.262,2.32934,-2.68904,152.634,-1.90814,-0.898417,143.966,-0.759434,1.336,-1.79062,-0.0128315
89.946,-1.75299,-1.81418,38.2705,3.21229,-0.64975,55.977,-0.612402,2.09245,1.16443,0.0128315
210.449,3.41519,0.708838,144.477,-3.62101,2.71782,140.72,2.06685,-1.52836,-2.00898,-0.0128315
294.357,-2.13749,-2.46675,85.7085,4.63067,1.22844,214.934,-1.16103,0.344041,-2.58799,-0.0128315
66.9074,-1.56077,2.30032,43.0354,3.75724,1.19395,97.573,0.227976,-1.06937,-1.10637,-0.0128315
160.845,0.130758,-2.92634,36.9541,-4.45219,0.223589,83.651,-0.730505,0.167989,3.13325,-0.0128315
137.581,1.06731,0.619513,46.3064,-3.15513,1.65724,133.062,0.0864309,-2.22618,-1.03773,-0.0128315
112.053,0.942364,-0.0859883,75.1803,-2.06388,-0.94238,51.027,-0.94463,3.09826,0.856391,0.0128315
208.117,-1.21407,1.6125,33.7271,3.04112,0.376528,61.4538,-0.223766,-1.72233,-1.23597,0.0128315
107.815,1.33251,-1.45976,50.4975,-1.99916,-2.64368,76.6946,-1.26957,1.28091,1.18392,0.0128315
151.783,-2.50731,-0.642425,45.0511,1.52687,-0.258014,50.9829,-0.997198,2.72704,0.384411,0.0128315
332.788,2.01347,0.628024,79.5603,-3.65585,-1.24356,149.839,-0.780707,-2.93178,1.87158,0.0128315
143.603,1.03403,0.0388426,51.7752,-3.97293,-1.44896,68.0743,-2.61093,2.7209,1.4878,0.0128315
209.911,2.23456,-2.5747,154.191,-2.0857,1.95184,133.177,-0.192859,-0.410888,1.75664,0.0128315
155.752,1.87785,-1.29482,97.5809,-2.88878,0.601072,103.797,0.895604,2.66085,-1.89589,-0.0128315
225.972,-1.10608,-0.248844,70.8367,3.43501,-2.3584,102.597,1.18286,2.70216,-2.10955,-0.0128315
93.4498,1.52346,1.63629,74.3883,-2.27571,3.13832,93.3954,-0.977637,-0.923605,-1.50203,-0.0128315
72.1613,2.38225,1.93103,32.0383,-3.53835,-1.72217,35.1467,-2.09937,-0.603344,-2.62998,-0.0128315
216.777,2.18567,-0.234459,56.6004,-2.789,0.645975,215.96,-1.24701,3.0399,-0.880433,-0.0128315
106.496,-1.69948,-1.17675,72.0019,3.77017,-0.35077,103.368,0.817808,2.18598,0.825983,0.0128315
116.333,1.26099,-1.70582,73.666,-2.65321,-0.966636,147.45,0.788401,1.819,-0.739182,-0.0128315
191.387,-3.27888,-3.03331,88.7733,4.30144,1.65283,70.3968,1.84934,-0.742834,-1.59704,-0.0128315
136.151,-2.60698,2.12362,107.546,1.25961,-0.582243,95.754,0.0901358,-1.67914,-2.70587,-0.0128315
328.047,-1.43884,1.60082,176.21,2.9644,0.190791,113.845,-0.679286,-1.90778,-1.41003,-0.0128315
99.0966,-2.04452,-2.50467,72.3012,2.38304,-0.770371,109.389,0.00614175,0.950429,1.7343,-0.0128315
195.431,-2.01948,0.845565,102.672,3.18427,-1.2892,76.7253,-0.891768,2.72661,-2.13477,-0.0128315
97.308,-0.875806,-2.78532,65.9657,2.82638,-2.83239,106.91,0.0127351,0.58025,-0.0470705,-0.0128315
164.719,-2.3093,-2.88393,161.292,2.24003,1.64017,120.906,0.911552,-0.592597,-1.75908,-0.0128315
101.774,-2.4828,-0.0533614,90.1862,1.58475,-1.5988,63.1279,-1.53756,-3.10732,-1.54543,-0.0128315
150.998,-0.739914,-1.83336,51.6431,2.44908,-2.38988,86.7923,2.2257,1.22237,-0.556521,-0.0128315
133.825,-2.34442,-0.98555,57.8706,3.43141,-1.45752,132.984,0.148731,1.8648,-0.47197,-0.0128315
114.858,-1.29705,1.17083,74.174,2.84051,-0.569482,102.095,1.44644,-2.73168,-1.74031,-0.0128315
74.0102,3.46144,-2.5784,39.1234,-0.915254,-1.57265,92.1683,1.7863,0.618264,-1.00575,-0.0128315
130.322,-1.07961,-0.73528,78.3663,2.72327,1.16295,52.4159,0.430774,2.32531,1.89823,0.0128315
83.402,-1.47898,2.81347,52.197,3.66276,2.97993,47.1095,1.60434,0.586925,0.166461,0.0128315
353.006,-2.42718,2.80601,68.9625,1.10963,0.521279,135.506,-0.743246,-0.268233,-2.28473,-0.0128315
93.3283,0.575642,1.55889,87.6909,-3.15628,-3.11037,106.801,-1.97665,-0.945978,-1.61393,-0.0128315
308.014,2.33124,-2.49255,60.2687,-3.4605,-0.855057,118.234,-0.179315,0.966955,-1.63749,-0.0128315
266.699,-2.44376,1.80638,231.692,0.663873,0.00496138,249.995,-0.459295,-2.42837,-1.80142,-0.0128315
261.138,-1.03695,-2.57689,185.626,2.16676,1.80714,137.026,1.27446,-0.13955,-1.89915,-0.0128315
107.561,2.90946,-2.25123,64.9614,-2.22755,2.39476,85.3522,-0.715591,-0.144329,1.6372,0.0128315
327.85,1.55549,2.62589,192.485,-2.0267,0.925385,95.1511,-0.436519,-1.09578,1.7005,0.0128315
77.4257,2.83283,2.92397,76.67,-2.90606,0.533305,56.8107,-1.11136,-2.36878,2.39067,0.0128315
295.908,-0.897869,-2.02882,71.7386,3.64687,0.231218,126.931,2.19866,1.33564,2.26004,0.0128315
288.048,-1.76415,-1.28996,114.727,2.70874,2.34561,235.455,0.159722,2.41278,-2.64761,0.0128315
196.274,3.06746,1.85481,167.221,-1.2842,0.540256,86.6748,1.81474,-1.93172,1.31455,0.0128315
260.997,-1.38235,-0.727083,138.287,3.48552,-1.61254,268.377,0.322449,2.02995,-0.88546,-0.0128315
164.577,-2.46567,-2.42082,109.004,1.11811,2.76897,194.217,-0.098051,0.42556,-1.09339,-0.0128315
110.64,1.46276,-1.00706,108.328,-1.99132,2.23185,40.3917,-0.720477,-2.66598,3.04427,-0.0128315
120.97,3.25995,1.34555,113.065,-1.3591,-0.124574,66.6668,-0.11844,-2.96726,1.47013,0.0128315
252.74,-2.61202,0.828999,81.7402,2.6712,-0.844253,138.262,-0.0585649,-2.49897,-1.67325,-0.0128315
289.441,1.72429,3.12962,66.7678,-3.17212,-1.1458,186.248,-1.66593,0.255294,-2.00776,-0.0128315
156.481,0.854908,-2.94487,112.281,-3.3148,-0.785891,58.1855,-1.33939,1.02718,-2.15898,-0.0128315
196.892,-2.16975,2.94814,51.0971,2.37844,2.04987,170.037,-0.302546,-0.302243,-0.898269,-0.0128315
47.1064,-2.13485,0.727732,47.0538,2.3079,-1.40295,89.2272,-1.33054,2.8471,-2.13068,0.0128315
88.0601,-3.24785,-2.59211,75.149,1.77731,2.45381,76.1271,0.117096,0.163669,-1.23727,-0.0128315
127.741,-2.09942,2.14039,96.4298,3.13189,0.621258,128.485,0.895759,-1.58514,-1.51913,-0.0128315
100.233,-1.24339,0.948947,97.2253,1.76333,2.86697,40.671,-0.685398,-1.16821,1.91802,0.0128315
259.302,2.17226,1.84002,71.9683,-2.85809,0.925544,170.46,1.24761,-1.33577,0.914472,0.0128315
162.526,0.563172,1.24783,122.516,-3.47285,2.23247,149.8,-1.3508,-1.27788,-0.984637,-0.0128315
131.233,2.15281,-0.0405966,32.0175,-4.08105,-2.45438,88.0805,1.14,2.9357,2.41378,0.0128315
314.04,-2.46205,-2.63818,36.0118,2.31241,1.30884,170.341,0.813952,0.419931,-2.33617,-0.0128315
270.686,-1.97138,2.22203,59.0146,3.98778,0.273839,89.1767,2.30132,-1.30402,-1.94819,-0.0128315
149.715,-1.86608,-3.08044,124.527,2.54254,-1.22546,100.015,-0.135912,0.884149,1.85497,0.0128315
118.535,-1.6185,-1.4189,111.015,1.80366,-1.92521,51.5855,-1.58346,1.84586,-0.506313,-0.0128315
87.4195,1.86884,-2.39206,63.4114,-2.79855,0.145314,31.3586,-1.20573,1.77118,-2.53737,-0.0128315
90.7924,-3.23439,-1.79577,45.1923,0.441182,2.29783,45.382,-0.508407,0.978344,-2.18959,-0.0128315
184.089,2.5148,1.20313,49.3069,-2.61299,3.05278,188.343,0.78453,-1.37183,-1.84965,-0.0128315
95.7617,-2.21254,-2.76414,91.7651,2.55882,2.55351,84.8238,-0.952443,-0.416087,-0.965541,-0.0128315
152.825,-1.97702,-3.05605,48.8589,2.6429,1.12298,99.9357,-1.3059,-0.184505,-2.10415,-0.0128315
184.01,-1.6477,-1.29783,37.1322,4.061,2.47628,116.795,-1.13513,2.00046,-2.50908,-0.0128315
219.777,1.88265,0.0836152,130.609,-2.45335,0.864977,143.562,0.449606,-2.75303,-0.781362,-0.0128315
114.787,2.01214,-1.82067,51.056,-1.68731,3.03538,86.7677,1.09052,1.04554,1.42714,0.0128315
98.9688,3.55138,0.49992,68.4896,-0.765454,1.72993,93.0557,2.21993,-2.31776,-1.23001,-0.0128315
118.943,2.38761,1.7062,114.427,-2.24403,-2.92657,125.918,-0.369024,-1.16124,-1.65042,-0.0128315
105.203,-2.66797,-2.61589,46.0928,2.67159,1.91342,64.4803,1.76491,-0.0998866,-1.75387,-0.0128315
138.034,-2.27192,-2.49767,89.1544,1.59756,-0.492904,75.8285,-0.948139,1.38152,2.00477,0.0128315
220.66,2.34044,2.14615,77.7009,-2.70669,-2.13208,127.248,-0.100158,-0.507551,-2.00495,-0.0128315
109.657,-2.50562,-2.56841,68.9912,0.898829,2.81066,103.27,-0.709923,0.222546,-0.904112,-0.0128315
115.271,-1.78429,0.823001,41.9994,2.40889,2.10422,113.22,1.36837,-2.26008,1.28122,0.0128315
493.947,0.621246,-3.10586,82.1777,-4.67581,0.841546,189.816,0.0566722,-0.0915125,2.33578,0.0128315
351.763,-1.877,0.773481,95.3909,3.10658,1.12597,148.269,0.991828,-2.24872,0.35249,0.0128315
123.48,-3.57399,2.41782,86.045,2.54954,2.44944,84.31,-2.15447,-0.35092,0.0316207,0.0128315
263.488,1.98685,1.46544,159.766,-1.20879,-0.163247,136.445,0.478847,-2.33732,1.62869,0.0128315
82.8835,-2.95416,1.89394,80.8662,0.882776,-2.61466,56.177,0.724163,-0.172551,1.77459,0.0128315
387.544,-3.20903,-1.70131,95.086,2.49894,2.28802,136.247,1.3379,1.03002,-2.29386,-0.0128315
188.658,-1.75454,-1.9649,129.261,3.40625,2.72775,149.967,-0.971804,0.398367,-1.59053,-0.0128315
115.805,1.3541,-0.315342,46.6233,-3.51204,-0.15206,121.727,-0.550568,2.56354,-0.163283,0.0128315
125.175,-1.7518,-0.063164,43.1104,2.26098,-1.15617,62.3345,-0.729127,2.74392,-1.09301,-0.0128315
181.919,-0.513147,1.34105,48.745,3.79435,1.7897,126.868,2.17655,-1.67027,0.448646,-0.0128315
179.532,-2.81511,1.93611,121.206,1.1937,1.61182,196.752,0.146988,-1.39463,-0.324286,-0.0128315
92.7274,-2.26783,-0.337464,45.3952,2.90572,-1.75912,41.6167,1.33055,2.66489,-1.42166,-0.0128315
112.47,-0.40798,-1.04388,53.7853,3.19362,-1.95913,92.5459,0.0920286,2.19729,-0.915242,-0.0128315
246.067,-1.01031,-0.519824,133.906,2.67979,-1.61579,309.186,1.11278,2.23949,-1.09596,-0.0128315
262.063,2.47228,-1.89675,134.878,-2.74449,1.86857,205.623,-1.63052,0.993126,2.51787,0.0128315
96.9066,1.58131,-1.22533,72.6186,-2.1196,1.20288,85.1117,-0.802699,-2.38664,-2.42822,-0.0128315
249.269,-2.47076,1.3094,38.8949,1.64196,-3.10738,162.879,0.657204,-1.64275,1.8664,0.0128315
149.639,1.42596,0.169548,55.3947,-3.26623,2.18349,58.0001,-0.202228,-2.61744,-2.01394,-0.0128315
67.7635,-0.592211,1.64604,49.0849,4.14388,-0.647355,30.271,2.61172,-2.22538,-2.29339,-0.0128315
304.472,-1.16483,2.57819,236.101,2.07306,-2.06358,143.973,0.93383,0.4533,1.64141,0.0128315
179.299,-2.41571,2.17117,66.6567,0.741684,-0.278157,158.723,-0.392209,-1.03262,-2.44933,-0.0128315
136.721,-2.5984,2.37935,96.8697,2.86487,0.903675,132.708,1.36871,-1.41336,-1.47568,-0.0128315
146.418,1.88405,0.938557,32.7202,-2.13052,-1.22784,83.8994,1.40992,-2.63228,2.1664,0.0128315
129.325,-3.06386,-0.785868,96.9693,2.84492,0.627894,103.16,0.169139,3.03088,1.41376,0.0128315
221.779,-2.57773,-2.94477,31.4345,2.42723,1.59507,163.484,-0.454164,-0.0391941,-1.74335,-0.0128315
246.308,2.29952,2.08025,101.656,-1.17101,0.110197,44.6975,1.08572,-2.57849,1.97005,0.0128315
188.342,-1.25241,-0.890483,96.923,2.21185,-1.59857,290.53,-0.328931,2.24301,-0.708092,-0.0128315
105.448,-0.520068,-1.02479,47.1621,3.23901,-2.33074,66.399,0.560801,1.87421,-1.30595,-0.0128315
114.849,1.21162,-0.522371,65.1035,-1.89001,0.357418,121.905,0.84017,2.91253,-0.879789,-0.0128315
116.568,2.26169,-1.05498,58.2304,-1.01901,-1.52164,128.358,0.80337,2.16235,0.466655,0.0128315
147.431,1.42725,2.97169,98.7847,-2.21185,1.80493,183.904,-0.526935,-0.557642,1.16676,0.0128315
84.7799,-1.88882,-1.58744,69.9925,2.90749,0.51248,109.265,-0.378636,2.2483,2.09992,0.0128315
167.319,1.71542,2.14693,153.82,-2.54489,-2.51104,173.639,0.727846,-0.389504,-1.62522,-0.0128315
204.653,-0.23508,0.561592,160.49,3.08612,-0.985651,151.729,0.739958,2.93836,-1.54724,-0.0128315
117.247,2.65213,-0.302913,78.8854,-3.73311,-0.701455,136.702,-1.65573,2.30341,0.398542,-0.0128315
219.267,-2.67121,-0.473981,69.4523,4.56071,-2.3311,97.8438,0.36522,2.35054,-1.85712,-0.0128315
117.667,-0.292692,-2.6677,37.8287,4.59604,1.93454,86.0437,2.25285,-0.0452345,-1.68094,-0.0128315
401.59,-1.46039,0.475872,30.1683,3.74621,-0.890532,347.127,0.574491,-2.75226,-1.3664,0.0128315
135.673,1.24795,-2.12887,83.1444,-3.02896,2.58986,99.7409,0.0627178,0.423053,1.56446,0.0128315
43.7896,-2.057,-1.40586,43.5805,2.92544,-0.442736,35.879,-1.16015,2.2632,0.963123,0.0128315
129.981,2.51429,-0.526191,30.7381,-1.66387,2.81438,42.7352,0.81105,2.49053,2.94261,-0.0128315
122.811,1.21546,-1.71994,116.084,-1.86139,1.71813,53.4311,-0.61053,0.265093,2.84512,0.0128315
283.587,1.87391,-1.41694,199.408,-2.45501,0.222712,126.371,-0.119336,2.61654,-1.63965,-0.0128315
169.934,2.00647,-2.97518,98.3522,-1.94043,2.43818,174.245,0.630183,0.137275,0.869831,0.0128315
148.231,-2.14513,2.01309,42.735,3.36536,-1.46969,72.9822,0.911737,-0.327785,2.80041,0.0128315
81.9863,-2.00768,0.759193,70.1653,2.92249,1.48651,74.4346,0.499325,-2.2346,0.727316,0.0128315
442.69,2.07631,-0.655992,69.5516,-2.79182,-1.8275,225.905,-0.260546,2.33579,1.17151,0.0128315
109.882,-2.89346,1.51339,48.9588,0.379733,2.82227,78.7214,-0.142842,-1.37893,1.30888,0.0128315
203.87,2.34843,-2.57258,98.5745,-2.87354,-2.02758,278.97,-0.717577,0.800306,-0.545,-0.0128315
169.298,1.72909,0.249811,157.924,-2.62745,2.10502,120.618,0.291386,-2.29665,-1.85521,-0.0128315
267.99,-1.16898,-2.31853,31.246,3.78215,0.447813,239.665,1.41058,0.811807,2.76635,0.0128315
242.974,2.71801,0.156682,146.998,-0.627235,-1.6806,107.35,2.14901,2.76404,1.83728,0.0128315
302.779,2.33018,-0.0497881,151.383,-1.89095,-2.89369,97.3949,-1.14326,2.80074,2.8439,0.0128315
87.883,2.91463,-3.09848,65.9258,-0.852394,3.03343,53.6846,1.04699,-0.120282,0.151268,0.0128315
323.148,2.33937,-2.41028,41.3599,-3.72386,-0.961008,276.132,1.90327,0.830164,-1.44927,0.0128315
213.125,2.74532,-2.69624,95.5585,-1.97746,1.52795,143.788,1.60193,0.143012,2.05899,0.0128315
95.0961,0.808744,-0.00297021,69.9066,-2.24282,-1.81639,106.726,-0.145336,2.54596,1.81342,0.0128315
143.223,-1.45214,1.17995,91.5929,2.83591,-0.228894,54.8894,0.822953,-2.3911,-1.40884,-0.0128315
160.77,2.47978,-1.79308,42.1509,-1.05769,-1.80064,201.725,0.861832,1.36062,0.00755632,-0.0128315
141.495,2.00735,-2.88127,68.3022,-2.26684,-0.59879,114.066,1.62807,0.636783,-2.28248,-0.0128315
177.71,2.53383,-2.3724,104.363,-2.11228,-3.10823,100.558,1.21598,0.227162,0.735835,0.0128315
360.547,-1.32749,2.01682,221.769,2.87208,0.284547,105.625,-1.01553,-2.03099,-1.73227,-0.0128315
299.908,-0.825222,-1.44915,115.684,2.21289,2.58897,143.873,-0.0132145,1.08293,-2.24506,-0.0128315
118.18,1.96778,2.51618,111.029,-3.25769,2.00558,165.113,1.08629,-0.812797,0.5106,0.0128315
88.1117,-2.8095,2.47505,76.5788,3.17118,-2.92432,117.678,-0.381301,-0.400266,0.883807,0.0128315
323.994,2.65991,1.41516,202.82,-2.30674,-3.09843,217.574,0.111886,-1.16149,-1.7696,-0.0128315
278.797,-0.526289,-1.73677,64.8697,2.64675,-1.08381,210.779,0.403019,1.66114,0.652957,0.0128315
106.185,3.12571,-0.963537,44.5651,-1.84952,2.55726,83.1579,0.927272,-2.72334,2.76239,-0.0128315
202.321,1.8438,1.16887,146.154,-1.48328,-2.83949,145.069,-0.210064,-1.20757,-2.27483,-0.0128315
172.838,-1.65022,1.38,96.208,2.49083,-2.38541,49.1264,-1.04325,-1.97233,2.51778,0.0128315
212.334,-2.6517,2.27993,68.8427,3.07099,-0.00349346,221.418,0.565393,-1.11741,-2.28343,-0.0128315
247.655,-0.216421,1.35145,49.9313,3.09376,-1.22976,164.882,1.41574,-1.94594,-2.58121,0.0128315
172.003,2.42139,-1.19627,91.3887,-2.852,-1.94433,330.864,0.0986942,1.95391,0.748066,0.0128315
162.657,3.1434,0.248877,33,-2.59354,0.709216,108.458,0.442641,-2.78073,-0.460339,-0.0128315
143.345,-2.17436,1.08912,40.8612,3.08263,-0.648324,99.1767,0.503338,-2.32829,-1.73744,-0.0128315
136.333,1.2113,-0.0333766,104.909,-2.61759,1.05712,73.555,-1.04212,-3.06299,-1.0905,-0.0128315
236.146,-2.36648,1.65869,107.604,1.75692,-2.4328,49.947,-0.0458877,-1.30795,2.19169,0.0128315
106.638,1.54897,-1.37314,68.368,-3.1254,-1.88838,116.444,-1.35045,1.41886,0.515246,0.0128315
108.15,-0.218587,-2.19265,68.2479,3.12718,-1.25494,65.6502,2.0667,0.701788,0.93771,0.0128315
72.7365,-2.52891,1.84803,36.5912,2.53418,-2.52895,34.6353,0.173195,-1.51749,1.90621,0.0128315
184.294,-1.42211,0.754822,61.5505,2.17931,-1.68097,135.795,-0.429918,-2.57817,-2.43579,-0.0128315
146.324,-1.64184,-0.559451,83.8531,3.2553,1.48002,60.6398,1.11415,-2.51055,2.03947,0.0128315
303.546,1.93733,-1.51192,100.058,-3.80854,0.237259,131.693,0.253201,2.19214,-1.74918,-0.0128315
115.958,-2.8898,0.572356,79.3024,3.52553,1.58824,75.7387,-2.50979,-2.60033,1.01588,0.0128315
105.826,2.32653,2.76723,55.5624,-3.58118,-2.25176,120.465,0.798625,-0.0700514,-1.26419,-0.0128315
224.026,2.60419,0.617071,77.7523,-3.40245,-0.425829,184.932,-2.3154,-2.85838,1.0429,0.0128315
205.823,-1.67164,2.51712,61.1682,1.59877,-1.70383,107.015,-0.86473,-0.32714,2.06223,0.0128315
93.5436,-0.337871,0.868031,48.559,3.51884,-0.397427,45.9392,0.888186,-2.35633,-1.26546,-0.0128315
114.116,-0.705662,-2.00669,50.9571,3.58648,-2.29329,75.5351,1.86807,1.13449,-0.286603,-0.0128315
72.9244,0.827244,0.311451,61.9494,-3.01235,2.47842,27.0616,0.197903,-2.71953,-2.16697,-0.0128315
100.994,2.33307,-2.54327,66.9234,-1.44369,2.27917,95.9297,0.9418,0.262298,1.46074,0.0128315
256.416,0.750916,1.39511,146.098,-2.54334,-1.24919,84.7567,-0.311837,-2.27888,2.64431,0.0128315
105.242,-2.58828,0.910581,92.116,3.68546,1.4193,152.987,1.97054,-2.01671,0.508714,-0.0128315
103.787,2.88768,0.932291,66.0166,-1.79001,-0.312058,41.3768,1.05783,-2.7403,1.24435,0.0128315
106.703,3.03576,3.05509,53.2118,-2.01825,2.01336,102.633,-0.843141,-0.550256,1.04173,0.0128315
123.784,-1.44395,-1.76932,79.5062,2.88946,-2.23841,180.47,0.491095,1.01516,-0.46909,-0.0128315
180.788,-2.29337,-2.51696,117.241,1.39724,-0.744899,75.4898,-0.214594,1.32444,1.77206,0.0128315
192.842,0.871026,-2.5763,64.0949,-2.22583,-1.12999,124.559,0.0414781,0.824191,-1.44632,-0.0128315
100.743,-0.836856,-2.82211,60.1,2.38725,-1.31595,96.3634,0.647484,0.756863,1.50616,0.0128315
144.333,-1.64702,-2.73463,35.1962,3.80069,2.66509,86.8577,1.61312,0.610178,-0.883464,-0.0128315
111.723,-1.67821,-2.69809,95.3739,3.44638,1.31207,72.2423,0.841541,-0.194581,-2.27302,-0.0128315
161.859,2.45904,-0.98457,80.5036,-1.65445,1.24173,69.9663,1.3289,3.04201,-2.2263,-0.0128315
92.5966,-0.356413,-1.89243,54.9167,3.1894,2.83762,80.7842,0.480588,0.76633,-1.55314,-0.0128315
99.9876,-1.4151,1.86743,46.8411,3.60532,-2.17915,44.1274,1.8824,-0.950646,2.23661,0.0128315
297.26,2.45363,-2.33057,82.4074,-0.870905,0.254886,136.668,-0.365054,0.860898,-2.58546,-0.0128315
118.387,-2.28968,-2.18225,67.9983,1.83779,-0.278974,87.6361,0.633831,1.51001,1.90327,0.0128315
359.662,1.31538,-2.56462,69.6711,-2.82018,-0.326415,236.032,0.217551,0.586484,-2.2382,-0.0128315
143.381,-3.4205,-3.01036,44.0329,3.61034,2.15369,76.0391,-0.521125,-0.244987,-1.11913,-0.0128315
108.021,-2.29148,-2.33874,104.083,1.80266,-1.10147,130.492,-0.750373,1.2898,1.23727,0.0128315
148.631,1.89581,-2.22832,132.216,-1.31609,0.314862,89.6914,1.56608,2.04988,-2.54318,-0.0128315
262.91,2.63005,2.67726,44.4088,-1.0852,1.8415,238.63,0.181342,-0.640256,0.83576,0.0128315
513.763,0.56343,-0.861627,115.798,-2.78947,3.09811,307.476,0.026209,2.14319,2.32345,0.0128315
142.57,1.88012,1.51302,51.2105,-1.64276,-0.766547,45.3086,0.992362,-2.3517,2.27957,0.0128315
175.938,2.64293,1.88877,125.541,-1.36291,-3.06388,200.439,-0.279874,-0.579261,-1.33054,-0.0128315
196.467,-1.41016,1.68827,116.333,3.09411,-0.219199,233.964,1.214,-1.68754,-1.90746,-0.0128315
199.642,-1.99038,-2.25453,98.849,2.11894,-1.34751,201.138,1.19237,1.24157,0.907022,0.0128315
201.91,-1.00368,-2.08977,43.9654,3.46451,-2.29095,193.942,1.42587,1.04309,-0.20118,-0.0128315
79.8351,1.91076,-0.163399,36.2218,-2.25701,-1.58961,70.6504,-1.25983,2.85258,1.42621,0.0128315
132.448,-2.36012,-0.104254,108.8,0.932477,1.84426,88.9453,0.281893,-2.75076,1.94851,0.0128315
151.783,1.15066,-0.969708,143.927,-3.42978,-0.897003,185.251,-1.05449,2.23558,-0.0727053,-0.0128315
245.757,0.119226,2.50836,71.2932,-3.60124,-1.9588,180.875,-1.23129,-0.605788,-1.81603,-0.0128315
122.709,1.27086,1.43255,67.0664,-3.75153,-0.517634,68.72,0.192704,-2.01502,1.95019,0.0128315
138.465,1.08416,-1.88342,78.6595,-2.61681,3.13243,115.741,-0.64212,0.909683,1.26733,0.0128315
143.148,1.084,-3.03475,71.1851,-3.90817,3.08875,216.778,-1.45122,0.0570132,0.159692,0.0128315
163.103,-2.1218,-2.29872,49.6057,1.61162,2.51309,115.358,-0.402628,0.28491,-1.47137,-0.0128315
159.411,-1.38135,-0.601769,42.4383,1.77422,0.507729,135.667,-1.33393,2.83259,1.1095,0.0128315
151.421,2.45041,1.4248,64.0122,-2.36814,-0.360117,140.678,1.21711,-1.94843,1.78491,0.0128315
185.188,-2.32648,-0.0782633,86.533,1.39604,1.27876,148.78,-1.16901,-3.08644,1.35702,0.0128315
163.545,2.07654,0.429504,140.926,-1.50653,0.961482,187.194,-0.12016,-2.25893,-0.531978,-0.0128315
86.6278,-2.47291,-1.7915,85.2829,2.64779,-0.0290421,80.9684,1.68158,2.52338,1.76245,0.0128315
177.135,2.82251,-1.6926,72.13,-3.08723,-2.738,83.7647,0.850592,1.27637,1.0454,0.0128315
144.018,-2.90576,-1.56639,58.9507,2.52638,0.106628,80.4026,-0.513452,1.87517,1.67302,0.0128315
69.3803,2.19256,3.06764,32.7664,-3.01876,-1.54984,67.6425,0.741259,-0.441925,-1.66571,-0.0128315
105.274,-2.26073,2.19618,41.7442,2.66411,-2.44802,87.8449,-1.57703,-0.434425,1.63898,0.0128315
90.8179,-2.45842,2.95893,84.5905,3.02111,-2.99768,73.2138,0.309816,-0.292285,0.326577,0.0128315
56.815,3.31821,-2.23126,49.5542,-4.45853,-1.13535,65.3321,2.51856,2.20149,-1.0959,-0.0128315
80.2986,-1.55783,1.98394,34.8797,2.75021,-2.66629,80.3138,-0.383081,-1.02608,1.63295,0.0128315
175.834,-2.74861,0.893406,52.2136,0.361748,0.0432818,284.2,-0.688942,-2.72597,-0.850124,-0.0128315
137.15,-0.240443,-0.461713,69.2407,3.09138,-2.17636,117.546,0.965874,2.15652,-1.71465,-0.0128315
182.159,2.6752,2.4084,151.983,-1.25418,3.0606,170.084,0.358138,-0.509446,-0.652202,-0.0128315
173.373,-1.35998,-0.787195,120.166,2.46812,1.15201,135.354,0.141683,2.9413,1.9392,0.0128315
288.338,-2.44737,1.9094,152.781,1.6746,2.34139,261.517,-0.138744,-0.972061,0.431986,0.0128315
107.591,2.5771,0.413103,38.5718,-3.033,2.46514,106.099,-1.19097,-1.98339,-2.05203,-0.0128315
96.2826,-2.05444,-1.23503,48.8457,1.7599,-0.998323,96.6903,-2.2064,1.96169,0.236707,0.0128315
121.396,2.30947,-0.793223,114.452,-3.56295,0.949222,62.5634,-2.44495,-2.64272,-1.74245,-0.0128315
199.144,-0.588327,2.965,48.063,4.40147,1.16519,113.646,0.284621,-0.07916,-1.79981,-0.0128315
175.676,2.8162,1.77976,119.445,-2.50823,-2.66111,95.4693,-1.33163,-0.350641,-1.84231,-0.0128315
215.465,-1.88457,3.12362,80.8437,2.23726,1.79983,174.486,0.754673,-0.072304,-1.32379,-0.0128315
280.584,2.40309,1.0385,196.501,-1.33062,3.00049,150.329,0.790147,-1.69348,-1.96199,-0.0128315
100.637,2.12665,-2.54773,45.8459,-3.00915,2.36713,97.8593,0.186654,0.255906,1.36833,0.0128315
120.577,2.26504,1.3139,94.9558,-2.12965,-0.102036,129.7,0.335367,-2.29909,1.41594,0.0128315
199.285,-3.77277,-2.22362,169.36,0.908259,2.52492,221.345,-0.662373,0.312852,-1.53465,-0.0128315
290.916,2.28147,1.12291,82.3311,-3.54326,-1.56038,82.5945,0.343959,-2.80209,2.68329,0.0128315
226.496,0.455323,-0.140317,88.3982,-2.88767,-1.11207,187.457,-1.83062,2.92791,0.971751,0.0128315
179.822,-0.825915,3.00912,115.448,3.06971,2.30155,217.81,1.23761,-0.380114,-0.707563,-0.0128315
225.801,1.25404,-1.43839,53.7294,-2.24823,-2.85845,110.111,0.151072,1.52728,1.42006,0.0128315
171.729,1.01758,-2.97555,68.4495,-2.24087,-2.52782,192.708,-0.804984,0.138537,-0.447731,-0.0128315
116.373,0.455446,-0.0459093,55.8141,-3.72343,1.63684,64.3822,-2.02328,-2.99436,-1.68275,-0.0128315
87.7755,-0.353657,-2.16549,84.7253,3.22192,-1.11836,118.214,1.66713,1.45398,1.04713,0.0128315
166.257,1.84648,2.46892,157.84,-1.71888,-1.95715,97.1743,0.449009,0.0336024,-1.85712,-0.0128315
101.016,1.97447,2.35571,48.1331,-3.01155,-0.756774,72.7568,1.18111,-0.262308,3.11249,-0.0128315
68.8602,2.14453,-0.595102,31.4683,-2.66788,0.542432,49.4863,-0.707256,-2.88901,-1.13753,-0.0128315
110.868,-2.2831,2.31971,102.667,2.60367,-1.95184,42.1201,-0.135263,-0.142491,2.01163,0.0128315
226.084,2.24911,0.637669,163.36,-1.55608,-0.978349,187.663,1.65707,2.82221,1.61602,0.0128315
176.628,1.82204,-2.0689,51.1204,-2.08479,-2.14074,198.19,0.787026,0.952367,0.0718348,0.0128315
307.217,-1.70492,3.00923,166.665,1.83192,0.728499,140.391,0.317593,-1.39568,-2.28073,-0.0128315
266.653,-2.45479,-0.0850426,89.1093,3.55707,-2.13855,207.15,1.85117,2.55292,-2.05351,-0.0128315
401.002,1.18517,-1.61018,255.808,-1.82618,1.69743,235.333,-0.872912,1.28527,2.97557,0.0128315
206.027,-2.28345,0.756571,40.4992,1.6884,-1.22945,135.546,0.65869,-3.03398,-1.98602,-0.0128315
148.069,-2.01357,-2.77784,122.368,1.1871,1.97436,108.324,-1.16987,-0.0546732,-1.53098,-0.0128315
103.92,-1.85341,-1.35611,101.117,1.56347,2.91879,53.6166,-0.263527,1.3092,-2.00828,-0.0128315
193.21,-1.61,1.59459,81.1004,3.25017,-2.12412,128.027,0.953224,-1.3337,2.56447,0.0128315
246.746,-2.63365,2.44993,116.421,2.47954,-2.20871,242.375,-1.57989,-0.309757,1.62454,0.0128315
72.825,-2.07831,-3.07121,50.699,3.07136,-1.72377,42.2143,1.98784,0.514404,1.34744,-0.0128315
186.039,3.17376,0.821797,143.207,-2.25215,-0.426944,100.532,0.6986,-2.53895,1.24874,0.0128315
173.773,1.19085,0.818832,55.9729,-2.60623,2.90308,95.1907,-1.29051,-2.27241,-2.08425,0.0128315
75.8963,2.6241,0.521773,70.1746,-2.73142,1.55233,68.3757,0.0596814,-2.57591,-1.03055,-0.0128315
154.187,-1.58602,-1.09546,144.489,2.67714,-2.14328,188.386,0.961502,1.55108,-1.04782,-0.0128315
123.514,0.686719,-0.572629,100.623,-4.08365,0.551524,182.398,0.426656,-3.054,-1.12415,-0.0128315
243.554,0.805648,2.3254,145.283,-2.46839,0.199677,299.988,0.293034,-1.35951,2.12572,0.0128315
139.932,2.02855,-1.94288,81.6664,-1.81686,-0.583804,107.47,1.44151,1.60124,-1.35908,-0.0128315
181.793,1.237,0.587391,78.1939,-3.98155,1.37601,147.151,-1.37984,-2.14986,-0.78862,-0.0128315
109.445,-1.9947,-2.19934,76.3302,1.36641,-2.87335,93.9488,-0.557049,0.863091,-0.674008,-0.0128315
171.437,2.85634,2.89893,153.371,-2.69264,1.32671,195.993,-0.210384,-0.605413,1.57222,0.0128315
317.967,1.65822,0.033225,49.038,-2.12324,-2.2867,90.8982,0.00477335,2.8261,2.31993,0.0128315
169.144,2.45161,-2.15611,70.3117,-3.37245,-1.30823,200.336,-0.621747,1.30751,-0.847886,-0.0128315
127.253,-1.13987,2.79742,105.285,2.5265,-3.04146,63.8934,0.279186,-0.364308,0.444301,0.0128315
98.9034,-3.10201,-2.35934,30.5438,1.72359,2.94284,68.9019,0.716299,0.44868,-0.981011,-0.0128315
144.573,1.97828,1.78991,139.828,-2.52249,1.30972,189.942,-0.349626,-1.84678,0.480185,0.0128315
319.981,1.53007,-1.80413,185.587,-2.07289,-0.490422,230.06,-1.11934,1.61098,-1.31371,-0.0128315
138.817,-2.44205,2.15773,57.5264,2.87071,0.376877,140.554,-1.19133,-1.38888,-1.78086,-0.0128315
431.791,2.52165,-1.79081,86.3791,-2.69984,2.2398,151.536,0.25884,1.20635,2.25258,0.0128315
206.519,0.908998,0.250544,55.159,-3.38128,2.54054,38.3133,0.168563,-2.73624,-2.29,-0.0128315
136.78,0.962796,-2.65709,57.8471,-3.29373,2.28141,69.0839,-0.952721,0.163223,1.34468,0.0128315
274.513,2.52129,-2.1772,249.757,-1.58086,0.306368,337.378,0.22164,1.36236,-2.48357,-0.0128315
161.501,2.96981,2.97089,53.7525,-0.144143,-2.8555,173.833,0.919734,0.278636,-0.456797,-0.0128315
187.817,2.01997,0.773189,81.5636,-2.10105,2.87963,99.6319,0.609926,-1.58251,-2.10644,-0.0128315
195.675,-2.91385,-2.47511,83.5639,3.92827,-0.313221,35.9651,-2.32619,1.83528,2.16189,0.0128315
267.128,-2.19895,2.19163,112.52,1.56876,2.34901,318.847,-0.798331,-0.947829,0.15738,-0.0128315
91.981,0.994738,-2.25961,59.1878,-3.50282,-0.847117,128.599,-0.925674,1.23627,-1.41249,-0.0128315
111.895,-1.63042,-0.528282,97.6412,2.10677,-2.73847,56.8577,-0.564367,1.31919,-2.21019,-0.0128315
346.801,-1.76254,-0.785914,118.724,3.99839,-0.937548,126.679,0.406398,2.46939,-0.151635,-0.0128315
176.568,-0.850508,1.28338,54.6894,3.09384,-3.0438,63.9251,0.87033,-1.71536,1.95601,0.0128315
95.5085,-1.65861,0.811747,86.5209,3.24673,2.3389,101.448,0.497616,-0.851927,1.52715,0.0128315
85.9746,1.79384,-2.35063,64.5135,-2.7302,-0.564375,85.5395,0.025229,1.17392,-1.78626,-0.0128315
76.7772,-1.66282,1.58922,76.0668,1.63991,0.278291,37.3997,0.634566,-2.06488,-1.31093,0.0128315
156.851,1.84323,0.293012,135.438,-3.10055,-0.270756,103.786,0.0762698,-2.7892,0.563768,-0.0128315
298.965,-1.39962,-1.87439,68.0061,3.44043,3.12471,291.682,-1.17144,0.948785,-1.28409,-0.0128315
184.051,-2.009,-1.33585,49.0229,3.21706,1.72727,71.4618,-0.675566,2.36322,3.06312,0.0128315
259.954,1.41706,-0.372415,66.5283,-2.21448,-2.36427,239.218,-0.768839,2.52225,1.99185,0.0128315
157.635,-0.462682,-2.93966,56.7287,3.66484,0.721599,75.076,0.248914,-0.562813,-2.62192,-0.0128315
99.556,-2.03762,-2.40741,78.2489,3.24145,2.52246,52.9041,-0.611049,0.729358,-1.35332,-0.0128315
216.152,-2.12843,-2.00124,55.8988,3.33293,0.128642,136.251,-1.62153,1.53398,2.12989,0.0128315
233.675,2.88354,1.55448,42.2945,-0.774193,-3.04203,49.3022,1.45435,-1.67674,-1.68668,-0.0128315
67.4991,-2.30001,-0.802902,58.9189,1.88879,0.920349,57.3905,1.54822,2.68799,1.72325,0.0128315
123.666,2.43466,0.809249,96.2466,-1.58265,-1.69263,48.0298,1.57328,-2.97275,2.50188,0.0128315
78.4137,1.40001,2.83616,54.0399,-3.98097,2.31074,104.75,-0.169484,-0.643513,0.525415,0.0128315
99.7495,2.05659,2.91434,70.2842,-2.87608,1.40679,58.6411,0.12457,-0.946862,1.50755,0.0128315
159.262,2.86725,-0.493904,143.796,-1.02193,-2.52441,240.077,0.610455,1.7808,2.0305,0.0128315
254.545,3.0254,0.812152,44.7642,-2.85127,-3.00788,171.413,-0.321171,-1.83002,-2.46315,-0.0128315
195.827,2.12224,-2.43301,155.423,-1.28901,1.22676,59.7922,1.32928,-0.625055,2.62342,0.0128315
117.139,3.58079,2.27483,55.9005,-1.18759,-2.22675,105.945,0.432072,-0.0787419,-1.78161,-0.0128315
107.059,-0.235376,2.08258,46.855,3.63769,0.930572,98.0626,1.65265,-1.40995,-1.15201,-0.0128315
172.291,-0.967368,1.49786,157.319,2.69174,-2.86661,119.067,1.57165,-0.800011,1.91872,0.0128315
284.016,2.88498,-0.953742,44.787,-4.28423,0.37336,109.757,-0.845516,2.08348,-1.3271,0.0128315
135.775,-2.79595,-2.17508,124.992,0.237564,-1.85856,223.931,-1.29336,1.1384,0.316527,0.0128315
105.061,1.95648,0.242002,76.6157,-3.49577,1.86143,113.341,-1.33735,-2.08413,-1.61943,-0.0128315
135.16,-1.13611,-3.00416,38.0583,2.80029,1.98537,114.003,1.47757,-0.0626025,-1.29366,-0.0128315
113.894,2.98368,-2.6057,96.6037,-0.693454,-0.683649,90.8455,1.11876,1.06472,-1.92206,-0.0128315
286.968,-2.27375,1.38604,193.695,1.65998,-2.20051,82.0639,-0.428821,-0.480655,2.69664,0.0128315
256.816,2.87273,0.178196,174.13,-1.57068,1.43685,186.716,0.283054,-2.4279,-1.25865,-0.0128315
156.628,0.264022,-2.92159,59.6922,-4.41157,2.76088,109.384,-0.71342,0.262925,0.600707,0.0128315
141.644,-2.89021,-1.67097,112.629,1.49799,-2.31599,141.116,-1.21331,1.0696,-0.645017,-0.0128315
153.159,1.97122,-1.35394,77.0364,-2.45952,-2.06844,100.782,-0.193256,1.52629,0.7145,0.0128315
248.714,-2.60965,-0.617728,216.557,1.15055,1.82259,125.343,-0.162144,-2.50797,2.44032,0.0128315
95.8967,1.49896,-0.739555,78.7189,-3.21566,-2.19585,143.37,-0.202267,1.81247,1.45629,0.0128315
363.248,-1.57548,-1.26,50.93,3.88699,0.589856,133.46,0.764266,2.08333,1.84986,0.0128315
422.218,1.21208,-0.933613,50.1931,-2.34995,-1.86075,110.783,0.126895,2.00233,0.927141,0.0128315
70.558,4.7964,1.81599,42.369,-4.35641,2.05946,79.9645,1.2848,-0.894129,-0.243473,-0.0128315
224.879,1.99739,3.1322,82.6308,-1.93496,-2.21538,129.72,-1.02821,0.48342,-0.935608,-0.0128315
146.487,2.28102,-1.50903,108.702,-3.02518,0.976339,77.5062,-1.9034,2.54479,-2.48537,-0.0128315
71.526,-3.52896,0.904972,41.4093,0.782432,-1.55732,36.2673,-2.15834,2.45565,-2.46229,-0.0128315
114.893,3.18514,-2.34942,76.8137,-2.14518,2.04062,57.1213,-0.794558,0.730832,1.89315,0.0128315
114.007,-3.5197,-2.59964,45.1606,1.87042,-1.32154,74.1086,-2.4283,1.18399,1.27811,0.0128315
183.879,2.86898,-3.06797,125.713,-0.887848,1.62851,174.086,-0.0563832,-0.74157,1.58671,0.0128315
130.869,2.74895,-1.15001,51.6471,-3.06759,2.61032,52.274,0.503238,2.13025,2.52285,0.0128315
152.632,-1.84717,1.78449,37.1444,2.99908,0.451208,175.063,1.53627,-1.60146,-1.33328,-0.0128315
263.584,-2.55934,0.273295,178.406,1.78289,-0.41355,116.742,-0.26192,-3.1381,-0.686845,-0.0128315
94.9709,2.67386,-0.801952,94.7771,-2.07089,2.73179,93.1005,0.971748,0.976393,2.74944,0.0128315
263.982,-2.91757,2.32309,129.832,3.45723,0.229459,82.7746,-1.3464,-1.31226,-2.09363,-0.0128315
159.319,-3.33355,0.397657,63.7822,2.12154,2.65935,37.9958,-2.26669,-1.74845,2.26169,0.0128315
122.625,-1.94104,-0.667413,76.0341,1.54574,2.63147,33.8793,1.28547,-2.8977,-2.9843,-0.0128315
175.687,0.354826,0.999333,73.7812,-3.2569,-0.211712,48.95,-2.14636,-2.13162,1.21104,0.0128315
71.2417,1.60832,0.690836,64.8626,-2.30137,-0.0739348,53.7821,1.41163,-2.43713,0.764771,0.0128315
198.6,-0.645534,-0.675329,112.519,2.37654,-2.6685,160.166,-0.0429657,1.87176,-1.99318,-0.0128315
90.2487,-3.16338,-0.447564,50.3417,0.490729,1.94685,50.061,-1.31671,3.13063,2.39442,0.0128315
373.903,1.52906,1.82526,69.7456,-2.36908,-0.558415,305.084,1.04987,-1.43159,2.38368,0.0128315
120.351,1.42317,-0.851099,41.3762,-2.34324,1.00258,66.3266,-2.51997,2.60322,-1.85368,-0.0128315
127.854,-0.605018,0.0658886,78.1417,2.8303,0.822949,166.049,1.30846,-2.67093,0.75706,0.0128315
187.929,-2.69548,-2.49382,105.222,2.94952,1.79633,93.3237,1.47,0.221384,-1.99304,-0.0128315
214.042,-1.16637,-0.50094,84.1154,3.23922,-0.795027,197.367,0.797588,2.32354,-0.294087,-0.0128315
224.104,-1.48437,-3.08301,84.7432,4.36348,-1.30629,114.673,1.16116,0.126585,1.77672,0.0128315
93.1328,-2.49755,-2.45882,54.8423,3.04231,1.44437,83.9296,-1.16972,0.329444,-2.38,-0.0128315
141.871,-1.06503,2.43388,44.8332,2.46941,0.791598,65.524,-0.229695,-1.28308,-1.64228,-0.0128315
132.207,2.10437,-0.562348,30.8548,-3.33422,-1.56836,91.6435,-0.896212,2.51432,1.00601,0.0128315
271.776,2.69088,0.338335,148.61,-2.71848,1.56318,221.685,-0.620579,-2.67933,-1.22485,-0.0128315
293.939,-2.4346,0.244611,88.7154,2.21029,-0.691604,139.06,-0.855492,3.13336,-0.936215,-0.0128315
362.565,-1.13853,2.8712,50.5867,4.05373,1.1664,183.011,-0.663968,-0.345473,-1.7048,-0.0128315
187.542,2.15046,1.58829,166.358,-2.23819,-0.975757,96.436,-0.889646,-2.70484,2.56404,-0.0128315
241.779,1.36066,2.72872,88.3391,-2.61224,-0.867974,83.7344,0.38493,-0.146632,-2.68649,-0.0128315
249.079,1.55165,-3.03124,60.2616,-4.07824,2.38752,102.587,0.339895,-0.073249,0.864428,0.0128315
122.058,1.81568,-2.90634,78.3082,-1.4368,-2.64941,178.96,1.25979,0.644718,-0.256925,0.0128315
201.162,-2.57813,-2.04353,98.0703,2.03788,1.70556,126.483,0.757853,1.27773,-2.53409,-0.0128315
162.984,1.20253,1.49555,80.1822,-2.76439,-0.79527,68.0635,-0.522487,-2.23321,2.29083,0.0128315
192.007,-2.1455,0.341643,55.0569,2.38902,-0.685376,155.032,-1.02385,-2.92049,-1.02702,-0.0128315
240.586,-0.795278,1.00722,73.7574,4.26453,-1.18611,87.5869,1.97512,-2.48306,-2.19333,-0.0128315
84.1857,1.75794,-2.8218,54.3849,-3.47758,-1.18967,70.8137,2.09816,0.848014,-1.63213,-0.0128315
640.633,-1.02009,1.59188,130.187,2.81724,0.155734,239.503,1.68277,-1.71726,-1.43615,-0.0128315
109.01,-2.07146,-0.838868,98.2366,1.70029,0.742014,80.3907,0.472486,-2.88544,1.58088,0.0128315
296.121,1.14788,1.30292,56.1496,-3.98926,-0.137809,208.417,0.240926,-2.03971,1.44073,0.0128315
83.1442,-3.10468,-1.20087,50.5056,4.31077,-1.292,90.7428,0.56171,2.18009,-0.0911299,-0.0128315
273.741,1.22634,-0.580064,128.011,-3.61499,0.117323,230.924,0.256954,2.8933,-0.697387,-0.0128315
191.058,-1.93087,-2.68263,92.821,3.93727,-0.556115,111.291,2.08037,0.912641,2.12652,0.0128315
198.657,1.76536,1.51397,174.127,-1.58634,0.383155,288.269,0.0916889,-2.11574,1.13082,0.0128315
368.36,-2.02988,3.00023,79.7405,1.20523,1.86036,127.537,-0.370744,-0.366151,-1.13987,-0.0128315
122.77,2.37494,2.65434,114.628,-2.14167,2.14849,127.306,-0.0715991,-0.565378,0.505847,0.0128315
177.316,2.54575,2.24901,39.3317,-3.49839,-1.98459,74.4768,-0.201366,-0.879681,-2.04958,-0.0128315
155.874,2.37779,-1.2103,32.4562,-4.18104,-1.19236,201.086,0.34904,1.80084,-0.0179377,0.0128315
310.874,-1.78963,2.99153,117.573,1.60397,-1.82557,348.109,-0.628052,0.359564,1.46609,0.0128315
57.7642,3.6422,-0.639756,49.5632,-1.97303,1.22878,39.6392,1.55584,-3.13597,-1.86854,0.0128315
168.524,2.67896,-2.92191,130.176,-1.65726,1.27105,86.458,0.781637,-0.59259,2.09022,0.0128315
284.768,1.07398,0.103977,59.3925,-4.21842,-2.10215,204.992,-0.653194,3.00896,2.20613,0.0128315
83.2908,2.88426,2.68735,69.8282,-0.979189,2.32845,52.2394,0.82214,-1.34289,0.3589,0.0128315
131.816,1.21722,-2.42732,78.6674,-2.88952,-1.26689,80.0754,-1.19195,1.26321,-1.16042,-0.0128315
378.39,2.36873,1.56579,133.8,-1.60796,2.35949,106.832,-0.429788,-1.50297,-0.793693,-0.0128315
142.356,2.03297,1.85618,46.7475,-2.96187,0.883832,140.846,0.280484,-1.57773,0.97235,0.0128315
179.423,-3.02348,-1.2742,59.5299,2.1775,-2.96043,141.625,-1.79704,1.46273,-1.68623,-0.0128315
256.259,1.09913,2.02231,71.2294,-2.3268,2.96337,75.2568,-0.496937,-1.005,-0.941059,-0.0128315
79.957,0.156569,-2.22669,46.0964,-3.78434,-1.59303,99.4818,-1.84784,0.397471,-0.63366,-0.0128315
247.288,1.93049,-0.0918038,194.731,-1.45622,1.0232,117.311,-0.67042,-3.03039,-1.11501,-0.0128315
155.895,2.13704,2.03182,126.541,-1.65111,-2.7398,138.958,0.125775,-0.181282,-1.51157,-0.0128315
41.9203,-3.77291,2.01103,37.0177,3.00027,-2.61775,39.9441,0.857424,-0.998322,1.65441,0.0128315
187.323,-2.47712,1.84356,163.942,0.687252,0.424089,63.3415,-0.600071,-2.49213,-1.41947,-0.0128315
219.394,-2.99417,1.13649,140.544,1.97588,0.131021,299.383,-0.204749,-2.33293,-1.00547,-0.0128315
343.331,0.632874,-1.01064,35.6752,-3.31613,-2.37523,307.367,-0.100075,2.02319,1.3646,0.0128315
82.1535,-3.90116,-1.8454,33.6523,2.69593,-1.2001,75.6664,-1.26977,1.48541,0.6453,0.0128315
133.401,-0.490477,-1.99554,43.3891,3.40515,0.380502,88.4055,1.19193,1.31575,2.37604,0.0128315
109.735,2.00112,-1.87491,52.0218,-1.68366,-0.7984,89.8551,-1.30206,1.32261,-1.07651,-0.0128315
218.257,-2.79921,3.03244,108.594,3.47369,-1.95674,101.127,-1.4162,0.383601,1.294,0.0128315
71.9504,2.022,-1.26238,49.7466,-2.1826,1.07342,42.7726,1.90064,2.01272,-2.3358,-0.0128315
77.143,1.71475,-0.746468,68.6443,-2.57755,0.985854,45.6266,0.881587,-3.10655,-1.73232,-0.0128315
118.086,-0.701578,-2.1904,84.1069,3.38071,-2.71375,170.584,1.62921,0.841929,-0.523343,-0.0128315
319.814,2.17339,-2.16147,99.8141,-2.14912,0.3237,168.264,-0.595906,1.10555,-2.48517,-0.0128315
174.542,-2.20727,-1.6358,92.806,2.04548,0.443173,233.26,0.182101,1.97693,2.07897,0.0128315
90.3167,-1.256,-2.72983,54.7302,2.68242,-1.63096,71.2532,-0.0805711,-0.0375824,1.09887,-0.0128315
389.614,-2.27716,0.854692,48.4356,2.55195,2.68515,299.434,-1.15846,-2.22355,1.83046,0.0128315
109.27,1.52923,0.3838,75.9896,-2.62976,-1.60751,50.3497,0.62257,2.97698,1.99131,0.0128315
377.477,-1.66724,-2.39516,152.798,3.14168,0.596256,210.123,-0.139475,1.03557,2.99142,0.0128315
113.145,1.91328,2.02872,80.5388,-2.99991,1.09534,131.696,0.0532551,-1.35402,0.933373,0.0128315
123.955,-3.59753,-0.439841,54.231,0.416615,0.831411,87.6577,-2.00868,-3.06846,1.27125,0.0128315
82.7709,2.68434,-0.740715,43.4948,-1.90615,-2.97913,59.6687,2.09514,1.38493,2.23841,0.0128315
108.796,-2.32872,-2.11857,96.6984,1.36171,-1.06873,91.6274,0.334953,2.62346,1.04984,0.0128315
158.636,-1.49474,-0.394554,98.3175,3.05354,1.49752,113.636,-0.554112,-2.72762,1.89208,0.0128315
227.734,-2.96917,-1.12379,56.8041,1.06856,1.10291,144.168,0.361387,2.02669,2.22669,0.0128315
92.7655,-2.4226,2.14732,54.0459,1.3428,0.308908,85.4454,0.0375576,-1.61371,-1.83841,-0.0128315
232.699,1.90841,1.82102,161.439,-1.67204,0.798284,260.259,0.188154,-1.52472,1.02274,0.0128315
334.177,2.13593,-0.746021,36.6471,-3.36201,-2.2781,213.828,0.329182,2.35339,1.53207,0.0128315
88.9924,1.95884,2.24183,64.2834,-3.18853,-2.93556,57.4421,-1.66793,0.686712,-1.10579,0.0128315
96.1648,-2.61115,3.10592,46.7274,2.17519,-1.58431,53.8623,0.209729,0.781698,1.59295,0.0128315
78.7893,3.20274,0.509769,51.0958,-4.4096,-0.94263,65.4075,-0.307091,-2.81824,1.4524,0.0128315
107.886,1.24372,-2.61404,71.582,-3.56352,1.27299,81.4591,0.873218,-0.0711816,2.39616,0.0128315
328.12,-1.48938,-0.805989,120.852,2.97347,1.67999,125.35,1.71276,2.91134,2.48598,0.0128315
97.2087,2.46879,0.540542,32.528,-1.482,1.96298,66.704,1.38994,-2.27909,-1.42244,-0.0128315
154.252,1.40907,-2.04317,65.959,-2.30393,-1.18041,135.106,0.0434554,1.32516,-0.862768,-0.0128315
128.948,1.80197,-0.489903,116.708,-3.24624,0.291446,73.0322,-0.785631,3.01117,-0.781349,-0.0128315
117.234,-2.55691,2.48639,106.278,2.90014,-2.88822,131.329,-2.00294,-0.0279948,0.90858,0.0128315
116.345,1.15949,-0.631102,113.273,-2.46606,-0.921648,129.387,-0.634804,2.61249,0.290546,0.0128315
100.611,-0.619782,1.23312,52.2253,4.40894,1.83262,84.9379,1.98151,-1.52573,0.599505,0.0128315
262.629,-2.15961,1.93389,31.533,2.20777,-0.0390414,235.978,-1.59845,-1.36051,-1.97293,0.0128315
87.8182,-2.94153,-0.454252,67.0218,0.946031,0.46816,59.7598,0.201667,2.63807,0.922412,0.0128315
117.76,-2.7216,-1.90301,73.7482,0.58303,1.9272,90.2584,0.211846,0.434287,-2.45298,-0.0128315
167.165,-1.06766,-0.66584,103.757,2.68252,-0.424385,110.341,0.679956,2.4185,0.241455,0.0128315
65.2522,-0.621267,2.5668,59.0859,3.94218,-2.66964,110.305,1.00924,-0.0696194,1.04675,-0.0128315
169.823,2.45936,0.421428,137.18,-1.89814,2.09681,71.1475,-1.22925,-1.69786,-1.67539,-0.0128315
216.322,-1.41644,-1.47644,54.3544,2.16227,-0.0906662,165.42,0.118246,1.86564,1.38578,0.0128315
134.063,1.87733,1.2407,67.1936,-1.21813,2.89847,98.7847,0.757053,-1.33275,-1.65778,-0.0128315
126.153,1.95485,-2.87263,106.676,-3.45031,-0.942972,62.1949,-0.633214,1.19194,-1.92966,-0.0128315
65.0034,-2.65666,-0.0280804,54.1469,2.30199,-1.48086,58.1768,-0.0889385,2.7057,-1.45278,-0.0128315
93.9952,-1.98302,0.882673,71.3214,2.67891,1.51845,123.431,0.818854,-2.05122,0.635778,0.0128315
191.418,-1.42812,-2.46522,70.2884,1.72026,1.93716,177.685,-0.978773,0.535308,-1.88081,-0.0128315
212.303,1.33011,-1.69242,129.714,-2.60885,-1.81379,135.265,-0.597798,1.37568,0.121372,-0.0128315
122.091,2.61707,1.37644,67.0785,-0.524459,0.752056,98.4091,0.325221,-1.73164,0.624381,0.0128315
250.366,2.46575,0.96947,148.279,-3.42952,2.8622,158.394,-0.00308639,-1.52402,-1.89273,-0.0128315
107.809,-2.15818,-3.08064,44.2633,2.04338,-2.58639,120.139,1.0757,0.0544646,0.494243,0.0128315
237.703,1.11171,-0.0990842,214.876,-2.47886,0.854325,143.246,0.881309,-2.48778,-0.953409,-0.0128315
112.051,0.341771,2.51156,59.0431,-3.79825,-0.402804,51.2367,-2.24882,-0.370213,2.91436,0.0128315
316.195,-2.25064,-2.51531,59.8778,4.18767,2.75283,280.033,0.0904995,0.398906,-1.01505,-0.0128315
54.4801,2.21439,-1.26161,47.7586,-3.65383,-2.98702,78.4613,-0.625799,0.911274,1.72541,0.0128315
111.519,-1.19794,1.01072,38.3958,2.89475,1.65719,107.229,-0.585175,-1.5859,0.646466,0.0128315
269.384,2.74536,0.237821,95.2245,-2.29852,-0.620737,180.052,0.322667,3.06575,0.858559,0.0128315
130.984,2.00462,-2.14653,71.7291,-3.28659,3.10582,103.564,0.120838,0.944169,1.03084,0.0128315
106.252,3.17302,0.075165,47.6715,-1.74636,1.60587,96.2153,1.59387,-2.71649,-1.5307,-0.0128315
184.086,2.68057,-2.61885,66.1611,-1.84627,-0.0769667,110.583,0.518351,0.740174,-2.54188,-0.0128315
106.298,1.4048,-0.771372,67.4831,-1.86472,0.950811,68.9849,-0.441423,2.96723,-1.72218,-0.0128315
165.983,2.06328,-1.40447,59.5795,-1.11748,2.49478,114.003,0.0974591,1.30249,2.38393,0.0128315
190.28,-2.13376,-2.15452,66.4707,1.68102,2.01178,140.456,-2.12393,0.583243,-2.11689,-0.0128315
86.8685,2.58487,-1.04652,73.6043,-1.97931,-2.1818,141.588,1.91624,1.54648,1.13528,0.0128315
88.6497,2.29974,-1.67141,44.0823,-1.92271,-0.529029,63.2471,-1.9604,1.79903,-1.14238,-0.0128315
136.77,0.736957,2.87915,93.4317,-2.32687,2.96247,178.555,-0.0756094,-0.394173,-0.0833187,0.0128315
90.2736,-1.94109,2.96055,77.6274,3.46066,-2.03334,98.2444,0.406517,0.224564,1.2893,0.0128315
175.195,0.670566,-2.003,110.267,-3.58142,-2.53709,265.719,-0.0646742,0.449829,0.534093,0.0128315
62.4149,-4.07236,-1.25485,60.8412,1.25004,-0.119223,54.3313,0.6745,2.78662,1.13563,0.0128315
114.031,-0.957474,-2.3115,92.5912,2.92419,-2.99096,107.368,1.67885,0.446842,-0.679461,-0.0128315
109.099,3.00212,-1.78462,41.5259,-0.919346,-1.04421,118.943,-0.056663,1.41703,-0.740413,-0.0128315
247.493,-1.96537,-2.24976,134.767,2.4691,2.53415,196.79,0.393786,0.525556,-1.49928,-0.0128315
113.828,-2.81966,2.21366,107.082,0.381024,0.898677,116.178,-0.0623989,-1.579,-1.31498,-0.0128315
107.558,2.42956,-2.99601,48.7908,-1.404,-1.18679,55.7696,1.6052,0.505185,-1.80922,-0.0128315
231.472,1.06672,-1.69471,56.9999,-3.7349,3.10551,273.134,-0.973399,1.36866,1.48297,0.0128315
244.925,-1.14381,0.735363,45.8973,3.80851,3.09303,198.53,0.381973,-2.23074,2.35766,0.0128315
134.905,1.05017,1.88779,73.9237,-2.65197,2.61665,149.478,-0.510143,-0.980697,-0.728857,-0.0128315
111.127,2.85435,-1.69132,34.4768,-4.74765,2.78412,74.0688,-1.27493,1.49341,1.80775,0.0128315
149.212,1.79336,1.70732,69.7461,-3.55629,0.433432,140.116,1.0841,-1.76112,1.27389,0.0128315
128.511,2.34665,0.180108,35.9708,-3.1117,-0.108975,78.3135,1.1466,-2.97259,0.289083,-0.0128315
122.657,2.98944,-1.49062,47.9234,-1.47947,3.01071,74.4369,-0.0996262,1.15658,1.78185,0.0128315
112.606,0.253521,1.91028,88.4681,-3.15563,1.34657,107.926,-0.903261,-1.29386,0.563711,0.0128315
169.885,0.0831682,-2.8634,56.6702,-3.93541,1.01268,47.0131,-1.24197,0.229488,2.4071,0.0128315
156.531,-1.87887,2.03982,52.1424,1.68271,-0.43174,61.2275,0.728415,-1.42096,-2.47156,-0.0128315
123.819,2.63754,2.46859,40.2298,-3.63549,2.011,118.923,-2.35789,-0.721066,0.457593,0.0128315
174.791,-1.6205,-0.408412,106.389,3.68331,-1.95561,111.523,1.90538,2.55835,-1.5472,-0.0128315
131.776,-2.76976,-0.262567,104.864,3.29587,1.28496,126.014,-1.92972,-2.61046,1.54753,0.0128315
87.4129,-2.04723,-0.803746,84.9811,2.70486,-2.66835,62.5079,-0.976892,1.6001,-1.86461,-0.0128315
126.949,1.46553,-1.29629,42.4688,-3.75542,0.411951,155.052,-0.661559,2.39411,-1.70824,-0.0128315
84.3768,0.374614,2.06014,79.0407,-3.11566,0.4114,68.6533,-1.89154,-2.42457,1.64874,0.0128315
166.434,2.02294,-2.41127,36.3698,-1.09804,-1.41921,162.835,0.654853,0.891625,-0.992053,-0.0128315
131.463,-1.79568,-1.75361,77.8687,2.17053,-2.59549,80.6895,0.463998,0.871447,-0.841879,-0.0128315
175.074,2.75566,2.89715,38.6221,-0.937681,1.27083,144.921,0.866506,-0.424188,1.62631,0.0128315
366.935,-2.72784,1.70015,99.9221,2.79797,2.60364,168.103,-0.390727,-1.15401,0.903493,0.0128315
139.868,2.18188,-2.71023,58.8434,-2.01106,-2.87822,95.5822,1.53919,0.428795,0.167989,0.0128315
191.619,1.3858,-2.7499,92.4686,-2.45015,-2.27621,233.812,0.755019,0.60129,-0.473699,-0.0128315
286.034,-1.79545,-1.33777,106.95,2.67974,2.97451,206.11,-0.477978,1.51714,-1.97091,-0.0128315
126.92,0.754376,0.488913,79.7769,-4.01512,-1.91192,94.3531,-1.14605,-3.08194,2.40083,0.0128315
163.957,1.84299,0.99125,116.787,-2.66217,-2.89015,59.8521,0.703591,-1.68575,-2.40179,-0.0128315
124.351,-3.11847,0.857981,80.7046,3.01965,-2.50409,84.7347,1.18003,-1.41612,2.92112,0.0128315
172.401,1.79453,1.7976,31.0583,-2.57043,2.8401,137.157,0.787901,-1.13751,-1.0425,-0.0128315
156.971,2.79802,-2.61248,72.4182,-2.60345,2.01752,127.739,-0.287715,0.294661,1.65318,0.0128315
369.836,-2.24742,-0.786572,235.648,1.97451,-0.472763,129.491,-1.00245,2.43328,0.313809,-0.0128315
346.443,2.33146,0.0866086,113.895,-2.09426,-0.473324,143.057,1.0935,-3.07879,0.559932,0.0128427
161.98,-2.95285,-2.56371,100.968,2.67648,1.97322,181.647,-0.0341925,0.0230464,-1.74625,-0.0128427
499.235,-2.27563,0.366416,110.325,2.70876,-1.88361,100.519,-1.12477,-3.01975,-2.25003,-0.0128427
68.3807,2.07162,0.695944,44.8537,-2.30875,-2.48967,43.992,0.794126,-2.35582,-3.09757,-0.0128427
270.615,2.44218,-2.63147,223.11,-2.16271,0.394332,79.0896,0.6383,1.69794,-3.0258,-0.0128427
275.26,-2.25416,-2.48659,183.014,2.53368,1.2666,124.16,-0.515159,0.419417,-2.52999,-0.0128427
361.716,1.84803,-1.13078,49.8411,-2.66549,-0.426773,96.1466,0.0937185,2.01329,-0.704003,-0.0128427
111.78,-2.1346,0.90261,82.1553,3.56417,-0.135828,135.073,0.482418,-2.66681,-1.03844,-0.0128427
91.6936,-1.33825,-1.84212,87.4984,3.65327,0.444858,62.6522,0.0906566,2.22058,2.28698,0.0128427
131.626,0.905738,1.34015,73.3564,-3.85776,2.7103,154.397,0.318762,-1.12313,-1.37015,-0.0128427
242.159,-2.47582,0.894522,75.915,2.20193,-0.169965,227.959,-1.14786,-2.71039,-1.06449,-0.0128427
95.5113,0.886186,1.17993,47.9106,-2.66556,2.98449,43.4381,-1.66655,-2.61736,-1.80456,-0.0128427
145.52,-2.22691,-2.12663,58.4871,1.28967,-1.86337,84.5126,-1.16282,0.807334,0.263267,0.0128427
226.98,-2.43727,1.63017,144.818,3.19391,2.95191,145.466,1.77518,-1.13265,1.32174,0.0128427
117.391,2.57303,-2.67258,75.3676,-4.55339,-0.247631,79.5093,-2.00023,0.974434,-2.42495,-0.0128427
135.846,1.08002,2.32084,99.2501,-3.58295,-0.569021,84.5796,-2.53618,-1.03874,2.88986,0.0128427
90.3057,-1.32826,3.06993,40.9174,4.05998,1.14984,80.9735,1.29899,-0.524305,-1.92009,-0.0128427
168.185,2.69567,-2.6112,124.269,-1.626,-1.04156,81.0042,1.43909,0.931059,-1.56964,-0.0128427
96.3538,0.846103,1.97357,56.4084,-3.778,2.67825,140.147,-0.0645207,-0.785857,-0.704676,-0.0128427
283.056,-1.84249,-1.34385,77.6921,1.52024,2.91683,159.713,1.25177,1.69241,-2.02251,-0.0128427
109.427,2.85128,-2.28399,63.1033,-1.83884,-0.802149,127.767,-0.76686,1.325,-1.48184,-0.0128427
187.989,1.00907,0.364023,105.492,-2.0482,1.43514,181.753,-1.50434,-2.37437,-1.07111,-0.0128427
427.309,1.25301,0.31449,143.389,-3.11973,1.30233,128.765,0.207904,-2.611,-0.987838,-0.0128427
235.299,2.31351,2.85476,150.239,-2.64516,-2.12311,225.528,-0.369779,0.159221,-1.30531,-0.0128427
197.48,-1.13055,1.21777,168.678,2.92479,2.31709,214.948,0.717428,-0.886661,1.09932,-0.0128427
152.227,2.4593,3.04272,38.5905,-3.22034,2.15712,131.427,0.736786,-0.315203,0.885593,0.0128427
150.033,1.83073,-0.924784,39.6886,-1.76669,-2.23395,131.644,0.732501,1.92053,1.30917,0.0128427
123.103,-1.70248,1.72946,51.5035,2.98801,-0.541704,56.3214,-0.964755,-2.02255,-2.27117,-0.0128427
197.411,-0.858398,1.46245,145.468,2.19798,0.250859,189.624,0.962592,-2.27527,-1.21159,-0.0128427
473.626,2.51578,1.5289,139.251,-1.00973,-1.99479,298.433,1.23582,-1.38718,-2.75949,-0.0128427
165.923,3.03187,-2.63194,93.3766,-2.56745,1.08302,103.223,-0.221209,-0.468452,2.56823,0.0128427
130.665,0.817146,-1.38507,102.004,-3.19336,-1.34751,93.6277,-0.895071,2.11048,-0.0375565,-0.0128427
100.74,-1.60725,-1.71309,89.7798,3.25555,-0.776617,46.9258,1.44294,1.71673,0.936477,-0.0128427
229.808,2.32972,-1.18361,70.6678,-4.0325,0.105423,180.758,0.342894,2.17489,-1.28903,-0.0128427
96.4349,2.35042,0.0833286,39.6811,-2.46937,-2.02621,69.7336,-1.19363,2.70876,2.10954,0.0128427
81.5782,3.24708,0.942968,71.5019,-2.88059,-1.2199,39.687,-0.573124,2.98967,2.16286,0.0128427
251.822,-2.20263,0.932901,47.3626,2.16694,-1.3558,146.531,1.05061,-2.22862,-2.2887,-0.0128427
128.848,-2.04687,3.05029,70.8719,1.03316,-1.14262,69.1027,0.195863,0.625285,2.09028,0.0128427
156.683,0.47701,1.79655,79.4388,-3.04291,-2.65694,63.8138,0.158422,-0.620297,-1.8297,-0.0128427
128.191,-0.625848,-2.15672,76.9249,3.4164,1.63947,88.9368,2.12224,0.449619,-2.487,-0.0128427
275.82,-2.0935,-3.08999,193.417,0.949782,-2.31562,118.829,-0.627403,0.344934,0.774367,0.0128427
179.136,-1.91787,0.695589,142.555,2.41722,1.76394,228.564,-0.0603242,-2.35051,1.06835,0.0128427
209.816,3.30654,1.56771,61.0941,-1.85348,3.03624,131.929,0.153668,-1.50193,-1.46852,-0.0128427
317.022,0.730568,1.78103,37.4708,-3.07241,-1.83396,236.341,-0.833969,-1.37628,-2.66819,-0.0128427
240.188,-2.41386,-2.14877,196.028,0.963797,-2.02721,221.056,-0.527775,0.0647837,0.121559,-0.0128427
222.338,2.84685,-1.83673,112.865,-2.47835,1.44049,73.4383,0.385587,1.34035,3.00597,-0.0128427
104.701,2.58328,2.58828,97.3092,-1.745,1.30237,91.5466,-0.397764,-1.19369,1.28591,0.0128427
107.183,-2.37701,-0.739033,76.5595,3.62734,0.872493,123.205,0.462915,-2.99323,1.61153,0.0128427
211.336,-2.48602,-2.56093,173.17,2.02601,-0.0417132,28.369,-1.59703,2.21594,2.51922,0.0128427
144.801,2.78408,1.50841,39.5991,-4.60989,0.208575,127.849,-1.37636,-1.56419,1.29984,0.0128427
216.281,-1.16729,1.58839,65.8637,3.33246,-2.89858,158.923,0.900111,-1.14173,1.79622,0.0128427
124.952,-2.49353,0.173063,48.1789,0.816166,1.48022,43.5731,-0.878161,3.05362,1.30715,0.0128427
234.901,-3.10413,0.212478,79.9834,0.337651,-0.607826,119.015,-1.19253,-2.69406,-0.820304,-0.0128427
101.88,2.4719,-1.50886,56.2552,-2.77738,-0.440732,118.701,0.28012,2.03909,-1.06813,-0.0128427
419.346,-2.02553,2.10674,139.907,2.08188,-1.7643,208.02,0.731027,-1.08124,2.41214,0.0128427
229.451,-1.56784,1.37023,85.0954,1.92277,-1.35427,123.515,-0.128514,-2.33856,-2.7245,-0.0128427
107.633,-2.05391,1.84881,56.1825,2.1586,-2.5709,92.0618,0.237092,-0.47727,1.86347,0.0128427
138.992,-1.87341,0.226202,40.1271,1.57039,1.69809,134.047,-1.13974,-2.56378,1.47189,0.0128427
84.7305,-3.18599,1.18947,65.1867,0.665962,2.43727,154.311,-1.76627,-1.83345,1.24781,0.0128427
63.957,-2.40723,-1.53119,32.9114,1.69176,0.761546,36.6444,1.36679,2.0088,2.29273,0.0128427
137.17,0.164842,-1.497,88.8147,-3.31647,-2.97216,82.2049,-1.59178,1.298,1.47516,-0.0128427
178.376,-2.97822,0.409239,99.4248,0.899456,-1.00514,102.982,-0.534685,2.92862,-1.41437,-0.0128427
240.36,-2.76529,-0.511757,55.8014,3.28692,1.93391,146.471,0.851063,2.92127,2.44567,0.0128427
119.033,-3.00462,2.3878,83.42,3.43476,1.80008,155.142,1.10893,-1.18135,-0.587721,-0.0128427
140.055,2.72032,1.19258,125.845,-1.68635,3.06138,146.418,-0.0643078,-1.66416,-1.8688,-0.0128427
216.985,2.341,2.14375,34.2603,-1.41046,1.33891,101.395,2.01017,-0.909201,0.804841,0.0128427
194.894,-0.924878,1.58229,80.4224,2.46547,-0.836954,119.643,0.266225,-2.09287,-2.41925,-0.0128427
151.967,-2.25454,1.09574,130.653,1.82752,-0.791536,180.787,0.644465,3.09903,-1.88728,-0.0128427
273.716,-2.49584,2.92031,56.03,2.15612,0.574427,136.21,-1.21049,-0.363786,-2.34588,-0.0128427
134.348,2.07223,3.03726,31.5507,-2.10023,2.57894,138.283,0.860192,-0.277732,0.458321,0.0128427
264.428,2.97706,-1.26579,58.8274,-2.25124,2.75672,64.5876,-1.57264,1.26294,2.26068,0.0128427
169.364,-2.08702,0.783942,126.787,1.80209,2.54415,110.317,-1.68366,-2.2258,1.76021,0.0128427
173.444,-1.41355,-0.456454,30.7568,1.87365,0.5144,135.71,-0.196555,2.75093,0.970854,0.0128427
126.721,2.47768,1.55052,43.0853,-1.86903,2.75226,137.159,0.796164,-1.29969,-1.20174,0.0128427
162.533,-1.81834,-2.94663,57.1116,2.47276,-2.14646,113.676,0.223211,0.371966,0.800162,0.0128427
198,-1.10673,0.756363,133.873,2.30517,2.42924,176.579,0.346897,-1.60896,1.67288,0.0128427
86.567,1.77369,-1.51224,67.0037,-1.33209,0.48099,60.0016,0.223786,2.06415,-1.99323,-0.0128427
104.167,-1.99977,-1.20085,90.6605,2.10482,-2.68451,80.7273,-0.773469,0.983891,-1.48366,-0.0128427
99.7459,-1.33308,2.24025,60.8577,3.47112,2.65134,88.3295,-0.362721,-0.859736,0.411094,0.0128427
125.868,0.191991,-0.457726,51.3546,-4.22151,0.155793,103.577,-1.88137,2.75798,-0.613519,-0.0128427
365.362,-1.16477,1.37737,83.8093,3.94239,-0.942825,165.22,0.639026,-1.84066,-2.3202,-0.0128427
180.611,3.16107,2.60841,141.892,-2.98744,-2.39185,104.542,1.09231,0.30331,-1.28292,-0.0128427
159.394,-1.86226,1.41538,153.147,3.21706,1.23448,267.787,0.384501,-1.94043,-0.180897,-0.0128427
270.342,-1.69203,-2.53725,83.4147,1.67521,2.94737,292.133,0.233727,0.373483,-0.798557,-0.0128427
148.548,1.96185,1.49326,50.6498,-3.949,2.2241,162.037,-1.23518,-1.51377,-0.730843,-0.0128427
166.896,-1.48023,-0.240674,59.3031,4.22765,-0.157469,163.921,-0.818725,2.78346,0.0832051,0.0128427
118.015,-1.87517,0.963316,84.6342,1.49452,-0.462957,109.744,-0.471729,-2.86472,-1.42627,-0.0128427
120.891,-2.99651,1.53369,110.62,2.14548,0.985874,69.5995,-1.9633,-1.84255,-0.54782,-0.0128427
131.205,-2.06399,2.65588,45.3422,2.01724,-2.67903,84.1744,-0.616558,-0.612888,0.948275,0.0128427
161.828,-2.56037,-1.69083,69.8179,2.1301,-0.122536,155.849,-0.927662,1.62163,1.56829,0.0128427
199.158,0.868762,0.978278,86.197,-3.00114,-0.859092,165.451,-0.342789,-2.30824,1.83737,0.0128427
367.585,1.29156,-1.83729,37.0602,-2.71257,2.40058,134.841,0.227622,1.51101,2.04531,0.0128427
138.671,3.12582,-1.56325,94.6936,-2.00563,2.1438,87.4447,-1.01631,0.807257,2.57613,0.0128427
109.999,-2.22279,-0.973248,33.7858,1.47815,0.0689062,69.2123,0.236975,2.17439,1.04215,0.0128427
258.344,-1.15475,-0.909744,115.802,1.99628,-1.79278,185.655,-0.748277,1.98174,-0.883037,-0.0128427
175.151,-1.70866,0.934645,141.026,2.86224,-0.149556,107.189,-0.998074,-2.46272,-1.0842,-0.0128427
321.934,2.44112,-2.38145,122.842,-2.29289,0.271323,126.71,-0.268655,1.19659,-2.65277,-0.0128427
78.9165,-2.8045,-0.883506,61.18,4.0661,0.602476,76.4232,0.605315,2.9426,1.48598,0.0128427
81.2173,-3.41985,-0.127735,41.0646,3.44122,-1.30056,64.6443,0.0177845,2.81907,-1.17283,-0.0128427
267.978,-2.13634,2.10701,171.122,2.12679,-2.00275,105.173,1.01438,-0.333184,2.17343,0.0128427
180.203,-2.86394,0.822982,152.811,1.70742,-0.977799,39.2257,-1.40681,3.12115,-1.80078,-0.0128427
91.136,1.78976,-2.07631,88.1225,-1.46154,-0.384761,46.2706,-1.43297,1.62118,-1.69154,-0.0128427
128.425,-3.85075,1.78349,117.352,1.12996,2.86304,112.336,-0.0703251,-0.755596,1.07955,0.0128427
194.058,-2.76104,2.22532,150.404,0.449184,2.79787,215,-0.882738,-0.550786,0.572548,0.0128427
119.606,4.09086,-1.90982,92.6962,-0.697519,-0.661173,108.722,2.04475,1.71567,-1.24865,-0.0128427
143.876,3.18108,2.88264,72.8962,-0.771044,2.01685,166.181,0.158246,-0.5892,0.865791,0.0128427
194.973,-1.51259,3.04852,84.7777,1.96508,-1.13503,73.1025,-0.254862,0.500714,2.09963,0.0128427
203.795,1.65093,0.506376,62.5443,-1.95486,1.72182,135.103,0.283879,-2.35604,-1.21545,-0.0128427
207.779,1.18228,0.976678,102.279,-2.00875,1.4394,185.113,-1.22361,-1.75872,-0.462727,-0.0128427
136.968,-1.99601,-0.976963,39.1053,3.96523,1.85012,80.6022,1.81194,2.35962,2.82708,0.0128427
72.4889,-2.48972,2.64768,35.481,2.29018,-2.67213,64.5218,0.485419,0.0510281,0.963372,-0.0128427
182.549,2.96782,-1.60868,63.8398,-3.65081,-1.55344,204.163,-0.335784,1.22293,-0.0552378,0.0128427
103.892,-1.26852,-1.07512,86.9891,2.53435,1.13759,94.2391,2.17531,2.63662,2.21271,0.0128427
228.148,2.65192,-2.86911,116.32,-3.16764,2.73939,281.533,0.0295556,0.100489,0.67468,0.0128427
174.272,-1.55577,-0.535563,61.7073,3.33268,-1.60163,112.486,0.1981,2.40097,-1.06606,-0.0128427
122.744,-3.0965,2.21386,71.1056,2.64376,1.10895,113.496,-0.449504,-1.23143,-1.10491,-0.0128427
76.3492,2.36302,1.42585,60.9713,-2.26531,-2.30029,35.373,0.544397,-1.06808,-2.55704,-0.0128427
216.866,-0.931887,-2.87431,130.865,3.09808,-2.23413,123.847,0.380069,0.540616,0.640177,-0.0128427
233.433,1.18252,2.54641,108.001,-1.89071,-1.91865,160.953,0.250817,-0.340417,-1.81812,-0.0128427
104.446,1.91599,0.287675,51.6146,-2.37524,-1.63279,83.0668,1.28903,2.95166,1.92047,0.0128427
153.763,2.85688,-3.08598,63.7941,-3.4503,1.55914,108.746,1.01105,-0.477372,1.63807,0.0128427
302.812,1.82943,2.61955,52.2399,-2.18959,-2.49247,146.86,1.01712,-0.214499,-1.17116,-0.0128427
225.955,2.34054,-2.32942,65.0947,-2.93258,2.93244,170.946,-0.543103,0.484809,1.02133,0.0128427
190.846,-1.9213,3.00965,130.855,2.81041,-1.81249,136.009,-0.811465,0.698297,1.46105,0.0128427
190.44,-1.78032,-2.01366,52.7284,2.89566,0.146181,173.247,0.614397,1.29527,2.15984,0.0128427
469.965,-0.977297,-1.11204,146.717,2.37399,-1.60664,268.432,0.293075,2.10202,-0.494605,-0.0128427
190.281,-3.06073,2.98438,107.39,2.92425,-2.33114,154.776,0.500929,0.310138,0.967665,0.0128427
308.225,-1.98711,0.939282,45.5447,1.99996,-0.520837,151.992,-0.832115,-2.41851,-1.46012,-0.0128427
391.979,-0.363001,0.825712,55.3735,3.30164,-1.23381,171.914,1.49428,-2.42589,-2.05952,-0.0128427
162.426,-2.62432,-2.60332,53.3976,3.808,-1.83158,116.143,1.55533,0.4398,0.771741,0.0128427
288.553,0.668712,-2.00257,192.908,-3.10222,0.479231,136.523,-0.155274,1.67843,-2.4818,-0.0128427
182.734,-0.348769,-2.57809,78.7585,3.62376,-0.18955,83.7005,1.34011,1.08075,2.38854,0.0128427
167.148,2.24531,-0.110153,88.7301,-2.6304,-1.47885,184.361,0.226855,2.66871,1.3687,0.0128427
144.151,-1.83932,-2.97341,122.39,2.37099,-1.52954,103.074,0.0648424,1.01741,1.44387,0.0128427
100.433,-2.80985,2.29302,73.2972,3.24981,1.42458,89.8226,-2.07395,-1.5921,-0.868441,-0.0128427
173.334,3.11453,2.71606,166.529,-2.86145,0.222156,66.4609,-0.639554,-1.64306,2.49391,0.0128427
100.761,2.92976,-1.96263,69.2693,-2.57859,-0.920639,130.295,1.8033,1.61913,-1.04199,-0.0128427
91.5818,-2.05584,2.32624,89.1882,2.03051,-0.262165,61.6504,-1.20237,-2.0013,-2.58841,-0.0128427
97.8256,-4.51737,2.41943,92.7313,3.02769,-2.50096,150.601,0.837224,0.116886,1.3628,0.0128427
159.962,-2.3205,-2.12451,52.2496,2.40879,0.191239,70.0328,-2.15197,1.91865,2.31575,0.0128427
142.052,1.46804,-0.910775,74.3133,-2.12344,-2.57774,107.157,-1.06638,1.99876,1.66696,0.0128427
87.9532,-2.45193,0.574998,59.2167,2.55534,1.48009,79.5193,0.349007,-2.11677,0.905095,0.0128427
279.183,-1.46202,0.0887125,105.617,2.43677,-2.35175,124.525,0.822102,3.02232,-2.44046,-0.0128427
147.381,3.28286,0.148217,89.5002,-2.54643,1.83254,112.609,1.40536,-2.5834,-1.68432,-0.0128427
196.908,-1.34342,-2.1521,140.371,2.86076,-1.8758,177.334,0.816652,1.00373,0.276307,0.0128427
215.993,-1.67313,-0.201893,101.811,3.61848,2.45691,78.5951,-0.209768,-2.77587,2.65881,0.0128427
157.715,2.73425,-2.29526,131.011,-1.91443,1.7593,108.612,1.34016,0.0962567,2.22863,0.0128427
55.0301,3.45605,1.19154,38.8271,-2.34575,1.20919,63.5652,2.17283,-1.96799,-0.0176486,0.0128427
134.164,2.81035,1.61907,93.5576,-2.71352,-0.531886,84.121,-0.334753,-2.53596,2.15095,0.0128427
126.774,0.686533,-2.67775,56.5731,-2.72695,-2.16882,111.034,0.348876,0.687533,-0.508933,-0.0128427
142.778,-1.67202,-1.19938,35.4876,3.25631,0.52676,93.9836,1.90212,1.91115,1.72614,0.0128427
152.046,-2.99812,-1.29419,139.873,1.51044,2.76906,123.09,0.505851,0.54411,-2.21994,-0.0128427
253.773,-1.7933,0.106816,94.0949,2.29041,-0.615404,254.925,-0.392045,2.95686,-0.722221,-0.0128427
198.18,-1.14408,-2.92238,108.096,4.04765,-0.485367,79.1992,0.89376,0.878971,2.43702,0.0128427
62.3683,3.25922,2.72772,61.9866,-2.62327,2.19807,74.9735,1.37673,-0.796995,0.529651,0.0128427
147.235,2.32906,-2.58583,121.988,-2.50431,2.4936,107.846,-0.505967,0.0438115,1.20375,0.0128427
183.128,-2.23397,-2.55327,73.6437,3.07697,2.25276,169.865,-0.628908,-0.103484,-1.47715,-0.0128427
368.325,-0.838297,2.47686,179.762,2.72978,1.14888,398.105,0.202019,-0.92175,-1.32797,-0.0128427
150.055,1.88677,3.08709,52.5669,-1.13591,1.64224,47.3687,0.217481,-0.916047,1.44485,0.0128427
353.854,1.4757,2.63718,152.012,-2.62926,1.483,179.265,0.58946,-1.07172,1.15418,0.0128427
263.219,-2.87238,1.99038,110.763,1.69823,-1.87865,80.0582,-1.25025,-0.81942,2.41415,0.0128427
146.834,1.93249,0.947985,80.5877,-2.21271,-2.58929,64.6034,-0.708091,-1.45109,-2.74591,-0.0128427
192.164,-2.71703,0.225712,87.1807,3.09018,-0.977854,258.87,0.92926,2.84526,-1.20357,-0.0128427
171.493,-1.5299,0.347522,139.962,3.23339,1.7528,72.0658,0.401884,-1.95754,1.40528,0.0128427
130.924,-1.15453,-0.474639,97.3609,2.92675,-2.56117,137.987,2.45487,2.28088,-2.08654,-0.0128427
120.245,1.1778,1.87752,41.3591,-2.04437,-1.92081,55.2052,-1.66619,-0.30166,-2.48485,-0.0128427
104.708,2.16749,-2.35272,56.6792,-1.08794,-1.85118,93.6728,1.53683,1.00543,-0.501538,-0.0128427
205.74,-2.00199,0.598769,32.4845,4.01944,-0.74637,102.31,0.402194,-2.87614,-1.34514,-0.0128427
232.768,-1.7247,-0.581618,131.078,1.82125,-1.3318,268.524,-0.423512,2.25457,-0.750186,0.0128427
320.173,0.201567,3.01682,72.9101,-3.5241,-1.64394,196.268,-1.12794,0.14096,-1.62242,-0.0128427
72.8416,3.75313,1.92676,38.2286,-3.18289,-0.41776,38.7413,2.2108,-2.48244,2.34452,0.0128427
77.434,2.92893,-1.26211,36.4988,-1.40457,2.22975,22.7392,2.9903,2.10765,2.79132,0.0128427
152.317,2.25392,-0.619137,66.8198,-4.00496,1.21422,113.169,2.12504,3.05798,-1.83336,-0.0128427
173.368,2.8047,-3.01369,167.95,-2.58032,1.84972,204.025,0.295564,-0.424254,1.41978,0.0128427
151.093,1.24378,1.3212,55.0005,-2.4838,-2.5519,146.175,-0.0364254,-1.617,-2.41009,-0.0128427
286.246,-0.371592,-0.11394,111.076,4.16906,-0.522451,256.549,0.536545,2.91216,-0.408511,-0.0128427
190.41,-2.30712,1.29876,165.42,2.1364,-0.998243,101.118,0.418438,3.02393,-2.297,-0.0128427
475.547,1.69652,-0.34721,231.6,-3.63666,-2.97141,163.202,-1.05673,2.28894,2.6242,0.0128427
141.175,1.57234,2.74543,103.066,-3.86622,-1.81063,124.887,-0.795813,0.386772,-1.72713,-0.0128427
123.033,1.86936,-2.15216,65.2558,-3.00881,-2.71855,160.131,0.433573,1.00102,0.566391,0.0128427
112.199,-3.53566,0.519949,72.8479,1.90839,0.539114,93.2907,1.99626,-1.91007,0.0191646,0.0128427
153.928,1.19629,0.155955,65.2876,-3.08978,-1.76982,81.2922,-0.918694,2.4812,1.92578,0.0128427
146.367,1.83548,-0.756486,45.994,-2.00928,-2.22215,95.6942,0.383701,1.99872,1.46566,0.0128427
299.692,1.89249,2.93219,122.983,-3.42466,0.513651,72.6322,-1.88946,-0.390896,2.41854,0.0128427
88.3814,-2.43576,1.08929,60.9539,1.81919,2.18908,79.8189,-1.60112,-1.84986,1.09979,-0.0128427
103.71,-2.81329,1.18251,64.7441,3.84318,1.49287,71.6729,1.55554,-1.6617,0.310366,0.0128427
77.6058,-2.59105,-1.57455,68.1768,3.18957,2.76803,64.9316,-2.70695,0.033316,-1.9406,-0.0128427
110.452,1.55344,0.249487,104.373,-3.23245,-2.1529,129.163,-1.94198,1.9853,2.40238,0.0128427
275.256,-1.51801,-2.66989,181.794,1.74454,2.4892,186.473,-0.36302,0.153493,-1.12409,-0.0128427
134.378,-1.70159,-1.28184,66.4517,1.32787,0.144983,146.878,-0.222341,2.36498,1.42682,0.0128427
278.3,1.93063,-1.70342,35.1324,-2.97986,2.60723,170.57,-0.447912,1.22719,1.97254,0.0128427
246.621,2.48378,2.43055,49.4632,-3.26781,-1.27956,104.792,0.626808,-0.470308,-2.57308,-0.0128427
260.268,-1.64278,0.464888,66.6873,2.55866,-1.10079,193.592,0.924821,-2.91172,-1.56568,-0.0128427
85.9218,-1.85871,0.662993,78.1104,2.94267,0.199297,113.99,1.95472,-2.61837,-0.463696,0.0128427
119.978,2.1728,1.29045,104.57,-1.46108,-2.05076,49.4779,-1.77366,-1.16491,-2.94198,-0.0128427
262.037,-1.59479,1.10623,102.524,2.69484,-0.947729,202.675,-0.0268593,-2.34016,-2.05395,-0.0128427
145.074,-2.95716,-0.0659812,46.2512,3.99685,-1.97741,70.6885,-1.06728,2.48613,-1.91143,-0.0128427
224.328,-2.02001,-1.31709,89.8,3.58493,0.834626,114.365,0.582147,1.90998,2.15171,0.0128427
99.3219,-3.00428,-2.62023,80.376,0.839691,-1.70582,93.8029,-0.934626,0.764226,0.914412,0.0128427
160.677,2.17005,2.39919,55.8881,-2.51053,1.51979,168.022,-1.86086,-1.10352,0.879406,0.0128427
393.4,1.44599,-2.54786,85.6691,-3.12102,2.5847,378.82,-0.12411,0.374886,1.15062,0.0128427
348.894,-1.42009,0.0300451,93.273,1.96657,-0.803075,299.185,1.04659,-3.10693,-0.83312,-0.0128427
132.078,2.46632,0.958594,54.0823,-3.23336,2.55842,121.438,0.986716,-1.7921,-1.59983,-0.0128427
91.9067,3.00673,1.43508,67.4763,-0.765844,1.89541,138.112,-0.0185949,-1.66826,-0.460331,0.0128427
89.5601,-2.38608,0.706228,69.2775,2.73605,-0.467139,88.1987,-2.00675,3.12265,-1.17337,-0.0128427
146.446,-2.12561,1.51896,116.073,4.04606,-0.0616747,147.791,0.930113,-2.31952,-1.58063,-0.0128427
375.171,1.82669,0.591827,126.475,-1.45868,-1.61746,175.609,0.618146,-3.11013,2.20928,0.0128427
121.989,2.61481,-0.863434,102.883,-1.90804,2.51287,62.2053,-0.342019,1.27866,2.90688,0.0128427
257.527,1.70312,2.13272,84.8091,-2.3404,1.19017,175.743,-0.743092,-1.34509,0.942548,0.0128427
223.056,1.47874,0.363784,72.5879,-4.00621,-0.785254,123.44,-0.536319,3.13013,1.14904,0.0128427
83.7191,3.70126,-2.46316,56.2344,-1.8801,2.58066,33.268,-1.09045,-0.212121,1.23936,0.0128427
374.005,1.202,-0.012113,46.7112,-2.45605,-1.28783,170.551,-0.779486,3.03518,1.27571,0.0128427
239.365,-2.54369,2.7717,43.3646,1.19874,-2.24916,132.231,0.339464,-0.492624,1.26232,0.0128427
241.247,1.58986,-1.04638,72.9917,-1.88628,-0.387953,271.611,0.928256,2.3927,-0.658426,-0.0128427
276.572,0.451859,-0.671284,96.7109,-2.91287,-1.48703,244.029,-1.30205,2.33367,0.81575,0.0128427
100.696,-2.69022,1.52856,41.5692,3.70522,0.453943,117.892,0.530901,-2.12418,-1.07461,-0.0128427
92.6296,-1.39131,2.54504,89.4328,2.84968,-3.01677,138.237,1.08844,-0.184371,0.721378,0.0128427
119.58,-0.695348,2.11658,36.2418,3.69614,2.71017,94.4625,0.934596,-0.72154,0.593594,0.0128427
89.9563,-3.42063,1.79493,31.6702,3.20026,1.94003,33.084,-0.150675,-1.84269,0.145097,-0.0128427
86.9461,-2.06491,1.80666,41.6021,1.81833,-0.466023,40.9517,-1.64732,-2.0471,-2.27268,-0.0128427
167.264,1.99118,0.252356,58.4207,-1.7468,-1.47682,91.8795,-0.85087,2.42591,1.72918,0.0128427
113.761,-2.89453,-2.65918,86.0484,2.88968,-1.95425,110.215,-2.12626,0.75566,0.704934,0.0128427
184.393,0.229042,0.806301,86.3502,-3.41042,-0.837349,62.793,-1.61161,-2.74414,1.64365,0.0128427
261.606,0.73935,-2.99625,114.98,-2.64106,-1.43694,232.286,-0.595974,0.441769,-1.55931,-0.0128427
137.452,-2.33778,-2.83022,44.9911,2.17879,2.7172,122.649,0.262038,0.0218866,-0.735771,-0.0128427
172.594,0.990683,-0.560721,44.9716,-2.04568,-1.73046,96.3655,0.510002,2.66971,1.16974,0.0128427
115.791,2.11028,-1.6382,54.2646,-1.77079,-0.194426,82.8476,0.578704,1.56175,-1.44377,-0.0128427
76.3939,2.85327,-0.643546,48.0901,-0.897003,-1.14541,98.5275,2.21683,2.50111,0.501864,0.0128427
163.677,1.77571,-0.815067,41.2024,-1.49627,-1.66043,153.379,1.45725,2.35801,0.845368,0.0128427
134.21,-1.82263,-1.55905,91.7321,3.06532,-2.57034,51.4975,1.44314,0.741453,-1.01129,-0.0128427
180.204,2.44272,-3.02876,95.6311,-2.15371,-0.563066,83.3526,-0.79522,0.549332,-2.4657,-0.0128427
314.779,1.09141,-1.03497,70.9153,-2.26461,0.136151,287.429,0.627844,2.25642,-1.17112,-0.0128427
179.298,2.16936,-1.67048,39.6672,-2.74551,0.0976374,123.168,-0.174175,1.37458,-1.76811,-0.0128427
65.948,1.41577,-2.44922,41.9068,-2.46633,-1.69735,60.6982,-1.98968,0.984472,-0.751872,-0.0128427
98.9365,-2.34566,-2.35086,60.334,2.83009,2.47031,94.096,0.344636,-0.212524,-1.46202,-0.0128427
298.595,1.95536,-2.66464,57.6894,-2.37944,-0.615283,146.523,1.45649,0.747523,-2.04936,-0.0128427
136.203,2.82797,-1.32847,39.5937,-3.58922,2.34835,56.6509,-0.77717,1.58816,2.60637,0.0128427
196.359,-0.977484,2.69399,83.9972,2.03325,-0.203158,55.7055,1.42779,-1.595,-2.89714,-0.0128427
60.6982,2.29409,-2.20305,55.8085,-2.44395,-2.0553,107.482,-2.23842,0.851369,-0.147742,-0.0128427
142.358,1.97394,2.53649,104.956,-2.54352,-0.00977717,54.849,-0.73614,-1.20171,2.54627,0.0128427
201.299,-1.56429,1.27566,47.9782,2.47238,1.85941,236.916,0.705418,-1.77816,0.583757,0.0128427
117.851,-1.7478,-1.68304,87.8644,2.52463,-0.876481,158.555,1.8541,1.77989,0.806559,0.0128427
154.721,-1.01169,-0.663601,93.5289,3.66476,-0.17275,125.151,1.51468,2.74912,0.490851,0.0128427
112.873,-0.367995,1.04242,52.2124,3.60524,2.31684,95.3092,0.240743,-1.4683,1.27442,0.0128427
76.9918,3.81094,3.0238,54.5937,-1.36,1.96942,61.2024,1.04292,-0.726029,1.05438,0.0128427
92.2238,-2.63399,1.19704,69.9505,2.67491,-0.561425,49.1716,0.503595,-2.88414,-1.75846,-0.0128427
100.67,-3.6802,-1.81149,80.215,2.41537,0.251123,33.1481,-0.743271,2.55421,2.06261,0.0128427
146.98,2.63541,-2.60846,92.442,-1.82496,-1.44714,144.724,-0.320029,0.621858,-1.16132,-0.0128427
174.756,2.12944,-0.454196,36.7442,-0.978153,1.72135,119.697,1.99057,2.92547,-2.17554,-0.0128427
95.1376,2.85297,2.59824,66.2049,-2.46073,-2.36855,78.9087,1.1466,0.0906298,-1.3164,-0.0128427
83.0147,2.68638,-1.58495,40.7946,-1.797,-0.301379,62.3278,0.999031,2.50812,-1.28357,-0.0128427
74.4714,2.13034,0.723918,39.8214,-3.27895,-0.00278086,94.4303,0.313362,-2.37585,0.726699,0.0128427
119.073,-1.28232,-2.48142,97.4433,2.84344,-1.23023,122.42,0.0111101,1.07272,1.25119,0.0128427
257.754,2.08449,1.7673,176.207,-2.9274,-2.21883,216.618,-0.357701,-0.396326,-2.29706,-0.0128427
120.099,1.62549,2.77128,45.8292,-2.16187,-0.593447,80.3607,-0.624613,0.128743,-2.91845,-0.0128427
252.987,-1.13341,2.22886,87.2235,2.44952,-2.37887,135.119,-0.0924706,-0.735523,1.67546,0.0128427
132.377,1.72426,2.95293,94.686,-1.75742,1.05873,113.071,0.526046,-0.958578,1.8942,0.0128427
194.577,-2.94282,-2.2965,51.2153,1.72054,-0.580226,133.706,-0.652644,0.958174,1.71627,0.0128427
135.939,3.14158,-1.64166,71.789,-0.634372,0.0327216,117.564,2.0969,2.22482,-1.67438,-0.0128427
146.071,2.51965,0.151325,107.262,-2.16849,1.35284,119.67,1.38231,-2.36804,-1.20151,-0.0128427
165.057,-2.61193,1.73965,94.4488,2.89633,0.396386,124.043,1.26902,-1.86117,-1.34326,-0.0128427
174.575,-2.76487,-1.98169,86.169,0.804503,0.0951786,110.098,-2.18456,1.8708,2.07687,0.0128427
87.9176,1.98221,-2.22617,39.6206,-2.12908,0.705952,51.0329,-1.67533,1.70897,-2.93212,-0.0128427
180.634,0.7799,2.79533,55.3539,-2.88517,1.79896,119.836,-0.286243,-0.963434,0.996372,0.0128427
159.495,2.64511,-2.41434,72.483,-0.599758,-1.00338,153.61,2.02606,1.17605,-1.41095,-0.0128427
189.469,-0.785914,1.80848,162.6,3.04904,-2.59541,156.332,0.441216,-0.734844,1.8793,0.0128427
336.534,1.27339,0.95673,143.943,-2.4455,2.28253,171.082,0.79691,-1.21976,-1.32579,-0.0128427
160.486,2.7597,1.62671,127.405,-2.88915,-3.02369,138.596,0.771774,-1.19734,-1.63278,-0.0128427
396.393,2.34396,-0.756531,125.465,-3.91846,-2.17336,283.905,-1.10287,2.13727,1.41683,0.0128427
368.858,-1.36604,3.10074,161.867,2.11405,-1.09471,193.323,0.353858,0.458453,2.08773,0.0128427
327.297,1.35773,-2.44298,196.169,-2.32986,1.8852,119.363,0.159081,0.167045,1.95501,0.0128427
91.4532,-3.12311,-2.61782,31.8016,1.21712,2.51842,108.057,-1.05669,0.0134502,-1.14695,-0.0128427
88.8961,1.67118,2.06375,38.9955,-3.70181,2.92288,65.6693,1.24182,-0.289355,-0.859138,-0.0128427
198.438,2.64519,-2.75082,174.097,-1.97552,-1.0022,108.913,0.406365,1.09994,-1.74862,-0.0128427
97.456,-2.28701,-0.0490158,53.2639,2.37398,-1.13576,62.7342,-1.20213,2.94325,-1.08675,0.0128427
250.89,-1.67452,0.134422,132.798,4.05961,1.24073,152.79,0.130706,-2.83049,1.10631,0.0128427
144.377,1.85743,3.09973,36.6796,-3.18095,-1.67787,148.286,-0.0375725,0.515599,-1.50558,0.0128427
255.632,-2.851,-0.89737,57.1885,3.23257,0.84757,148.204,-0.286132,2.23949,1.74494,0.0128427
83.4352,1.85527,2.72648,78.8343,-1.29304,-0.25242,60.3145,-0.696586,-1.32413,2.9789,0.0128427
87.5036,-1.98013,0.00867361,70.6136,3.5349,-1.70799,90.4083,-0.664045,1.97122,-1.71666,-0.0128427
378.832,-0.476141,1.55672,55.9275,2.55409,-2.01703,257.24,1.26525,-1.6246,2.70944,0.0128427
137.123,2.99995,2.58433,61.8009,-1.35519,-3.11993,116.89,-1.06041,-0.364807,-0.578927,-0.0128427
79.1974,2.28637,0.903413,71.7034,-2.73548,1.98137,129.389,-1.64153,-1.6746,-1.07795,-0.0128427
59.8049,3.08787,1.89842,50.7735,-2.89374,0.61396,62.7511,-1.22383,-2.07089,1.28446,0.0128427
49.6407,-1.68495,1.10311,35.2827,3.5672,1.97353,72.5586,0.298717,-1.13128,0.870423,0.0128427
89.7945,-2.45698,-0.274612,54.3206,2.76467,-1.50562,50.3121,-1.56571,2.67509,-1.231,-0.0128427
249.496,-2.48697,1.77845,55.5588,3.58696,1.60418,260.148,-1.15702,-1.50108,-0.174269,-0.0128427
107.55,2.37698,-0.458623,47.7791,-1.80054,-1.80182,84.778,1.61727,2.11104,1.34319,0.0128427
121,-2.64047,-2.31804,117.68,1.13189,2.65667,94.5547,-0.156711,0.197866,-1.30847,-0.0128427
71.1583,2.81112,0.280137,35.0418,-2.15388,1.66937,49.7389,-0.156751,-2.8931,-1.38924,-0.0128427
192.91,-1.57169,1.64744,129.512,3.07466,-3.02785,148.536,0.425343,-0.824543,1.60789,0.0128427
124.961,2.16606,-2.32611,52.4012,-2.17672,-1.70385,121.228,-1.20495,0.762415,-0.622259,-0.0128427
109.311,-2.10667,1.66008,106.731,0.963787,-0.108305,104.547,0.0340566,-2.29087,-1.76838,-0.0128427
373.842,2.02096,0.739533,35.2654,-3.26871,-1.74592,300.106,-0.349172,-2.55477,2.48545,0.0128427
124.287,-2.71686,-2.87179,35.0076,2.15719,0.792103,74.7354,-0.987841,-0.655329,-2.61929,-0.0128427
151.595,-2.11233,-1.96066,53.944,2.35495,-0.184581,135.874,-0.98506,1.34953,1.77608,0.0128427
84.5986,-1.78877,-1.46382,46.528,3.05824,-1.59473,84.267,0.359911,1.54461,-0.13091,0.0128427
88.3892,2.85988,-2.84115,56.713,-2.37784,-0.738635,58.0896,1.02545,1.0484,-2.10251,-0.0128427
210.822,2.33074,1.28984,136.43,-2.42232,-2.84222,171.795,0.80621,-1.28764,-2.15112,-0.0128427
184.674,-0.650049,-2.57308,63.1275,3.96185,-1.62029,79.3099,1.16523,0.567813,0.952787,0.0128427
77.9602,3.09112,-1.75607,55.517,-1.64179,3.00865,44.3849,1.35476,0.632753,1.51847,0.0128427
167.469,3.03235,2.97694,53.8963,-3.98716,2.15523,108.977,-0.264606,-0.471967,0.821712,-0.0128427
135.662,-1.89275,0.134487,95.4014,2.82786,-2.13107,79.5611,0.798695,2.85629,-2.26556,-0.0128427
118.696,1.49699,-1.55552,87.9907,-3.6765,-3.05676,101.56,-0.799649,0.827286,1.50124,0.0128427
89.7817,2.31794,-2.40972,84.5595,-3.21067,2.93775,69.9739,-0.730338,0.385265,0.935714,0.0128427
119.092,1.67306,0.274191,104.106,-2.53689,-0.807175,112.475,1.08035,2.42006,1.08137,0.0128427
193.264,-2.22897,-2.2261,184.382,2.2465,-0.602303,171.426,0.203652,1.96253,1.6238,0.0128427
300.401,0.510431,2.78143,101.284,-3.08633,-0.0952881,106.7,-0.807782,-0.527978,2.87672,0.0128427
95.8657,-1.28649,-2.28245,91.4756,2.89679,-0.961951,77.9607,0.858937,1.88714,1.3205,0.0128427
50.4151,2.63819,-0.172725,42.5498,-1.73986,1.10736,38.034,-0.237286,-2.25561,-1.28009,-0.0128427
178.768,2.12239,-1.55563,108.307,-3.11973,-0.375571,115.587,-0.000151999,2.42576,-1.18006,-0.0128427
238.468,-0.902076,-1.64301,100.034,2.70376,-2.67425,266.492,0.0163264,1.19509,-1.03124,-0.0128427
254.466,-2.17732,-2.68923,98.0388,0.954269,1.58321,116.756,-1.28533,0.188102,-2.01075,-0.0128427
79.9375,1.81496,0.74909,75.2143,-2.10893,0.426558,82.1376,-1.23286,-3.09697,0.322532,-0.0128427
187.872,-2.15525,-0.440525,96.4406,2.76004,0.766986,99.0287,0.680551,-2.92145,1.20751,0.0128427
256.703,2.28191,-3.01161,63.4394,-1.86279,0.717041,104.007,1.70517,0.175277,2.55454,0.0128427
185.779,-2.38368,1.51222,96.0531,2.05705,2.99589,194.877,-0.860876,-1.34679,1.48367,0.0128427
165.295,-3.04337,-0.519562,78.9726,2.77999,2.29772,82.472,-1.63369,2.84459,2.81728,0.0128427
195.699,-1.76192,2.07166,125.978,2.63514,0.194149,117.246,-0.566783,-1.80163,-1.87751,-0.0128427
162.561,1.3475,-2.71408,104.995,-1.80486,0.908563,69.302,0.723888,-2.11625,2.66054,0.0128427
85.7525,3.88892,-2.85705,43.7921,-2.4088,-1.41993,79.4687,0.990475,1.24292,-1.43712,-0.0128427
103.174,3.05996,0.440178,48.4498,-2.7122,0.503319,70.1633,2.02445,-2.75775,-0.0631408,0.0128427
145.348,2.1328,0.20093,105.242,-1.89268,-0.781611,195.264,1.70165,2.92892,0.982541,0.0128427
101.498,-0.757434,1.65268,78.7851,3.86826,-2.76478,44.2584,1.39556,-1.19399,1.86573,0.0128427
126.172,1.94247,2.95916,97.2535,-2.441,0.653374,44.1833,-0.167908,-0.587731,2.30578,0.0128427
227.738,2.55179,-2.48982,106.16,-2.69905,2.19221,132.024,-0.760798,0.349312,1.60116,0.0128427
344.654,0.895973,-0.0900137,42.8058,-2.44983,-1.90131,157.421,0.414048,2.76971,1.8113,0.0128427
144.863,1.5331,2.87756,89.1811,-4.48649,1.67719,149.521,0.0267424,-0.655921,1.20037,0.0128427
116.63,-2.70435,-0.764205,85.4228,1.21605,1.69811,85.3506,-1.75932,2.58975,2.46232,0.0128427
89.161,1.54187,-2.54006,67.0002,-2.18765,-0.502373,58.1542,-1.04915,1.29136,-2.03769,-0.0128427
86.2981,-1.45445,-1.01912,75.6366,3.45491,2.98551,57.5916,0.605201,0.181096,-2.27855,-0.0128427
146.895,2.67425,-1.3013,55.023,-1.96974,-2.1718,98.2179,2.26859,1.37624,0.870504,-0.0128427
258.739,-0.858836,-0.0813108,58.9968,3.44382,-1.16941,136.809,-0.0768425,2.98707,-1.0881,-0.0128427
429.979,-1.83562,1.48792,125.723,2.53693,-1.8133,200.752,-0.626148,-1.65722,2.98197,-0.0128427
97.8868,1.79814,-1.5586,75.5781,-4.27269,-2.13325,143.925,-0.617512,1.29868,0.574649,0.0128427
193.942,-2.05859,0.0676002,132.953,1.35708,1.6412,63.8143,-0.652778,3.01355,1.5736,0.0128427
222.593,-2.77124,2.88929,42.8358,1.96912,0.79579,101.552,-1.48194,-0.6621,-2.0935,-0.0128427
232.517,2.21529,1.41944,150.824,-1.91986,0.0799201,99.188,0.518388,-2.14774,1.33952,0.0128427
118.31,-2.66037,-2.88091,93.9554,3.07598,-1.3979,98.8358,-1.28058,0.865413,1.48301,0.0128427
63.3615,-0.988987,-2.54021,46.4436,3.00301,-1.32702,46.7947,-0.416525,1.1349,1.21319,0.0128427
111.942,-2.32353,2.97448,87.6144,1.45072,2.57003,87.0925,-0.495073,-0.720855,-0.404449,-0.0128427
175.724,2.31916,0.0674496,51.0184,-2.18366,-0.285102,93.8283,1.46044,-2.85859,0.352552,0.0128427
159.789,3.1094,-3.01754,58.5635,-3.06409,0.862352,74.5083,0.963662,-0.323306,2.40329,0.0128427
155.252,-2.7901,-1.66837,36.1818,0.662,-1.44151,158.784,-0.622827,1.39206,0.226859,0.0128427
167.209,2.87903,3.00975,158.318,-0.789464,1.19926,133.363,0.816152,-0.142833,1.81048,0.0128427
167.934,-2.98359,3.00033,44.8742,3.57852,1.50458,78.7338,-0.764222,-0.45264,-1.49575,-0.0128427
103.613,2.05648,-0.873951,49.5629,-4.13786,1.21004,87.8976,0.667526,3.00245,-2.08399,-0.0128427
265.571,-1.44155,1.66975,58.8316,1.91855,-2.83903,212.811,-0.348057,-1.1545,1.77441,0.0128427
187.082,-2.1863,0.922504,49.7179,0.872993,1.61336,144.409,-1.85274,-2.14907,0.690853,0.0128427
140.908,2.95677,1.4145,40.2027,-0.69881,-2.65971,117.377,0.674528,-1.25636,-2.20897,-0.0128427
52.2496,-3.79387,2.1539,50.568,0.742024,1.23272,59.4057,-1.2437,-1.14006,-0.92118,-0.0128427
110.869,-1.27549,-0.369042,69.2465,2.3154,-2.69308,45.8893,1.21584,1.67344,-2.32404,-0.0128427
142.946,-1.65138,2.67224,117.563,2.19058,3.04707,93.7819,-1.64053,0.382965,0.374828,0.0128427
354.963,-2.12408,0.602078,188.586,2.39185,1.65185,255.715,-1.4222,-2.17865,1.04977,0.0128427
70.2024,-3.90962,2.16696,40.1818,1.31252,-2.67404,68.855,-1.67883,-0.424102,1.44219,0.0128427
263.42,1.65977,2.19801,75.5312,-4.01322,-0.127478,86.038,-0.229249,-1.10271,2.32549,0.0128427
265.996,-1.52591,-0.965751,115.446,1.80381,0.918923,216.162,0.287542,2.33777,1.88467,0.0128427
237.242,-2.15725,0.434033,78.9114,1.88631,2.88868,163.754,-0.834541,-2.53,2.45465,0.0128427
343.469,1.29001,-2.93176,274.81,-2.41035,-0.840034,229.954,-0.0937929,1.00437,-2.09172,-0.0128427
172.706,3.10987,-1.71426,154.947,-0.909972,-3.00083,157.273,1.11985,0.184199,1.28657,0.0128427
124.826,3.15337,-1.56486,44.2895,-2.05524,2.86393,95.5157,1.31294,1.2986,1.8544,0.0128427
156.502,-2.20422,0.905277,110.499,4.32581,-0.241864,152.671,0.418529,-2.69263,-1.14714,-0.0128427
267.965,1.75888,-2.31217,66.4923,-2.34244,2.9672,298.97,0.0386539,0.649953,1.00381,0.0128427
131.659,2.86718,2.26003,54.6153,-2.10684,0.141309,97.9127,1.04054,-1.51375,2.11872,0.0128427
262.443,1.47818,0.0177749,101.225,-1.55224,-2.10702,155.419,0.156147,2.74526,2.12479,0.0128427
115.353,-3.45389,-1.33754,94.8632,1.42885,2.90299,44.4747,-2.45205,1.44462,-2.04265,-0.0128427
173.043,3.02929,-0.170857,148.191,-0.962944,-0.544595,94.1253,1.35816,2.4769,0.373738,0.0128427
136.71,-2.45128,-1.3355,67.144,1.80003,-0.161434,119.005,0.176445,2.82853,1.17407,0.0128427
74.4399,2.85467,-0.80845,56.2941,-3.18963,-2.68688,79.2748,-0.26572,1.52184,1.87843,0.0128427
276.653,2.97634,-0.214954,132.428,-1.84078,2.74291,106.946,-1.14829,-3.09154,-2.95786,-0.0128427
181.085,-1.91024,-0.796914,46.9901,4.2076,1.42211,117.719,0.998111,2.62841,2.21902,-0.0128427
134.069,2.54816,1.53411,50.1371,-3.63949,0.457447,87.8222,-1.29802,-2.11052,1.07666,0.0128427
140.64,-1.82176,-1.27968,31.4924,2.52759,0.506662,77.2873,-0.998183,1.9678,1.78634,-0.0128427
134.784,2.63477,2.2178,102.872,-1.26768,0.262447,94.811,1.98098,-1.46359,1.95535,0.0128427
168.818,-2.30616,2.70944,131.519,0.994016,0.287646,79.4309,-1.35867,-1.19794,-2.4218,0.0128427
289.928,-2.85423,-1.81078,128.87,3.79273,2.30491,174.316,-2.02617,0.95816,-2.16749,-0.0128427
69.3567,3.09628,0.401381,46.2166,-3.21481,1.25917,49.7223,-2.40064,-2.53824,-0.857793,-0.0128427
122.314,-3.19958,-0.0631081,63.2259,2.73958,-0.916224,148.912,-0.302588,3.06783,-0.853116,-0.0128427
122.926,1.62432,-1.25581,56.6202,-3.15018,-1.81899,139.343,-0.476158,1.92454,0.563182,0.0128427
102.585,3.0528,-1.91136,73.0976,-2.27837,-3.03234,77.4787,-0.21543,1.12194,1.12098,0.0128427
209.293,2.09904,0.576216,119.053,-3.64232,-0.106827,276.406,0.159865,-2.93865,0.683043,0.0128427
94.4774,-2.01136,0.487429,76.2532,2.08203,-0.0690387,111.188,-0.871304,-2.9031,-0.556468,-0.0128427
172.159,-2.11167,1.12807,66.3437,2.44955,-0.539065,71.8632,-0.435179,-2.44109,-1.66713,-0.0128427
278.404,1.78366,2.24867,61.1375,-2.61535,2.03302,262.659,0.249016,-1.13197,0.215655,0.0128427
128.584,2.67196,0.101268,114.078,-3.57733,2.04283,195.603,1.29065,-2.56934,-1.94157,-0.0128427
220.95,-2.2365,-2.42205,43.29,2.55244,1.38761,120.141,1.21655,0.362763,-2.47352,-0.0128427
155.262,-1.6634,-3.0094,136.409,2.36325,-1.5226,109.125,-0.53055,0.769215,1.48681,0.0128427
104.665,3.16623,2.04084,98.47,-2.91434,0.901412,36.3674,-1.91743,-1.62143,1.13943,0.0128427
123.3,0.859855,-1.98192,51.9335,-4.39885,2.3251,64.8991,-0.0310798,0.609944,1.97616,0.0128427
381.755,-1.13713,1.7204,112.403,3.6911,-2.2606,224.095,0.0557943,-1.28971,2.30219,0.0128427
130.061,-3.21588,-2.15958,78.2615,3.25779,1.64386,78.4078,1.21635,0.493403,-2.47975,-0.0128427
151.808,2.45369,-1.09733,99.735,-1.26793,1.00942,44.8004,1.61387,2.30429,-2.10674,-0.0128427
225.636,1.22896,-1.83727,90.8925,-4.19073,2.91495,174.871,-0.709947,0.955904,1.53097,0.0128427
349.054,-0.517401,2.02871,64.3321,2.88281,2.62913,154.861,2.065,-1.18741,0.600417,0.0128427
539.848,0.00236233,2.1621,273.006,-3.16906,-0.621193,219.37,-1.05748,-1.12187,2.78329,0.0128427
590.899,1.37542,-2.31311,155.774,-1.92681,1.14049,248.737,0.843545,0.771312,2.82959,-0.0128427
245.106,-1.55458,-1.01933,72.0933,2.82074,0.159742,183.411,1.19545,2.35807,1.17907,0.0128427
92.9017,1.19467,1.44417,74.5347,-3.6258,-0.521879,84.596,-1.67634,-2.94924,1.96605,0.0128427
120.609,0.45528,-3.07769,67.9127,-3.84172,0.978163,71.7524,-1.82443,-0.635484,2.22733,0.0128427
141.727,2.51351,2.02639,124.498,-3.15379,1.40005,150.764,0.0573917,-1.21013,0.62634,0.0128427
296.432,2.43503,2.28837,126.728,-2.44844,-2.85818,103.105,-0.21742,-0.331069,-1.13664,-0.0128427
269.564,-2.10117,-0.955828,47.3695,4.76648,1.42012,213.708,0.114978,2.45766,2.37595,0.0128427
171.739,0.859327,-1.08454,123.963,-3.03391,0.687953,158.671,-0.435378,2.66181,-1.77249,0.0128427
146.996,2.86755,-2.80786,134.522,-2.57898,-0.90017,55.7916,1.97943,1.03269,-1.90769,-0.0128427
264.697,-2.53368,-0.45883,260.47,0.830715,1.25303,352.577,-0.903578,-2.67434,1.71186,0.0128427
479.301,-1.88802,1.659,307.586,3.1252,-0.328782,270.08,-0.66159,-2.36649,-1.98778,-0.0128427
75.9951,1.67234,-0.0238244,33.1726,-4.62753,1.24426,34.3726,-2.61406,2.93329,-1.26808,-0.0128427
86.9098,3.09817,-0.835058,47.4393,-1.07632,1.27908,37.9405,1.45176,2.80858,-2.11414,-0.0128427
224.756,3.1377,0.374491,66.8882,-1.7821,0.889957,223.164,-0.755843,-2.90563,-0.515465,0.0128427
81.3972,2.67852,1.74647,35.1651,-3.17323,1.88899,76.2593,-2.05387,-1.39712,-0.142513,0.0128427
148.072,2.33622,1.507,69.7967,-2.22433,0.759674,103.172,0.700823,-1.37698,0.747329,-0.0128427
100.414,1.12221,-0.478605,37.0596,-3.59188,-1.50352,85.246,-0.245636,2.29412,1.02492,0.0128427
94.2869,2.7399,1.35117,85.2928,-3.61406,-0.481374,56.7947,-0.566332,-2.87685,1.83254,0.0128427
185.42,1.86013,-0.888358,51.0889,-3.02213,-1.07708,156.328,-1.75589,2.72348,0.188725,0.0128427
147.659,0.323119,-2.92748,137.376,-3.2403,-1.4476,102.892,-1.02372,0.718028,-1.47988,-0.0128427
111.633,-3.31814,2.6849,105.407,1.85206,-0.797419,75.0651,-1.50065,-2.15987,2.80086,-0.0128427
107.064,-1.58173,1.91152,54.2246,2.10177,-2.52348,89.0521,-1.29379,-0.807643,1.84819,0.0128427
264.539,-1.84955,2.39886,71.3482,2.38912,-0.82755,74.9131,1.36885,-0.162073,3.05677,0.0128427
123.15,-1.06064,0.496103,84.9763,3.54059,2.87451,77.1158,0.930862,-2.27009,2.37841,0.0128427
102.937,2.17902,-2.10155,50.9131,-2.90723,-1.87255,111.035,0.0353687,0.905786,-0.228997,-0.0128427
268.18,-2.6712,-2.60331,181.399,2.82299,-2.04415,276.917,-0.348246,0.686904,0.559162,0.0128427
220.153,-1.2104,-0.71482,91.3774,3.10438,-2.33821,49.9212,-0.628945,2.51341,-1.62339,-0.0128427
81.7343,-3.88235,-0.879476,41.0872,2.89992,-2.40569,46.9311,0.415702,1.87656,-1.52621,-0.0128427
205.282,-1.96046,0.87545,46.2589,2.8484,-0.493256,114.759,0.507892,-2.17809,-1.36871,-0.0128427
50.6913,-1.68307,2.05084,40.6068,2.69336,0.676246,45.8151,1.25769,-1.45488,-1.3746,-0.0128427
136.069,-2.38533,1.30227,122.475,1.23336,0.434546,173.838,-0.444241,-2.16912,-0.867728,-0.0128427
118.052,-1.73537,1.27,108.793,2.78478,0.291131,141.089,2.27972,-2.26531,-0.97887,-0.0128427
91.7267,-2.5475,-0.912622,68.4608,0.863804,0.586931,114.003,-0.132841,2.85074,1.49955,0.0128427
266.138,-1.98599,3.06968,116.641,2.78677,-1.20843,159.422,0.281499,0.303409,2.00508,0.0128427
201.608,-0.373894,-1.85215,75.4757,4.30896,0.172994,177.303,0.253603,1.47103,2.02514,0.0128427
170.798,2.56339,-1.29442,51.558,-3.91653,0.272794,135.643,0.592333,2.01916,-1.56721,-0.0128427
119.042,2.63992,1.63282,115.01,-1.85701,-0.814287,49.385,1.15364,-2.32557,2.44711,0.0128427
163.688,-1.68613,-0.857147,52.6388,1.74934,-2.51096,103.463,-0.477983,1.98219,-1.65381,-0.0128427
249.383,-2.20785,-2.41197,97.8971,3.41929,-1.28824,154.702,1.47172,1.08269,1.12373,0.0128427
90.9151,2.00157,1.92657,60.7308,-2.49661,0.0625399,76.9687,0.711949,-2.32435,1.86403,0.0128427
112.832,-1.49944,-0.782834,35.271,2.95748,-1.64507,121.053,0.466937,2.31478,-0.862232,-0.0128427
348.522,2.99617,-0.596961,139.252,-3.22254,1.00751,159.568,0.524737,2.99834,-1.60447,-0.0128427
90.4803,3.98616,0.12647,50.2532,-1.6784,1.94413,72.5906,0.930822,-2.84926,-1.81766,-0.0128427
237.061,-2.91509,0.425855,120.796,2.67676,-2.34353,157.707,-1.75202,-2.75403,-2.76938,0.0128427
107.947,1.87709,2.94528,101.391,-1.69823,-1.48279,52.6578,-1.2461,0.277554,-1.85511,-0.0128427
200.616,-1.87939,0.188995,156.643,2.0689,1.13943,222.518,-0.568633,-2.45805,0.950435,0.0128427
329.833,-2.87792,-2.49628,82.1498,3.39909,2.60358,328.924,-0.360019,0.337907,-1.18332,-0.0128427
117.134,3.03734,3.05462,103.156,-2.11904,1.06197,93.9841,-0.823568,-0.788486,1.99265,0.0128427
171.233,-0.845815,0.600715,85.3488,2.36861,-0.977307,88.0634,0.716666,-2.88719,-1.57802,-0.0128427
626.771,-1.7592,-1.64239,44.0212,2.3155,-1.97625,454.764,1.09099,1.35101,-0.333858,-0.0128427
335.02,-1.40124,2.91227,102.291,2.56598,-0.67525,191.497,1.0426,-0.164378,2.69567,0.0128427
105.46,-1.06551,-0.358867,44.9203,3.11441,-2.28558,49.543,1.68153,2.90765,-1.92671,-0.0128427
99.5556,-1.38792,2.04453,77.0891,3.20434,0.523451,96.9485,0.631439,-1.35452,-1.52108,-0.0128427
281.872,-2.84084,1.55202,94.9934,0.356812,-2.40201,280.048,-1.76035,-1.52611,2.32915,0.0128427
66.594,-1.83063,1.94023,61.0308,1.71741,-2.71087,47.1415,0.942166,-0.54268,1.63208,0.0128427
147.558,1.51007,0.152275,77.1954,-2.97923,-1.14308,75.0305,-0.328243,-3.08752,1.29536,0.0128427
95.3221,-2.43863,-0.310323,51.3526,4.48437,-0.100161,83.4481,-1.01866,2.66544,0.210162,0.0128427
163.972,-2.57742,-1.19716,61.6056,1.2051,-2.48941,58.0663,-0.0496505,1.63116,-1.29225,-0.0128427
358.146,-1.98051,0.654141,49.2984,2.30718,-1.49036,288.297,0.673558,-2.52908,-2.1445,-0.0128427
91.6942,2.17198,2.43925,52.7502,-2.27015,1.45046,66.1027,-0.023097,-1.71719,0.988783,0.0128427
195.736,2.38608,-0.280787,73.1609,-3.46211,0.182634,230.968,0.678745,2.91634,-0.463421,-0.0128427
285.022,-2.50135,2.00858,35.7217,1.25537,-1.4943,189.942,0.137377,-1.00028,2.78031,0.0128427
110.816,0.803778,1.39045,56.8203,-3.39137,2.64006,76.7754,-0.952349,-1.37357,-1.24961,-0.0128427
219.462,-1.62614,-1.31202,110.453,1.52481,-2.39397,176.051,1.00979,1.45847,-1.08195,-0.0128427
164.127,1.71874,-1.00753,92.8616,-4.03161,1.25005,64.8576,-2.37225,2.20606,-2.25758,-0.0128427
117.569,-3.63983,0.933433,111.738,1.02105,2.90096,137.785,-0.119463,-1.09714,1.96752,0.0128427
191.006,-2.3147,-0.587268,47.47,4.21516,0.0929207,108.934,1.98086,2.56804,0.680189,0.0128427
120.54,-3.56929,-2.72819,71.9125,1.75841,2.69746,88.1098,-0.277072,-0.031699,-0.857528,-0.0128427
75.979,-2.52003,-0.224484,39.8172,3.65801,-2.03642,70.0587,-1.04785,2.00608,-1.81194,-0.0128427
221.668,1.35179,1.93886,73.7362,-3.50398,-0.107153,159.751,-0.264101,-1.35893,2.04602,0.0128427
65.7427,3.60012,-1.25902,53.3078,-1.03192,0.294291,96.7279,1.74494,3.07123,-1.55331,-0.0128427
126.059,1.01233,0.371182,122.365,-2.4048,-2.17568,89.2781,-1.13431,1.55266,2.54686,0.0128427
173.92,-2.14433,-1.977,91.3462,2.83882,2.96607,131.892,0.255093,1.16768,-1.34011,-0.0128427
164.107,1.53719,-1.09598,121.719,-2.94518,0.297244,179.641,-0.128952,2.50529,-1.39322,-0.0128427
128.823,-0.576443,2.04477,103.497,3.15554,-1.84157,30.7877,0.765118,-0.432585,2.39685,0.0128427
120.429,1.81721,1.43543,34.5628,-2.25807,-2.8152,93.0001,0.337083,-1.00375,-2.03256,-0.0128427
108.107,-2.07853,-1.76615,99.1114,3.56687,-0.211432,132.143,1.90863,2.41638,1.55472,0.0128427
195.66,1.0373,-0.63777,75.6497,-2.41192,-2.30475,72.134,-0.521351,2.12759,1.66698,0.0128427
132.263,1.96594,-1.73792,109.69,-2.05651,-2.30999,60.9285,0.757262,1.42745,0.57207,0.0128427
81.7891,2.13968,2.03702,54.3205,-3.07903,0.121557,55.4614,2.2067,-1.30076,1.91547,-0.0128427
267.261,1.63165,3.05327,148.165,-1.58156,-1.22899,154.643,-0.610673,0.573372,-2.00092,-0.0128427
121.433,3.88893,2.79174,42.2905,-1.79018,1.84294,87.3735,1.10461,-0.411651,0.948805,0.0128427
208.432,2.35287,2.46246,111.968,-2.99098,1.32542,264.524,-0.405015,-1.03506,1.13704,0.0128427
227.516,0.859914,-0.26392,154.376,-2.55832,-1.79788,193.321,-1.04298,2.15257,1.53396,0.0128427
51.2705,-2.22721,0.764669,48.5894,1.93321,0.721721,54.6619,1.31054,-2.62845,-0.0429476,-0.0128427
140.713,0.454379,-1.1841,111.304,-2.93165,-3.00695,116.631,-1.32949,0.768189,1.82285,0.0128427
165.122,-2.84728,-1.89835,137.352,2.10824,-0.641602,115.036,-0.0484116,1.64383,1.25674,0.0128427
205.552,-2.83165,-0.372137,127.965,3.20285,-1.10637,267.525,-0.187337,2.43994,-0.734233,-0.0128427
359.723,1.53277,0.477257,225.538,-2.46532,3.1337,77.2563,-1.66969,-2.01231,-2.65644,-0.0128427
145.406,-2.89695,2.55174,79.9051,0.609506,-2.89617,160.779,-0.926569,-0.311333,0.835265,0.0128427
140.201,-3.51919,0.354485,90.1226,1.9734,-2.11017,72.2476,-0.0257472,3.11421,-2.46466,-0.0128427
218.428,-1.99768,1.64512,104.072,2.64601,0.718366,116.944,-0.58438,-1.21143,-0.926752,-0.0128427
192.482,1.38766,0.521512,158.012,-2.41936,2.76475,71.3522,0.283471,-1.80694,-2.24324,-0.0128427
116.727,2.51542,-1.51421,45.5486,-1.81411,2.17736,19.2735,-1.22081,0.735886,2.59161,0.0128427
128.866,1.64556,0.100244,98.3038,-2.86796,1.6482,82.8739,0.471904,-2.23692,-1.54796,-0.0128427
160.821,-1.50958,-2.44152,47.0796,3.07455,-1.00554,122.544,0.193021,0.974432,1.43598,0.0128427
204.609,3.13535,2.41985,50.9968,-2.76994,0.472348,72.2256,0.688347,-1.15974,1.9475,0.0128427
144.619,3.36261,-0.918921,92.6651,-2.46272,-0.678133,153.613,0.094393,2.39943,-0.240788,-0.0128427
228.629,-1.96767,-0.761286,112.161,1.14487,-1.10644,185.055,-0.124018,2.13998,-0.345155,-0.0128427
208.814,-3.14271,-1.7194,39.6471,2.37281,-2.46738,149.944,-0.25023,1.31741,-0.747984,-0.0128427
246.888,1.53931,2.37451,60.1365,-3.41473,0.570754,145.607,-0.514816,-1.21848,1.80376,0.0128427
99.3703,-2.15773,2.58517,73.5025,3.15382,1.63022,107.837,0.420809,-1.13968,-0.954943,-0.0128427
104.685,-0.553946,-1.23577,47.6285,3.43158,1.14254,100.669,1.46763,2.74469,2.37831,0.0128427
276.13,-1.83734,0.472513,84.2917,2.51326,-1.89754,150.932,0.432328,-3.04024,-2.37005,-0.0128427
194.745,-1.8848,0.239056,111.459,3.2047,-2.22628,96.3202,1.65879,2.75029,-2.46534,-0.0128427
227.492,0.767988,-1.372,156.611,-2.78588,2.98932,197.49,-0.942721,-0.51112,1.92187,0.0128427
356.834,-2.07899,-2.05307,109.954,1.30202,3.04011,216.462,0.253871,1.09079,-1.19001,-0.0128427
96.669,-3.18218,2.22889,87.5716,0.824729,1.99953,144.198,-2.38484,-1.12585,-0.229353,0.0128427
168.059,-1.83804,-0.999749,44.6183,2.88472,-3.08778,105.932,0.656839,2.26754,-2.08803,-0.0128427
116.454,1.03245,0.872023,35.6225,-3.58492,1.90595,72.5618,-0.432021,-2.04729,-1.03393,0.0128427
130.65,2.0655,2.69848,39.8359,-1.68708,-0.932722,58.2722,1.46494,0.285347,-2.65198,-0.0128427
92.182,-1.53324,-1.1755,39.646,3.56924,0.824634,33.6466,0.881496,2.70774,2.00013,0.0128427
169.737,2.63301,1.20846,38.745,-2.19066,-0.979243,125.463,1.33318,-2.28245,2.1877,0.0128427
62.1118,1.32085,-2.34963,57.2097,-3.16099,-2.37941,54.6258,-1.83636,0.724783,0.0297828,-0.0128427
88.8237,-1.56512,-3.0464,33.9625,4.73344,3.02554,98.9676,1.94253,0.0446769,-0.211239,-0.0128427
176.232,-1.65913,-1.89338,52.4001,2.36523,-1.18124,198.677,1.08415,1.48618,0.712137,0.0128427
317.759,-0.233488,1.12862,79.4413,3.3175,-0.856722,237.681,0.875106,-2.18438,-1.98535,-0.0128427
156.437,2.51998,-0.478192,146.789,-1.75859,0.411154,160.686,-1.17891,2.97345,-0.889347,-0.0128427
91.9474,-3.53219,-1.03313,87.8789,1.11214,2.857,51.4496,-0.619387,0.450748,-2.39306,-0.0128427
82.3617,2.29653,-3.09783,55.9099,-2.46787,-2.43227,83.0661,-0.375986,0.386396,-0.665559,-0.0128427
328.638,1.05892,1.59148,240.877,-2.65109,-0.619391,92.3506,-0.097925,-2.2048,2.21087,0.0128427
163.304,3.24229,-1.30319,113.199,-0.0950405,1.1888,52.9701,2.58974,1.60975,-2.49199,0.0128427
236.959,-1.71552,-1.55754,232.754,1.28976,0.9707,104.399,-0.836765,2.59494,2.52824,0.0128427
81.7836,2.83248,1.58428,30.9097,-4.06984,-3.052,52.0602,1.62562,-1.32063,-1.64691,-0.0128427
147.092,-3.23579,-0.453814,30.7776,1.85482,-2.64253,63.802,0.828379,2.57396,-2.18872,-0.0128427
130.779,1.67862,2.70455,110.859,-1.60309,-3.00136,53.8037,-0.511262,-0.230614,-0.577283,-0.0128427
188.592,2.00016,-1.27688,87.4722,-3.18302,0.418625,124.305,-0.106767,2.25135,-1.6955,-0.0128427
253.961,-2.45044,-1.7648,86.6841,1.00116,0.946282,89.308,-1.73805,1.39046,2.71108,0.0128427
178.773,-1.94596,2.30793,87.1771,3.86582,-2.46872,77.1785,1.14374,0.0743285,1.50653,0.0128427
140.371,-2.17249,-2.85087,129.866,3.26271,-2.02754,60.4365,0.937874,0.819469,0.823329,0.0128427
161.724,2.69366,-2.28298,106.043,-2.45275,-2.84105,197.625,-0.91844,0.562442,0.558065,0.0128427
93.257,-2.50633,0.0849998,82.5651,2.26705,-1.67385,82.0098,1.0819,2.70213,-1.75885,-0.0128427
342.183,-1.49548,0.10373,147.174,1.77709,-0.333719,418.223,-0.180066,3.01842,-0.437449,-0.0128427
256.38,-2.26933,-2.14617,59.9669,4.26358,1.57384,69.107,0.411549,0.586071,-2.56318,-0.0128427
203.394,3.16959,-1.84155,79.7511,-1.94318,1.82838,71.3624,0.95099,1.03546,2.61326,0.0128427
305.285,-2.08139,-1.86107,144.457,1.32132,2.23502,45.4255,-0.317553,0.76903,-2.18709,-0.0128427
184.581,0.811256,0.630846,42.8489,-3.216,-1.33556,115.749,-1.39962,-2.84886,1.96641,0.0128427
251.401,-1.61646,-2.72387,162.01,2.59349,2.53341,259.392,-0.714205,0.176363,-1.0259,-0.0128427
324.091,2.3323,-3.08975,86.0109,-1.10157,-0.811305,161.705,0.192634,0.125538,-2.27844,-0.0128427
56.8097,3.5259,1.11555,31.7788,-0.726996,1.59206,63.5795,2.394,-1.85565,-0.476512,-0.0128427
198.727,-0.324987,-1.78472,57.7684,2.77321,0.895052,111.477,0.395869,1.71817,2.67977,0.0128427
313.481,-2.49694,-0.282288,74.5605,0.8185,-0.384799,143.695,0.496119,2.93455,-0.10251,0.0128427
227.219,2.83369,-0.833631,179.244,-1.46065,-3.05508,97.2036,1.56015,2.0868,2.22145,0.0128427
152.237,-0.385789,0.355261,52.1722,3.31332,1.67726,168.042,0.669754,-2.4246,1.322,0.0128427
79.8878,2.85069,-2.93628,73.032,-1.38128,-1.6662,95.7412,1.53785,0.663275,-1.27007,-0.0128427
300.826,0.770541,-3.02068,128.83,-3.02639,-0.975129,271.034,-0.45859,0.71814,-2.04555,-0.0128427
181.08,-2.04304,2.0744,91.4136,1.06599,2.86947,57.5549,0.37226,-0.644591,0.795068,0.0128427
132.059,-1.94725,0.587899,84.4354,1.48891,1.62963,105.421,0.542664,-2.13102,1.04173,0.0128427
273.514,-1.03017,0.259236,34.2669,2.34365,-1.32172,80.0838,0.272238,-3.03604,-1.58096,-0.0128427
210.318,0.626192,2.34694,88.7381,-3.27982,-0.0786652,146.164,-0.838175,-1.36767,2.4256,0.0128427
178.687,3.27128,-1.62867,139.687,-2.32952,2.15657,95.497,-0.859341,0.592044,2.49794,0.0128427
214.685,-3.32378,-2.7997,135.073,1.82984,-0.709755,96.6668,1.09328,0.70123,2.08994,0.0128427
198.386,2.47406,-2.06935,53.3803,-3.34886,-3.06942,124.625,-0.9424,0.820191,1.00007,0.0128427
127.265,-3.67113,2.2997,85.6295,1.75492,-2.1795,66.7821,-1.8359,-0.176802,1.80399,0.0128427
353.14,2.14197,-1.4499,102.409,-2.65166,-0.438639,348.121,-0.72306,1.85135,-1.01126,-0.0128427
79.421,-2.41441,-1.65501,63.1292,1.7585,0.102113,70.0882,0.424778,1.96745,1.75713,0.0128427
161.197,2.18547,-0.876166,83.2446,-1.05123,-1.85962,211.068,0.434783,1.98726,0.98345,0.0128427
135.169,-2.93279,0.728451,101.484,1.25051,1.38645,115.799,-1.027,-2.20448,0.657999,0.0128427
129.999,-2.57827,2.55257,90.6217,0.645233,1.99433,64.895,-1.31877,-0.6022,-0.558238,0.0128427
105.638,1.19388,0.965612,58.4382,-4.06483,-1.4853,58.5635,-1.76277,3.03382,2.45091,0.0128427
197.233,3.06883,-0.534671,73.9748,-1.26035,1.19956,87.3368,0.495286,3.08358,-1.73423,-0.0128427
130.943,-2.39036,-1.99349,55.4739,1.42859,-3.03335,94.4204,-1.13225,1.04141,-1.03986,-0.0128427
193.645,-0.160967,-2.31202,65.9062,3.28176,-0.898607,183.526,1.06266,1.19806,1.41342,0.0128427
137.468,2.47207,0.250618,131.541,-0.95452,-1.17359,159.613,0.992366,2.60289,1.42421,0.0128427
110.928,0.830312,-0.782271,39.4453,-4.42925,-0.367502,63.3304,-1.95461,2.01506,-0.414769,0.0128427
85.085,0.819561,-2.3383,62.5672,-2.87321,2.49957,58.495,-2.34191,-0.194972,1.44531,0.0128427
173.603,2.30315,-1.24641,69.6598,-3.45888,-2.66051,158.464,0.114546,1.67764,1.4141,0.0128427
225.913,2.10959,-0.245211,82.8115,-2.90609,-2.21987,91.2455,-1.28105,2.8614,1.97466,0.0128427
105.058,2.44189,-0.471904,92.6497,-3.11426,1.26426,107.624,1.37068,-2.71677,-1.73616,-0.0128427
316.327,-1.8062,1.64254,50.49,2.39056,0.351284,191.918,-0.215245,-1.58068,-1.29125,-0.0128427
111.124,-2.90494,-0.808816,30.7722,2.87335,-2.72675,43.0909,-1.87268,1.75574,-1.91793,-0.0128427
171.117,-1.16087,0.442302,113.342,3.02404,-1.72886,58.8054,0.907596,-3.10492,-2.17116,-0.0128427
128.483,-2.20376,-1.46933,79.1269,2.50371,0.733199,69.1591,-1.179,2.32351,2.20253,0.0128427
118.492,2.7841,-2.83378,39.6485,-1.86792,-2.06378,89.4627,1.74969,0.623947,-0.770002,-0.0128427
121.226,1.44332,2.78603,59.0474,-2.34019,-2.12109,134.154,-0.0913817,-0.0554672,-1.37606,-0.0128427
183.788,1.69498,2.22187,75.3774,-2.77595,-0.245308,97.5876,0.28473,-1.20781,2.46718,0.0128427
147.177,2.3587,-2.55694,42.9411,-1.50491,0.486751,52.2172,1.67741,-0.0402938,-3.04369,-0.0128427
167.138,2.04787,-1.33829,50.9046,-1.76705,0.0264585,141.679,1.22272,2.18714,-1.36475,-0.0128427
228.143,-0.341992,-2.50246,79.243,3.31535,1.68424,90.6641,1.49524,0.193848,-2.09648,-0.0128427
225.799,-0.337483,2.40982,44.6133,3.2643,-2.34212,124.173,0.893272,-0.592446,1.53124,0.0128427
96.9571,-1.70033,-0.855619,42.4719,2.29609,1.08575,54.9945,2.27262,2.95074,1.94137,0.0128427
134.36,-2.23913,-0.490068,90.0103,1.62932,1.71036,103.186,-1.84305,-2.4509,2.20043,0.0128427
183.963,2.33506,-0.697137,80.6186,-3.79521,1.92992,87.9616,-1.62787,2.82358,-2.62705,-0.0128427
206.938,2.77685,0.951507,74.9871,-0.949777,1.939,90.8654,0.755051,-2.28421,-0.987491,-0.0128427
80.2281,-1.8956,-0.114646,68.6163,2.77633,-0.785304,147.028,0.861483,-3.07929,-0.670659,-0.0128427
68.7096,3.48863,-2.96471,49.125,-3.30386,1.79621,60.6497,-2.12472,-0.705339,1.52226,0.0128427
314.653,-2.39176,2.45435,53.2886,3.55561,1.08303,218.81,-0.399589,-0.841466,-1.37132,-0.0128427
190.487,3.02459,-1.15091,152.438,-1.35431,0.85097,110.009,-0.994885,-2.7255,-2.00188,-0.0128427
185.261,-0.726581,-0.784679,81.1952,3.72787,-0.209572,105.809,1.12428,2.64493,0.575106,0.0128427
166.37,1.88841,-1.59912,81.2135,-3.81952,0.384846,32.461,-0.133065,2.12525,-1.98397,-0.0128427
110.898,-3.0377,1.94054,57.8661,2.20879,-2.01254,64.7214,-0.473329,-0.374054,2.3301,0.0128427
301.805,1.49249,-1.26854,207.21,-2.65907,2.58568,56.2236,0.473104,1.22906,2.42897,0.0128427
131.739,1.1859,-0.0670834,55.5868,-3.8757,-1.33542,149.179,-1.04417,2.77141,1.26834,0.0128427
242.165,-1.11185,0.708233,131.199,2.90756,-1.24858,65.3713,0.394085,-2.73723,-1.95681,-0.0128427
238.146,1.57424,-2.00862,105.636,-3.47123,-1.62229,205.558,0.437322,1.15833,-0.386328,-0.0128427
272.421,1.13223,0.949195,195.733,-2.0142,3.06126,161.393,0.113531,-1.89165,-2.11206,-0.0128427
90.9659,2.0521,2.69852,71.7431,-2.24097,1.38738,89.0854,1.14842,-0.599269,1.31114,0.0128427
172.29,-1.01832,2.41784,86.8024,3.59811,-2.5535,105.179,1.73292,-0.593353,1.31185,0.0128427
311.827,1.94974,0.0725398,81.8598,-3.92831,1.03452,183.335,-0.468702,-2.62416,-0.961985,-0.0128427
149.164,-0.326649,1.41616,32.9811,4.27142,1.95512,69.3415,2.00714,-1.48005,0.538959,0.0128427
105.46,1.823,0.664608,66.5363,-2.91875,2.95945,69.6638,-1.59948,-1.9028,-2.29484,-0.0128427
309.176,2.34398,-0.95756,168.949,-3.0813,1.06998,241.399,-0.128411,2.6886,-2.02754,-0.0128427
108.681,-2.69183,2.42436,63.9995,2.83325,-3.09569,108.693,0.311832,-0.127432,0.763135,0.0128427
163.86,-2.21953,2.2296,88.0736,3.02515,-0.907489,40.6585,-0.22895,-0.409379,-3.13709,0.0128427
73.8281,-1.46027,0.122586,65.4777,1.89187,2.00041,79.7774,0.500891,-2.53496,1.87782,0.0128427
65.1873,-2.4345,1.98694,33.2852,3.35906,-3.08661,50.0262,-2.30039,-0.442278,1.20964,-0.0128427
265.977,2.3569,-2.91495,171.66,-1.4067,-0.921774,199.902,-1.03595,0.9558,-1.99318,-0.0128427
141.497,0.425449,1.5265,70.4943,-2.83039,-2.62616,100.573,-1.02609,-0.985585,-2.13052,-0.0128427
332.336,-2.82029,3.04115,64.9748,2.15696,-1.13604,290.265,0.398984,0.171285,2.106,0.0128427
289.34,1.26294,0.654504,168.159,-2.13059,2.56571,189.767,0.208789,-0.793056,-1.9112,-0.0128427
221.01,1.99416,-2.50906,102.446,-3.40111,-1.21025,120.814,-0.470602,1.2963,-1.2988,-0.0128427
132.512,0.707116,-0.609821,39.1002,-4.46462,1.50692,83.3033,-2.3439,2.78914,-2.11674,-0.0128427
165.931,-2.77781,-1.84981,70.9653,0.862606,0.278744,83.0569,-0.337621,2.00468,2.12856,0.0128427
105.086,-1.54549,-2.36651,47.7367,3.2808,-1.71082,84.4631,0.53269,0.992401,0.65569,0.0128427
171.968,-1.42921,2.88832,38.3696,2.24565,0.934293,130.866,0.744697,-0.818861,-1.95403,-0.0128427
138.374,3.16701,-0.11822,52.5075,-1.29007,0.852645,88.2828,0.26359,-3.01743,-0.970865,-0.0128427
355.151,-2.9401,2.88167,172.745,2.44708,1.76991,408.472,1.89304,-0.617599,-1.11176,-0.0128427
79.1399,-0.0992647,0.122138,30.2258,4.78553,-1.26024,72.6984,2.39864,2.96715,-1.38238,-0.0128427
208.678,0.930197,-2.47518,31.3065,-2.92192,-2.6039,135.94,-1.05679,0.437605,0.128713,0.0128427
154.853,2.26709,1.1982,43.8419,-0.955718,-0.827083,118.793,1.32096,-2.5661,2.02528,0.0128427
158.418,-2.27359,1.80675,81.9869,3.24679,2.18128,164.984,0.069605,-1.24591,0.374528,0.0128427
156.465,-1.54112,-2.91098,87.5297,1.86332,1.75296,119.367,-0.455557,-0.108748,-1.61924,-0.0128427
82.5968,2.84756,3.13405,59.567,-2.90978,2.58451,85.6579,-1.10554,-0.0764372,0.549537,0.0128427
183.228,0.411934,-3.04725,86.4257,-2.67301,2.01262,188.896,-1.06395,-0.373954,1.22331,0.0128427
348.99,2.14679,-3.07117,46.8077,-1.71534,2.13324,102.058,-0.897602,0.0720747,1.07877,0.0128427
91.6687,-1.85277,-0.775572,88.0234,3.15597,-0.118787,95.1863,2.41296,2.34815,0.656785,0.0128427
191.203,-2.06074,-1.63105,150.098,2.67561,0.245779,127.137,0.071022,2.53588,1.87683,0.0128427
288.004,2.34244,0.760566,229.954,-2.51767,2.16689,273.516,0.886169,-1.92158,-1.40632,-0.0128427
264.467,2.1363,-2.02784,43.644,-1.48975,-2.59032,169.499,1.79147,0.936163,0.562486,0.0128427
192.397,-0.163486,0.630424,110.996,3.807,2.9938,69.6629,1.31994,-1.68772,2.36338,0.0128427
356.443,-1.67838,-1.86102,101.245,1.92487,-0.970616,182.456,0.45346,1.37778,0.890405,0.0128427
160.58,-2.44723,2.36753,136.525,1.72959,0.389208,151.86,-0.327945,-1.24779,-1.97832,-0.0128427
128.243,-1.91905,1.75061,78.3172,3.51709,0.554285,159.321,1.6245,-1.91542,-1.19633,-0.0128427
84.7468,-2.8421,-2.27779,84.4485,3.43496,-1.3793,90.7725,1.66384,1.0008,0.898486,0.0128427
250.063,2.40626,0.627412,183.798,-2.61395,-2.97516,114.432,-0.676838,-1.97698,-2.68061,-0.0128427
104.005,-0.558426,-0.465429,81.0267,3.0632,1.48331,81.9698,0.836932,-2.96773,1.94874,0.0128427
108.025,-2.73796,1.28246,55.0745,4,0.231094,58.9665,0.210002,-2.67133,-1.05137,-0.0128427
218.589,1.28965,0.638353,182.232,-2.67569,2.59357,143.286,-1.1754,-1.69424,-1.95522,-0.0128427
340.265,1.4581,-0.0743756,280.546,-2.72557,0.973526,430.132,0.332852,-2.65711,-1.0479,-0.0128427
150.787,-0.945016,0.773332,70.7931,2.14224,-1.1324,76.7395,1.74967,-2.39442,-1.90573,-0.0128427
189.912,2.42429,2.81433,137.862,-2.27396,1.9367,173.837,0.0030856,-0.374026,0.877629,0.0128427
95.0878,-3.07543,-2.32667,34.1554,3.04769,2.73141,89.5681,0.921482,0.380638,-1.22511,-0.0128427
124.681,0.352998,2.85001,32.6437,-3.70917,-1.93734,67.5722,-1.025,0.129933,-1.49583,-0.0128427
239.898,2.73052,1.83991,132.798,-2.32477,-0.569467,183.374,1.9924,-2.12442,2.40938,0.0128427
140.652,-2.44414,3.09901,84.1514,2.4862,2.5646,69.1621,-0.677694,-0.29453,-0.534415,-0.0128427
135.978,3.70766,2.69232,106.218,-1.81824,-1.58136,93.6985,0.821993,0.491428,-2.00951,-0.0128427
89.4515,-2.85579,-2.67634,43.2746,2.15963,2.22483,93.0003,-0.648453,0.12,-1.38201,-0.0128427
99.4265,3.37196,-1.08076,52.576,-2.28901,-0.0900864,89.2338,-0.679694,2.32695,-0.990671,-0.0128427
135.589,-1.07269,0.0122262,71.0287,2.16472,0.854594,149.365,0.750025,-2.96997,0.842368,0.0128427
175.802,-1.34962,-1.80884,53.4415,4.04743,0.499753,93.2355,1.0485,1.90085,2.30859,0.0128427
133.384,-2.08903,-1.79773,34.9744,3.07982,0.304456,57.8709,-1.21053,1.08916,2.10218,0.0128427
172.401,-1.63575,3.06553,139.131,3.64832,-0.833304,46.4342,0.459088,1.03693,2.38435,0.0128427
109.726,2.91979,1.09221,33.0476,-3.81619,2.34252,40.6326,-1.18783,-2.0597,-1.25032,-0.0128427
169.197,-2.61672,-2.90881,55.0254,2.54868,1.50414,118.937,0.221524,-0.333093,-1.87023,-0.0128427
237.592,1.53233,0.0967592,74.6024,-3.5097,0.301015,174.343,-0.274274,3.02928,-0.204255,-0.0128427
430.844,-0.916371,-0.159566,116.678,2.26056,1.84553,365.921,-0.477511,-2.95237,2.0051,0.0128427
240.163,0.668006,-2.28421,80.4646,-3.68733,-0.64254,82.1168,0.265431,1.4167,-1.64167,-0.0128427
148.785,0.778443,2.01304,134.75,-2.77772,-0.310251,102.392,-2.00229,-2.27158,2.32329,0.0128427
141.236,-1.49741,0.562429,31.2965,3.13895,0.321264,113.652,-0.0995786,-2.82076,-0.241165,-0.0128427
123.261,-2.84542,-2.96988,114.631,2.77114,2.77887,159.487,0.4325,-0.411497,-0.53443,-0.0128427
133.839,2.43743,-1.46884,64.0771,-3.68124,-0.375894,100.423,0.954308,1.75434,-1.09295,0.0128427
70.9944,3.03208,3.13005,34.5945,-2.99941,1.14322,43.9925,-2.65742,-0.747368,1.98683,-0.0128427
74.971,2.54742,2.67601,60.1992,-3.21848,2.23853,79.0425,-0.361219,-1.15575,0.43748,0.0128427
166.153,2.99875,-2.63862,71.3162,-3.37785,2.17409,88.0449,-1.92837,0.218508,1.47047,0.0128427
277.935,2.6466,1.71045,148.053,-1.86264,2.96384,244.24,-0.815941,-1.16369,-1.25339,-0.0128427
241.873,1.33161,0.115871,40.4633,-3.47545,1.50801,212.957,-0.706563,-2.33917,-1.39214,-0.0128427
120.884,-3.51573,2.9946,56.8933,2.26219,-0.765788,51.5429,-0.755376,0.426752,2.5228,0.0128427
172.911,-1.87694,-2.94719,62.3225,2.57392,1.55562,167.623,-1.25467,0.013172,-1.78037,-0.0128427
99.3239,1.75647,-1.12383,60.8418,-1.39204,0.951801,41.4211,-0.805047,2.79232,-2.07563,-0.0128427
127.526,2.08708,-0.978842,57.5767,-3.96171,1.01225,79.0799,-1.78402,2.1924,-1.99109,-0.0128427
263.918,-1.3432,-0.156684,80.2329,1.87138,1.63681,128.308,-0.461406,2.89975,1.79349,0.0128427
116.153,2.33485,-2.69201,75.3551,-2.23468,-1.54225,57.5618,0.49748,0.912301,-1.14976,-0.0128427
203.712,1.23704,-2.77761,67.6034,-3.09398,1.86039,150.604,0.384907,0.162182,1.64518,0.0128427
137.087,-1.55661,-1.16773,45.9859,3.8046,-0.0661233,137.629,2.18333,2.27844,1.1016,0.0128427
136.923,2.78113,1.46438,70.0199,-2.64925,-0.425181,96.9843,-0.791539,-2.17107,1.88957,0.0128427
103.498,-2.47928,0.0575599,66.4524,1.46198,-0.762476,167.615,-0.985337,2.81063,-0.820036,-0.0128427
87.883,2.73269,0.582373,81.212,-2.65952,2.29476,71.2577,0.101433,-1.56136,-1.71239,-0.0128427
158.048,-0.48175,0.410802,46.0646,3.42901,-1.95658,81.5297,1.24301,-2.91297,-2.36739,-0.0128427
193.895,-2.22907,-1.98879,44.0713,2.37254,-0.562762,132.452,0.218311,1.34662,1.42603,0.0128427
154.472,2.27471,-0.0967006,151.963,-2.73538,2.99178,91.6053,-0.263216,-2.33651,-3.08848,-0.0128427
134.476,0.870183,0.920903,109.964,-3.61185,2.39741,240.057,-1.42478,-1.42826,-1.47651,-0.0128427
281.655,-1.90234,0.212452,40.1178,1.72324,-1.3745,239.289,-0.774031,-3.11264,-1.58695,-0.0128427
113.901,2.17397,-1.57555,100.263,-2.51208,2.46442,75.6486,-1.07793,1.70513,2.24322,-0.0128427
187.304,-1.11534,-1.80516,69.3968,3.60396,-2.98082,67.7656,2.58924,1.30481,-1.17566,-0.0128427
96.0666,-2.36074,-2.90995,57.9141,1.56325,-2.42864,135.314,-1.29888,0.374226,0.481307,0.0128427
300.714,-0.474702,-1.81626,62.015,2.82813,-2.58483,277.725,1.24922,1.20533,-0.768577,0.0128427
136.13,-1.79145,-1.53087,112.78,1.52968,0.418446,93.2575,0.456971,2.94465,1.94931,0.0128427
88.887,1.14996,1.87587,74.9573,-3.53247,0.356609,35.7453,-0.820513,-1.61826,1.51926,0.0128427
134.905,-1.49588,-0.692529,76.4201,3.60478,1.57237,128.199,1.5166,-2.50278,2.2649,0.0128427
80.2469,2.47761,-2.65062,75.4887,-3.89243,1.98309,71.5813,-0.479815,0.970451,1.64948,0.0128427
89.8628,-0.624152,-1.46927,38.9407,3.19564,-2.65421,62.0685,2.63046,1.32643,-1.18493,-0.0128427
151.624,0.619896,1.41149,130.833,-2.41929,-0.0602378,150.227,-1.06886,-2.88878,1.47173,0.0128427
170.462,2.2247,0.523311,58.6748,-2.56969,-1.94981,108.906,0.156512,-3.06387,2.47312,0.0128427
157.421,0.694401,-0.675593,86.3214,-4.17038,-2.58383,139.516,-0.811956,1.80183,1.90823,0.0128427
177.583,-1.43393,1.2829,54.6745,3.01539,1.56471,187.452,1.08446,-1.85568,0.281812,0.0128427
159.504,0.674149,-0.712381,59.0013,-3.22582,-2.77857,100.522,-0.919044,1.90521,2.06619,0.0128427
331.716,2.17196,1.37994,233.009,-2.12974,0.418542,374.324,0.760169,-2.3129,0.961397,0.0128427
104.977,-0.984703,0.779324,45.8554,2.74575,-0.951088,41.6669,0.462167,-2.49822,-1.73041,-0.0128427
156.077,1.70689,3.12972,120.782,-3.88551,-0.694351,50.383,0.00782431,0.983837,-2.45912,-0.0128427
119.04,-2.70723,-0.0374415,86.2261,3.54178,-1.85012,97.1939,0.917284,2.19862,-1.81268,-0.0128427
283.943,1.52974,0.0933542,171.535,-2.01625,1.54703,223.791,0.110838,-2.78575,-1.45368,-0.0128427
122.74,2.88352,-1.08575,104.163,-1.62909,-0.0519604,209.171,0.609148,2.36013,-1.03379,-0.0128427
110.137,2.79911,-1.73165,74.278,-1.85945,2.28747,85.8776,-1.02668,1.01909,2.26406,0.0128427
266.808,0.152892,1.48325,65.6744,-3.15272,1.9115,123.131,-0.449529,-1.33373,-0.428247,-0.0128427
67.5217,-3.143,2.8554,52.1399,2.96463,-1.25264,28.2771,2.24814,0.277186,2.17515,0.0128427
67.4961,2.85197,1.52657,62.6291,-0.705384,2.61417,43.9368,-0.00635896,-1.15608,-1.0876,-0.0128427
170.072,3.44209,1.28301,68.4594,-3.03517,-0.497412,92.007,1.67328,-2.86277,1.78042,0.0128427
290.205,2.14664,-0.974453,216.029,-2.35692,0.937508,171.575,0.574974,2.9176,-1.91196,-0.0128427
98.8644,0.309329,1.54776,91.6227,-4.00361,-0.735584,37.3538,-1.70878,-2.24725,2.28335,0.0128427
216.537,2.11386,-2.16126,159.913,-2.31519,-0.0803909,64.9258,-1.61951,2.15675,-2.08087,-0.0128427
73.2866,-2.50531,2.36666,62.0579,3.31169,0.130105,49.3343,2.12409,-1.00968,-2.23655,-0.0128427
206.998,3.16244,0.790456,96.0243,-1.3666,-1.21395,143.454,0.467233,-2.53293,2.0044,0.0128427
228.116,-2.69284,2.65152,70.5445,1.99919,-1.95149,125.476,-0.425727,-0.302302,1.68017,0.0128427
177.116,2.33632,-1.63151,38.8037,-1.26931,2.72544,70.8693,0.470027,1.44107,1.92624,0.0128427
163.347,-1.37613,-2.78711,109.83,2.06021,-2.68067,108.802,-1.07895,0.125149,0.106433,0.0128427
252.95,-0.847664,1.0023,94.2812,3.83704,2.27986,88.9324,1.01626,-2.11068,1.27757,0.0128427
82.2414,-1.3617,-1.94797,80.1899,1.83257,-1.32537,85.844,-0.679709,1.66856,0.622599,0.0128427
240.392,3.22552,-2.0512,88.9585,-2.26942,-0.191424,93.1731,-0.62283,1.16509,-1.85978,-0.0128427
299.694,-2.3767,-2.03782,109.759,2.94842,2.58224,135.15,-1.08987,0.725139,-1.66313,-0.0128427
250.771,1.20432,0.597313,128.565,-1.93784,2.16225,63.3429,0.702186,-2.25633,-1.56493,-0.0128427
86.8904,-0.76629,-1.54097,73.1032,2.82008,-0.283776,73.7414,2.15027,2.34981,1.25719,0.0128427
100.736,-1.06042,-0.0752987,48.7908,2.31962,-2.2246,71.1628,0.538934,1.79417,-2.1493,-0.0128427
123.616,2.34798,2.22909,70.635,-0.788289,-1.78229,101.412,0.511874,0.170089,-2.27181,-0.0128427
99.8517,2.62748,0.131611,99.8031,-3.45084,-0.735322,108.729,0.509314,-2.89332,0.866933,0.0128427
88.6603,2.11889,1.44669,78.5452,-2.58331,-0.418721,90.7515,-0.493143,-2.32982,1.86541,0.0128427
169.074,-2.57646,-0.774224,51.8822,1.28001,1.40181,106.257,-2.16525,2.54537,2.17604,0.0128427
91.0258,3.05552,-0.511917,68.868,-0.797344,0.859489,52.2792,1.4627,-2.61935,-1.37141,-0.0128427
195.199,-2.95027,-0.132549,116.801,4.2544,-2.55455,101.676,0.168741,2.16072,-2.422,-0.0128427
146.636,1.98085,-1.24262,97.6698,-1.49591,-2.72829,67.7461,1.08564,1.43175,1.48567,0.0128427
92.7107,-2.30331,0.624399,43.5008,1.91355,2.05422,73.635,-1.46,-2.02533,1.42982,-0.0128427
109.07,2.0962,0.322424,93.0474,-1.76811,1.59859,140.213,0.00151604,-2.26761,-1.27616,-0.0128427
211.352,3.46195,1.26788,54.4341,-1.77555,1.08793,130.298,0.362133,-1.7694,0.179946,-0.0128427
832.092,-1.75355,0.069579,233.028,1.43894,3.04441,509.838,-1.64735,-2.96799,2.97483,0.0128427
101.499,1.19229,-0.976597,91.3626,-2.61449,-2.14076,138.374,-0.639782,1.59173,1.16416,0.0128427
118.654,2.27865,-0.916993,95.1144,-2.45957,-1.58402,115.086,0.747226,2.00556,0.667032,0.0128427
138.293,3.15563,2.59889,96.0367,-2.10285,2.88749,86.4307,0.481078,-0.799883,-0.288598,0.0128427
267.055,-1.98433,0.422896,179.756,2.05827,2.60455,143.73,-0.400173,-1.69612,2.18166,0.0128427
73.8809,1.13111,-0.585526,60.8057,-2.19727,0.493254,83.92,0.50086,2.80366,-1.07878,-0.0128427
162.881,2.81566,3.01865,130.35,-0.57773,-2.34389,104.542,1.68471,-0.0388518,-0.920644,-0.0128427
535.07,-1.20874,2.34199,86.525,2.00354,-1.29753,427.172,-0.425581,-0.694373,2.64366,0.0128427
300.096,2.69936,2.97375,53.6263,-3.61503,0.716367,207.709,0.200425,-0.0956816,2.25739,0.0128427
130.107,1.93476,-2.00966,78.7009,-2.96302,0.462823,61.9979,0.943529,1.62432,-2.47248,-0.0128427
112.569,-1.62997,-1.67879,99.1492,2.5074,-2.59175,135.652,1.643,1.07323,-0.912954,-0.0128427
187.59,-1.48855,-0.376843,70.9191,2.61664,2.15674,107.773,0.759502,3.04221,2.53359,0.0128427
268.605,-0.545174,1.38915,77.2312,3.35129,-3.05409,258.387,0.84663,-1.51644,1.83995,0.0128427
166.889,-0.419238,1.70096,45.0878,2.92248,1.57334,190.531,2.26383,-1.26214,-0.127617,0.0128427
70.5734,-3.96663,0.365286,43.297,2.80724,0.247468,86.4189,0.652012,-2.8347,-0.117818,-0.0128427
115.293,-1.97574,0.316669,41.7371,4.18963,1.8771,94.8129,-1.98352,-2.38788,1.56043,0.0128427
277.144,2.62621,1.08225,120.641,-2.35619,-0.361295,161.83,1.06185,-2.25988,1.44354,0.0128427
149.374,-2.53849,2.43954,94.607,1.31026,0.913769,154.596,0.0329163,-1.38438,-1.52577,-0.0128427
250.578,-2.56556,1.17936,34.1544,2.34028,2.00209,189.878,0.879587,-1.76582,0.822731,0.0128427
90.8682,-1.35042,-2.51776,48.7624,3.24662,1.77359,58.3301,0.129587,0.487621,-1.99184,-0.0128427
163.411,1.32006,-0.408575,50.6873,-3.29305,2.23995,83.8732,-0.298235,2.73188,-2.64852,-0.0128427
192.177,2.77847,-2.56403,101.848,-2.78924,1.7069,170.444,1.31381,0.130801,2.01225,0.0128427
193.348,-2.23798,-1.78343,78.1822,1.75982,-0.801721,221.373,1.01021,1.52704,0.981714,0.0128427
275.058,-2.54228,-0.451655,79.2108,0.713464,1.13508,154.662,-1.78632,3.10068,1.58673,0.0128427
240.306,0.444234,-2.99952,71.2,-2.67052,0.38911,131.501,-1.78986,-0.172594,2.89455,0.0128427
250.85,0.741167,1.89132,107.654,-2.46577,-0.136434,114.9,-0.150297,-1.74426,2.02775,-0.0128427
125.8,2.37149,-3.14064,47.9101,-1.56453,-1.76981,108.08,-0.393622,-0.250907,-1.37084,0.0128427
207.97,-0.558953,1.02832,109.782,3.66553,0.327132,177.294,0.979514,-2.44256,-0.701189,-0.0128427
236.536,-1.92725,-2.31329,124.583,1.97277,2.09752,99.3496,0.934138,0.290898,-1.87237,-0.0128427
192.507,-1.83156,-1.67222,129.484,1.2773,-0.163381,207.019,0.334156,1.96661,1.50884,0.0128427
235.398,-0.569451,0.851375,51.051,3.10729,1.19646,166.176,0.0934333,-2.27203,0.345081,-0.0128427
160.623,1.05681,-0.0935466,74.6465,-2.55818,-1.08355,122.681,0.956808,2.87989,0.990005,0.0128427
116.31,-2.39956,-0.176873,58.4551,1.51754,-1.17213,150.619,0.156098,2.65061,-0.995254,-0.0128427
143.239,-2.34274,-1.07177,116.957,2.41067,0.372661,137.895,0.131115,2.40564,1.44444,0.0128427
120.371,3.06099,2.60787,114.469,-1.3219,-2.39625,77.7738,-0.811165,0.177321,-1.27906,-0.0128427
142.84,-3.02876,-2.68662,112.001,3.24387,-1.64703,152.498,0.154774,0.572812,1.03959,-0.0128427
102.599,1.54817,-1.57831,79.2913,-2.63887,-2.66445,58.6962,1.33374,1.19151,1.08615,0.0128427
242.453,1.66962,0.794346,110.997,-3.11258,2.99025,52.0872,0.244803,-1.79535,-2.1959,-0.0128427
81.2469,-1.74277,-3.08439,66.6757,3.98397,1.96572,79.4901,-0.550258,-1.14473,-1.23308,-0.0128427
130.732,-1.7708,-0.275421,92.5169,1.64671,1.44382,82.567,0.939456,-3.06179,1.71924,0.0128427
191.292,2.25804,0.546377,65.0522,-2.38045,-0.205626,202.265,0.629913,-2.49079,0.752003,0.0128427
97.0767,2.73383,1.27889,87.4824,-1.77741,-0.375256,71.6624,-0.627423,-2.61801,1.65415,0.0128427
105.076,1.74878,-2.88905,90.2185,-2.02352,2.49395,128.559,0.407003,-0.0704232,0.900185,0.0128427
138.672,-2.24314,-2.19104,120.8,1.41177,-3.05458,62.7778,0.148586,0.975244,-0.863541,-0.0128427
286.676,1.04822,1.86777,128.939,-2.53525,-3.0995,267.177,-0.796567,-0.646386,-1.31592,-0.0128427
276.27,-1.93931,-0.533052,53.5092,1.28821,2.30718,180.955,1.00388,2.75305,2.84023,-0.0128427
149.241,1.88245,-0.0876777,55.6703,-1.12398,-2.7065,142.068,0.478415,-2.98709,2.61883,-0.0128427
142.147,-1.74047,0.600272,95.5012,2.42168,2.68216,64.5159,0.627259,-1.32626,2.08188,0.0128427
323.203,-2.83375,-0.619255,87.2943,0.654582,3.0106,167.126,-2.23121,2.31947,-2.65333,-0.0128427
187.316,-2.4034,-1.69237,155.078,1.24706,-0.0855692,200.369,-0.854025,2.08166,1.60681,0.0128427
80.4907,2.80538,0.523505,71.6164,-2.41375,-0.981385,101.303,0.541368,-2.98901,1.50489,0.0128427
217.202,0.637228,0.430666,115.238,-3.54472,-1.70225,185.301,0.318029,3.09226,2.13291,0.0128427
133.351,-2.95818,-1.83224,125.358,3.52136,2.56344,142.988,2.4506,0.553991,-1.88751,-0.0128427
137.074,-2.70239,-2.36778,89.2648,3.41263,2.76453,156.704,-2.39888,0.26794,-1.15088,-0.0128427
276.758,0.744939,-1.86116,73.593,-3.24272,0.860984,188.308,-1.44761,1.76725,-2.72215,-0.0128427
108.815,-1.75117,1.5269,72.9018,2.39719,1.16622,78.798,1.06103,-1.68587,-0.360688,0.0128427
258.984,-2.17522,-1.27442,75.2101,2.24321,-2.87877,167.518,-1.21007,1.71886,-1.60435,-0.0128427
170.835,-2.05332,2.83936,56.9549,2.31761,1.02096,157.821,-0.497453,-0.473289,-1.8184,-0.0128427
181.21,1.76754,-3.03959,53.8462,-1.58681,2.78543,195.358,0.777399,0.0184825,0.458173,0.0128427
110.481,-3.41558,0.425964,61.5542,0.944233,2.09251,97.6116,-1.49841,-1.75702,1.66655,0.0128427
138.587,-2.52726,-0.330702,43.5358,1.71776,0.957284,116.008,-1.82624,3.11635,1.28799,0.0128427
272.461,2.24171,0.540424,256.748,-1.6795,-2.18362,79.2521,1.31193,2.24395,2.72405,0.0128427
89.546,-3.05538,0.158316,66.9746,2.1355,-0.960406,66.2709,-1.78444,2.99977,-1.11872,-0.0128427
213.657,1.05321,1.08681,39.4107,-2.52657,2.62437,166.227,-0.659438,-1.61538,-1.53756,-0.0128427
84.5489,4.23358,-1.31768,31.2772,-0.930538,-1.02471,86.4652,1.71436,2.4056,-0.292965,-0.0128427
108.472,1.4896,-1.36909,39.8422,-2.68166,-1.19747,98.5539,-0.240646,1.46915,-0.171621,-0.0128427
235.771,1.18247,2.31185,76.8084,-3.42942,0.200473,215.435,-0.826053,-1.28844,2.11138,0.0128427
171.673,-2.8757,-0.73009,81.2207,2.26818,-2.75693,117.04,-0.926454,2.23824,-2.02684,-0.0128427
252.109,-2.19428,-2.13837,38.7071,3.53698,2.06759,134.656,0.719599,0.614805,-2.07723,-0.0128427
96.3547,-1.09362,-0.884188,62.6487,3.06101,-2.24325,58.5669,0.40124,1.95242,-1.35906,-0.0128427
186.77,-2.61968,1.5638,143.714,2.46119,-2.74154,73.4026,1.09002,-0.770976,1.97784,0.0128427
158.403,1.11825,-0.801224,106.818,-2.70056,-0.826612,158.792,-0.762173,2.05647,0.0253888,0.0128427
129.629,-1.65842,-2.52689,115.765,3.74641,2.14962,66.1121,0.29156,-0.14235,-1.60667,-0.0128427
116.896,-2.75009,-2.38147,32.3429,2.17378,-1.05158,102.268,-0.296493,1.06234,1.32989,0.0128427
288.874,1.19332,0.333674,187.902,-2.32136,-1.85948,123.963,-0.353513,3.00656,2.19316,0.0128427
75.9942,4.09855,-2.6485,46.4305,-3.68115,-2.37076,108.47,0.0395718,0.652676,-0.277732,-0.0128427
119.163,2.45567,0.616615,68.582,-2.19027,1.13352,65.1513,2.03213,-1.90858,-0.516902,-0.0128427
222.673,1.36056,-2.38638,48.0689,-4.1583,2.25163,166.486,0.0913031,0.538892,1.64517,0.0128427
121.699,-0.592443,0.602562,84.9952,4.10237,-1.03209,89.3571,-0.301613,3.11638,-1.63466,-0.0128427
176.322,2.59561,-3.06938,43.844,-2.70483,1.31051,148.195,0.866931,-0.325826,1.9033,0.0128427
152.318,-0.989533,-0.29296,80.4006,2.85163,2.35741,94.3565,2.11188,-2.3545,2.65037,0.0128427
320.918,-0.607412,1.61147,55.9271,3.95065,0.591612,198.211,0.599602,-1.62339,-1.01986,-0.0128427
169.551,-0.991529,-2.96639,168.079,2.86157,-0.947196,61.8942,2.53095,0.870869,2.0192,0.0128427
338.302,-1.26392,2.68217,182.463,2.14884,-1.86774,323.025,0.273126,0.190581,1.73327,0.0128427
162.564,-1.21531,-1.3098,109.266,2.738,0.576371,94.5691,0.920276,2.2357,1.88618,0.0128427
206.298,-1.83314,1.01369,173.717,2.70846,1.95602,81.8648,0.526873,-1.567,0.942332,0.0128427
192.782,-1.65258,2.46113,54.8339,2.60365,-0.0231509,140.311,-0.0349003,-0.839647,-2.48428,-0.0128427
174.059,2.03063,-2.53031,42.8032,-2.10281,-2.9333,105.36,0.87632,0.735138,0.402985,0.0128427
206.753,1.79885,-1.32899,63.3734,-2.829,-0.717954,132.681,-0.332989,2.31953,-0.611034,-0.0128427
102.609,2.05422,1.47082,87.5305,-1.44088,-0.129401,86.5969,-1.16968,-2.38622,1.60022,0.0128427
173.966,2.58073,-1.00496,46.761,-1.25217,1.32623,78.7893,1.40745,2.58383,-2.33119,0.0128427
135.805,-0.888892,-0.827933,32.8984,2.47483,-2.78958,83.0503,0.799113,2.06006,-1.96164,-0.0128427
560.021,2.54103,0.422719,317.099,-0.771209,2.75524,200.172,0.208872,-2.18112,-2.33252,-0.0128427
76.6471,-2.04811,-2.12422,36.2433,2.94826,-1.56559,102.176,1.2989,1.62758,0.558631,0.0128427
345.361,1.55096,-1.77201,162.518,-2.09372,2.38553,202.167,0.461936,0.848793,2.12564,0.0128427
193.113,3.11736,0.20681,63.6201,-2.11539,1.55144,149.673,0.141623,-2.60721,-1.34463,-0.0128427
165.711,2.18528,-0.373385,122.336,-2.12315,1.14452,56.6934,1.35275,-2.77161,-1.5179,-0.0128427
128.959,-1.18131,1.31948,108.678,3.18527,-3.04048,45.0076,2.2259,-0.858236,1.92322,0.0128427
150.476,1.20804,-1.04704,47.5616,-2.22453,-1.50077,160.179,-0.511099,2.24443,0.453729,0.0128427
67.8134,2.48562,1.48787,53.3402,-1.79735,2.24667,59.8512,1.50004,-2.15596,-0.758797,0.0128427
139.612,-1.7639,-0.805172,49.9412,3.83345,-2.52858,80.1777,1.43122,1.60159,-1.7234,-0.0128427
156.865,-2.49879,-2.39764,57.751,1.54612,-2.02242,130.411,0.725853,1.10003,0.375222,0.0128427
170.184,3.36556,-0.257572,83.1456,-2.18847,-0.0243058,157.288,-0.0691461,2.60385,-0.233266,0.0128427
166.328,2.32606,-0.484587,125.83,-1.18628,-2.72448,97.8709,0.484659,1.77513,2.23989,0.0128427
136.852,2.71234,-1.49921,130.794,-1.69184,-0.0751451,138.684,-0.953874,2.19172,-1.42406,-0.0128427
58.7479,-4.03367,-1.67032,47.5563,0.621067,-1.07908,79.3811,0.717428,1.45537,0.591238,0.0128427
153.767,-2.19953,-1.28232,62.8752,3.12343,-0.158397,139.151,-0.133726,2.39483,1.12392,0.0128427
98.8232,1.25659,-2.50093,32.3075,-4.53219,2.18862,83.7502,-2.23758,0.63191,1.59363,0.0128427
202.196,-2.31889,2.59239,160.084,2.25898,0.0321412,87.512,1.49093,-1.6511,-2.56025,-0.0128427
114.88,0.518666,-2.16554,60.1059,-3.08917,3.12288,80.1819,-1.20542,0.879292,0.994771,0.0128427
133.365,-1.51695,2.02208,49.371,1.84049,-3.03236,112.316,-0.457505,-0.746957,1.22874,0.0128427
185.463,-3.05554,2.33286,47.7478,1.6101,0.0735745,190.398,0.721738,-1.25941,-2.25929,-0.0128427
176.506,-3.10392,0.165433,31.847,3.48082,-0.44983,169.081,0.0153222,-3.00843,-0.615263,-0.0128427
189.936,1.85491,1.09048,79.5025,-3.12318,3.13772,138.044,0.704929,-1.79955,-2.04724,-0.0128427
116.162,-0.867509,-2.55037,39.5443,3.45581,-1.95724,75.9207,1.96081,0.797482,0.593126,0.0128427
452.498,-2.26517,-0.618869,42.4061,3.43465,1.63983,185.918,0.441673,2.56962,2.25869,0.0128427
96.0425,1.80873,-0.785326,55.0156,-3.22456,-2.23358,59.7633,2.08698,2.09192,1.44825,0.0128427
63.2375,1.08489,1.28081,57.2785,-3.21474,-0.204762,41.5011,0.192595,2.6257,1.48557,-0.0128427
170.286,2.09186,2.2905,92.6054,-1.49525,0.943464,140.092,-0.663297,-1.09437,1.34704,0.0128427
105.208,-2.46099,-1.88845,104.627,2.77833,0.277918,58.0143,-1.18026,1.66636,2.16637,0.0128427
128.791,1.40317,0.789178,98.2658,-3.64876,2.66416,46.5297,-1.33745,-1.11227,-1.87498,-0.0128427
227.601,2.25274,1.65258,83.602,-2.0665,2.87287,232.671,1.01945,-1.32176,-1.22029,-0.0128427
233.834,-0.0386176,2.15121,42.6929,3.54783,-0.25754,139.329,1.19774,-1.25056,-2.40875,-0.0128427
193.39,-1.65986,0.510851,58.1177,2.22762,2.16011,152.011,-1.18524,-2.40103,1.64926,0.0128427
284.198,2.94511,2.29277,125.333,-1.83058,-1.78615,61.1874,-0.22723,-0.836945,-2.20427,-0.0128427
259.487,-1.85485,2.37887,40.6644,2.69338,-0.311803,222.129,-0.680439,-0.794358,-2.69067,-0.0128427
128.012,-2.34109,-2.47074,85.9099,3.96149,-2.18028,117.842,-1.23623,0.863046,0.290457,0.0128427
124.783,-1.23211,-2.70244,63.1101,2.18342,2.2527,58.9152,-0.680787,-0.136888,-1.32805,-0.0128427
75.041,3.28987,-0.127723,47.8136,-1.3424,1.20335,92.2412,-0.390757,-2.18451,-1.33107,-0.0128427
152.136,-3.12452,0.24129,52.3107,1.38106,-2.34788,79.7284,-0.519094,2.57294,-2.58917,-0.0128427
202.31,-1.94726,0.322651,39.6165,3.74635,2.10385,113.041,0.570625,-2.65705,1.78119,-0.0128427
138.311,-1.34998,-1.43233,39.2675,1.9654,2.60983,71.5018,0.530149,1.717,-2.24103,-0.0128427
124.979,-1.96655,0.380516,49.9497,2.42245,-0.958029,102.684,-0.427279,-3.10539,-1.33855,-0.0128427
239.14,1.5383,-1.84702,112.509,-2.54051,-2.30485,207.149,-0.904117,0.973973,0.457831,0.0128427
157.855,-0.760502,2.88045,60.0021,3.78495,-1.4903,60.6095,-0.0641529,0.24561,1.91244,0.0128427
192.439,1.50767,-2.52943,173.436,-2.28642,2.59887,130.226,0.0662786,0.0457487,1.15488,0.0128427
258.752,-1.29385,1.78963,39.1603,1.77499,1.98947,137.966,1.4281,-1.24739,0.199843,0.0128427
137.892,-2.08015,1.46529,84.0632,1.76921,-0.897173,68.2261,-2.08254,-2.62728,-2.36246,-0.0128427
131.089,1.06969,-2.88453,73.2791,-3.2319,2.36413,112.346,0.916999,0.0943495,1.03452,0.0128427
126.374,-2.24157,-0.594217,118.126,1.1667,0.997027,134.36,-0.314178,-2.85923,1.59124,0.0128427
258.862,-0.861928,-1.796,204.292,3.04338,0.55124,143.574,0.485133,2.30276,2.34724,0.0128427
166.536,0.546921,-1.46648,40.5581,-3.36867,-1.4466,155.201,-1.31441,1.58204,-0.0198783,-0.0128427
319.033,-2.44468,1.07571,132.012,1.7466,0.870696,297.012,0.45836,-2.26654,-0.205009,-0.0128427
160.126,-1.60681,-0.989536,82.0936,1.69326,-0.100705,171.795,0.6902,2.31957,0.888831,0.0128427
69.2711,3.18207,-2.19981,46.3972,-2.94621,2.50024,28.8358,1.73164,-0.309878,1.58314,-0.0128427
156.841,2.92481,-1.9007,35.448,-2.6562,2.88709,114.66,-1.31675,1.03461,1.49539,0.0128427
121.016,2.45895,-1.46057,72.8197,-1.35632,-2.73454,82.6363,-0.376622,1.3016,1.27396,0.0128427
122.439,2.15685,0.961617,82.6975,-3.77522,2.53772,110.144,1.01458,-1.43359,-1.5761,-0.0128427
336.684,-2.97108,-1.69005,68.2292,2.60533,-0.69226,193.49,-0.300022,1.36687,0.997792,-0.0128427
398.861,1.04765,0.850108,62.5392,-2.47417,-0.800271,212.754,-0.606382,-2.57236,1.65038,0.0128427
305.222,1.28566,-2.30039,136.963,-2.51841,0.25515,123.452,-0.226189,1.3333,-2.55554,-0.0128427
119.382,-2.36473,0.960468,90.702,2.04834,1.53302,120.916,0.791553,-1.8964,0.572551,-0.0128427
115.612,-2.79517,2.04698,89.8058,1.62789,-2.86018,79.6582,-0.0422475,-0.699674,1.37603,0.0128427
99.5669,-2.64051,0.816805,73.7693,1.12109,3.08387,70.1422,-0.071189,-0.667846,2.26707,0.0128427
200.893,-1.25264,-2.33973,119.38,3.40073,0.112115,56.4586,0.804721,1.46783,2.45184,0.0128427
244.528,-2.73154,-2.40373,34.3109,2.59453,-1.68794,230.326,-1.23555,0.625141,0.715789,0.0128427
220.549,2.63819,0.814889,147.729,-1.0082,-0.3121,199.7,0.0463662,-2.95929,1.12699,0.0128427
96.3715,-1.47236,1.74393,93.1013,1.96354,3.08862,53.2032,-1.35823,-1.48457,1.34469,-0.0128427
166.069,0.699776,-1.67853,49.7856,-3.39756,0.113757,119.911,0.0957798,1.60626,-1.79228,0.0128427
85.0212,-4.40296,0.614329,62.6962,3.07975,0.933505,109.653,1.6301,-2.42464,0.319176,0.0128427
112.806,1.95703,-1.58896,56.3765,-1.19413,-2.78029,103.38,0.779333,1.17104,1.19133,0.0128427
161.772,2.91182,-0.369576,43.9518,-2.30618,-1.32816,112.435,0.115917,2.72848,0.958579,0.0128427
106.787,2.66159,-3.08028,55.3837,-1.84303,-1.08267,53.5514,1.62348,0.783743,-1.9976,-0.0128427
166.807,1.0753,-2.91981,30.9649,-2.77942,1.54249,77.1074,0.286338,0.0613947,1.82089,0.0128427
145.561,-2.46843,2.46475,49.5329,2.60441,-2.94147,64.5796,-0.374454,-0.273501,0.876964,0.0128427
167.701,-1.89391,2.86675,63.2483,3.07132,0.556305,115.046,0.222728,-0.655817,-2.31045,0.0128427
104.886,0.978148,-2.80441,44.9177,-3.25915,1.9201,106.062,-1.73643,-0.0496239,1.55867,0.0128427
195.366,2.5307,-2.20617,36.9045,-1.68311,-0.121509,145.136,1.03687,1.14056,-2.08466,-0.0128427
329.404,-2.35402,3.01211,39.5291,4.0851,1.38701,168.325,0.812277,-0.314003,-1.6251,-0.0128427
149.112,-0.988106,0.397186,128.896,2.77871,-0.550693,191.987,0.87204,-3.13217,-0.947879,-0.0128427
177.165,3.10108,-0.940521,130.863,-0.446381,1.32067,84.1051,0.64334,3.10823,-2.26119,-0.0128427
377.656,-1.24919,-2.38424,80.695,2.66148,-1.46602,164.826,0.243138,0.94655,0.918226,0.0128427
313.453,1.45565,1.02728,38.9122,-1.91949,-2.70422,229.602,0.0844297,-1.90553,-2.55168,0.0128427
144.174,-1.73325,1.65869,130.014,2.30387,-1.23758,140.323,0.474129,2.57379,-2.89627,-0.0128427
107.706,2.42229,-2.97675,30.1323,-2.78521,-2.17151,88.5248,-0.518481,0.320466,-0.805244,0.0128427
188.281,1.98065,1.19393,39.8637,-1.09947,-0.89279,123.973,1.35896,-2.33992,2.08672,0.0128427
314.895,0.0347597,-0.929747,104.391,-3.25269,1.07021,177.242,-1.6974,2.20578,-1.99996,0.0128427
129.543,-2.86405,2.83441,75.7668,0.460572,-2.36288,93.017,-1.27317,-0.151066,1.08589,0.0128427
140.883,-3.18402,-1.00807,36.7134,0.704971,0.0385151,128.102,-1.51977,2.2973,1.04659,0.0128427
81.6292,-1.76005,-0.72312,61.3121,3.81848,1.13423,41.4419,2.49128,-3.13137,1.85735,0.0128427
222.267,0.63605,2.50872,80.9083,-3.25796,0.545141,125.49,-1.04283,-1.62523,1.96358,0.0128427
93.1241,2.01643,-0.619327,89.2824,-3.41583,-2.18482,111.092,2.30101,2.12029,1.56549,0.0128427
153.543,-1.36015,2.90491,96.9899,3.11278,0.249477,34.2698,1.93779,0.340806,-2.65543,-0.0128427
162.337,3.13657,2.52934,121.695,-1.11753,0.79859,142.63,0.25221,-1.23303,1.73075,0.0128427
107.031,-1.87886,0.464339,46.1362,4.63542,-0.931852,66.7837,0.0881297,3.01796,-1.39619,-0.0128427
145.605,-2.90595,-1.21969,88.9284,1.47328,1.27761,104.477,-0.945777,-2.88892,2.49731,0.0128427
138,1.12385,0.0638201,55.0253,-2.63088,-2.20833,75.2432,-1.43713,2.91292,2.27215,0.0128427
394.034,-1.42667,1.86836,70.7755,2.63616,0.583814,145.149,-0.170081,-1.23087,-1.28454,-0.0128427
310.862,-0.0739247,0.675766,91.9886,3.76367,0.170078,327.969,0.664791,-2.484,-0.505688,-0.0128427
188.433,2.06911,0.919163,58.6168,-2.37309,-2.98197,84.0097,-1.18955,-2.04278,-2.38205,-0.0128427
208.423,2.12201,-0.738885,86.8229,-2.42836,2.30635,120.591,-1.64647,2.18942,-3.04524,0.0128427
168.634,0.636898,-2.88084,63.3038,-3.47953,-1.66098,111.775,-0.738204,0.50688,-1.21987,-0.0128427
305.576,-2.53956,-1.33317,68.8297,2.64827,2.5836,172.379,0.500227,1.56926,-2.36642,-0.0128427
254.277,1.51716,2.8531,47.6019,-2.41761,1.51671,213.823,0.0408157,-0.429094,1.33639,0.0128427
129.941,1.99926,0.458043,91.7358,-1.3811,-0.312496,167.854,0.350524,-2.80434,0.770539,0.0128427
293.709,-1.63442,2.7393,100.906,1.82619,2.01571,170.526,-0.640186,-0.553978,-0.723587,-0.0128427
205.093,-2.91616,-3.05028,117.656,1.71013,-0.975569,120.484,0.798136,0.772685,2.07471,0.0128427
159.753,2.14897,-2.04993,150.436,-2.40483,1.92938,103.297,-1.19222,0.540526,2.30388,0.0128427
180.57,0.880903,-0.0622584,72.8138,-3.82434,-1.21063,223.292,0.345289,2.72195,1.14838,0.0128427
92.774,-2.87702,-2.03454,69.8894,3.92675,3.00104,46.7092,0.592496,0.48896,-1.24761,-0.0128427
223.085,-1.13219,-2.84779,166.889,1.92516,-3.14088,240.592,0.0314049,0.129923,-0.293095,-0.0128427
142.887,0.714034,-0.276439,56.4455,-2.6358,-1.58083,133.653,-1.30128,2.29204,1.30439,0.0128427
93.054,2.86856,-0.171597,67.1433,-1.6882,1.56383,71.5908,0.430853,-2.48385,-1.73543,0.0128427
185.386,1.73147,-0.21545,52.7971,-2.94167,2.05897,170.798,0.10098,3.06855,-2.27442,-0.0128427
241.132,2.25405,-1.84924,42.5026,-1.10812,-0.43216,214.667,-0.166834,1.51624,-1.41708,-0.0128427
498.573,0.75026,0.74009,118.213,-2.92949,-1.55659,359.252,-0.142353,-2.49982,2.29668,0.0128427
123.809,-1.88058,-0.014068,86.5944,3.77483,1.48352,123.156,0.451459,-2.63684,1.49759,0.0128427
150.928,-1.68502,-2.51847,110.066,2.42813,1.70742,71.6902,1.68441,0.0799969,-2.05729,-0.0128427
109.474,0.901134,-1.14152,69.2556,-3.96124,-2.38789,98.3201,-2.52607,1.52009,1.24638,0.0128427
413.289,-1.88415,1.17624,352.468,1.88722,-1.3423,268.974,-0.327641,-2.76223,-2.51854,-0.0128427
138.532,-2.60536,-0.804904,72.6739,2.48788,-2.90498,59.5192,0.550045,1.0198,-2.10008,-0.0128427
164.404,-3.19666,-1.69176,30.6537,3.974,3.06659,151.262,1.08033,1.29888,-1.52483,-0.0128427
166.538,-2.00812,0.241764,128.647,2.57739,2.54332,101.263,0.230851,-2.08619,2.30156,0.0128427
188.006,1.40308,3.05643,76.6759,-3.38617,-2.57613,220.164,-0.143175,0.113576,-0.650628,-0.0128427
288.64,-2.84865,2.97309,94.1476,3.91287,0.549962,202.241,0.956213,-0.57051,-2.42313,-0.0128427
412.354,-1.52484,-2.86708,64.1547,2.85491,1.10333,345.369,1.18087,0.381803,-2.31278,-0.0128427
76.7825,2.94215,-1.90172,66.5487,-3.51793,-3.07731,68.0002,-2.08911,0.572656,1.17559,0.0128427
67.4044,-2.63545,2.15231,56.5767,2.58782,-2.41593,51.1226,-0.983392,-0.580037,1.71494,0.0128427
76.9051,-1.6297,-2.43622,58.8996,1.70676,2.21026,85.8614,0.209376,-0.151887,-1.63671,-0.0128427
95.4813,2.3546,-0.681507,67.8778,-3.56078,-0.800546,64.8565,-0.397593,1.52399,0.11904,0.0128427
169.56,1.68942,-2.01351,92.2756,-1.86846,-3.08143,163.508,0.14879,1.22892,1.06791,0.0128427
246.924,0.963557,2.42934,46.7964,-3.80906,-1.71499,116.943,-0.213294,-0.338633,-2.13886,-0.0128427
155.063,2.51458,-0.535319,101.945,-3.00471,-2.68234,83.6311,0.699956,1.95003,2.14702,0.0128427
224.234,1.28772,0.116091,89.9095,-3.88893,1.13795,177.778,-1.74537,-2.60286,-1.02186,-0.0128427
249.931,1.66013,-2.66265,33.4746,-3.37266,-0.184788,180.537,-1.05146,0.725157,-2.47786,-0.0128427
205.373,0.569379,0.737975,144.094,-2.47499,-0.945523,48.6345,-2.38935,2.82672,1.6835,0.0128427
102.671,-3.13403,2.63168,36.0627,0.37755,0.459218,38.1956,-1.14928,-0.46443,-2.17246,-0.0128427
66.1393,3.2241,2.97378,50.2924,-0.868364,-2.78355,37.6707,1.43994,-0.286854,-0.525863,-0.0128427
265.705,0.727479,2.45685,86.0801,-2.54862,2.38744,286.282,-0.780493,-0.760906,0.0694194,0.0128427
71.3248,1.64944,-2.9183,67.6986,-2.16521,-0.755566,86.9041,-0.383297,0.570191,-2.16274,0.0128427
79.1773,2.88152,-1.60315,60.2344,-3.4688,-1.12969,114.678,-2.1809,1.64321,-0.47346,-0.0128427
354.695,-1.02558,-0.689383,98.1956,1.988,0.748299,239.343,-0.190218,2.76961,1.43768,0.0128427
140.331,2.58373,2.21905,31.9106,-4.45187,-2.83608,54.261,1.31391,-1.27234,-1.22805,-0.0128427
270.186,0.391498,-0.109487,36.4374,-3.78172,1.47359,195.985,-0.817909,-2.99126,-1.58308,-0.0128427
121.771,-2.70346,-1.78266,65.8505,1.70271,0.390483,77.5952,-0.305968,1.7136,2.17314,0.0128427
163.354,2.29721,-0.514392,148.624,-1.87377,-1.73586,134.57,1.07582,2.3012,1.22147,-0.0128427
306.088,-1.45063,1.99644,78.3504,2.1962,0.989705,126.157,-0.0385649,-1.64947,-1.00674,-0.0128427
106.279,-1.06477,0.0142617,98.2111,2.99625,2.22056,67.0892,0.695817,-2.08301,2.2063,0.0128427
75.2128,-4.01379,-3.03822,69.6484,1.07416,2.3933,40.896,-1.46739,0.914833,-0.851668,0.0128427
81.5709,2.54525,-0.788873,57.305,-2.38283,1.23985,92.7698,-0.156996,2.83468,-2.02873,-0.0128427
222.175,-2.44585,0.228436,130.379,2.26675,-1.8541,162.259,-1.05053,3.09625,-2.08253,0.0128427
297.602,-0.315118,0.546972,135.821,3.73107,-1.43914,286.029,0.264176,-3.0437,-1.98611,-0.0128427
283.108,2.02238,-0.243235,47.2319,-2.95039,0.517074,231.573,-0.0546263,2.92003,-0.760309,-0.0128427
84.5204,2.89738,-0.640708,41.5763,-2.1447,-2.55542,57.5239,1.09534,2.54097,1.91471,0.0128427
84.2011,-2.60995,2.01647,45.0487,1.8503,3.13357,88.0117,-1.52592,-1.05574,1.1171,0.0128427
266.737,-1.98265,2.10272,156.951,2.84693,0.504791,191.493,-0.360725,-1.80249,-1.59793,-0.0128427
410.928,0.857621,-2.06086,82.2369,-2.42992,0.14098,282.194,-0.0699656,1.22164,-2.20184,-0.0128427
213.757,-0.779637,1.33345,42.314,3.89417,-2.88504,115.612,0.135531,-1.76143,2.06469,0.0128427
85.4576,1.91175,2.9055,41.8792,-3.3654,-2.04627,45.6372,-0.738613,-0.276283,-1.33142,-0.0128427
276.936,-0.606741,-2.27185,85.6346,3.10264,0.394334,222.926,1.58231,1.09578,2.66619,0.0128427
108.874,-1.98667,-2.97536,75.1574,2.1516,1.99856,73.5901,-0.577439,-0.242402,-1.30927,-0.0128427
122.007,2.6814,-2.51834,90.823,-1.88962,-1.56414,232.45,1.10002,1.29093,-0.954202,-0.0128427
131.394,2.68787,-0.217666,82.3131,-1.76867,-2.32245,118.413,-1.36343,2.43859,2.10479,0.0128427
84.4461,-2.84011,2.52271,60.9004,1.11258,-3.03708,173.662,0.875998,-0.305061,0.723392,0.0128427
182.498,-1.8095,-1.66217,45.3375,1.99574,2.46357,137.42,0.118561,1.48846,-2.15744,-0.0128427
287.257,1.04532,3.01052,159.788,-2.32479,-1.67222,185.141,0.218616,0.541614,-1.60044,-0.0128427
305.812,-0.746702,-1.17038,275.213,2.28076,-3.07926,149.05,0.624179,0.44982,-1.90887,-0.0128427
138.846,-1.96716,-2.4663,93.152,1.61821,2.77257,94.6302,-0.270033,0.0987351,-1.04431,-0.0128427
186.698,-1.09879,-0.540954,106.183,1.91383,1.99515,98.3871,-1.00194,2.81391,2.53611,0.0128427
276.167,0.81754,1.94309,64.1662,-3.2677,-1.92323,194.588,0.493388,-1.0398,-2.41687,-0.0128427
177.576,-0.639933,2.74978,85.3303,2.82967,-2.17224,165.613,0.636806,-0.0637441,1.36117,0.0128427
209.445,-2.71989,-0.494159,129.794,2.91629,0.843111,93.3956,-0.746091,-3.07966,1.33727,0.0128427
174.574,2.82135,0.644584,89.4794,-3.0164,1.92642,166.59,-0.223913,-2.0988,-1.28184,-0.0128427
198.93,1.77957,0.249364,157.436,-1.43246,1.46877,231.702,0.612496,-2.36119,-1.21941,-0.0128427
184.602,-1.88662,-0.786477,84.921,3.9743,-2.76471,107.065,-1.91154,1.51008,-1.97823,-0.0128427
320.906,1.24102,-2.71011,130.624,-3.74308,-0.551817,194.323,-0.806883,0.727166,-2.15829,-0.0128427
93.9694,-1.87237,0.864837,68.7796,1.51692,-0.321488,85.1354,-0.655076,-2.57266,-1.18632,-0.0128427
187.711,1.56161,2.83684,109.464,-2.33268,0.659843,81.4315,0.149655,-0.795568,2.177,0.0128427
186.634,-2.0798,0.418536,162.856,3.44704,-0.156349,86.212,0.945389,3.08836,-0.574885,-0.0128427
312.433,2.60947,1.85329,163.182,-2.26821,-0.601838,71.7757,-1.25657,-1.62745,2.45512,0.0128427
99.9913,-2.36351,0.226599,63.3526,2.19523,-1.3906,51.3546,1.81841,2.66647,-1.6172,-0.0128427
273.277,1.72602,-3.00065,237.78,-2.16796,0.970529,152.77,0.538803,-0.963868,2.31201,0.0128427
210.638,-1.75605,1.55929,134.091,3.2333,-2.84505,155.948,-1.03355,-0.845367,1.87884,0.0128427
252.45,-1.85744,1.72803,62.6762,2.87793,-0.18082,184.731,-0.519606,-1.72318,-1.90885,-0.0128427
177.524,0.696703,-1.62572,42.5511,-4.06225,0.651866,99.9066,-1.827,2.52943,-2.27758,-0.0128427
83.5,1.96626,2.58709,76.5572,-2.26922,0.0509469,52.3489,0.434231,-1.99684,2.53615,0.0128427
165.362,1.88862,2.25746,108.744,-1.11311,-2.8498,82.3959,1.09413,-0.226463,-1.17592,-0.0128427
276.251,-2.57113,3.08686,69.1378,1.88115,-1.39151,117.318,-1.13043,0.177381,1.80481,0.0128427
114.06,2.93633,0.133414,35.884,-2.17267,1.97465,53.0444,1.1364,-3.02161,-1.84124,-0.0128427
81.1369,-1.5991,2.30864,55.6897,3.48132,-1.28042,48.6176,2.84595,-0.623386,2.69413,-0.0128427
75.9271,-2.71151,0.884683,63.9049,3.32921,1.98226,62.4397,-0.347898,-1.82325,1.09757,0.0128427
156.172,2.94892,1.25633,93.7595,-0.948797,3.07102,53.1804,0.2526,-0.852783,-1.81469,-0.0128427
130.39,0.45119,-2.54679,73.1142,-2.9374,-1.35167,158.145,-1.73503,0.716369,-1.19512,-0.0128427
315.479,-0.340567,-0.479272,135.645,2.84573,-1.46085,174.987,1.0876,2.72279,-0.981578,-0.0128427
229.08,1.36453,-0.0222612,57.7028,-2.88053,-2.23068,112.855,1.13137,3.02914,2.20842,0.0128427
102.184,1.09327,-1.22839,80.0983,-2.69639,-0.247034,130.036,-0.265067,2.37438,-0.981357,-0.0128427
195.948,0.43099,-0.537865,81.2537,-3.6025,-3.02917,88.6759,-0.544261,2.34058,2.49131,0.0128427
113.691,-2.99134,2.38781,97.8668,0.77723,-2.75138,142.659,-0.817057,-0.167278,1.14399,0.0128427
349.344,-1.65164,2.70155,57.9846,2.21398,0.459036,273.926,0.868625,-0.660671,-2.24251,-0.0128427
254.812,2.04647,-0.639375,45.3738,-4.15768,0.526599,154.724,-1.28359,2.37319,-1.16597,-0.0128427
337.768,0.722537,-0.790346,67.8624,-2.61142,2.56778,290.406,-1.84622,2.20507,2.92505,0.0128427
150.319,0.136574,1.17699,57.4925,-2.94903,2.96468,129.71,-2.16682,-1.87558,-1.78769,-0.0128427
116.581,-1.37748,3.07763,47.8703,3.46443,-1.47094,91.07,-0.0112117,0.154338,1.73462,0.0128427
62.2549,2.74773,3.00982,51.0148,-1.51898,2.64241,72.609,1.6864,0.000757348,0.367414,0.0128427
72.9201,-0.724802,-2.67207,41.381,3.43645,2.55498,102.383,1.26231,-0.0600418,-1.05613,-0.0128427
146.801,0.882892,-1.28861,54.0118,-4.33716,2.5721,83.5748,-0.0976653,1.56156,2.42247,0.0128427
431.847,-2.17688,1.03616,76.4412,2.36204,-1.27826,199.387,-0.826187,-2.1982,-2.31441,-0.0128427
301.195,-1.50739,0.126531,80.1103,3.08841,1.8801,255.104,-0.153078,-2.66916,1.75357,0.0128427
95.1072,2.85718,0.130931,43.6614,-1.82126,1.68636,65.4194,-0.922021,-2.34323,-1.55543,-0.0128427
235.262,2.50587,-1.73814,44.5128,-2.56405,-2.2003,242.429,0.460841,1.27217,0.462158,0.0128427
85.7538,3.56927,-0.76066,81.7656,-2.06695,-1.47449,92.5385,0.818464,2.42384,0.713835,-0.0128427
160.618,0.691981,-1.3766,67.2657,-2.51618,-2.64175,122.247,-0.440344,1.95869,1.26515,-0.0128427
231.704,1.78945,1.43384,140.965,-2.3224,2.67311,204.785,-0.540556,-1.36385,-1.23927,-0.0128427
84.1839,3.09735,-1.22649,69.1919,-0.223478,0.199021,71.9049,1.90954,2.39394,-1.42551,-0.0128427
131.834,1.78457,-0.829377,119.84,-1.78372,-1.33076,189.38,-0.324917,1.60776,0.501386,0.0128427
112.626,-1.5334,0.939898,82.2977,2.24455,-0.475519,48.7922,1.83756,-2.73171,-1.41542,0.0128427
83.7329,-1.47522,-3.02903,69.5361,2.98714,-2.13936,88.1238,0.271723,0.337766,0.889663,0.0128427
99.9471,-1.0978,-2.94975,84.6673,3.76318,-0.806307,75.7773,2.15027,0.853525,2.14344,0.0128427
209.32,0.541543,1.10235,46.1718,-2.74885,-0.487749,79.2152,-0.571148,-2.26434,1.59009,0.0128427
124.87,1.95123,-0.971272,109.413,-2.42112,1.72356,74.5569,1.08232,-2.08807,-2.69483,-0.0128427
311.289,1.20574,-2.24052,33.9462,-3.02405,3.00124,143.484,0.956442,0.822589,1.04142,0.0128427
153.852,-0.535481,0.242134,97.4791,3.58195,-0.94935,150.919,0.792538,2.79311,-1.19148,-0.0128427
149.283,-1.64953,0.188631,63.884,1.56407,-2.00224,42.0869,-0.081749,2.62666,-2.19087,-0.0128427
226.15,1.55481,0.924575,108.662,-2.04133,-1.30084,82.2508,0.888736,-2.07205,2.22542,0.0128427
398.304,-1.02074,0.403486,56.6993,2.15046,-0.964619,114.332,0.429141,-2.93517,-1.3681,-0.0128427
158.384,-2.05166,1.5816,112.127,1.00596,2.72709,141.066,-1.73505,-0.985944,1.14549,0.0128427
313.163,2.23393,1.23015,86.8679,-3.11304,-0.690945,159.295,-0.486978,-2.32457,1.9211,0.0128427
230.714,-2.87001,-1.76756,53.3647,3.43772,-1.03546,201.686,-1.02364,1.7867,0.7321,0.0128427
131.167,-2.42316,2.31906,54.1459,2.21074,1.02717,141.677,-0.414891,-1.06451,-1.29189,-0.0128427
153.7,3.1273,-1.34403,98.365,-1.58437,-1.60852,100.498,2.07582,1.75331,0.264489,0.0128427
381.082,1.27896,2.34445,79.7409,-4.48339,0.40603,283.634,1.03966,-0.852069,1.93842,0.0128427
556.571,-2.33137,-0.547573,167.111,3.23178,1.70446,217.612,-0.864024,2.88417,2.25203,0.0128427
133.009,-1.86364,-0.491739,108.533,2.57475,1.32971,44.809,1.12306,-2.60999,1.82145,-0.0128427
229.802,-1.25636,2.51005,133.553,2.59738,0.33167,55.6459,2.36007,-1.57059,-2.17838,-0.0128427
123.897,-2.13736,2.8442,44.0969,1.07363,-2.20371,79.6684,-1.32442,0.215035,1.23528,0.0128427
92.9243,1.81881,-3.01522,71.2004,-3.23997,-0.409272,25.808,0.802563,0.548052,-2.60595,-0.0128427
278.295,2.29522,-2.04591,123.064,-0.871089,1.72538,79.989,0.0819051,0.681664,2.5119,0.0128427
164.432,1.93219,-2.94917,125.125,-3.50112,-2.70433,212.956,1.00345,0.189869,-0.244838,-0.0128427
89.1249,1.60268,2.88424,71.382,-4.15138,-1.84335,82.5691,-0.253802,1.01513,-1.5556,-0.0128427
222.329,1.50712,1.26372,39.2709,-1.58935,2.89954,232.91,-0.48587,-1.5474,-1.63582,-0.0128427
122.534,2.3953,-1.79064,41.1256,-4.47806,2.16191,43.9904,0.420513,0.574634,2.33064,0.0128427
70.98,-2.7506,-3.04845,65.6332,1.22775,1.67966,31.0119,-0.549406,-1.51144,-1.55507,-0.0128427
218.614,-2.19661,-0.706471,135.375,3.41473,0.840326,231.528,0.801355,2.84318,1.5468,0.0128427
88.7733,-2.91683,-2.33699,40.7946,1.77203,1.7673,30.8649,-2.36713,0.0362805,-2.17889,-0.0128427
326.934,2.49225,0.989368,75.5166,-2.81638,1.88718,336.879,0.0448295,-1.92718,-0.897816,-0.0128427
150.183,-2.47992,-3.09177,115.254,2.54096,-0.411352,41.6106,0.0305264,1.15847,2.68042,0.0128427
86.6072,-3.16332,0.211219,31.721,1.37592,1.04854,63.7189,-0.922741,-2.19927,0.83732,-0.0128427
43.8528,1.54146,0.566646,41.1775,-3.40809,-0.925415,43.6705,-1.90713,2.77661,1.49206,0.0128427
313.369,1.87361,-0.630359,210.834,-2.53611,2.00272,106.818,0.375443,-2.93787,-2.63308,-0.0128427
172.219,2.10253,2.62901,94.2055,-3.12498,2.005,230.038,0.13462,-0.676603,0.624007,0.0128427
171.409,-2.13186,0.979487,114.041,2.18749,-3.09289,76.8767,1.49986,-1.77598,2.21081,0.0128427
178.941,-0.880401,-2.52283,32.9744,3.50907,-1.26018,166.377,0.584884,0.828117,1.26266,0.0128427
191.75,-2.52788,0.158934,76.2193,1.92574,1.99716,75.2037,0.0977888,-2.59032,1.83823,0.0128427
185.514,1.16352,-0.235529,166.13,-1.98222,1.01597,70.6085,-0.160855,-3.00049,-1.2515,-0.0128427
223.051,-2.28709,0.585295,50.0253,3.32062,-0.978085,127.701,-0.951678,-3.02494,-1.56338,-0.0128427
122.061,3.31306,0.135964,57.3498,-2.036,1.95427,38.8937,-0.30594,-2.13312,-1.81831,-0.0128427
245.425,1.74855,0.0458137,68.8956,-2.85575,2.02483,67.1351,0.0747633,-2.85279,-1.97902,-0.0128427
344.583,1.45857,2.33689,72.9576,-2.98057,-2.67785,215.633,-0.7549,-0.649302,-1.26845,-0.0128427
167.248,3.29059,2.96645,82.8321,-3.36505,1.03919,162.296,0.726337,-0.770541,1.92726,0.0128427
158.654,2.76721,2.93166,91.0386,-2.42254,0.294333,74.9639,2.60698,-0.864219,2.63733,0.0128427
84.6168,-1.67486,-2.16105,39.8253,3.85551,2.0026,38.0207,2.08843,0.0132072,-2.11954,-0.0128427
189.796,-3.1897,-2.56863,115.031,0.977911,1.99513,175.992,-0.69388,-0.35213,-1.71942,-0.0128427
131.904,-2.3422,-2.57675,42.1605,2.76743,2.63625,132.252,-2.15094,0.182416,-1.07019,0.0128427
112.35,-2.94799,-1.13652,54.3042,2.17912,-1.41626,99.9374,-0.695057,1.41842,-0.279745,-0.0128427
228.813,-2.13433,1.51184,64.1062,2.55534,-1.95353,139.321,0.572176,-1.76017,2.81782,-0.0128427
165.75,-1.78429,0.170608,42.9684,3.51811,1.94482,95.4815,0.363194,-2.99748,1.77421,0.0128427
148.597,2.695,-3.12302,45.734,-3.48208,2.14405,149.554,0.436441,-0.392019,1.01611,0.0128427
87.5556,1.33696,0.0115875,85.2279,-1.67634,-1.99606,88.9922,1.00769,2.43317,2.00765,0.0128427
197.116,-2.24288,1.93886,59.3109,1.29739,-3.06311,161.932,0.191566,-0.938838,1.28122,0.0128427
282.316,-1.84347,1.55975,49.8281,2.34304,-1.65216,151.571,-0.504484,-1.25395,3.07127,0.0128427
183.203,-2.73995,0.420159,101.188,1.50893,2.40624,48.813,-0.563413,-1.88476,1.98609,0.0128427
261.561,1.72617,1.59819,206.438,-1.41424,-0.273731,126.635,-0.435877,-1.77623,1.87192,0.0128427
180.693,-0.494525,1.1949,41.3122,2.72097,0.351191,177.664,1.13836,-2.08842,-0.843708,-0.0128427
97.3418,2.37152,-1.23491,83.9962,-2.26282,-0.111185,99.4467,1.00594,2.2818,-1.12373,-0.0128427
133.806,-3.94338,3.03112,51.2652,2.27421,0.143662,83.016,-0.276979,-0.694882,-2.88745,-0.0128427
204.43,-1.82642,-0.576317,92.8392,2.25658,1.33718,61.3726,0.186273,-2.97072,1.9135,0.0128427
320.94,-1.96848,2.84458,60.5059,1.68298,1.72606,312.41,-1.76074,-0.431236,-1.11853,-0.0128427
92.3803,-3.30549,-1.62344,87.8556,1.47264,-0.441775,87.948,0.198514,2.22179,1.18166,0.0128427
123.681,2.49277,0.491408,113.494,-0.526134,-0.344685,200.083,0.16442,-2.87738,0.836093,0.0128427
125.658,-1.90639,0.158776,85.6193,1.40748,0.908635,33.5077,-1.38575,-1.56741,0.749859,-0.0128427
132.96,2.75378,0.990934,104.942,-2.74276,1.59121,83.8392,0.294293,-2.12423,-0.600279,-0.0128427
145.398,3.29574,-1.57511,72.3459,-1.70921,0.053845,73.7392,1.0381,1.76905,-1.62896,-0.0128427
116.309,-2.54038,-0.275723,56.9932,1.66804,2.60982,65.7994,0.336521,-2.04467,2.88554,0.0128427
253.268,1.44675,0.414781,93.5827,-2.04671,1.51233,171.246,-1.00703,-2.34151,-1.09755,-0.0128427
151.955,-1.1986,3.10244,143.407,2.2054,-1.44541,166.973,0.247365,0.957884,1.73534,0.0128427
236.946,1.63091,-0.91231,90.5664,-2.08602,0.748283,93.7555,0.469829,2.48625,-1.66059,-0.0128427
130.281,0.448873,0.0526162,35.8496,-3.81433,-1.66127,117.778,-1.11345,2.79192,1.71389,0.0128427
316.745,2.05586,-2.2055,48.6838,-2.90287,2.18626,124.647,-0.842611,0.875567,1.89142,0.0128427
67.6339,0.78514,3.02236,64.6352,-3.72758,2.66911,95.4843,-1.23475,-0.266594,0.353248,0.0128427
283.11,1.59319,-0.626588,115.352,-2.75608,0.453538,63.585,0.5626,2.49811,-1.08013,0.0128427
136.885,-2.59766,-0.526996,70.0378,2.78779,-2.67415,107.969,-1.4244,2.55401,-2.14716,-0.0128427
103.485,1.87612,2.0333,36.4378,-4.66655,1.28327,81.3064,1.07907,-1.02279,0.750027,0.0128427
178.355,1.54665,2.12546,172.373,-2.93581,2.69296,184.946,-0.109532,-0.63709,-0.567501,0.0128427
183.497,1.88789,0.902402,115.08,-2.38586,-1.20344,130.817,0.260919,-2.98866,2.10585,0.0128427
197.369,-3.02904,-1.81475,65.1657,2.0133,0.0286749,210.686,-0.951336,1.7886,1.84343,0.0128427
184.954,-2.75143,-0.437694,173.401,2.55979,-0.0386289,304.546,0.677687,2.80432,0.399065,0.0128427
97.0586,-3.61231,-0.26596,41.2844,3.09311,1.5141,32.569,0.54124,2.49489,1.78006,-0.0128427
108.661,-2.7562,0.0804693,77.1767,1.63956,1.66006,98.1436,-1.37351,-2.19771,1.57959,0.0128427
108.54,-1.35458,1.8471,38.8647,2.2515,1.40539,69.2928,-0.510706,-1.17871,-0.441709,-0.0128427
175.347,-2.29934,1.15759,136.854,0.933168,-1.26519,113.181,0.375234,-2.52013,-2.42279,-0.0128427
71.0665,-1.95277,-1.84091,57.162,3.5998,-2.2012,65.331,0.562234,0.196075,-0.36029,0.0128427
146.063,1.54066,0.179829,30.4831,-4.60758,-2.10271,58.1479,-1.63641,3.03116,2.28254,0.0128427
174.458,-2.70075,1.22712,57.0112,0.77581,-2.50879,58.1054,0.219131,-0.892718,2.54728,0.0128427
208.503,-1.75294,-1.66467,169.168,3.40131,-2.96434,143.578,1.0147,0.952734,-1.29967,-0.0128427
139.282,-2.56869,1.7689,44.7423,2.61767,1.23441,88.4476,-0.596502,-1.74715,-0.534491,-0.0128427
227.775,1.84609,-1.81995,81.1037,-3.28783,-0.861258,203.908,-0.645353,1.50103,-0.958696,-0.0128427
128.052,-1.86987,0.427541,105.205,3.38462,2.00229,65.4195,1.32296,-1.63231,1.57475,0.0128427
178.33,1.18397,-2.24101,72.8215,-2.52724,0.900777,115.065,-1.84605,1.00374,3.1414,-0.0128427
51.2129,-4.75465,0.643164,36.5669,0.184027,-0.5649,54.845,-2.12689,-3.01713,-1.20806,-0.0128427
79.588,-2.08642,-2.1478,44.1403,2.36797,-2.05106,56.8373,1.44831,0.733673,0.0967364,0.0128427
192.507,3.18774,-1.66136,91.094,-1.82296,-1.33629,175.772,0.455333,1.56215,-0.325066,-0.0128427
130.32,0.188887,-1.84129,71.903,-2.86933,-2.62054,173.779,-1.27003,0.843872,0.779253,0.0128427
134.431,-2.79149,-1.31309,47.9195,2.78533,3.07419,97.5316,0.145076,1.41889,-1.89591,-0.0128427
118.266,-2.28165,1.77174,78.534,2.45053,1.21027,78.728,-0.408974,-1.48714,-0.56147,0.0128427
153.608,1.68638,-2.39921,47.2481,-1.57966,2.61834,128.08,0.386692,0.56762,1.26563,0.0128427
192.838,-1.55648,2.91682,138.708,2.62391,1.50831,174.481,0.537096,-0.811861,-1.4085,-0.0128427
153.422,3.58076,-0.528508,131.645,-0.725236,-1.0643,161.79,0.542496,2.88627,0.535796,-0.0128427
337.63,2.03972,2.74883,118.248,-1.59845,1.79924,328.882,0.244284,-0.520644,0.949598,0.0128427
93.8499,1.7026,-2.19111,81.0157,-3.69616,3.13853,133.728,-1.50108,0.19897,0.953543,0.0128427
181.746,-3.19202,0.415058,46.6734,2.26097,2.74631,106.648,-1.07922,-2.57688,2.33125,-0.0128427
114.317,-3.2599,2.84597,56.3544,0.616269,0.501633,58.8057,-1.04432,-0.838308,-2.34433,-0.0128427
168.794,2.52783,-2.26428,33.4423,-4.59485,-1.17772,109.226,-1.56922,1.281,-1.08656,-0.0128427
387.317,1.06167,1.78349,33.9281,-4.43372,0.48408,302.708,-1.4267,-1.36707,1.29941,0.0128427
140.52,-1.51898,-1.38164,132.183,3.45351,3.03605,87.3308,0.78174,0.619612,-1.86549,-0.0128427
86.0098,-3.95446,-0.0410749,85.1739,2.01209,-1.0482,75.4862,-0.943056,2.09962,-1.00712,-0.0128427
174.396,2.47761,1.155,86.1222,-2.51671,-1.63139,60.5822,0.144451,-2.3997,2.78638,0.0128427
138.025,1.21279,-0.313599,108.126,-2.67651,-1.51932,101.466,0.206898,2.36619,1.20572,0.0128427
149.744,-2.01686,1.62526,84.7212,3.27301,-0.582874,70.4069,-0.949978,-1.67176,-2.20813,-0.0128427
114.059,2.90017,1.88406,58.9298,-1.81788,-0.642257,62.905,-0.167619,-2.61286,2.52631,0.0128427
162.653,-2.89414,-1.57294,138.822,1.64175,2.49025,87.7083,1.12643,0.741254,-2.21999,-0.0128427
144.455,3.47268,1.16412,94.3539,-3.17167,-1.99712,68.4706,-1.18014,-1.76833,-3.12194,-0.0128427
229.807,-2.67004,-2.34959,74.8971,2.19442,-2.6257,73.5881,0.715381,0.735651,-0.27611,-0.0128427
286.004,2.5371,-0.748534,90.5762,-1.36227,-0.983721,328.936,-1.20027,2.58294,0.235187,-0.0128427
41.4731,1.74414,0.867911,31.3404,-3.46145,-0.0165301,35.0019,0.425729,-2.99855,0.884441,0.0128427
219.455,1.7291,2.95339,108.218,-3.24946,-0.667437,159.895,0.267854,0.825075,-2.66236,-0.0128427
119.91,-1.94447,-0.82171,53.3837,3.42224,-2.49827,59.5746,-0.858646,1.71122,-1.67656,-0.0128427
209.836,2.17509,2.13443,128.422,-2.85851,-2.41262,83.7088,-0.403429,-0.261693,-1.73613,-0.0128427
101.696,-2.46639,-2.04579,61.3061,2.85641,2.3899,103.135,-0.899079,0.0481225,-1.84749,-0.0128427
168.541,-0.552815,1.31203,91.2902,3.99834,2.16807,102.532,0.908201,-1.3244,0.856042,0.0128427
295.312,-2.27526,0.881808,173.389,1.95978,-2.84702,158.853,-0.337218,-1.94475,2.55435,0.0128427
161.36,-3.0892,1.01512,126.309,1.29728,2.39139,118.208,-0.840993,-0.978469,1.37627,0.0128427
323.128,-1.67172,1.44978,74.4428,3.35264,-2.96652,241.905,2.41038,-1.39883,1.86688,0.0128427
207.094,-2.54795,2.02279,71.2993,2.45085,-0.748793,73.1241,1.39551,-1.67436,-2.77158,-0.0128427
78.6397,-1.03703,1.70603,52.9554,3.32528,1.80159,103.535,1.6393,-1.37438,0.0955625,0.0128427
164.911,0.443662,2.99654,88.6568,-3.71501,-1.66038,173.815,-0.318303,0.317911,-1.62626,-0.0128427
90.1535,-2.36036,1.99305,61.7538,4.18029,-1.25197,66.726,1.78292,-0.321011,3.03816,0.0128427
125.82,-1.99941,-2.57212,120.712,2.07074,-1.63565,93.0443,0.895905,1.12645,0.936463,0.0128427
130.293,1.80867,2.09007,73.7973,-3.41918,0.499739,70.8176,0.0415779,-2.1022,1.59033,0.0128427
180.676,1.69756,3.0456,166.066,-1.47498,0.398593,57.9831,0.427429,-1.63273,2.647,0.0128427
169.5,2.71698,-2.62749,53.4011,-2.09567,2.24923,145.888,-0.458288,0.0598909,1.40646,0.0128427
172.934,2.81791,-1.90232,83.1623,-1.64138,2.66993,173.493,0.214082,1.19428,1.71094,-0.0128427
102.507,-1.24757,-1.15577,81.066,1.86656,2.98461,93.7539,1.25569,0.889113,-2.14281,-0.0128427
314.052,2.15811,-2.13377,276.444,-2.35995,1.86621,178.519,0.886586,-0.134566,2.28321,0.0128427
142.061,3.82758,0.189241,40.7788,-2.34832,-1.14706,70.099,0.545445,-2.88124,1.3363,0.0128427
133.483,-2.29996,-2.77726,63.4705,3.30942,1.85042,101.547,-1.99543,-0.365621,-1.6555,-0.0128427
137.879,-1.57494,2.05544,110.368,2.08659,1.35943,209.454,1.61718,-1.494,-0.69601,-0.0128427
78.9062,1.98476,-1.50205,51.5582,-2.01866,0.704075,72.9064,-0.962187,1.4584,-2.20612,-0.0128427
87.2001,2.20813,0.39091,81.3566,-2.13797,-0.8331,106.255,0.973648,2.92092,1.22401,0.0128427
219.882,1.44213,-1.31103,67.1001,-1.97847,1.60159,145.944,-0.429269,1.54142,-2.91262,0.0128427
168.956,1.84141,0.107331,90.3211,-3.41327,2.56745,58.2683,1.16354,-2.41635,-2.46012,-0.0128427
130.135,3.17118,-0.918433,89.0397,-1.34225,0.249072,93.5182,-0.0651691,2.8262,-1.1675,-0.0128427
118.767,0.726608,-0.879434,113.959,-3.3369,0.0142745,207.91,-0.683681,2.53798,-0.893708,-0.0128427
220.452,2.15467,1.88225,94.0338,-1.63302,0.0259503,184.556,1.20369,-1.67479,1.8563,0.0128427
381.676,-1.73644,-0.65262,204.648,1.86688,-1.744,418.591,0.257366,2.18609,-1.09138,-0.0128427
176.08,-2.08911,-0.714879,62.0793,2.66783,-2.43373,192.001,-0.319441,1.91323,-1.71885,-0.0128427
103.244,1.17506,2.68355,89.6076,-2.3865,1.0342,141.014,-1.23111,-1.38534,1.64934,0.0128427
184.085,-2.87367,-1.89086,39.3729,4.22539,-1.33769,204.447,-0.600573,1.22507,0.553167,-0.0128427
109.37,2.17022,2.55243,58.7133,-3.66743,-2.22969,117.723,-0.0205673,-0.194508,-1.50106,-0.0128427
154.512,-3.0427,2.60391,50.5515,2.78575,-2.40683,147.932,-0.927412,-0.0965749,1.27245,0.0128427
97.7627,1.88186,0.922074,63.2426,-2.15534,-3.06754,93.8011,-0.400174,-1.43534,-2.29358,-0.0128427
170.804,-0.425337,0.0584612,113.226,3.02624,-2.31664,109.719,0.922587,1.90051,-2.3751,0.0128427
160.505,-0.455428,-2.30053,159.262,2.9174,1.94465,75.818,1.44516,0.142996,-2.03801,-0.0128427
116.282,-2.23199,1.3695,99.0852,1.57749,-0.202789,116.042,0.327806,-2.11969,-1.57229,0.0128427
219.104,2.45858,-1.0726,74.0328,-1.43911,-1.03109,178.014,1.2009,2.08544,-0.0415099,0.0128427
132.493,-3.18463,-2.24752,70.4002,3.22602,2.76883,117.588,1.22956,0.756298,-1.26684,-0.0128427
222.391,-2.36571,-0.896354,58.0536,1.61764,3.10378,120.512,-0.0280479,1.99881,-2.28305,-0.0128427
113.434,-0.999537,-1.63164,59.3549,3.4286,-1.2961,93.3837,1.79129,2.02639,0.335544,0.0128427
165.051,-2.85127,-0.863962,144.818,1.57248,-1.87448,198.666,0.567934,1.7718,-1.01051,-0.0128427
152.569,-2.18394,2.37623,57.5762,2.39367,1.56138,95.5222,-1.71669,-0.901342,-0.814857,-0.0128427
121.718,2.71835,-3.13855,82.5516,-0.336398,1.31074,110.526,0.435079,-0.936828,1.83389,0.0128427
207.55,-1.17153,1.14602,130.197,3.89705,2.28558,174.726,-0.572482,-1.49788,1.13956,0.0128427
89.9011,-2.24848,-1.97895,53.4247,4.20066,-0.459472,63.6072,-0.0648445,1.33964,1.51948,0.0128427
195.205,-1.77495,-0.814427,72.3231,1.9849,1.60661,103.126,-0.837083,2.58326,2.42104,0.0128427
99.2072,-0.913219,0.0860099,71.5201,3.13194,1.799,119.917,1.66816,-2.54817,1.71299,0.0128427
254.079,1.02782,2.39677,115.16,-2.55258,-0.184352,125.826,-1.70049,-0.954938,2.58112,0.0128427
83.7165,-1.46645,2.17848,75.4309,1.75013,2.76872,97.3386,0.630882,-1.09009,0.590248,0.0128427
180.25,2.66974,-1.46665,110.902,-2.75961,3.03831,245.667,0.614593,0.660811,1.77823,0.0128427
93.6056,-3.36038,-1.00422,35.7392,3.12641,3.08005,30.6337,-3.05964,2.45713,-2.19892,-0.0128427
96.6885,1.42369,0.908533,58.7597,-3.22066,2.87172,73.0518,-1.94221,-1.66281,-1.96319,-0.0128427
102.295,1.13976,1.19897,88.5067,-2.47641,0.290475,131.545,-1.32663,-2.4176,0.908492,0.0128427
201.671,-3.09711,0.197819,158.475,3.20821,-0.540184,163.834,-0.0780235,-3.11232,-0.738003,-0.0128427
171.937,-1.92354,-1.57927,54.7322,1.33498,-0.809229,198.13,0.237365,1.8289,0.770042,0.0128427
214.648,1.21939,2.69321,102.64,-2.39063,2.73382,219.69,-0.290955,-0.363736,-0.0406156,-0.0128427
236.539,1.24553,-0.758504,116.458,-2.2412,-2.24557,91.8611,-0.452847,1.9963,1.48707,0.0128427
164.526,-0.266732,3.06685,87.7967,3.30183,2.10299,166.591,1.24715,-0.0784783,-0.963851,-0.0128427
595.743,1.70113,-1.77635,139.628,-3.27523,2.88528,301.859,-0.602067,1.06361,1.62155,0.0128427
174.408,-0.6872,1.01004,86.7088,2.47858,-0.944344,172.798,1.10061,-2.86324,-1.95438,-0.0128427
191.381,0.393425,0.413593,53.2204,-3.75802,1.6843,116.522,-1.32226,-2.75265,-1.27071,-0.0128427
118.445,3.56022,-2.12178,41.2998,-2.34457,-2.05974,54.0157,1.05605,0.880034,-0.0620487,-0.0128427
181.662,1.58544,-2.71879,81.1248,-3.94227,-1.56903,120.499,-1.56295,0.727383,-1.14976,-0.0128427
42.2826,-2.52921,2.21949,34.7524,2.96287,1.29333,42.0868,-0.233956,-1.73282,-0.926158,-0.0128427
130.908,2.5085,-3.05337,48.7484,-3.46314,1.19799,132.084,-0.748713,-0.00309124,2.03183,0.0128427
88.5106,-2.66698,0.347851,56.9151,3.28679,-0.916823,49.225,-1.29016,-3.00334,-1.26467,0.0128427
259.117,1.40137,-0.313866,43.689,-4.4085,-0.935897,97.0417,0.984593,2.47753,0.622032,0.0128427
198.92,2.88162,0.109623,93.7355,-1.93173,1.22917,180.733,1.30529,-2.78208,-1.11955,-0.0128427
177.484,1.65888,-0.497776,56.9492,-1.84433,-1.48399,182.398,-0.892948,2.44138,0.986215,0.0128427
169.784,-2.61592,3.07317,83.8469,1.34422,-2.16739,147.912,-1.15487,0.105618,1.04263,0.0128427
324.96,-2.37687,-2.54428,61.871,0.910407,-0.23532,100.115,-0.764627,0.4376,2.30896,0.0128427
103.904,-2.61607,-2.33473,85.4284,3.29432,2.15875,75.2831,1.77935,-0.348923,-1.78971,-0.0128427
46.4462,-0.273889,0.755633,30.6451,4.32781,-1.28046,58.508,2.15717,2.30754,-2.03609,-0.0128427
113.879,1.32073,-1.38467,104.272,-3.10028,-2.27524,110.238,-1.47752,1.22721,0.890565,0.0128427
85.7052,-2.47458,2.377,60.0157,1.64001,0.844342,26.604,-2.30475,-1.93962,-1.53266,-0.0128427
92.7406,-3.63864,-0.863927,31.22,3.94501,2.7241,63.2485,-0.0663102,1.80779,-2.69516,0.0128427
181.132,3.47829,-0.793794,55.8938,-1.31792,-2.62946,80.3802,0.0581477,2.12756,1.83566,0.0128427
162.959,0.916058,2.92011,99.1143,-3.9577,-3.05484,171.011,-0.370029,0.0769021,-0.30823,0.0128427
213.959,1.11545,2.85112,188.062,-2.71913,-2.31601,75.023,-0.408672,-0.169419,-1.11606,0.0128427
148.107,2.31489,-1.03212,85.1812,-2.26406,-2.58406,126.241,-1.58727,1.47107,1.55194,0.0128427
413.943,1.77904,-0.0871286,117.011,-2.86023,2.27299,227.327,0.0118115,-2.97854,-2.36012,-0.0128427
188.955,-1.69709,-1.88846,59.4249,2.01216,1.6666,101.083,0.990674,1.18153,-2.72812,-0.0128427
227.152,-2.75801,-2.59332,41.2111,1.59725,2.69038,159.268,-0.894931,0.2982,-0.99948,-0.0128427
192.67,2.88976,1.93917,50.9545,-3.51871,0.185324,90.1081,-1.15324,-1.3747,1.75384,0.0128427
421.963,2.43371,2.94206,124.657,-3.89624,-1.18618,347.805,-0.0355518,0.0305287,-2.15495,-0.0128427
213.286,1.94626,-2.66297,167.205,-3.10516,-0.104167,102.759,0.653156,1.10787,-2.5588,-0.0128427
59.991,1.94667,-1.4539,54.525,-2.2761,-0.0301213,48.9238,1.09307,-3.01987,-1.42378,-0.0128427
205.044,1.3264,-2.42424,156.343,-2.92832,-0.0507522,167.375,-1.13952,1.62798,-2.37349,-0.0128427
209.83,-2.66896,-1.65659,85.7516,2.56311,1.63386,117.875,-1.44759,0.778443,-2.99273,-0.0128427
139.371,2.5199,0.839281,32.9619,-1.04336,0.418403,132.02,0.0619293,-2.53531,0.420878,0.0128427
226.979,1.38191,2.72343,57.7894,-2.25534,0.976748,205.39,1.33969,-0.482344,1.74668,0.0128427
357.493,2.1146,-2.36402,187.55,-2.0654,1.64338,110.652,0.0370594,0.311507,2.27578,0.0128427
148.022,-0.527622,1.94349,36.9906,3.57255,2.8215,96.8818,1.75811,-1.27615,0.878007,0.0128427
135.015,-2.21478,1.80551,42.3596,2.07612,0.658008,100.114,-0.556986,-1.6407,-1.14751,-0.0128427
384.123,1.66143,-0.362419,37.8699,-3.36337,3.08911,103.512,-1.98569,2.80112,2.83165,0.0128427
110.969,-0.868594,-2.59574,61.3175,3.1448,-1.75185,82.376,2.2098,0.676119,0.843893,0.0128427
127,-1.9834,1.25973,103.598,1.02856,-2.63548,68.4408,-0.814275,-0.80374,2.38797,0.0128427
362.162,1.25807,1.97798,174.769,-2.04262,-0.114133,273.533,0.333044,-1.65874,2.09211,0.0128427
78.1845,-2.41454,2.64296,31.5619,2.68785,2.42813,100.229,-2.08905,-0.701938,-0.214824,-0.0128427
259.979,0.465025,-3.10473,100.272,-3.13067,-2.34977,100.369,-0.145452,0.365657,-0.75496,-0.0128427
218.324,-1.35497,0.078555,45.9626,2.12604,2.72625,185.51,-0.918246,-2.73398,2.64769,0.0128427
116.867,1.61409,-2.64691,43.8814,-4.61299,1.66566,96.4927,0.687925,-0.105004,1.97062,0.0128427
255.866,-2.4555,2.02057,212.838,1.25137,-2.48791,268.459,-1.527,-0.409561,1.7747,0.0128427
85.1899,2.90982,2.76529,46.6892,-3.38396,-2.30553,85.2008,-0.378153,-0.254748,-1.21237,-0.0128427
116.834,2.55427,-2.70206,46.8779,-4.60243,-1.73312,96.3706,1.37125,0.604879,-0.968936,-0.0128427
108.161,-3.16231,-3.07959,72.9505,3.65709,0.76179,46.6731,0.386587,-0.301303,-2.44181,-0.0128427
222.004,-1.16822,0.128637,77.7934,1.98235,-1.66611,260.752,0.767499,2.88738,-1.79475,-0.0128427
87.2979,1.58303,1.43383,80.935,-2.52416,0.620478,134.595,0.439602,-2.18099,0.813349,0.0128427
233.465,-1.27383,-0.0879603,76.7724,3.06092,0.366028,135.314,-0.135267,-3.03864,0.453988,0.0128427
435.373,-0.896289,-2.40419,396.161,2.27574,1.97834,279.814,0.427376,-0.00820811,-1.90066,-0.0128427
146.185,3.75978,-0.478266,105.749,-1.12195,-2.05854,108.893,1.32334,1.87108,1.58027,0.0128427
373.41,1.45092,2.46953,127.214,-2.37384,-0.528571,183.051,0.975267,-1.00305,2.9981,0.0128427
82.594,3.52646,-0.159789,76.9203,-0.612959,1.61193,71.4297,-0.0758556,-1.97478,-1.77172,-0.0128427
128.586,3.28511,0.598982,115.865,-0.682399,-0.164662,74.7876,0.882773,-2.51981,0.763645,0.0128427
212.267,-1.617,0.358268,43.0158,2.78055,0.96524,198.097,0.96512,-2.74506,0.606972,0.0128427
142.841,1.68764,-1.79003,50.9413,-2.7063,0.988389,53.382,0.304278,2.1786,-2.77842,-0.0128427
163.75,0.729071,2.97585,55.2669,-4.36758,0.505335,37.6055,-2.13476,-0.51713,2.47052,0.0128427
146.239,1.94606,1.89873,65.2246,-3.91079,-2.32085,105.152,-0.200874,-0.804724,-2.0636,-0.0128427
113.032,-1.83793,0.64978,99.2595,3.14157,1.32808,187.136,-1.16662,-2.10879,0.678302,0.0128427
123.698,2.88522,-1.56779,78.1166,-3.565,-2.90445,102.345,-1.24419,0.901229,1.33667,0.0128427
349.657,1.62421,-2.92398,52.1321,-3.08636,1.66366,263.61,-0.163742,0.081135,1.69555,0.0128427
447.757,1.82369,-2.26322,165.495,-2.74258,1.97957,166.27,-0.44352,0.560884,2.04039,0.0128427
139.21,-1.35811,-0.848273,89.0267,1.86998,-3.13824,52.0757,0.351338,1.66143,-2.28996,-0.0128427
99.5591,-2.08338,-0.910532,67.0717,3.08951,-2.15517,110.605,-0.294099,1.74262,-1.24464,-0.0128427
286.054,-2.31742,0.587002,98.3805,3.23798,1.57878,184.062,0.763808,-2.26122,0.991776,0.0128427
124,1.54062,1.14675,46.9594,-2.23904,0.416392,120.412,-1.23502,-2.12438,0.730356,0.0128427
87.9227,2.91347,-1.58444,54.0434,-3.51402,-1.47921,120.23,2.53066,1.59104,-0.105224,0.0128427
112.463,-1.03602,1.81182,75.3695,2.78852,0.154751,102.917,0.109034,-1.86581,-1.65707,-0.0128427
162.565,3.02715,-0.833551,69.129,-3.90318,-0.231882,134.962,-0.403361,1.95516,-0.601669,0.0128427
84.2141,-2.22787,-0.0555213,63.2942,4.22624,-2.96748,48.7817,-1.39735,3.08511,-2.91196,-0.0128427
122.57,2.89695,-2.27889,58.2913,-1.43532,-3.06471,123.626,-0.070262,0.538228,0.785818,0.0128427
134.178,2.32175,2.5111,56.307,-0.927397,1.67192,142.925,-0.411482,-1.1275,0.839173,0.0128427
134.042,-1.2762,-1.65425,106.111,2.92588,-2.65837,81.3277,0.791439,0.269999,-1.00412,-0.0128427
181.054,-2.88745,-2.44669,103.055,1.82506,2.50125,185.426,0.881718,0.142014,-1.33525,-0.0128427
174.277,-0.414769,-1.70912,44.713,2.71631,-2.74019,101.743,0.554955,1.42922,-1.03107,-0.0128427
178.825,2.85608,2.8972,78.1484,-2.96055,-1.22326,182.651,-1.54421,0.259687,-2.16273,-0.0128427
118.193,-2.14209,3.03195,113.25,3.36155,-2.02083,125.491,1.59559,0.0213338,1.23041,0.0128427
243.765,2.40661,0.380045,119.381,-2.99523,1.52732,298.267,1.03554,-2.40185,-1.14728,-0.0128427
292.296,2.70042,-1.25824,105.046,-1.43414,1.08612,177.12,0.56014,2.34167,-2.34436,-0.0128427
154.505,0.86856,0.901477,48.3765,-3.53272,2.94134,60.0445,-0.401981,-1.99966,-2.03986,-0.0128427
325.446,-2.78803,0.0756015,156.099,2.59127,2.89116,118.705,-0.149336,-2.52971,2.81555,0.0128427
384.926,2.20777,-3.0885,67.6296,-3.81837,-1.17121,184.72,0.282927,0.151189,-1.91729,-0.0128427
188.886,2.84604,2.50987,186.533,-1.25743,-2.20527,80.0112,1.37738,-0.295573,-1.56805,0.0128427
129.773,0.400236,0.579048,67.6826,-2.99287,1.61514,109.165,-0.788046,-2.31015,-1.03609,-0.0128427
185.485,-1.3547,-0.598713,62.212,2.86445,-1.14943,165.054,0.424015,2.38369,-0.550718,0.0128427
184.658,1.55875,-2.82093,115.079,-2.80365,-1.69861,196.407,-1.60823,0.597914,-1.12232,-0.0128427
163.487,-3.89933,-2.32304,50.3716,2.51331,1.14966,111.767,0.664425,0.657099,-2.81048,-0.0128427
165.095,1.11779,-2.24926,76.7314,-2.45557,-1.04881,169.831,-1.37069,1.68094,-1.20045,-0.0128427
211.22,2.22253,-0.414167,101.36,-1.02579,-2.68346,81.9957,-0.481202,2.47554,2.26929,0.0128427
150.356,1.75412,-0.255324,99.6907,-1.96049,1.63316,130.453,-1.01322,-3.06469,-1.88848,-0.0128427
133.77,3.0034,-0.0832762,114.52,-0.86858,0.251814,118.991,0.322266,-3.06554,-0.33509,-0.0128427
204.719,2.86096,0.833843,95.7592,-2.29995,2.03141,155.651,0.961442,-1.67023,-1.19757,-0.0128427
145.407,-1.73713,1.9709,73.7295,2.41545,2.79345,83.9704,0.700798,-0.796028,0.822555,0.0128427
127.659,-2.41373,-1.42546,45.9629,1.94099,-3.06657,103.156,-1.30573,1.08845,-1.64111,-0.0128427
162.977,1.962,-1.8013,96.4805,-1.04744,1.68895,59.7108,1.01789,0.357489,2.79293,0.0128427
95.1889,-0.236383,2.69754,60.6785,3.13849,0.844069,65.704,1.06474,-1.12092,-1.85347,-0.0128427
109.069,-2.56936,-0.464244,56.4134,3.09985,0.482948,125.006,2.4087,3.12368,0.947192,0.0128427
147.441,1.28555,-1.15978,105.921,-1.76877,1.15363,138.733,0.91112,3.02413,-2.31341,-0.0128427
167.071,2.17982,-1.02524,72.4016,-1.54604,-1.52018,120.144,0.238601,2.30594,0.494944,-0.0128427
102.614,-1.87852,-2.50781,65.6075,2.94479,-0.814635,85.0937,0.808541,1.90349,1.69318,0.0128427
219.169,-2.4353,-0.255654,81.3664,2.56106,0.91605,124.918,-1.88568,-2.88446,1.1717,0.0128427
214.013,-1.16874,-0.258739,48.3883,3.74973,-1.63836,198.058,0.994911,2.72817,-1.37962,-0.0128427
131.245,-1.87438,2.01638,116.945,1.60504,0.251954,120.569,-0.286207,-1.54288,-1.76443,-0.0128427
200.349,-2.68425,0.655781,58.2629,3.78739,2.91384,154.259,1.97531,-1.98576,2.25806,0.0128427
327.765,-1.63019,0.413234,61.2909,2.51042,-0.978546,171.509,0.434358,-2.99927,-1.39178,-0.0128427
161.443,2.45975,-0.0738907,32.7277,-3.13363,-2.83153,110.758,-0.841176,3.05735,2.75764,0.0128427
120.689,1.42211,2.47059,93.3725,-2.84101,1.21939,92.7353,1.38433,-1.08603,1.2512,0.0128427
107.184,2.11754,1.74922,34.7011,-1.90562,1.50737,137.407,-1.07487,-1.48385,0.241849,-0.0128427
138.729,-2.43186,-1.07946,36.4439,3.58759,0.90114,108.169,-1.2856,2.5266,1.9806,0.0128427
198.949,1.89895,2.33715,91.8362,-1.24449,-0.908653,88.3435,0.696416,-0.456649,-3.03738,-0.0128427
110.369,-1.59871,2.46102,46.8797,1.70154,-2.03861,71.0459,0.184009,-0.214271,1.78356,0.0128427
89.9637,-1.49242,-3.08844,44.1982,4.82341,-1.18506,52.9085,-1.62544,0.965636,1.90338,-0.0128427
140.311,-0.890239,-1.90659,105.717,3.40059,0.381825,67.0328,-0.613366,2.06385,2.28841,0.0128427
159.557,2.36672,-0.354093,86.364,-1.02762,0.138923,88.6736,1.01295,-3.01974,-0.493017,-0.0128427
137.902,1.18052,0.37543,82.9949,-3.71264,2.34672,68.7381,-0.552381,-2.69509,-1.97129,-0.0128427
121.063,-2.82114,2.64848,103.044,4.00493,-2.26205,131.347,1.96742,0.452539,1.37265,0.0128427
204.711,2.29316,-2.27873,118.964,-2.44329,-1.7999,108.71,0.724026,0.934842,-0.47883,-0.0128427
218.655,-2.5833,2.12865,105.16,2.12462,2.88122,146.774,-0.883699,-1.25749,0.752576,0.0128427
160.921,1.39943,-0.943669,113.521,-2.85004,-2.16341,148.341,-0.126788,1.89773,1.21974,0.0128427
173.622,-1.34936,-3.00439,117.848,1.6615,-2.80659,68.0271,0.764255,0.513705,0.1978,0.0128427
284.298,1.16641,-1.72711,36.5067,-3.19817,0.247954,164.581,0.339566,1.71474,-1.97507,-0.0128427
182.335,-1.44335,-2.88953,89.6912,3.21719,2.10546,175.11,-0.667839,-0.486244,-1.28819,-0.0128427
86.4739,3.77437,-2.03865,31.0088,-1.43678,-0.402498,35.9764,1.7126,1.78709,-1.63615,-0.0128427
192.171,1.89499,1.75702,74.2137,-2.91405,-0.352957,135.612,-0.628535,-1.98534,2.10997,0.0128427
273.168,-1.25138,-3.07371,245.291,2.53069,-2.55999,377.115,0.410419,0.160164,0.513714,0.0128427
198.734,1.06945,2.99906,164.508,-3.13064,2.56223,139.999,-0.651095,-0.590968,0.436833,0.0128427
111.757,3.18525,1.70106,82.185,-1.92995,0.3766,112.572,-0.288905,-1.7011,1.32446,-0.0128427
141.865,2.43649,-0.941508,51.855,-4.00768,-1.99688,84.5481,1.46955,1.81402,1.05537,0.0128427
142.069,2.89377,1.23245,67.0712,-2.90919,2.37644,123.977,1.43902,-1.26057,-1.14399,-0.0128427
71.7659,3.60857,-2.2158,65.1792,-2.66102,-1.35651,74.4335,0.777437,1.00858,-0.859286,-0.0128427
244.225,-2.05041,2.21774,113.213,2.72146,0.19123,162.025,-0.470067,-1.55542,-2.02651,-0.0128427
176.014,2.34569,1.20088,92.1415,-1.54205,-1.00977,58.8884,-0.0638861,-1.86667,2.21065,0.0128427
163.925,-1.92119,-0.859742,51.7061,2.10854,-1.72604,144.373,-0.153868,2.27357,-0.866299,-0.0128427
137.008,3.83154,-2.66887,72.284,-1.04006,-1.19771,70.5204,1.18098,1.02073,-1.47116,-0.0128427
76.9305,2.51543,1.14233,46.1484,-2.27644,0.893692,78.3903,0.630083,-2.08568,0.24864,0.0128427
185.512,-1.10092,-3.02638,30.0041,3.84311,-0.2133,74.2344,1.28486,0.341854,2.81308,0.0128427
243.821,-1.25598,-2.25025,73.0639,3.63666,1.60049,122.277,0.54832,0.487159,-2.43245,-0.0128427
117.178,-0.670474,2.43412,87.2666,3.42409,0.117257,112.76,-0.449196,-1.84866,-2.31686,-0.0128427
91.425,-2.2532,-1.94544,51.4178,3.59269,-0.408059,51.6188,-0.0563507,1.7682,1.53738,0.0128427
255.81,2.04637,-1.16737,124.572,-1.11139,-3.07206,172.894,0.479449,1.26759,1.90469,0.0128427
183.843,2.32096,-0.374025,64.7172,-1.1553,-2.62504,65.3119,0.441005,2.60912,2.25102,0.0128427
155.567,2.75695,1.18115,131.605,-2.45941,-2.02363,33.8608,1.44183,-0.649263,-3.0784,-0.0128427
296.368,2.73383,-0.833703,44.9982,-0.765329,-0.0192571,360.383,0.190473,2.47765,-0.814446,-0.0128427
291.499,-2.0428,2.86823,61.7648,4.32969,1.08304,167.93,-1.3434,-0.540349,-1.78519,-0.0128427
305.7,2.37501,-2.72642,130.167,-0.95463,1.27128,164.742,0.473529,0.400702,2.28549,0.0128427
201.588,2.04032,-0.231226,98.1469,-2.23192,0.406745,219.908,0.423664,2.99839,-0.637971,-0.0128427
50.3686,-3.37333,1.26747,38.633,1.37722,-0.780012,44.255,-0.00840038,2.9663,-2.04749,-0.0128427
325.816,-2.11924,1.07318,112.052,2.39533,1.97233,228.576,0.0146796,-1.75587,0.899148,0.0128427
169.733,2.48154,-1.92468,75.4918,-3.40967,-0.82674,143.71,1.00865,1.45665,-1.09794,-0.0128427
165.024,1.68331,0.46743,87.4483,-1.97208,-2.78283,110.2,0.878275,-2.33722,-3.03292,-0.0128427
196.236,2.88956,-1.2994,42.29,-1.19359,-0.129979,157.509,2.23367,2.06518,-1.16942,-0.0128427
134.404,-0.368537,0.0761983,31.1451,3.30432,-1.47617,100.046,0.218677,3.09901,-1.55237,0.0128427
86.2542,-1.48912,0.634826,31.6728,4.66307,-1.9643,64.1574,-0.453364,-2.92626,-2.59913,-0.0128427
118.441,-0.882192,-1.41503,60.2517,2.31363,-0.00904797,38.8942,1.31704,1.89618,1.40599,0.0128427
196.029,-2.86622,-2.01994,100.239,1.25325,-0.34823,155.732,-0.169163,1.69954,1.67171,0.0128427
159.347,-0.111564,-2.00078,76.3522,3.07281,-1.56431,201.376,1.01299,1.29467,0.436465,0.0128427
200.71,-3.03608,-1.79461,152.009,1.65093,-0.218022,87.2073,-0.0819941,2.09693,1.57659,0.0128427
217.972,-1.8811,1.00094,167.526,1.18501,1.60975,102.589,-0.365598,-1.91992,0.60881,0.0128427
102.224,-1.5672,0.115342,84.4367,3.11112,1.48529,93.1099,0.563816,-2.53877,1.36995,0.0128427
236.848,2.84906,-0.0504448,124.185,-1.78129,2.98841,62.7084,1.05075,2.48621,-3.03886,0.0128427
263.88,-1.47464,2.84461,247.353,2.90907,1.11111,137.491,1.27374,-0.884829,-1.7335,-0.0128427
378.034,1.27365,0.432598,118.955,-3.57029,2.70553,131.6,-0.563816,-2.57175,-2.27293,-0.0128427
79.0974,3.87703,0.395579,33.6018,-1.50124,2.93834,76.6534,1.30943,-2.08897,-2.54276,-0.0128427
237.331,2.23046,1.11116,158.165,-2.3612,0.469429,135.127,0.131779,-2.44393,0.641734,0.0128427
348.563,2.45531,1.32722,278.077,-2.43223,-1.49974,100.675,-1.17413,-2.94226,2.82696,0.0128427
140.015,-0.831434,-0.317247,54.6698,3.81944,-2.79295,166.038,1.16978,2.70161,-2.4757,-0.0128427
151.459,-0.73458,-3.0806,71.3912,3.78013,-0.898947,114.413,1.8629,0.494562,2.18165,0.0128427
77.8713,-2.766,-1.61536,38.3407,1.4468,-2.72136,56.3939,-0.994502,1.00927,-1.106,-0.0128427
115.832,-2.45402,2.03764,76.0244,3.32564,1.13347,87.3311,1.04738,-1.73835,-0.904162,-0.0128427
394.195,-2.3808,0.648634,79.1241,2.37118,1.69316,166.969,-0.933477,-2.31057,1.04452,0.0128427
168.653,-1.04924,-1.82543,45.7027,2.17146,2.89318,104.317,-0.377521,0.877884,-1.56458,0.0128427
154.369,-1.82538,1.43178,115.137,2.44194,-0.0195099,156.539,-0.17734,-2.24193,-1.45129,-0.0128427
329.324,-2.38296,-0.252036,214.977,1.08787,-1.64098,244.88,0.252968,2.3529,-1.38895,-0.0128427
115.827,-2.6716,-2.3305,113.586,0.55348,-1.42261,102.324,-1.20618,0.849797,0.907891,0.0128427
274.821,-0.430372,2.39723,32.6714,3.89881,0.770697,278.623,1.42558,-0.899331,-1.62654,-0.0128427
146.659,2.14041,-1.05146,50.7371,-1.84445,-2.27399,65.5398,-1.20304,1.7365,1.22254,0.0128427
195.953,-2.70531,1.9855,118.732,1.49146,-0.236984,116.443,-1.73385,-2.25408,-2.22248,-0.0128427
162.332,-1.54851,1.1128,91.8888,2.05791,0.155827,129.24,-0.0860321,-2.31674,-0.956974,-0.0128427
247.577,2.67654,-1.62873,53.6448,-1.99078,0.932047,171.967,-0.283119,1.6556,-2.56077,-0.0128427
197.071,-2.26258,1.8225,81.7763,3.69527,-0.571269,132.514,-0.576392,-1.36656,-2.39377,-0.0128427
194.372,-2.16388,-0.690296,116.028,1.25266,-2.33177,185.415,-1.79338,1.82187,-1.64148,-0.0128427
336.268,2.22796,1.67375,67.0531,-1.81975,-2.89035,65.3414,-0.0351744,-1.30115,-1.71909,0.0128427
148.863,1.71491,0.0564663,42.8029,-3.34041,1.53602,145.533,-1.97553,-2.94073,-1.47955,-0.0128427
290.302,-2.68092,1.98477,42.7226,3.01622,-1.39315,128.058,-0.514053,-1.0613,2.90526,0.0128427
140.84,-1.86801,-3.09431,41.0799,3.79145,-2.08329,151.8,0.297023,0.443538,1.01102,0.0128427
140.62,2.72899,-0.514914,47.0395,-1.14205,-2.34519,97.8277,2.2561,2.24678,1.83028,0.0128427
174.288,2.04,-1.67358,129.33,-2.40537,-2.9348,95.0248,0.00637561,0.637947,1.26123,0.0128427
255.178,-1.87977,-2.14298,110.708,2.16305,-2.12764,276.758,0.0889387,0.915554,0.015347,0.0128427
185.411,-1.22607,0.0482371,48.2717,4.20655,-1.54138,99.9428,-1.08543,-3.10984,-1.58962,-0.0128427
339.088,1.62051,0.979566,56.588,-2.88105,1.76888,244.09,-0.785157,-2.13925,-0.789315,-0.0128427
220.322,1.94942,2.16111,129.388,-1.76519,2.81521,160.37,0.476878,-0.987928,-0.654098,-0.0128427
202.93,2.14368,0.101207,31.2227,-4.62117,3.05814,140.846,-1.18083,-2.98524,-2.95693,-0.0128427
250.769,0.951161,-1.98068,110.441,-2.47618,-0.0808578,108.445,-1.79906,1.55997,-1.89982,-0.0128427
89.4033,2.06453,-1.92901,70.0126,-1.15726,-0.977907,56.4418,1.71988,1.67894,-0.951104,-0.0128427
239.646,-0.730788,0.435796,206.5,3.5672,2.619,137.113,1.14821,-1.31298,2.1832,0.0128427
143.798,0.706109,1.11332,54.0409,-2.7867,-2.16438,37.9497,-1.23976,-2.31981,-3.00548,0.0128427
193.784,-2.81473,-0.00522697,96.0245,1.94762,2.55817,109.643,-0.900011,-1.61887,2.5634,0.0128427
116.423,-2.17595,1.09589,44.1384,3.57439,0.0104465,93.6191,0.0201928,-2.84587,-1.08544,-0.0128427
212.05,-3.13805,-0.557714,165.436,1.21948,1.26516,169.985,0.708966,-2.96522,1.82288,0.0128427
146.436,2.44467,2.71389,63.9964,-2.81253,-2.71392,167.455,0.0595711,-0.312586,-0.855381,-0.0128427
302.912,1.10736,0.254552,79.07,-2.16677,-1.51293,148.726,-0.420851,-2.79686,1.76749,0.0128427
125.713,-1.03759,-0.985733,69.6888,4.13255,1.54726,68.0617,0.874711,2.12031,2.53299,0.0128427
86.1802,1.50219,-2.30021,51.5167,-4.02395,-0.710374,74.996,0.2345,1.27307,-1.58983,-0.0128427
288.126,0.368147,0.851504,159.856,-2.97785,-0.178463,123.796,-1.82479,-2.8945,1.02997,0.0128427
132.47,1.01574,2.03718,86.8533,-3.87387,-1.95605,41.7265,-2.04214,-0.217492,-2.28996,-0.0128427
118.501,-0.905303,-2.43126,62.3412,3.34907,-1.84572,63.5299,-0.554935,1.52769,0.585537,0.0128427
54.5929,-3.75511,2.89989,33.0319,1.40784,-2.45634,48.2475,0.624185,0.00784248,0.926961,0.0128427
127.574,0.938565,-0.120297,45.3116,-3.9215,1.82357,123.394,-0.111029,-2.88724,-1.94387,0.0128427
92.2389,-3.09608,-3.03316,41.4357,1.45917,-1.38295,88.4725,0.240221,0.365685,1.65021,0.0128427
118.313,3.59566,1.79737,79.4524,-1.78017,-0.522759,65.5481,-1.09665,-2.3058,2.32013,0.0128427
154.849,1.04837,-0.618894,118.758,-2.81459,-1.88702,120.032,0.135446,1.62603,1.26813,0.0128427
85.0604,-1.74126,-2.85488,49.084,3.45839,2.28813,101.934,0.579325,-0.228265,-1.14017,0.0128427
124.18,3.22778,-2.65806,74.0623,-0.907977,-1.47713,113.577,0.275087,0.502492,-1.18094,-0.0128427
166.076,1.24923,-0.888353,120.794,-2.16963,-2.89784,88.4949,-0.3453,1.29723,2.00949,0.0128427
116.971,-1.93059,1.45403,105.883,1.68129,0.524638,159.272,0.538242,-2.02834,-0.929393,-0.0128427
350.183,-1.76389,1.85986,156.922,2.42669,-2.8595,207.59,-0.184656,-1.06048,1.56382,0.0128427
141.227,3.0701,-1.34683,56.7558,-0.797665,-0.0395224,60.2105,1.1284,2.46141,-1.30731,-0.0128427
246.112,1.09993,-1.10257,145.036,-3.0419,0.130125,119.908,-1.17205,2.37067,-1.23269,-0.0128427
279.865,-2.66264,-2.15787,49.2713,3.94109,2.38516,114.82,-2.26034,0.590923,-1.74016,-0.0128427
194.419,2.06589,1.28935,119.387,-2.52779,-0.113777,151.326,0.14672,-2.12404,1.40312,0.0128427
313.218,3.18742,2.63739,171.807,-0.258952,0.764117,264.939,0.61123,-1.07705,1.87327,0.0128427
209.582,2.47867,2.90579,177.67,-1.71594,1.9601,138.745,-0.484487,-1.05931,0.945698,0.0128427
68.3922,3.05023,0.613397,62.9007,-3.29731,2.31672,62.299,0.097185,-1.7658,-1.70332,-0.0128427
336.474,1.42769,-1.14965,53.3474,-3.61045,-2.96685,162.894,0.0814827,1.68942,1.8172,0.0128427
113.165,1.12079,-0.193262,110.555,-2.29668,-1.5796,52.7091,-0.9685,2.5476,1.38634,0.0128427
182.854,-1.37482,0.45941,125.298,1.9531,-0.181071,238.64,0.90269,-3.00683,-0.64048,-0.0128427
72.5717,2.14407,1.73126,40.6743,-2.40348,2.27191,64.4654,-0.5258,-1.33781,-0.540656,-0.0128427
115.745,0.266295,-1.08391,80.9144,-2.97001,2.17855,67.2523,-1.92817,-1.95716,3.02072,-0.0128427
250.475,1.77229,-1.25706,89.7989,-2.30289,2.42078,117.106,-1.35327,1.73975,2.60534,0.0128427
173.203,2.4655,0.223268,94.8013,-1.64755,-1.23371,120.227,1.24152,2.71924,1.45698,0.0128427
501.992,1.44185,-0.280303,150.099,-3.51565,-2.38722,220.281,-0.0645642,2.5615,2.10692,0.0128427
83.8676,2.24634,-0.573575,78.9257,-1.97913,-0.118534,162.709,-1.46005,2.73252,-0.455041,0.0128427
179.471,1.19141,-0.166162,38.3527,-3.27986,-0.43215,111.178,0.665854,2.89773,0.265988,0.0128427
219.793,-2.25615,-1.8441,88.4481,2.70869,-2.14348,206.299,-0.682178,1.25732,-0.299385,-0.0128427
182.787,2.22695,3.00774,152.028,-0.96703,-0.644191,66.2072,1.36175,0.578435,-2.63126,-0.0128427
272.295,-2.37762,-1.92101,99.7579,3.4224,2.23021,175.648,1.30021,1.20642,-2.13197,-0.0128427
261.844,1.23713,-0.98105,64.2528,-3.55431,1.59049,71.6819,0.0978295,2.70284,-2.57154,-0.0128427
82.6922,-2.603,2.40988,56.9576,1.28751,-1.96557,63.7479,-2.85592,0.595684,1.90774,0.0128427
91.6537,2.9401,-1.20154,30.843,-2.44805,-0.0613489,112.24,1.11468,2.3748,-1.14019,-0.0128427
57.6738,-2.36444,-3.11245,50.9628,2.37237,2.52204,43.0689,1.09883,-0.0322255,-0.648696,-0.0128427
195.286,-1.15841,-1.90209,67.9602,3.45212,1.73654,92.5136,1.91958,0.952949,-2.64456,-0.0128427
109.246,2.1607,-0.952813,44.052,-3.03329,-1.49652,53.9791,-1.12536,1.94728,0.543706,0.0128427
107.451,-1.79392,-0.885923,102.436,2.58292,2.5206,103.524,-0.179366,2.22111,-2.87666,0.0128427
107.365,1.79786,0.345667,63.7117,-2.49407,2.20878,55.6653,-1.08867,-1.84944,-1.86311,-0.0128427
217.231,-2.316,1.21884,56.3581,2.33489,2.05233,122.069,-0.798677,-1.67293,0.833494,0.0128427
133.666,2.16645,-2.6971,108.637,-2.93789,-0.281513,79.6495,0.847531,0.676957,-2.41558,-0.0128427
185.785,0.419794,-2.67207,131.893,-2.954,-0.483212,67.2415,-1.37674,1.20459,-2.18886,-0.0128427
175.896,2.6369,-1.86312,148.354,-1.21897,0.579628,186.731,0.635772,2.88567,-2.44275,-0.0128427
212.4,-1.75041,-0.951295,117.007,2.25136,-1.79997,223.209,0.661514,1.86242,-0.84867,-0.0128427
270.987,1.39366,0.800277,144.405,-1.71253,-2.08786,153.232,-0.73082,-2.9655,2.88813,0.0128427
173.486,-2.66562,-2.46796,87.9787,0.770761,2.08195,127.931,-1.62935,0.361876,-1.73327,-0.0128427
124.931,3.10403,1.12642,32.3423,-1.22204,1.41822,133.108,-0.35364,-1.99333,-0.291799,-0.0128427
89.0061,-2.55948,2.42559,71.4018,3.0667,-3.06202,104.84,-0.0664647,-0.327221,0.795575,0.0128427
110.061,-1.48387,0.44395,95.2372,3.5966,1.22251,45.032,0.929642,-2.15914,0.77856,0.0128427
152.163,-1.30822,1.88486,42.832,1.77773,-0.758019,135.517,-0.389602,-1.51381,-2.64288,-0.0128427
122.825,1.85562,2.2504,84.4661,-1.39987,-1.76556,109.29,1.45347,1.40211,-2.26723,-0.0128427
137.637,-2.36422,-1.56044,89.8766,1.97728,-0.684941,87.3371,-1.87691,1.72412,0.875503,0.0128427
75.6023,0.775295,0.960922,52.6605,-3.32086,1.10625,41.0873,-2.68302,-2.39175,-0.145331,-0.0128427
154.708,-0.886583,-0.88421,59.1123,3.65205,-0.872283,116.043,1.16576,2.28665,0.0119273,0.0128427
159.11,2.14211,-1.62619,131.085,-2.26491,0.5759,51.0516,1.15324,2.54773,-2.20209,-0.0128427
89.0855,-2.55987,1.21781,60.5459,1.03423,-0.918243,60.9209,-0.196318,-2.20035,-2.13605,-0.0128427
122.7,3.12961,-3.0366,88.4401,-1.17037,-0.387912,24.6898,1.91128,1.57779,-2.64868,-0.0128427
141.1,1.48283,-3.1393,38.5506,-2.66125,1.16876,90.1195,0.377551,-0.580275,1.97512,0.0128427
94.2755,-3.15686,-0.417164,82.923,1.18842,-2.6306,86.3642,-0.53938,2.36103,-2.21344,-0.0128427
142.707,-1.36183,-2.59397,127.945,3.70097,2.28631,67.9157,0.764511,-0.379291,-1.40291,-0.0128427
117.51,0.342988,0.254344,59.4151,-4.37625,2.16895,89.6183,-0.925094,-2.64916,-1.9146,-0.0128427
149.955,0.377584,-2.32073,148.344,-2.94323,-2.90077,173.629,-0.841747,0.547119,0.580031,0.0128427
259.138,2.33168,-2.40391,56.6941,-1.95259,2.15092,76.3162,-0.014017,0.256831,1.72836,0.0128427
278.6,-2.5183,2.05271,179.592,2.39202,0.416512,208.28,-0.0283874,-1.74499,-1.6362,-0.0128427
97.2972,-1.3972,-1.29153,67.2567,2.27098,-1.34099,109.94,0.403696,1.97276,-0.0494628,-0.0128427
151.515,1.2243,2.90171,64.0238,-4.31021,-1.19011,111.599,-0.633329,0.0964798,-2.19136,-0.0128427
137.668,3.18917,-1.50423,41.0112,-1.9954,2.86751,129.157,-1.1569,1.19721,1.91145,0.0128427
186.508,2.22184,-0.672766,113.472,-2.66823,-2.35272,88.6735,0.887637,1.68324,1.67995,0.0128427
149.439,-1.78208,-1.5617,94.9714,2.70977,0.178102,134.026,-0.706331,2.48893,1.73981,-0.0128427
84.0932,3.22839,1.64549,56.6959,-1.38732,3.03573,86.5191,2.23203,-0.743398,-1.39024,-0.0128427
70.8301,-1.81827,1.33342,56.3893,1.94369,1.99371,63.5308,1.82336,-1.86622,0.660289,0.0128427
107.354,0.306877,-2.53775,78.4455,-3.30331,-0.183015,42.9609,-2.69034,-3.04488,-2.35473,-0.0128427
293.613,-1.15815,2.68886,33.7163,1.92484,-2.21038,241.498,1.33398,-0.440161,1.38395,0.0128427
277.679,-2.21659,-3.04221,92.5385,2.12416,-0.525049,216.817,0.137605,0.485986,2.51717,0.0128427
127.498,2.64482,0.596244,120.782,-1.5371,2.34133,86.8452,0.83872,-1.97696,-1.74508,-0.0128427
175.313,-1.37509,-2.90035,104.534,2.66894,-0.837085,124.756,0.614883,0.866915,2.06326,0.0128427
75.3145,-2.34057,1.56854,72.7343,4.21787,0.488949,94.306,-0.251617,-2.06177,-1.07959,-0.0128427
89.6852,3.13211,1.35863,73.9593,-1.4112,2.0712,162.823,1.51973,-1.6347,-0.712576,-0.0128427
175.046,2.90964,1.99945,96.6073,-1.48682,-1.73827,77.7849,-0.169163,-0.346381,-2.54546,-0.0128427
169.57,0.459265,-2.04418,48.325,-3.65989,2.88189,86.9323,-1.99518,0.684977,1.35712,0.0128427
97.9647,-3.36402,3.08427,67.3413,4.19903,2.65634,90.8195,1.23894,-0.293186,-0.427933,-0.0128427
311.407,-2.78711,1.53502,143.936,1.44154,-2.78016,211.81,-0.971625,-1.13305,1.96801,0.0128427
96.5633,2.72412,0.199382,38.0178,-3.42536,1.61006,60.7423,1.59753,-2.52629,-1.41068,-0.0128427
163.946,-3.03259,1.26347,127.8,1.19169,2.14222,204.893,-0.171792,-1.90405,0.878755,0.0128427
242.455,-1.87338,-0.739387,190.355,1.83862,1.50174,207.886,0.288488,-2.7591,2.24112,0.0128427
131.655,-1.31669,0.468829,93.6505,2.44191,1.59981,102.571,1.89782,-2.39292,1.13098,0.0128427
201.596,-2.42475,-3.02115,48.9909,1.46051,-2.18805,127.258,-0.392382,0.23762,0.833094,0.0128427
133.459,-0.31454,1.63347,71.0993,4.33688,-0.600644,89.8331,0.641654,-1.69805,-2.23412,-0.0128427
306.484,2.46071,3.12783,50.3404,-1.77574,0.738846,131.813,1.25648,-0.206024,2.38899,0.0128427
205.192,-0.356456,1.83918,56.9175,3.79343,1.64705,197.188,0.525006,-1.46692,-0.192133,-0.0128427
153.36,-0.7536,0.0784602,103.686,3.01366,-0.659092,107.119,0.731161,-3.13095,-0.737552,-0.0128427
131.414,-2.94817,1.13513,71.2781,4.34011,2.60822,75.8558,-1.39406,-1.63943,1.47309,0.0128427
196.396,1.96969,-0.0392394,69.5946,-2.46707,2.47775,51.0477,0.158442,-3.02128,-2.51699,-0.0128427
93.0496,-1.93675,-0.0792931,64.8095,2.29899,0.499035,51.7575,-1.46679,-3.03369,0.578328,0.0128427
112.253,1.25118,-0.690842,55.9803,-2.51239,1.49026,79.3232,-1.1486,-3.05488,-2.1811,-0.0128427
80.6324,2.46378,0.415986,43.5513,-2.87383,0.470583,122.042,1.1411,-2.91456,-0.0545974,-0.0128427
212.64,-1.00424,-1.47644,39.0378,4.79033,-1.77917,83.7779,0.530835,1.56852,-0.302729,-0.0128427
149.549,2.25511,-1.42832,97.2657,-0.984643,-0.258135,128.454,-0.217805,2.28388,-1.17019,-0.0128427
129.963,2.47291,0.701085,83.5714,-1.67907,1.17785,152.328,-1.23034,-2.31325,-0.476765,-0.0128427
75.8975,1.51065,0.060898,75.4743,-3.14484,-1.88002,43.018,-1.62835,2.38254,1.94092,0.0128427
284.783,3.00688,2.57227,79.9957,-0.480805,-1.94648,178.607,1.44613,-0.278167,-1.76443,-0.0128427
124.961,-2.92362,2.94817,59.5861,1.00723,-2.6283,153.048,-0.53789,-0.1864,0.706708,0.0128427
124.124,2.68311,-2.77183,69.8658,-2.52248,2.37854,164.595,-0.309296,0.0461639,1.13282,0.0128427
503.16,-1.36207,-2.6656,129.261,2.534,-1.26109,193.165,0.898679,0.809559,1.40451,0.0128427
245.326,2.03782,2.78765,198.731,-1.9348,1.8099,275.625,-0.793241,-0.63826,0.977745,0.0128427
154.12,1.05984,0.123339,48.6338,-3.83493,-0.775282,80.3138,-0.83664,2.98916,0.898621,0.0128427
96.3745,2.96515,-1.59276,89.066,-0.107423,-2.09606,94.335,0.960851,0.941534,0.503304,0.0128427
238.928,1.84628,-0.790761,42.1631,-3.05333,-1.53355,140.096,-1.96268,2.44426,0.74279,0.0128427
189.375,1.08599,-1.90838,91.6583,-2.06678,-0.772512,180.103,0.558503,1.66157,-1.13587,-0.0128427
87.6339,-2.55958,-0.354676,67.0966,1.8648,1.08688,86.4456,0.656803,-2.8112,1.44156,0.0128427
236.902,-0.41084,-0.953922,68.0247,3.59946,-1.57475,273.009,1.58966,2.08073,-0.620823,0.0128427
100.277,2.69365,-2.66257,57.2923,-1.0365,3.12567,85.4366,-0.428646,0.104457,0.494948,0.0128427
186.588,-1.13208,1.61057,81.999,3.23917,-2.91247,153.772,0.431142,-0.942022,1.76014,0.0128427
232.698,1.15065,-1.68785,127.802,-2.39571,2.3064,140.513,0.317757,0.912409,2.28893,0.0128427
301.103,-0.48619,-1.6666,241.221,3.52588,2.97469,171.262,0.961422,0.793976,-1.64189,-0.0128427
120.77,-2.48036,-2.44713,67.0775,3.56264,2.5058,155.685,-0.681022,0.561955,-1.33026,-0.0128427
260.649,-1.04329,-0.49631,92.6542,3.22365,-1.63633,184.378,1.30756,2.3173,-1.14002,-0.0128427
120.133,1.87081,3.0051,115.879,-2.81878,0.558389,47.3783,-0.27057,-1.59941,2.44671,0.0128427
90.4722,-2.58704,1.2841,57.2813,1.74857,0.301491,97.7344,1.28892,-2.11447,-0.982608,-0.0128427
64.2831,3.72627,1.56753,34.2806,-2.80852,0.0324413,43.5676,0.586781,-2.23388,1.53509,0.0128427
177.682,-1.689,-0.403879,81.5778,3.14502,0.778631,169.184,-0.148319,2.71025,1.18251,0.0128427
206.355,-0.380838,-1.31248,75.1649,3.18432,-2.04024,247.397,0.504992,1.77687,-0.727765,-0.0128427
400.673,1.77556,-2.52322,88.6899,-2.46936,-0.736157,336.767,-0.968741,0.923023,-1.78707,-0.0128427
217.018,1.24668,-1.69353,58.956,-3.46057,1.75397,107.237,-0.46524,1.42529,2.83568,0.0128427
212.995,1.44948,0.927049,71.9859,-3.53948,-2.69418,170.321,-0.294774,-1.52649,-2.66196,-0.0128427
149.942,0.783927,-0.23937,94.9965,-2.85708,-2.8158,55.0849,-1.97563,1.10349,2.57643,0.0128427
163.865,0.244823,-1.78654,116.69,-2.97393,0.647651,93.7493,-1.58125,2.25838,-2.43419,-0.0128427
258.658,2.60936,1.75909,237.231,-2.0919,2.50568,110.046,0.069943,-1.01277,-0.74659,-0.0128427
104.468,-2.42122,-0.435745,64.3761,1.51233,-1.92156,94.3225,-0.589704,2.04418,-1.48581,-0.0128427
263.487,-2.73191,1.20548,125.109,1.57563,-1.27645,164.128,-0.571609,-1.82767,-2.48192,0.0128427
102.011,1.62391,2.88744,41.2063,-2.57677,0.134363,97.8125,0.982914,-0.958203,2.75308,0.0128427
110.388,2.24713,0.63425,107.644,-1.52799,1.75005,41.0146,0.284398,-1.70957,-1.1158,-0.0128427
79.7242,-2.30439,2.59439,50.9607,3.39725,0.992285,86.3417,0.97867,-1.06541,-1.6021,-0.0128427
49.9885,3.13515,-1.50341,46.3553,-1.34424,0.371849,31.5198,1.39474,1.47351,-1.87526,0.0128427
355.283,-1.68193,1.5924,49.6097,3.06588,-0.890965,254.651,-0.509995,-1.52232,-2.48336,0.0128427
147.2,2.16735,0.527668,77.1339,-1.05409,1.15663,136.303,-0.486434,-2.4701,-0.62896,-0.0128427
123.723,-0.69657,2.35383,57.7166,4.25109,-2.475,125.513,2.30629,-0.0683882,1.45436,0.0128427
76.7233,1.20552,0.510265,39.9321,-4.68989,-1.11078,87.6827,0.177038,-2.74393,1.62104,0.0128427
178.553,-1.84829,2.31504,57.5434,3.38265,3.03679,242.674,-0.106919,-0.667807,0.721756,0.0128427
139.725,-1.58995,-2.75492,133.348,1.66089,2.80127,152.469,-0.0430087,0.227338,-0.726992,-0.0128427
187.556,-1.66426,0.0316603,108.427,2.35152,0.973299,110.966,0.949765,-2.88625,0.941639,0.0128427
312.886,-1.75554,2.47325,30.0915,3.14117,-2.66914,181.535,-0.33977,-0.52476,1.1408,0.0128427
247.349,0.924303,0.313355,106.273,-2.91209,-0.942136,207.878,-1.43307,3.12877,1.25549,0.0128427
198.744,1.23499,2.95385,37.7021,-2.6984,-0.758112,159.291,-0.385797,0.0620208,-2.57122,-0.0128427
140.547,-0.562511,0.233747,96.3767,3.15198,-2.35317,58.2549,1.38276,2.78551,-2.58691,-0.0128427
88.9189,-2.8874,-2.57333,45.1571,2.15509,1.42099,33.6916,-0.133523,0.161323,-2.28886,0.0128427
327.713,1.33754,-1.70176,118.397,-3.91819,1.79955,69.7896,0.223112,1.38917,2.78187,0.0128427
164.054,1.9765,-2.5758,78.156,-1.68816,-1.99978,247.369,-0.568986,0.771165,-0.576025,-0.0128427
193.72,-3.18032,-0.835351,101.559,2.10404,-2.99729,140.717,-0.982176,1.74683,-2.16193,-0.0128427
125.147,2.27643,0.153878,82.4016,-2.39765,-2.30535,78.5909,-1.30578,1.87163,2.45922,0.0128427
75.8362,-1.05833,-2.81449,74.9922,2.8304,0.355046,113.705,0.702409,-1.80062,-3.11365,-0.0128427
173.957,0.0592521,0.36141,49.9394,-3.06025,-2.80239,133.886,-1.97904,-3.04244,-3.11939,-0.0128427
201.65,-3.17704,1.8021,34.5609,3.93201,0.509659,143.663,-0.23928,-1.42971,-1.29244,-0.0128427
140.192,-0.720607,1.82291,58.7072,2.55227,0.441839,80.4718,0.870111,-1.64048,-1.38107,-0.0128427
132.247,-3.3535,0.143276,70.684,1.24279,-1.13015,72.5543,-1.59653,3.02984,-1.27343,-0.0128427
113.447,0.70546,0.148213,81.0467,-3.52217,-0.681782,178.95,-1.80469,2.86361,0.829995,0.0128427
189.63,-1.16076,-0.374479,43.9657,3.92275,-2.70254,98.5043,1.81047,2.43144,-2.32806,-0.0128427
202.396,2.71847,-2.32737,127.775,-2.20761,3.08564,214.971,-0.411301,0.620377,0.870181,0.0128427
107.576,2.28874,1.45414,102.169,-2.36171,1.39384,99.5926,-0.62367,-1.29419,0.0602981,-0.0128427
129.254,-2.55555,-2.67838,59.3828,2.29723,-0.92055,62.0321,-0.560838,1.51297,1.75783,0.0128427
291.662,0.891065,1.23976,138.287,-2.67619,1.56261,70.5644,-0.356536,-1.76611,-0.322853,-0.0128427
123.306,2.7283,0.941591,57.1241,-1.78998,-0.77505,64.5658,2.04451,-2.40198,1.71664,0.0128427
190.496,-1.6944,0.444091,150.754,3.14238,-1.22511,167.818,0.88723,3.00146,-1.66921,-0.0128427
214.824,1.38049,0.919877,73.5447,-3.57517,-0.140608,100.963,-0.0129097,-2.14654,1.06049,0.0128427
54.4635,1.89001,0.902601,46.2026,-2.09602,-0.343664,46.7965,-1.36398,-2.4751,1.24627,0.0128427
106.03,-0.19989,0.918793,97.2817,3.71902,-0.130671,104.423,0.982045,-2.60071,-1.04946,-0.0128427
206.461,-1.69606,0.684974,161.968,3.08285,-3.03102,49.123,1.65712,-1.36384,2.56719,0.0128427
71.34,2.96836,-1.92606,59.6985,-2.30826,2.76753,60.0842,-1.54439,0.420831,1.58959,0.0128427
259.884,2.58411,-2.65404,225.092,-2.11792,0.498038,97.6869,-0.233832,0.0543236,3.13111,0.0128427
167.578,-2.21002,-2.71917,54.0653,2.23556,-1.68616,179.982,-0.0785374,0.626271,1.03301,0.0128427
130.985,2.35993,0.0570091,56.3802,-2.3442,-1.3945,101.13,0.635336,2.61721,1.45151,0.0128427
146.321,2.03525,-1.95338,46.9521,-2.0368,-2.99469,96.7732,-1.67773,1.12128,1.04131,0.0128427
97.5281,2.39076,-2.05569,61.9759,-1.31927,-1.34615,64.5925,-1.41156,1.18035,-0.709536,-0.0128427
190.531,0.311271,0.475953,34.7361,-2.80593,-1.03675,156.993,-2.38963,-2.70783,1.5127,-0.0128427
94.6278,-2.18827,0.951411,40.0364,1.42137,-0.615079,104.784,-1.02978,-2.4622,-1.56649,-0.0128427
261.324,-0.851861,1.26399,94.8232,3.24648,2.86648,232.688,0.2861,-1.48234,1.60249,0.0128427
177.796,-3.27501,2.39636,34.0506,1.3218,-2.10919,73.0263,-0.964198,-0.548995,1.77764,0.0128427
196.363,0.0275062,-2.03829,46.3862,-3.85767,-0.910778,142.793,-0.726407,1.44089,-1.12751,0.0128427
93.5723,1.39966,-0.588223,86.3709,-2.00721,-2.03623,94.0133,-0.326719,1.88952,1.44801,0.0128427
254.677,-1.87177,2.61193,192.478,2.16165,1.96244,228.365,1.18565,-0.846284,-0.649495,-0.0128427
167.852,1.87228,2.52109,96.5321,-2.50345,0.410786,69.106,1.17014,-1.44558,2.1103,0.0128427
127.497,0.867223,1.79764,78.5438,-2.36637,1.02191,164.438,-2.0723,-1.70011,0.775731,0.0128427
242.977,-2.77004,0.423319,115.849,1.22063,0.800976,114.049,-0.845447,-2.54081,0.377657,0.0128427
157.441,-0.478894,-1.46218,103.907,2.60802,-0.540004,155.803,1.54616,1.86458,0.922171,0.0128427
228.514,-0.787875,-2.02904,110.62,3.96034,2.43426,178.242,0.211211,0.739508,-1.81988,-0.0128427
115.176,-3.37589,2.15442,84.8374,1.73983,1.09179,100.309,-1.42968,-1.43616,-1.06263,-0.0128427
202.16,-1.68103,-2.35739,46.3526,2.88288,-2.95119,141.238,0.544499,0.676195,-0.593798,-0.0128427
328.267,-1.1258,-0.47636,130.296,2.88262,3.11027,226.344,0.896142,2.44238,-2.69656,-0.0128427
185.051,2.33569,-2.53468,69.4603,-2.59303,3.09584,174.877,-0.0615733,0.546179,0.652663,0.0128427
210.663,0.664035,-2.71558,80.3775,-4.18685,2.61243,229.158,-1.45841,0.166412,0.955175,0.0128427
333.038,1.67722,-2.21204,101.428,-3.32777,-2.53317,220.004,-0.876146,0.799923,0.32113,0.0128427
293.897,-1.24193,-1.05968,112.292,2.69371,-1.91488,340.01,-0.102722,1.89821,-0.855202,-0.0128427
173.828,1.91813,2.35117,35.0028,-3.50402,0.131494,89.4748,-1.08874,-1.14424,2.21967,-0.0128427
190.545,2.37172,2.18515,157.088,-0.965902,0.138628,134.397,-0.0835004,-1.71037,2.04652,0.0128427
140.539,1.37903,-2.13787,52.3379,-2.21884,0.122118,72.6057,-0.905566,1.33766,-2.25998,-0.0128427
186.918,2.37924,0.479104,86.8422,-4.20966,1.09144,222.225,-1.0837,-2.48273,-0.612337,-0.0128427
161.693,1.34847,1.28908,136.285,-2.43605,-2.711,92.0684,-0.00679988,-1.48719,-2.2831,-0.0128427
150.702,2.30515,1.63683,135.594,-1.29683,0.419991,110.946,-0.756989,-2.24876,1.21684,0.0128427
111.153,-3.15464,-1.47916,71.8999,2.31147,3.10625,74.2991,-0.771454,0.562258,-1.69777,-0.0128427
127.066,1.85535,-2.18163,117.513,-3.13711,-0.85162,132.295,-0.0912681,1.57831,-1.33001,-0.0128427
231.371,-2.57057,2.12518,119.75,2.4931,-2.8301,106.97,-0.828785,-0.663108,1.3279,0.0128427
174.849,2.09912,0.444018,54.0232,-1.6563,-1.15892,148.051,-1.04247,-3.05829,1.60294,0.0128427
156.819,2.51431,-0.80549,120.655,-0.716665,3.11187,109.555,0.843035,1.51834,2.36582,0.0128427
349.056,-0.681636,0.190263,41.3327,2.50317,-2.14751,271.559,1.1738,-3.03391,-2.33777,-0.0128427
148.706,-1.22177,1.18706,100.765,2.50466,-2.38062,48.3513,1.56949,-1.22813,2.71551,0.0128427
100.191,-3.43684,-2.23318,54.2684,3.30998,2.57363,57.205,1.56364,0.469655,-1.47638,-0.0128427
118.909,0.557336,0.71482,79.3654,-4.1087,2.42347,87.4034,-0.835842,-0.994275,-1.70865,-0.0128427
91.6356,2.58423,2.23837,87.9493,-4.03839,1.33894,135.049,0.726377,-1.29663,0.899432,0.0128427
164.636,-2.74441,-2.61491,138.498,1.33496,2.31326,132.712,0.0168221,0.0130704,-1.35501,-0.0128427
242.097,1.48356,1.79631,146.633,-2.61119,2.70219,151.517,-0.338745,-1.08829,-0.905879,-0.0128427
377.427,-1.12015,1.32958,41.7413,3.91773,0.231467,174.458,1.68328,-1.90832,-1.09811,-0.0128427
430.631,-1.22633,-1.78312,65.4869,3.17992,0.803479,230.533,1.03488,1.49732,2.5866,0.0128427
291.752,-1.09739,-2.45596,108.191,2.60591,-1.55218,145.525,-0.279759,0.838293,0.903773,0.0128427
407.001,-0.674937,1.01145,66.6903,2.76723,-1.8142,260.964,0.999063,-2.15239,-2.82565,-0.0128427
148.387,0.78721,-1.03212,81.2266,-4.23658,0.876298,108.871,-1.02416,2.96678,-1.90842,-0.0128427
266.091,-1.62521,-0.459525,54.8734,2.35985,-0.227707,364.598,0.487144,2.87845,0.231818,0.0128427
136.675,1.53583,-2.89079,124.175,-2.05699,2.74947,152.988,-0.447975,-0.218555,0.642926,0.0128427
113.071,2.6662,2.2772,86.0446,-1.86153,0.111642,54.9697,0.154163,-1.79544,2.16556,0.0128427
150.244,-1.17908,2.031,62.9301,2.78742,2.75909,122.489,1.58289,-0.637687,0.728084,0.0128427
285.661,-1.351,1.02153,37.9914,1.73644,-1.18256,91.7479,-0.783369,-1.8006,-2.20409,-0.0128427
50.8592,3.74295,1.29319,41.5227,-2.02378,1.0568,40.0935,1.57681,-0.899835,0.236393,-0.0128427
339.739,2.26572,2.50848,81.2108,-1.64031,2.58601,116.838,1.2546,-0.643656,-0.0775328,0.0128427
138.167,-3.00205,-2.32247,90.1186,2.21511,-1.68387,121.374,-1.65009,1.17493,0.638597,0.0128427
181.595,-2.13572,1.41398,97.7239,2.27238,-1.03186,92.8152,0.684912,-1.97098,-2.44584,-0.0128427
71.5816,-0.197186,2.50519,58.8282,4.30449,2.18054,114.835,0.423209,-1.08733,-0.324646,-0.0128427
122.535,2.90588,-1.12719,65.0456,-1.4392,2.63022,183.126,0.043108,2.12663,2.52578,0.0128427
199.695,2.65108,-0.778591,55.3836,-4.04437,1.29736,99.8851,-0.00715933,2.73197,-2.07595,-0.0128427
146.2,0.418422,2.78294,119.603,-3.36987,0.893857,135.411,-0.976498,-1.33551,1.88908,0.0128427
182.508,-2.74915,0.771164,95.1533,2.14888,1.97875,209.955,-1.18722,-1.58571,1.20759,0.0128427
396.87,1.06175,-0.364163,75.7854,-2.52038,2.1949,189.419,-0.7793,2.90077,-2.55906,0.0128427
166.91,3.0958,2.32232,122.48,-1.65269,1.75273,179.471,-0.998437,-1.04247,0.569599,0.0128427
251.945,2.40134,2.80121,45.0158,-4.41689,-0.0808269,160.2,0.287514,-0.465857,2.88204,0.0128348
167.818,0.444651,0.242574,117.558,-2.86509,-0.446068,89.8086,-0.521331,2.59892,0.688642,0.0128348
107.336,-1.53587,1.22965,71.4099,3.2219,-3.09425,76.2338,2.13083,-1.69261,1.95929,0.0128348
98.1339,2.1497,2.20635,87.964,-1.29907,-2.57963,78.4825,0.0163529,0.0820205,-1.49721,-0.0128348
160.757,-2.88488,-2.40369,57.4288,3.21499,-1.6856,88.2531,0.233811,0.77704,0.718097,0.0128348
186.923,-0.801201,2.06176,82.5811,2.92639,-0.314972,81.0715,1.14301,-0.998498,-2.37673,-0.0128348
109.063,-1.64633,-1.77683,45.4007,3.01899,-2.92193,100.654,1.18183,0.841813,-1.1451,-0.0128348
253.345,0.39539,-2.87656,124.72,-3.74292,2.35383,131.886,-1.7048,-0.281775,1.05279,0.0128348
144.918,-1.75229,-1.65831,127.209,3.11698,0.728144,74.9457,-1.31803,2.26264,2.38645,0.0128348
124.39,-1.6267,-3.09064,50.0535,3.18751,-1.47043,161.977,-0.0695963,0.632821,1.62021,0.0128348
53.9998,1.37208,-1.1752,53.5093,-2.76803,-1.18902,58.9697,-2.16466,1.24632,0.0138146,0.0128348
50.6423,-2.81696,0.401228,37.1346,2.93348,0.886723,51.1445,-0.741437,-2.88789,0.485495,0.0128348
96.8078,-1.2571,0.433542,78.908,3.81749,-1.64739,111.822,0.964682,-2.7807,-2.08093,-0.0128348
299.871,-2.26161,2.3617,270.84,1.76941,-1.2992,163.17,0.00402999,0.112186,2.62229,0.0128348
204.387,-0.657934,-1.72588,53.6285,4.09694,-3.04458,167.772,0.659574,0.95219,-1.3187,-0.0128348
123.403,-2.50607,-0.741895,67.8146,1.2034,-2.77705,73.1829,-0.313305,2.03624,-2.03515,-0.0128348
214.816,-0.819827,-1.32802,48.5061,2.20374,-1.86078,188.742,-0.487635,1.66033,-0.532759,-0.0128348
114.814,2.31847,3.03396,41.8929,-1.92598,1.48945,70.992,-1.06475,0.141353,1.54451,0.0128348
175.781,-1.76828,-2.97833,157.656,3.13043,2.30169,132.356,0.665966,-0.0835641,-1.00317,-0.0128348
117.462,3.08973,2.17941,105.623,-1.20494,0.00205859,63.1845,1.52756,-1.52733,2.17735,0.0128348
164.922,-1.85799,0.61087,130.08,2.08116,2.50639,146.013,-0.596083,-1.8202,1.89552,0.0128348
242.296,1.24316,-0.615751,91.4754,-3.43045,2.96588,186.762,-1.52615,2.47275,2.70156,0.0128348
154.365,-1.53368,0.9379,53.5031,1.91928,2.88992,112.885,0.326774,-1.63991,1.95202,0.0128348
119.965,1.90084,-0.771907,45.8322,-4.03577,-2.46757,100.133,-1.18501,1.92785,1.69566,0.0128348
242.001,-1.53911,-0.950431,190.861,2.61107,-3.03633,116.425,1.62685,0.4481,-2.0859,0.0128348
314.234,-0.726826,2.82172,125.517,2.3303,1.66146,83.4883,1.65525,-0.47782,-1.16026,-0.0128348
254.757,-1.86198,-2.16662,99.3694,2.45547,-1.56771,182.806,-0.361756,1.24355,0.598908,0.0128348
138.557,1.26537,-1.17782,56.6066,-1.74137,0.399727,104.701,-0.041781,2.58645,-1.57755,-0.0128348
112.681,-1.27651,-2.92452,94.4869,2.27909,-3.04475,113.993,0.417306,0.133889,-0.120232,-0.0128348
390.941,-1.87721,1.47068,109.491,3.14745,-2.24802,159.826,-0.620085,-1.73532,2.56448,0.0128348
376.016,1.41066,-2.32588,158.697,-3.62445,2.50541,208.984,-0.449802,0.375134,1.4519,0.0128348
127.384,-0.997917,3.0531,60.5155,3.42267,-0.89664,177.611,-0.273048,0.443579,2.33344,0.0128348
151.322,3.38746,0.271052,70.6218,-2.82642,2.89735,69.4165,2.44321,-2.28314,-2.6263,-0.0128348
100.549,-2.07874,2.95063,53.2142,1.38049,-0.384727,86.2413,-1.93098,0.053155,2.94783,0.0128348
100.103,2.67127,2.57079,77.767,-0.462065,3.01999,203.983,1.57252,-0.440846,-0.449201,0.0128348
86.9363,-2.35767,-1.97489,39.9174,2.48815,-1.49875,61.9339,0.366057,1.0046,0.476138,0.0128348
124.382,2.34963,-2.9727,65.5797,-2.12153,2.53087,72.3269,0.0218633,0.177728,0.779615,0.0128348
127.719,1.43845,0.699207,86.2079,-3.73387,0.938068,168.401,-1.08815,-2.28792,-0.238861,-0.0128348
280.113,-1.41693,-1.41339,62.7115,3.82416,2.85685,133.402,-0.340689,1.68499,-2.01295,-0.0128348
106.17,3.03466,0.782236,38.958,-3.5868,-0.117606,61.3773,-0.434103,-1.99489,0.899842,0.0128348
103.732,2.3035,-0.0166107,91.2768,-3.39518,-2.0466,53.7774,-1.79043,1.52009,2.02999,0.0128348
128.127,1.83766,-1.1398,53.5031,-2.33099,-2.34452,120.249,-1.26902,1.97697,1.20472,0.0128348
133.369,2.86136,2.55312,38.8493,-4.65856,-2.70922,67.0266,0.012364,-0.293228,-1.02085,-0.0128348
116.027,0.815439,1.68167,37.0936,-3.8917,2.6735,41.5413,-1.70803,-1.08316,-0.991832,-0.0128348
218.309,-1.67343,-1.13321,82.9956,2.84429,1.94253,62.568,1.59254,2.40504,3.07574,0.0128348
179.982,-3.04047,2.28108,58.543,0.0296051,-2.1819,64.3883,-2.01481,-0.399227,1.8202,-0.0128348
104.369,2.55643,0.96455,53.8346,-1.28652,1.95206,134.733,0.166407,-1.70664,-0.987509,-0.0128348
145.114,-1.75405,0.263283,60.7399,2.97925,-0.860746,133.159,0.675478,-2.64826,-1.12403,-0.0128348
96.3314,2.42871,-0.842509,89.9074,-1.11492,-1.39817,85.5456,0.729022,1.92972,0.555664,0.0128348
349.8,-0.472599,0.098126,50.1091,3.05057,0.219714,236.438,0.492708,-2.91388,0.121588,0.0128348
58.6915,-2.64417,2.76345,52.1818,2.75359,-2.70669,90.2272,-1.07336,-0.133436,0.813046,0.0128348
133.444,-0.54199,-1.59113,40.308,3.75128,-0.187793,100.531,1.31942,1.80415,1.40334,0.0128348
165.609,-2.54132,-3.11699,123.635,1.75378,-2.52846,167.927,0.885107,0.30033,0.58853,0.0128348
108.387,-2.90464,-0.76849,93.1847,2.43644,-1.70104,117.553,0.780644,2.28495,-0.932551,-0.0128348
457.262,0.933913,-0.860528,74.9063,-3.09826,0.90578,303.078,0.287303,2.23682,-1.76631,-0.0128348
258.195,-2.39557,-1.58535,31.7421,1.62083,-1.09791,244.43,-0.342343,1.56977,0.487445,0.0128348
201.168,-1.62861,-0.638693,81.7632,2.4283,-1.61538,124.408,0.34715,2.09712,-0.976684,-0.0128348
229.361,1.99352,-0.164595,87.8283,-1.33943,-2.02603,133.128,0.0256236,2.0563,1.86144,0.0128348
90.8435,-0.185077,-0.358362,44.2534,3.72662,2.0039,40.8106,1.24524,-2.1166,2.36226,0.0128348
173.256,-1.90812,3.03292,80.7649,3.97383,0.762786,69.9796,0.74777,-0.376199,-2.27014,-0.0128348
181.937,-1.89836,2.67704,143.092,2.04284,-1.94627,63.7372,1.32698,-0.101615,1.65988,0.0128348
209.723,2.95655,1.34684,105.699,-0.286798,0.0984983,120.833,1.80606,-1.69157,1.24834,0.0128348
96.3053,-2.30046,-2.14752,88.7835,0.863269,-1.70173,143.12,-0.231288,1.55644,0.445783,0.0128348
99.3496,1.66103,0.234385,50.8645,-3.57589,-0.407443,82.3682,-1.21102,3.00096,0.641827,0.0128348
185.342,2.08008,2.01177,161.404,-2.64312,1.28449,163.721,0.940314,-1.53986,0.727275,0.0128348
69.302,4.23345,0.503399,34.2546,-1.62254,-0.760965,77.4359,0.730609,-3.06037,1.26436,0.0128348
226.355,0.420575,0.381318,65.5573,-2.71362,2.58934,133.132,-2.12015,-2.53391,-2.20803,-0.0128348
69.4636,-2.16625,-1.11577,40.3705,2.94206,0.206176,72.7492,1.24817,2.7934,1.32194,0.0128348
219.185,-1.35395,1.48553,158.212,1.86616,-1.97539,47.6809,-0.858048,-0.664307,2.82227,0.0128348
228.153,-1.66661,0.569465,48.5578,3.51535,-3.06753,195.688,0.347153,-2.53778,2.64619,0.0128348
158.73,-1.42956,-3.12734,121.316,1.83192,0.585115,78.1003,1.15106,-0.64497,-2.57073,-0.0128348
201.008,3.24214,2.82155,61.1264,-0.46325,1.16392,115.609,0.579813,-0.432499,1.65764,0.0128348
70.5944,-2.41276,-0.106173,64.6761,3.22765,2.30847,29.2475,0.20882,-1.35362,2.41464,0.0128348
122.279,-2.01195,-1.34112,103.136,2.7074,0.468338,121.435,-0.74984,2.42326,1.80946,0.0128348
147.834,2.27171,1.33222,113.437,-3.37709,1.44379,54.233,-1.04837,-1.52099,-0.111567,-0.0128348
131.778,2.41866,-1.52223,56.6581,-2.3856,-0.225403,125.367,-0.854245,1.55129,-1.29683,-0.0128348
101.098,3.29876,2.5902,30.6837,-0.734565,-3.10243,94.5892,1.7739,-0.634594,-0.590553,-0.0128348
288.103,1.41732,2.50996,58.9491,-1.76022,0.618663,111.099,0.0848728,-0.620288,1.8913,0.0128348
208.428,2.48007,-1.45147,97.1176,-2.23612,1.53036,81.1197,-1.54612,2.40735,-2.98183,-0.0128348
123.587,3.0567,1.97106,37.7751,-1.59669,2.80525,141.436,1.33677,-0.914642,-0.834189,-0.0128348
252.733,-1.37994,1.84319,141.789,3.05813,0.499478,203.03,0.805979,-1.53751,-1.34372,-0.0128348
584.66,-1.24461,0.27797,281.693,1.87541,-0.0651293,359.179,0.207851,2.89194,-0.3431,-0.0128348
252.407,0.560128,2.90068,54.989,-3.21435,1.36727,157.589,0.0926014,-0.678732,1.53341,0.0128348
272.266,-1.25825,0.813298,136.115,1.78378,-1.74331,194.039,-0.314693,-2.77093,-2.5566,-0.0128348
181.429,2.86684,1.28142,111.618,-1.57645,-2.80052,106.286,-1.00508,-0.959456,-2.20125,-0.0128348
141.282,2.83886,1.8961,84.3517,-0.844673,-0.472919,94.7413,-0.136754,-1.64458,2.36902,0.0128348
251.869,-3.17536,1.18359,166.236,2.22929,-3.13097,189.312,1.12627,-1.14433,1.96862,0.0128348
79.5353,0.97871,2.18849,67.8401,-2.32123,0.450001,61.9574,-0.349949,-1.97899,1.73849,0.0128348
201.243,-1.24497,-0.412799,148.685,2.56994,1.36725,107.481,-0.962981,-3.09138,1.78005,0.0128348
103.981,2.5653,-1.85467,72.4843,-3.06408,-0.931412,74.7176,0.876157,1.88806,-0.923257,0.0128348
181.497,1.21129,-2.01129,33.814,-3.36021,-2.12865,193.361,-0.145565,0.899702,0.117352,0.0128348
141.187,-2.73148,-2.96727,112.799,1.32498,-1.70195,141.736,-1.13299,0.763588,1.26533,0.0128348
140.487,-2.30482,-1.01069,111.309,2.71407,-0.325943,147.73,0.0482666,2.21674,0.684747,0.0128348
171.056,2.56667,2.02415,36.5113,-3.03852,1.09188,135.184,-0.78714,-1.43358,0.932267,0.0128348
297.553,-1.70286,2.93061,149.742,2.20155,0.78121,172.577,0.126447,-0.764281,-2.1494,-0.0128348
234.857,2.93788,-1.20494,222.786,-0.538496,3.02462,189.219,1.69513,0.999326,2.05363,0.0128348
170.468,2.48367,2.97217,150.786,-2.60062,1.46567,149.398,0.676451,-0.811907,1.5065,0.0128348
115.844,0.746243,-1.73947,64.1058,-3.49467,0.101836,87.2916,0.259941,2.23358,-1.84131,-0.0128348
253.016,2.5573,-0.602452,35.1605,-3.9665,-2.00274,219.249,-0.71928,2.24749,1.40028,0.0128348
95.0352,-2.73725,-1.20527,91.0829,1.49602,-0.563914,148.876,0.338848,2.13897,0.641359,0.0128348
289.593,-0.0652803,2.08654,76.8861,3.72888,0.846014,198.092,0.294502,-1.26732,-1.24053,-0.0128348
191.487,-0.825438,-0.613163,129.197,3.42073,-2.9203,116.082,0.351208,2.64203,-2.30714,-0.0128348
112.568,0.914877,-1.49862,108.472,-2.41731,0.498215,69.9129,-0.333476,2.66921,-1.99683,-0.0128348
170.398,-1.44674,-0.943708,44.4007,3.81629,0.649761,149.611,1.00962,2.42902,1.59347,0.0128348
84.6342,-2.11195,-1.38901,69.8693,1.94776,-1.65692,153.075,-0.306138,2.36518,-0.267908,-0.0128348
229.981,-1.39316,-2.73514,176.123,1.99897,-0.365514,120.856,0.596101,1.37596,2.36963,0.0128348
277.645,1.47344,0.842872,38.1208,-3.28714,3.01077,184.135,-1.47349,-2.1687,-2.1679,-0.0128348
248.169,-2.32574,2.221,162.409,3.86463,3.13081,239.179,-0.473334,-0.753322,0.909806,0.0128348
127.283,-2.62961,-1.51389,62.6528,0.529061,-2.7279,96.5752,-0.104128,1.17311,-1.21401,-0.0128348
146.548,2.27981,1.06516,113.4,-0.762503,0.210886,111.013,0.17574,-2.37658,0.854274,0.0128348
104.856,-4.15861,2.96149,54.1386,3.53456,-0.15207,45.8749,-0.819538,0.0805267,-3.11356,0.0128348
88.1519,1.42908,0.342669,53.9708,-2.08045,1.69072,91.3905,-0.719213,-2.63603,-1.34805,-0.0128348
89.2916,2.84897,1.53421,76.7236,-0.450616,0.148371,52.6555,0.509657,-1.87728,1.38584,0.0128348
142.254,3.25041,1.88304,70.8119,-1.306,-0.390572,101.92,1.67466,-1.45703,2.27361,0.0128348
166.821,3.00257,-2.15039,121.798,-2.95299,1.23418,47.6213,-1.2713,0.179303,2.89861,0.0128348
256.476,-2.5668,0.469575,200.397,2.46038,-1.76846,111.268,-1.32658,2.65761,-2.23804,-0.0128348
123.107,0.897746,-2.23064,87.0304,-2.57835,2.39356,87.8855,-0.723079,0.382534,1.65899,0.0128348
143.344,2.3421,-1.59178,123.835,-1.7595,1.38464,50.496,1.10766,-3.06679,-2.97642,-0.0128348
89.7868,3.26103,-1.8424,61.5846,-2.46346,-0.635931,44.2469,-1.34125,1.91359,-1.20647,-0.0128348
79.0414,-2.04789,-0.440484,50.8935,3.00067,1.23787,85.7976,-0.590589,-2.54175,1.67835,0.0128348
334.032,1.66191,-0.38446,93.0328,-3.69094,0.547566,235.848,0.218073,2.91138,-0.932026,-0.0128348
163.713,-2.79577,1.47747,45.0416,1.16175,1.18462,152.781,-0.423984,-1.5832,-0.292856,0.0128348
114.873,3.52854,0.481103,36.4943,-2.55854,-0.781932,42.9292,0.949732,-3.04371,1.26303,0.0128348
363.389,-1.26717,-1.28819,210.041,2.73669,1.90128,93.1643,0.218514,0.882326,-3.09371,-0.0128348
285.269,-2.05448,-2.6068,113.422,1.38553,-1.30458,214.362,-0.676481,0.814577,1.30222,0.0128348
73.9775,3.19743,0.486901,54.992,-0.70808,-1.36009,63.2106,1.36808,2.99304,1.84699,0.0128348
104.707,1.79807,0.782346,68.7756,-2.70005,-0.408966,98.8878,-1.364,-2.98337,1.19131,0.0128348
98.4982,1.21111,2.3428,74.8154,-2.00982,1.02448,64.9476,1.38666,-0.957304,1.31832,0.0128348
90.3731,2.7239,-0.16958,55.1516,-2.65442,3.08086,30.8946,1.06014,1.78409,3.03275,0.0128348
84.4353,-0.0874477,-1.00401,76.4066,4.18688,1.19953,82.0931,0.411088,-2.80254,2.20355,0.0128348
397.255,2.32596,-3.04345,58.3429,-2.82147,-0.437967,324.468,0.0622708,0.247045,-2.60549,-0.0128348
96.5217,-1.64417,-0.049902,56.7491,2.73536,-0.723988,98.2486,0.877743,2.82828,-0.674086,-0.0128348
195.103,-2.43076,-2.67447,69.1884,3.72448,-1.58873,213.624,0.17884,0.956734,1.08573,0.0128348
157.689,2.4009,0.815419,60.6832,-3.506,-1.7777,85.8875,1.6886,-2.47185,2.59311,0.0128348
137.825,1.96395,0.181471,76.8288,-2.27952,-0.942256,94.4205,0.206622,2.9885,1.12373,0.0128348
254.445,-1.09922,-2.71157,227.394,2.0132,1.87211,180.653,-0.909495,-0.37076,-1.6995,-0.0128348
156.299,2.42776,-0.729653,54.0054,-2.00334,0.624243,97.0202,0.823286,2.49434,-1.3539,-0.0128348
164.885,1.86821,1.50955,149.802,-2.5305,-0.506122,150.284,0.853053,-2.77877,2.01567,0.0128348
77.6879,-2.86322,1.06724,68.3316,3.08029,2.93079,70.2626,0.906324,-1.40275,1.86355,0.0128348
158.4,0.545342,0.108766,60.794,-2.81318,-1.70583,108.97,-0.998437,3.10972,1.8146,0.0128348
85.4585,-2.2353,-0.608525,63.586,2.67118,-0.237649,119.611,1.28438,2.65951,0.370876,0.0128348
148.18,1.53587,-2.58585,59.1295,-2.66582,1.18185,135.756,-0.504767,0.819985,2.51549,-0.0128348
181.105,-0.575838,-2.53824,41.5089,3.23386,-1.59888,107.258,1.13034,0.951267,0.939366,0.0128348
95.7106,-2.36657,-0.0347117,52.4674,3.42941,2.39644,89.1761,-0.761932,-2.14655,2.43116,0.0128348
175.689,2.08731,-1.92202,82.1473,-1.8013,-0.133715,100.569,-1.16238,1.64097,-1.7883,-0.0128348
115.232,-0.986822,2.07737,73.4303,2.71968,-0.83779,29.037,0.441272,-1.78572,-2.91516,0.0128348
176.228,1.74392,2.71128,98.3571,-1.78586,-0.914878,103.694,-1.13665,-0.103612,-2.65703,-0.0128348
155.684,1.66193,-1.67184,56.4774,-3.78045,-1.12247,171.53,0.615039,1.60494,-0.549371,-0.0128348
200.615,-2.94563,-0.18615,113.179,1.40537,-2.58534,102.782,0.560392,2.38426,-2.39919,-0.0128348
337.803,1.96873,2.17511,109.751,-1.86924,1.84576,392.29,-0.108277,-1.09561,0.329352,0.0128348
108.408,-1.83733,1.74196,79.4487,1.26651,2.75842,107.093,-0.775745,-1.09418,1.01646,0.0128348
100.926,-2.3716,2.6157,38.9934,3.08416,0.838818,71.308,0.845853,-0.766887,-1.77688,-0.0128348
234.025,0.784591,0.089926,124.972,-3.0433,1.19194,184.758,-1.00748,-2.69542,-1.10202,-0.0128348
184.99,1.39866,0.414187,59.0223,-2.92269,-2.27311,90.4326,-1.63015,2.84081,2.6873,0.0128348
100.805,1.97727,-0.531002,91.0605,-2.23446,1.01974,64.9314,1.11061,-2.89389,-1.55074,-0.0128348
173.631,3.25431,-2.29792,172.959,-0.551131,2.74606,137.862,1.05764,-0.398533,1.2392,0.0128348
252.878,-1.79502,-0.111623,61.889,3.60044,-1.69873,229.256,-0.36086,2.61424,-1.5871,-0.0128348
146.231,-2.68689,3.10904,103.483,0.717259,-0.414645,67.2465,-1.06256,1.31835,2.7595,0.0128348
141.561,-2.39879,-2.82195,58.8962,1.7948,2.20212,65.5274,0.309125,-0.100817,-1.25912,0.0128348
130.539,3.07661,1.60621,43.7607,-1.86321,0.484844,103.881,1.91384,-2.03317,1.12136,-0.0128348
97.6429,-2.22498,2.90158,35.6157,1.56016,-2.36917,95.2112,-1.1567,-0.299805,1.01244,0.0128348
129.972,-2.64611,-0.960448,62.7891,2.99357,-1.69832,104.033,0.0701275,1.84742,-0.737872,-0.0128348
139.949,1.93997,-1.5875,41.4982,-1.95841,-2.85739,135.281,0.282335,1.2944,1.26988,0.0128348
241.4,-1.24253,1.2906,54.4796,4.28044,1.28986,227.537,1.29596,-1.86406,-0.000738502,0.0128348
90.0799,-1.50756,2.62364,41.5146,4.45755,-1.85656,97.5357,1.42675,0.104991,1.80299,0.0128348
97.7457,0.394433,2.67786,39.5231,-4.17533,0.370675,52.7635,-0.917691,-0.869812,2.30718,0.0128348
114.268,-2.46641,-1.73333,64.5379,3.15363,2.59966,83.68,-1.60517,1.00221,-1.9502,-0.0128348
155.816,-3.15714,1.10727,48.5916,1.48891,-1.4463,81.8091,-2.0041,-2.02524,-2.55357,-0.0128348
165.585,2.35522,1.85888,96.2598,-0.85869,-2.34732,38.3734,2.02725,-0.738379,-2.07699,-0.0128348
217.7,2.17938,2.01278,106.229,-1.04422,2.70793,129.563,1.00122,-0.580414,-0.695151,-0.0128348
97.7233,1.84132,2.94615,76.4021,-1.88899,-1.00789,80.0509,-0.853588,1.10728,-2.32914,-0.0128348
90.6973,-2.82061,3.12521,54.6895,1.88626,2.23062,54.4768,-0.229488,-0.377316,-0.894587,-0.0128348
134.892,-2.12276,2.94505,109.476,2.27236,-0.976762,82.182,-1.03488,1.24513,2.36137,0.0128348
164.405,-0.978757,1.58232,51.0325,3.32068,0.832633,95.1119,1.04056,-1.72864,-0.74969,-0.0128348
140.02,1.0908,-2.69265,108.513,-2.07467,-0.994466,106.068,-1.55678,1.31159,-1.69818,-0.0128348
105.989,3.12833,-1.64086,46.8454,-2.06356,-0.688721,101.801,0.593368,1.76109,-0.952136,-0.0128348
174.894,-1.56172,0.0767732,59.0583,2.15978,-1.14384,122.869,-0.801334,2.79114,-1.22061,-0.0128348
264.473,2.35232,-1.74527,151.369,-1.57426,2.54236,207.218,1.35551,0.781597,1.99556,0.0128348
291.165,-2.60378,1.82109,97.2598,2.28534,-2.69824,77.7008,-0.693566,-0.816236,1.76385,0.0128348
99.8954,0.918009,1.38877,82.9673,-3.12764,-2.60733,56.0375,-0.807657,-0.388811,-2.28709,-0.0128348
176.349,1.18776,-0.635816,88.0519,-2.95728,-2.00336,84.2008,-1.60823,1.80429,1.36754,0.0128348
439.434,0.456067,1.30976,59.8596,-2.70788,-2.18331,340.034,-0.422342,-1.79472,-2.79011,-0.0128348
225.806,2.54682,-2.81883,53.5751,-0.866278,-0.625773,87.5546,1.01963,0.920586,-2.19305,-0.0128348
126.468,-1.77071,-1.08572,40.7352,3.28783,-0.100125,82.1994,-0.145219,2.15069,0.985596,0.0128348
231.209,-2.02283,1.62082,215.307,1.43858,0.292423,117.842,-0.451574,-2.05443,-1.3284,-0.0128348
222.93,-3.16375,0.936132,218.195,2.92642,-2.99172,109.012,0.939117,-0.511548,2.35533,0.0128348
148.664,-2.24184,-0.854824,74.5652,2.71578,-3.03466,114.418,-1.27463,1.86799,-2.17984,-0.0128348
251.998,0.355188,1.70805,74.7849,-4.01596,-2.80483,133.291,-1.06716,-1.43141,-1.77031,-0.0128348
125.501,1.43275,0.874675,36.589,-4.47306,0.40916,110.5,0.299943,-2.57932,0.465515,0.0128348
187.98,2.90302,2.9381,51.5995,-2.0638,-2.5763,103.328,-0.0780128,0.0405158,-0.768791,-0.0128348
66.6426,-3.14352,0.102331,30.2575,3.22424,0.888799,37.5326,0.200832,-2.03316,0.786468,-0.0128348
223.203,-2.92508,-1.88114,110.593,3.18967,-0.225447,117.749,-0.206109,1.93855,1.6557,0.0128348
150.937,2.91877,0.849283,110.549,-3.36559,1.07102,174.789,-0.32511,-1.88259,-0.221735,-0.0128348
135.41,-1.12734,-0.0823812,67.3702,3.08376,2.00212,88.936,0.596827,-2.44498,2.0845,-0.0128348
78.3761,-1.69635,-2.21363,39.3596,4.15468,-2.79245,56.3119,2.60591,1.03917,-0.578813,-0.0128348
187.941,-1.66958,1.66996,74.9309,1.97951,-2.09711,63.5669,0.43145,-0.717788,2.51611,0.0128348
179.176,3.015,1.03254,39.1161,-3.52443,2.253,151.733,0.69701,-1.86529,-1.22046,0.0128348
53.2604,-3.98177,-0.520814,30.5095,1.89268,1.19177,59.3306,-0.680027,-2.80499,1.71258,0.0128348
177.316,1.95901,-1.53147,69.1683,-3.12591,-0.0577414,153.422,0.222443,1.89347,-1.47373,-0.0128348
118.653,-2.50795,1.62688,57.1189,2.64572,2.92166,72.6932,-1.16285,-0.984571,1.29478,0.0128348
154.032,-1.14519,0.393421,134.136,2.23605,-0.42818,216.749,0.322099,-3.13992,-0.821602,-0.0128348
170.69,-2.22656,2.61547,123.994,2.72015,2.8503,297.712,0.766723,-0.675182,0.234825,0.0128348
364.871,1.83921,-2.82145,127.172,-2.54069,1.67731,178.312,1.08878,-0.058125,1.78442,0.0128348
139.169,-2.0163,-2.21647,127.521,3.0936,-1.60456,189.305,-0.29047,1.20379,0.611905,0.0128348
285.013,-2.44761,-0.803418,275.095,2.03184,-0.158492,419.18,-0.722083,2.71696,0.644926,0.0128348
223.875,-0.846475,2.99641,40.1695,2.63735,-1.33931,188.147,0.715164,0.0212505,1.94746,0.0128348
76.4084,-2.91459,-2.92041,33.7371,2.82196,2.84613,75.7664,-1.15121,-0.0512889,-0.51664,-0.0128348
284.406,-3.07445,-2.27824,161.848,0.751872,-1.2477,225.719,-2.3626,1.41582,1.03054,0.0128348
108.394,0.858478,-1.00869,44.1853,-3.42556,0.592636,75.5889,0.188032,2.25761,-1.60132,-0.0128348
265.621,-1.24307,-1.52839,195.22,2.4588,1.13252,38.1102,-1.26982,1.68914,2.66091,-0.0128348
112.646,-3.10424,3.08235,67.8319,1.8241,-1.74334,87.7733,-0.837279,1.11449,1.45749,0.0128348
99.4106,2.56032,-0.708553,52.5735,-1.25223,1.03676,67.0365,1.59419,-3.04854,-1.74531,-0.0128348
104.502,-2.06898,-2.40465,35.0395,2.30642,-0.142364,102.099,-0.112887,1.26988,2.26229,0.0128348
97.7684,2.40364,-2.5778,50.9101,-1.78672,-1.09387,61.1078,-0.814596,1.1571,-1.48393,-0.0128348
189.71,0.160664,2.49568,101.135,-2.92363,0.617008,99.1269,-1.48798,-1.09327,1.87867,0.0128348
303.248,0.641994,-1.00258,114.269,-2.71593,-2.88668,208.553,0.404505,1.71912,1.8841,0.0128348
259.111,-2.49849,2.24751,130.955,2.57677,0.730594,112.693,-1.89754,-1.30985,-1.51692,-0.0128348
73.1319,-0.119728,2.42432,32.7804,4.15427,0.587487,38.3789,2.75957,-0.691824,-1.83683,-0.0128348
113.781,-2.06782,1.59331,41.6698,3.64808,0.274423,62.0648,-1.37133,-2.20363,-1.31889,-0.0128348
97.0533,-2.7694,-2.87816,64.8165,2.12516,3.09416,155.467,-0.124237,0.116471,-0.310867,0.0128348
138.826,0.66647,0.484404,102.919,-3.82127,-1.54265,100.226,-1.63071,2.9118,2.02706,0.0128348
359.285,-1.14593,1.44304,45.2678,2.73454,-2.05284,145.973,-0.290988,-1.67701,2.7873,0.0128348
383.779,-1.33299,-1.35679,230.426,2.03145,-0.127297,237.564,1.00383,2.17667,1.2295,0.0128348
363.042,1.53932,-0.342484,262.293,-1.73708,0.255017,164.193,0.754899,3.08105,-0.597501,-0.0128348
159.67,2.89377,2.37878,98.0212,-0.336913,-2.12131,89.6832,1.03722,-0.0742018,-1.78309,-0.0128348
284.236,2.34135,0.883747,52.0191,-2.20021,2.41966,204.671,0.24263,-2.29426,-1.53591,-0.0128348
274.369,-1.04655,1.11537,58.3515,3.13665,2.1328,184.07,0.415801,-1.79624,1.01743,0.0128348
151.22,1.1529,0.283901,139.999,-1.97747,-0.912786,165.174,0.698102,2.93259,1.19669,0.0128348
97.0904,0.827979,-1.19715,61.6328,-2.80802,-0.414268,137.44,-0.256601,2.26723,-0.78288,-0.0128348
109.131,2.71957,-1.81614,71.5219,-2.4685,2.92146,56.5434,2.15788,-0.00276619,1.54558,0.0128348
149.742,-2.1569,-1.14959,77.9924,1.88687,1.11599,83.1268,0.761616,3.01966,2.26558,0.0128348
72.4701,3.95635,-1.25139,45.3241,-3.97475,-1.44721,59.0337,-0.228744,2.15419,0.195823,0.0128348
597.78,1.59981,-1.32203,452.776,-1.42427,2.82958,398.421,0.40902,1.05111,2.13158,0.0128348
154.319,1.22012,1.45581,51.1827,-3.9142,0.244939,103.732,-1.81445,-1.85349,1.21087,0.0128348
108.142,2.20343,-3.13118,102.938,-3.421,1.69999,78.2675,-0.588032,-0.509147,1.45202,0.0128348
247.339,2.11155,-2.85946,76.1943,-2.55242,-2.3594,249.692,0.574527,0.304224,-0.500069,-0.0128348
84.7506,1.6498,0.777296,33.8296,-2.32819,0.0702457,59.5148,-1.45691,-3.08876,0.707051,0.0128348
207.239,1.9888,1.85819,54.1552,-4.45917,-2.68334,176.573,0.753552,-0.946336,-1.74165,-0.0128348
206.899,-1.6895,0.638345,48.1819,1.37345,-1.98459,84.1658,-1.37691,-2.83374,-2.62293,-0.0128348
478.358,-0.847359,1.98987,205.072,2.84754,-2.01659,178.722,1.13935,-0.86339,2.27672,0.0128348
181.105,-0.966165,1.09979,48.0798,2.88374,-3.12622,148.554,-0.197253,-1.85738,2.05717,0.0128348
64.3524,1.38237,-2.92035,60.7826,-3.03016,-1.44738,71.0205,0.0670285,0.829287,-1.47297,-0.0128348
167.938,-1.30218,2.4788,139.008,2.18681,1.54652,170.393,1.22371,-1.18465,-0.932275,-0.0128348
398.596,-0.791396,-1.16656,225.962,2.23026,1.37637,105.105,0.901091,2.71299,2.54294,0.0128348
92.5346,2.93287,1.53803,91.6772,-2.3645,2.91074,122.516,-1.1449,-0.858387,-1.37271,-0.0128348
143.687,1.50098,-1.04124,76.8815,-2.80541,1.62933,56.3161,0.127423,2.73511,-2.67057,-0.0128348
105.408,-1.18089,-2.29037,96.2552,2.97022,0.131323,53.965,1.79557,2.35553,2.4217,0.0128348
229.108,-1.38052,1.34021,57.5244,2.39851,0.0707654,105.341,-0.0521656,-1.91783,-1.26945,-0.0128348
270.845,-2.33591,1.4505,41.0084,3.36529,-2.83002,224.35,-1.1452,-1.40966,2.00266,0.0128348
256.48,0.733074,-0.0841466,76.0612,-3.79916,-1.2469,174.637,-0.613066,2.75049,1.16275,-0.0128348
81.6725,-2.7456,1.97718,73.591,3.41264,0.3168,86.0991,-1.36499,-1.74838,-1.66038,-0.0128348
156.834,-2.07796,-0.930422,53.48,1.2546,-2.5174,101.615,-0.214054,1.81173,-1.58698,-0.0128348
127.682,-1.79516,-2.25247,115.37,1.52065,-1.87487,96.84,-0.572045,1.36824,0.377596,0.0128348
108.729,-1.94382,3.00325,55.6742,2.3442,-2.70053,72.434,-0.644972,-0.785991,0.5794,0.0128348
163.349,-3.40699,0.30257,153.962,0.000329099,-1.81585,66.1943,-2.46005,2.20471,-2.11842,-0.0128348
89.6303,1.99446,0.281805,89.4519,-2.57631,1.13925,118.273,0.152942,-2.49806,-0.857442,-0.0128348
141.678,0.188074,-0.384149,66.4497,-3.08171,-2.49952,63.8566,-2.00993,2.56781,2.11538,0.0128348
146.878,3.41273,-0.505343,126.23,-2.91389,-2.45345,105.509,-1.013,1.98933,1.94811,0.0128348
111.871,1.56508,-0.319072,55.8546,-2.52591,2.11716,107.271,1.47454,-3.08628,-2.43623,-0.0128348
82.7541,0.698976,-1.41181,39.8206,-3.43219,1.61975,79.8376,-1.48308,1.28728,-3.03156,0.0128348
210.577,-2.36479,2.83472,97.0692,1.35244,-1.69484,139.594,0.500127,0.0723962,1.75363,0.0128348
105.67,-1.24847,-2.07392,95.1495,2.21687,-0.101873,66.9854,-0.832631,2.24464,1.97204,0.0128348
128.217,2.0409,2.9305,118.993,-3.27895,0.99957,102.888,-1.77665,-0.932451,1.93093,0.0128348
168.268,2.46962,2.62489,75.8326,-1.5354,3.11006,129.76,0.919458,-0.661834,-0.485174,-0.0128348
346.228,-0.908619,-0.463787,34.0481,2.48803,0.837089,293.573,0.669558,2.71075,1.30088,0.0128348
153.342,2.92004,-2.69707,52.1322,-3.15141,-0.275733,37.658,-3.15733,1.54662,-2.42134,-0.0128348
185.731,2.0557,1.46553,106.491,-1.03043,2.55183,195.124,0.337692,-1.59589,-1.0863,-0.0128348
171.279,-2.76854,-2.61314,104.931,2.47769,-1.43804,161.43,-0.506456,1.01492,1.1751,0.0128348
165.362,-2.07987,3.06378,83.5221,1.85798,1.36521,138.461,-0.865151,-0.374232,-1.69857,-0.0128348
109.409,-0.370829,-2.60216,40.598,4.13814,1.88829,83.6974,1.42811,0.235877,-1.79273,-0.0128348
117.63,1.06915,3.03995,61.8102,-2.43145,-2.92491,108.464,-1.47852,0.0458057,-0.318332,-0.0128348
210.064,2.34485,-0.573118,105.208,-2.24479,0.600072,118.407,0.102868,2.82431,-1.17319,-0.0128348
41.5646,-3.68906,-2.26817,36.8502,3.53755,-0.704635,41.5804,-0.843535,1.04586,1.56354,0.0128348
96.8015,1.32052,-1.83899,71.1206,-1.95245,-1.10728,109.088,0.819977,1.6821,-0.731711,-0.0128348
271.892,-2.06882,-0.998972,45.4529,2.71335,1.40533,165.621,-1.33119,2.29353,2.4043,0.0128348
327.73,2.82826,1.28298,56.794,-1.30796,-3.12837,214.606,0.691883,-1.74117,-1.87184,-0.0128348
317.246,2.07477,-2.35394,88.3621,-1.94522,2.83334,289.074,0.161037,0.531038,1.0959,0.0128348
179.837,3.08025,-1.58713,78.3214,-3.97144,-1.20792,207.579,-0.614509,1.58802,-0.379219,-0.0128348
83.4429,3.13773,-0.276361,48.92,-2.3253,1.32277,115.228,0.485999,-2.58692,-1.59913,-0.0128348
444.312,-1.47549,-0.543343,193.441,2.86893,2.03467,194.914,0.113608,2.53419,2.57801,0.0128348
191.7,-2.42277,-1.14262,81.0773,3.25392,-1.97198,74.7632,0.287512,1.57078,-0.829356,-0.0128348
183.44,0.626675,-0.107256,118.285,-3.07088,1.01525,220.238,-0.694121,-2.63545,-1.1225,-0.0128348
120.781,1.42481,2.85127,47.7203,-2.09426,2.67991,69.1197,-2.25014,-0.773761,0.171363,0.0128348
175.327,-2.29309,-0.375682,68.9486,1.95901,1.1472,158.708,-1.22031,2.77471,1.52288,0.0128348
189.048,-1.07748,-1.41386,53.8642,3.77565,-2.93614,133.573,1.12766,1.16918,-1.52228,-0.0128348
152.125,1.36317,1.19215,134.312,-2.27034,3.11268,132.407,-0.645696,-1.28838,-1.92053,-0.0128348
70.1564,-2.99342,2.3066,55.7847,3.38707,-2.13253,37.0244,0.713408,-0.494459,1.84406,-0.0128348
147.405,-2.29201,-2.48808,118.171,1.66429,2.4881,173.154,0.503884,0.411857,-1.30701,-0.0128348
88.8005,3.21074,-0.270537,76.6921,-1.59121,-1.40166,120.265,1.2161,1.82484,1.13112,0.0128348
217.04,-2.63483,-1.5327,74.4857,0.6625,2.59718,99.9426,-2.64193,1.47228,-2.15331,-0.0128348
203.722,0.478339,-0.424723,83.5423,-2.94176,1.91869,64.5228,-0.71082,-3.06102,-2.34341,-0.0128348
220.558,-2.57429,0.235899,111.945,1.06226,-2.08833,47.4593,-0.511963,2.90981,-2.32423,0.0128348
119.694,3.10536,0.948694,107.256,-1.19486,-1.20343,45.7846,1.73517,-2.46134,2.15212,0.0128348
180.229,2.49137,2.43826,58.1944,-2.10945,0.202221,127.173,-0.807962,-1.06732,2.23604,0.0128348
122.882,2.55335,2.59603,50.2445,-2.34552,0.806714,93.9841,-0.109265,-1.05126,1.78932,0.0128348
75.4583,-3.40214,-2.26885,68.546,2.96486,-1.67297,130.999,0.153724,1.36893,0.59588,0.0128348
144.159,1.62912,0.969488,112.4,-2.24242,-1.06307,117.556,0.938043,-2.55739,2.03256,0.0128348
92.7337,2.59146,-2.34192,78.3268,-3.89465,-2.69236,162.847,-0.268463,0.614013,0.350439,0.0128348
131.144,1.05987,-1.15358,36.2726,-2.93905,2.98299,72.9608,-0.743114,1.40825,2.14662,0.0128348
126.238,-1.45286,1.88141,89.2411,2.01316,-2.87482,75.2938,0.0194581,-0.531995,1.52696,0.0128348
203.368,2.33564,-2.86529,155.294,-1.81154,-1.14876,93.8545,0.832766,1.30769,-1.71653,-0.0128348
224.124,-2.34987,-3.09934,221.254,0.65511,-2.62295,283.069,-0.592225,-0.0972617,0.476386,0.0128348
174.739,-0.272479,1.05358,57.759,3.0371,0.822369,116.339,0.45929,-1.92508,-0.231214,-0.0128348
163.545,-2.60246,1.17013,157.016,1.48235,-2.92205,107.164,-1.87692,-1.28849,2.19101,0.0128348
64.3636,2.99506,2.06713,36.6306,-4.57908,1.7359,72.9868,0.605042,-1.33695,0.331235,0.0128348
163.016,2.42607,2.66199,52.6829,-2.41697,-1.70393,109.94,-0.310003,-0.287229,-1.91727,-0.0128348
105.214,2.33271,0.825154,79.2651,-0.741166,1.93982,48.9445,1.19852,-2.11709,-1.11467,-0.0128348
211.079,-0.0468162,-2.56821,69.5,3.32292,-1.07296,149.616,0.893288,0.634157,1.49525,0.0128348
210.324,-1.17195,1.95198,206.966,2.0864,-0.325679,152.78,1.34986,-1.99776,-2.27765,-0.0128348
200.263,-2.61847,-2.5578,132.576,2.99445,1.31722,174.83,-0.599079,-0.024677,-2.40817,-0.0128348
96.2028,2.25786,2.1845,60.9131,-3.61698,-2.26098,40.9921,1.79882,0.00902252,-1.8377,-0.0128348
365.009,1.40721,2.00494,98.4726,-1.91564,-0.194366,129.122,0.748786,-1.19405,2.1993,0.0128348
126.03,1.72083,1.69478,104.227,-2.48319,-2.65801,106.909,0.0448509,-0.766687,-1.9304,-0.0128348
166.214,-2.4735,0.0779993,33.4701,4.0563,1.11233,166.159,0.936284,-2.87905,1.03433,-0.0128348
94.7815,-2.17699,-0.263989,49.1667,2.55472,-0.297869,118.044,1.81687,2.71182,-0.0338799,0.0128348
195.969,1.63803,-1.19292,64.7185,-4.27322,0.878772,109.838,-1.25381,2.23461,-2.07169,-0.0128348
168.883,-2.38513,-1.48286,79.1144,1.02899,-1.14031,85.2736,-1.05863,1.9733,0.342549,0.0128348
116.594,1.24831,1.9785,81.4398,-2.86513,-0.821277,71.2934,-0.0690941,-2.79141,2.79978,0.0128348
238.506,-1.15426,3.08141,145.174,3.57034,1.62839,250.131,-0.663849,-0.52992,-1.45303,-0.0128348
245.799,-1.26886,-0.19457,89.8298,2.49744,0.525368,213.49,-1.01104,3.02276,0.719938,0.0128348
149.009,1.83719,3.11286,102.65,-2.5676,-1.26716,98.3768,0.224852,1.26934,-1.90317,-0.0128348
137.975,-1.14166,1.45633,63.102,3.58801,2.69576,121.861,1.78411,-1.45965,1.23943,0.0128348
63.3645,-3.79338,-1.51533,46.061,1.78808,-0.85571,70.9156,-1.85477,1.72413,0.659615,0.0128348
103.487,2.08359,0.401112,37.9212,-2.66541,1.97793,35.919,1.2265,-2.03095,-1.57681,-0.0128348
131.046,1.2101,1.43847,111.459,-2.93071,2.63757,163.467,-0.945065,-1.10397,-1.1991,-0.0128348
107.464,1.47986,-2.65361,50.433,-3.77976,-1.18816,62.0116,-1.13593,1.09223,-1.46545,-0.0128348
208.21,1.49433,1.89081,83.3156,-1.68448,2.95442,198.169,-0.360332,-0.74133,-1.06361,-0.0128348
191.051,1.92663,-2.53245,67.496,-1.84207,-1.53363,91.058,-0.189023,0.646644,-0.998823,-0.0128348
147.414,3.53352,-2.22428,83.5057,-3.78721,2.32534,174.543,-1.23653,-0.122444,1.73356,0.0128348
314.364,-1.97885,0.284608,83.6516,2.3824,0.96353,199.093,0.0411262,-2.91174,0.678922,0.0128348
108.479,-0.300016,1.84411,46.2561,3.08273,0.430793,77.2842,2.27973,-1.88166,-1.41332,-0.0128348
140.226,2.10502,0.386629,81.074,-3.46068,-0.963292,47.0183,-1.38248,2.28354,1.34992,0.0128348
64.2874,-1.64055,-0.15686,45.8284,2.80092,-0.924545,70.5865,0.102672,2.61818,-0.767685,-0.0128348
140.11,2.67309,-1.93691,96.5354,-0.63053,2.37656,57.1021,0.603239,0.84269,1.96972,0.0128348
159.38,-2.69244,-1.22947,80.1096,3.54942,-1.61196,130.142,-1.44926,1.65361,-0.382488,-0.0128348
127.092,1.61656,1.89547,57.8323,-1.93154,-2.24803,126.782,1.21534,-0.979634,-2.13969,-0.0128348
307.233,-0.443854,-2.54033,70.7296,2.98956,-0.195424,113.074,1.08298,0.850724,2.34491,-0.0128348
101.304,3.19822,-2.28938,65.8483,-3.91938,-0.0970465,79.6343,1.21667,1.23376,-2.19234,-0.0128348
156.552,0.974149,1.84972,46.7339,-3.42248,0.984119,119.992,0.964656,-1.72038,0.865597,0.0128348
143.337,-0.0526058,1.51314,43.0542,3.01125,2.59004,174.161,1.53304,-1.37326,1.0769,0.0128348
87.5142,-3.00744,2.52704,59.7113,3.2211,0.539076,31.1839,-1.34809,-0.548323,-1.98796,-0.0128348
126.245,-1.13131,1.66067,93.8087,2.57077,0.459336,118.47,1.17362,-1.99472,-1.20134,-0.0128348
190.911,-1.31462,-0.153612,48.0371,2.46763,-2.22297,87.7413,-0.612219,3.02242,-2.06936,0.0128348
62.4478,1.48586,2.75912,53.7502,-2.7026,-1.18132,49.1098,-0.0182008,1.2294,-2.34275,-0.0128348
452.428,-1.76627,1.80441,60.079,3.45303,-2.79589,251.493,1.10499,-1.20479,1.68288,0.0128348
241.333,2.11217,0.103757,143.941,-1.56603,-0.0545031,352.83,-0.735174,-3.10919,0.158261,0.0128348
142.697,-1.31353,-1.44365,99.5091,1.82469,0.634153,105.996,1.49439,-3.03232,2.07781,0.0128348
109.838,1.76873,2.69357,96.2315,-2.75078,1.12417,127.68,-1.48766,-1.13108,1.5694,0.0128348
185.962,2.85537,-2.93606,155.859,-3.51724,-1.24572,165.602,0.191641,1.19157,-1.69034,-0.0128348
164.453,-2.03668,-1.67225,74.5557,2.5004,-0.576295,69.7124,1.58583,2.30347,1.09595,0.0128348
194.729,1.13773,1.89274,94.2208,-2.84508,1.23841,139.012,0.686009,-1.10353,0.654329,0.0128348
497.396,-2.01816,0.881385,36.138,4.40313,-1.93352,156.871,-0.997378,-2.29313,-2.81491,-0.0128348
91.6528,-1.85891,0.0511301,38.1478,3.43389,0.726852,79.7406,1.57254,-2.91521,0.675722,0.0128348
93.1559,-1.62278,0.272871,93.1051,4.16204,-0.515522,98.856,0.426686,2.74615,-0.788392,-0.0128348
190.783,2.70932,-1.79135,79.6894,-2.75667,-0.862891,145.781,-0.802024,1.48435,-0.928455,-0.0128348
131.821,-3.04958,2.24148,33.3014,2.6592,0.060767,104.996,-2.25566,-1.09052,-2.18072,-0.0128348
103.878,2.58678,1.79774,84.0125,-2.30788,0.541892,57.1985,-0.514823,-2.50673,1.25585,0.0128348
179.058,2.72216,-1.88329,54.7264,-1.94876,0.447594,118.424,1.06802,1.33077,-2.33089,-0.0128348
74.148,1.23879,-2.33261,50.5253,-2.66958,-2.88591,58.3307,-2.32004,0.714789,0.553296,0.0128348
150.729,-1.26189,-2.76067,44.21,2.64228,1.5625,99.2668,0.0389682,0.324693,-1.96001,-0.0128348
300.074,-1.60249,-2.21963,87.4319,3.64529,0.547986,148.226,-0.173432,0.836733,2.76762,0.0128348
366.045,1.60829,1.76056,32.6588,-2.57387,-0.786224,253.439,0.573267,-1.31159,2.54679,0.0128348
170.259,-2.59555,-2.84127,74.4754,2.27773,0.678016,46.7826,-1.22785,-0.0502884,-2.7639,-0.0128348
85.9409,-2.90838,-2.59624,41.2705,1.66869,-0.957353,60.0828,0.709354,0.0873499,1.63889,0.0128348
111.249,3.5276,2.31454,106.327,-2.75953,-2.60586,47.158,-0.472997,-0.0477628,-1.36278,-0.0128348
100.939,0.461049,-2.42947,90.3372,-3.34479,-1.3223,117.375,-1.82428,1.01398,-1.10717,-0.0128348
61.5413,-2.89109,2.68609,59.1814,2.46627,-2.02008,91.6387,-2.38594,-0.0887089,1.57702,-0.0128348
103.112,-3.08033,-1.95043,90.9376,2.14806,-1.78774,115.226,-1.16447,1.08807,0.162693,0.0128348
142.833,2.88376,1.55317,59.8382,-1.98034,-0.777199,99.8458,1.67148,-2.26884,2.33037,0.0128348
216.586,3.64866,0.866902,96.8388,-1.74595,2.26366,90.7481,1.32994,-2.07285,-1.39675,-0.0128348
66.8601,3.91508,0.977245,50.7922,-2.22463,2.71454,57.7251,1.76515,-0.63099,-1.7373,-0.0128348
260.537,1.65921,1.89417,49.9002,-2.56429,-2.85724,240.734,0.234257,-0.878077,-1.53178,-0.0128348
203.43,-2.81619,1.55709,38.8683,3.47355,-2.94844,99.6756,0.940618,-1.55312,1.77765,0.0128348
140.162,-1.19829,-1.96853,94.3296,3.05443,0.743989,97.0435,0.96848,2.15747,2.71252,0.0128348
140.377,-2.36355,-0.0769947,52.7873,3.33793,-2.58994,58.93,1.11111,2.32275,-2.51294,-0.0128348
73.7877,-2.19756,1.68355,41.7559,2.33324,2.42943,55.7975,-1.38544,-0.543061,0.745884,0.0128348
134.268,-2.65915,2.36593,49.2273,2.49984,-2.01391,60.5954,-0.40294,-0.345898,1.90335,0.0128348
163.912,2.29692,1.47507,102.108,-3.01441,-3.01423,88.0047,-0.195346,-0.486623,-1.79389,-0.0128348
146.54,-2.33185,2.95671,73.9926,3.46622,-1.19018,67.4758,0.37899,0.181194,2.1363,0.0128348
163.063,2.04663,-2.97035,69.6215,-3.61472,1.11785,61.7303,1.31408,-0.0341277,2.19498,0.0128348
252.466,1.08837,-1.07108,72.1356,-3.97188,1.44819,141.596,0.852973,2.31619,-2.51927,-0.0128348
82.2067,3.61951,3.06765,34.0749,-1.8262,-1.3312,63.3794,-0.310678,0.41226,-1.88434,-0.0128348
183.845,1.85087,-1.72654,121.49,-1.70164,-0.155873,190.804,-1.06754,1.971,-1.57066,-0.0128348
164.607,-2.61208,0.835036,75.8076,3.54705,-0.966317,116.026,-1.33048,-2.45187,-1.80135,0.0128348
105.001,0.467381,2.51997,83.9667,-4.09194,1.59946,64.8774,0.0611937,-1.43017,0.920509,0.0128348
151.172,1.48765,-1.39682,123.751,-2.23386,0.644957,87.631,0.67414,2.60317,-2.04178,-0.0128348
122.504,-2.77203,-0.927497,82.042,1.88074,-1.46858,100.343,0.326208,2.29517,-0.541085,-0.0128348
108.734,1.30328,1.81564,61.4887,-3.28603,0.973857,103.304,-0.343075,-2.10671,0.841783,0.0128348
104.964,-2.29738,1.09352,59.5462,3.60585,-0.114139,124.169,1.9235,-2.73386,-1.20766,-0.0128348
218.614,-1.13698,-0.664963,100,3.41561,-2.25597,147.348,-0.489332,2.18019,-1.591,-0.0128348
143.872,-1.56107,-3.0856,110.924,2.05394,1.95818,175.946,0.469372,-0.174657,-1.23941,0.0128348
316.093,-1.76774,2.33003,140.815,2.7365,-1.88375,150.476,-1.00744,-0.556255,2.0694,0.0128348
131.082,-1.04271,0.247725,91.0932,2.46087,-1.429,114.204,2.2577,2.67358,-1.67673,-0.0128348
139.661,-0.448647,-0.461803,40.8858,2.6791,1.46487,97.6684,1.86538,-3.12496,1.92668,0.0128348
152.878,1.53352,-0.781307,56.8197,-1.97422,-3.12541,78.5543,-0.395957,2.14287,2.3441,0.0128348
296.95,-0.260316,-0.64792,77.8803,2.82596,0.52988,111.441,0.4071,2.65127,1.1778,0.0128348
244.768,-2.69661,-0.734877,200.796,1.26478,1.77992,68.7831,-1.12583,-2.76714,2.5148,0.0128348
97.3413,-2.19849,-2.70993,55.9499,1.15398,1.70348,101.091,0.595904,-0.286286,-1.86977,-0.0128348
101.405,3.12158,0.256578,45.3448,-2.35628,2.4226,98.096,0.81675,-2.73491,-2.16603,-0.0128348
90.5673,-3.67149,-1.22796,83.036,2.58491,-3.01013,25.338,-1.22855,1.77865,-1.78217,-0.0128348
192.123,1.07349,0.541868,76.66,-3.16621,1.30971,119.306,-0.233032,-2.21085,-0.767844,-0.0128348
157.643,-2.87,-2.28483,74.8982,1.30447,-0.0799402,118.161,0.0674874,1.15407,2.20489,0.0128348
155.932,2.31955,2.2684,66.4607,-1.53911,-0.358226,49.5992,-0.277157,-0.927913,2.62662,0.0128348
165.254,1.09701,1.09043,135.71,-2.24576,0.352339,241.226,-0.0692219,-2.37506,0.738088,0.0128348
146.235,1.74941,-3.08156,76.1737,-2.84991,-1.93938,55.4142,0.393471,1.15608,-1.14218,-0.0128348
107.246,-1.88172,1.61608,61.278,1.3623,0.328137,132.373,-1.49279,-2.01856,-1.28795,-0.0128348
114.451,1.80928,1.4439,107.765,-2.37238,2.3552,107.014,1.01572,-1.61117,-0.911294,-0.0128348
100.963,-2.38845,-1.71988,41.4615,2.81289,-1.01032,62.282,-0.873632,1.22684,0.70956,0.0128348
143.198,-1.75604,-1.51962,69.9169,2.01962,-0.10401,88.9731,-0.154595,2.29781,1.41561,0.0128348
218.057,-2.73911,0.0620382,84.356,0.852628,1.14514,199.289,-2.14512,-2.49416,1.0831,0.0128348
90.7118,2.24624,-1.3155,41.987,-4.11253,-1.28024,123.492,-0.704883,1.68315,-0.0352662,-0.0128348
263.604,-2.37837,1.31508,87.15,0.885539,2.19834,238.685,0.0564637,-1.61349,0.883258,0.0128348
119.085,1.16854,-3.08144,107.255,-2.19412,1.27718,122.066,-1.54037,-0.538243,1.92456,0.0128348
286.147,-1.86869,2.96511,169.732,1.64334,0.627929,134.263,0.964223,-1.47397,-2.33718,-0.0128348
137.515,-2.8624,-1.69756,95.7239,2.83876,0.60762,55.8652,1.22927,1.6366,2.30518,0.0128348
100.823,-1.60339,1.83203,95.9322,1.8617,2.98288,153.784,1.07994,-0.735605,1.15085,0.0128348
287.325,2.69758,1.9297,284.365,-1.53743,-0.809694,54.3976,-0.831784,-2.20293,2.7394,0.0128348
120.45,-3.01827,-0.656866,59.9987,2.58154,-2.79711,35.2817,-1.15203,2.48876,-2.14025,-0.0128348
118.898,2.78157,1.96403,46.7662,-1.69881,0.0233288,89.8504,-0.237293,-1.79051,1.9407,0.0128348
169.68,2.17953,1.01576,143.228,-3.10356,1.63263,179.715,-0.321528,-1.83722,-0.616867,-0.0128348
143.24,3.14186,0.937777,55.4306,-4.46586,-0.737199,112.593,-1.03744,-2.35504,1.67498,0.0128348
230.279,-2.35591,-2.70313,202.332,1.44693,-0.105133,25.4821,1.35269,-2.87593,2.598,0.0128348
197.208,-2.28721,-2.3507,63.3722,2.23818,-2.87866,166.048,-1.87102,0.63825,-0.527953,-0.0128348
236.834,0.999269,-2.72684,102.983,-3.45592,-0.863818,150.133,-0.532376,1.10091,-1.86302,-0.0128348
94.622,-1.89139,-0.982567,83.0226,2.00659,-2.56889,73.2731,-0.799987,1.19991,-1.58633,-0.0128348
183.278,2.72937,2.4697,37.3639,-2.10619,-1.73488,78.3102,0.380928,0.05453,-2.0786,-0.0128348
194.156,-2.23768,1.46986,68.4037,1.69261,1.93765,81.0001,0.718346,-1.55105,0.467783,0.0128348
116.65,0.454945,0.00809282,70.1364,-3.89833,-2.27366,37.1337,-1.95697,2.52658,2.28175,0.0128348
181.771,1.22054,2.3763,101.726,-2.45059,-2.3182,133.635,-0.420708,-0.352859,-1.58868,-0.0128348
152.086,1.90943,2.33594,42.4426,-4.33687,-1.88774,53.2397,-0.85431,-0.59127,-2.0595,0.0128348
55.2194,-1.26102,-1.60524,48.5762,3.41103,1.18084,43.7952,0.506292,1.87869,2.78609,0.0128348
238.637,-1.47185,0.899598,114.452,2.69243,2.09309,224.148,0.790577,-1.88143,1.19349,0.0128348
251.366,2.78062,1.5459,48.7796,-2.91292,-1.62582,183.303,0.610903,-1.69096,-3.11147,0.0128348
242.537,1.28887,-0.278427,60.7716,-2.0759,-2.38907,140.408,-0.216525,2.36896,2.11064,0.0128348
211.296,-1.31423,0.668859,135.796,2.71639,1.78909,247.077,-0.222958,-1.99064,1.12023,0.0128348
96.4769,-2.61732,-1.12841,70.4407,0.505492,1.51816,42.7642,-1.90325,2.20471,2.64658,0.0128348
68.2434,-2.57932,-2.72123,36.1212,1.89725,-2.68268,80.8047,0.423302,0.648014,0.0385485,-0.0128348
99.3982,-0.454707,-2.93365,66.8714,3.43931,-1.1888,105.561,0.728392,0.586769,1.74485,0.0128348
254.131,-2.65615,3.07724,32.5853,1.3995,-2.50385,208.804,0.310568,0.00812652,0.7021,0.0128348
244.388,3.1835,0.781245,95.4599,-0.672572,-1.0862,176.409,1.51316,-2.81976,1.86744,0.0128348
92.2817,3.72502,-2.6995,62.6921,-0.885183,2.42706,100.282,1.81098,0.160608,1.15663,0.0128348
171.285,-1.2589,0.739079,71.169,2.95315,1.49707,94.0956,1.70406,-2.39578,0.75799,0.0128348
153.843,2.79807,-2.50659,57.7191,-3.9938,1.51995,163.311,-0.983923,0.570103,2.25664,0.0128348
118.596,-0.840059,-0.958006,53.9473,2.60012,-1.95453,89.5168,0.360131,1.69349,-0.996524,-0.0128348
232.515,1.60921,-1.42795,128.169,-1.8437,-0.147638,157.315,-0.398383,2.48215,-1.28032,-0.0128348
115.306,2.80488,0.926183,58.5925,-2.21064,2.32747,71.5595,1.31059,-2.38406,-1.40129,-0.0128348
157.866,-2.25696,0.762928,59.3508,1.22079,-0.152048,140.249,-0.317014,-2.71399,-0.914976,-0.0128348
162.942,2.57416,0.351489,134.784,-2.75248,-1.21322,133.83,-0.372061,2.62118,1.56471,0.0128348
239.244,-3.14089,0.86451,222.977,2.72363,-0.153463,313.03,-0.193214,-2.6453,-1.01797,-0.0128348
260.922,-1.71823,1.13236,65.8851,2.83867,-0.149015,147.736,-0.0584892,-2.14755,-1.28138,-0.0128348
270.791,-1.11915,2.2466,66.1367,2.88176,1.99454,175.076,1.29436,-0.818615,-0.252064,-0.0128348
131.993,2.68407,2.86602,88.6246,-2.47786,1.90528,55.6079,0.927876,0.182615,0.960743,-0.0128348
100.781,1.57717,0.479386,56.8518,-3.75223,-1.22542,70.893,-0.614096,2.48903,1.70481,0.0128348
184.759,-3.06486,-0.879722,48.1543,0.187998,-2.43564,60.6547,-0.00173287,2.29835,-1.55591,-0.0128348
159.084,1.95856,1.31306,127.271,-2.76034,-0.630266,97.4255,-0.751947,2.72963,1.94332,0.0128348
117.737,2.36951,-1.09935,83.0727,-3.22156,-1.50151,106.979,-0.211521,1.77538,0.402155,0.0128348
122.7,-2.54367,0.113592,37.9419,4.2409,-1.88051,68.5201,0.118437,-2.76591,-1.9941,-0.0128348
77.7127,1.56341,-0.895049,36.2977,-2.76655,-3.10679,31.4374,-2.68885,2.39114,2.21174,0.0128348
85.3663,2.77138,-0.108766,82.5642,-2.26222,-0.385936,35.7437,-1.52003,2.89836,0.27717,0.0128348
340.812,0.951699,1.35492,73.4987,-3.48718,2.50229,256.627,-0.403243,-1.51588,-1.14737,-0.0128348
189.582,-2.92553,-1.47717,84.1248,2.19,0.566081,87.5834,1.53419,2.10761,2.04325,0.0128348
174.417,-1.70619,-0.0358983,72.1263,2.29724,0.587675,167.342,0.0450961,3.10526,0.623573,0.0128348
104.537,-4.04572,-0.46585,82.8813,1.62957,0.836779,105.231,0.388386,2.99132,1.30263,0.0128348
103.641,2.13079,-1.90681,34.7239,-2.20327,3.05875,61.2131,1.77544,1.32355,1.31762,0.0128348
254.579,2.08029,3.03217,68.7431,-2.59595,0.815664,136.931,0.164511,-0.164835,2.21651,0.0128348
377.431,1.0366,-2.84019,47.2236,-2.93028,-0.957565,262.768,-0.0140268,0.392117,-1.88263,-0.0128348
110.373,-1.55569,-1.22549,56.4948,3.57319,-1.80929,87.0081,1.08232,1.73233,-0.583804,-0.0128348
160.079,-1.32222,-0.258674,88.6412,2.04555,-0.792348,136.777,0.829079,2.91195,-0.533673,-0.0128348
189.802,0.993062,-0.892894,116.714,-2.31486,0.772369,83.0811,-0.306665,-3.01859,-1.66526,-0.0128348
224.173,-1.22691,-0.0558595,67.4238,3.90031,1.53916,217.883,0.792912,-2.91946,1.59502,0.0128348
45.0125,4.48847,2.62817,35.2649,-3.40142,-2.65854,42.2506,-2.09875,0.665577,-0.996474,-0.0128348
179.799,-2.83292,2.18043,81.321,2.18796,-1.59339,82.3494,-0.961815,-0.471264,2.50936,0.0128348
353.605,0.965764,-0.431695,252.403,-3.25863,-2.88502,187.347,-1.47622,2.05134,2.45333,0.0128348
551.962,-1.76972,-2.46017,334.367,1.46282,0.375444,187.253,-0.972724,1.09358,2.83562,0.0128348
397.211,1.21721,0.585469,77.9719,-1.87251,-1.11628,177.646,-0.398642,-2.77831,1.70175,0.0128348
235.858,0.66454,-2.98306,96.23,-2.4221,-2.15172,95.8453,-0.531015,0.336079,-0.831343,-0.0128348
232.765,1.72646,-2.60316,97.6765,-3.02902,2.78533,123.519,0.680125,0.214703,0.894703,0.0128348
221.15,2.29986,-2.6771,54.5254,-2.23296,-0.336348,151.654,0.729878,0.584006,-2.34075,-0.0128348
175.85,2.46401,0.0273262,151.141,-1.23712,-1.09105,246.185,0.343879,2.69197,1.11838,0.0128348
215.093,-1.64583,2.66973,93.8861,2.20689,-2.31349,181.226,-0.712889,-0.37422,1.29997,0.0128348
215.199,2.50561,2.14008,36.1482,-0.630093,3.11825,199.121,0.852931,-0.759571,-0.978172,-0.0128348
119.673,-1.67849,-2.17479,65.7985,1.75633,-1.03045,80.3868,-1.17025,0.948486,1.14434,0.0128348
211.694,2.4605,-1.01147,88.2814,-2.40955,0.0994606,181.863,-2.02737,2.58649,-1.11093,-0.0128348
164.636,3.11469,-2.61973,80.6215,-0.0731927,-1.24356,41.1349,0.69157,1.43352,-1.37617,-0.0128348
145.301,-1.27977,-1.65317,99.4934,1.76378,-0.220697,123.008,1.64003,2.37093,1.43247,0.0128348
111.842,2.97786,-3.0555,61.0331,-1.99566,2.02161,54.8565,1.70062,-0.905832,1.20608,0.0128348
216.91,-0.247537,-0.823025,42.1336,3.82316,0.88112,130.14,0.365791,2.36142,1.70415,0.0128348
354.611,2.4431,-0.783031,61.722,-1.07317,-2.21064,202.503,1.00385,2.17038,1.42761,-0.0128348
216.089,-2.64337,-1.86866,167.55,1.60718,-1.52758,196.967,-0.623866,1.95325,0.341085,0.0128348
280.58,-1.49578,-2.0237,135.603,2.75923,-0.153636,143.41,0.952384,1.81223,1.87006,0.0128348
129.533,-2.57837,-0.377915,56.0606,1.74308,-2.20375,64.9805,-2.50691,1.94236,-1.82583,-0.0128348
190.89,2.29789,-2.54063,70.1845,-2.13149,2.35307,87.9134,-0.3372,0.259442,1.38948,0.0128348
91.3992,-2.31304,-2.12949,90.8053,2.44588,-0.471978,117.976,-0.028242,1.86706,1.65751,0.0128348
225.475,3.49425,-2.04262,72.1902,-0.882224,3.03779,207.797,0.297874,0.769643,1.20277,0.0128348
82.0369,-3.44644,-1.43408,75.1426,1.69766,0.650404,71.2133,-1.6299,2.84848,2.08449,0.0128348
144.551,-1.85268,2.98064,69.5264,4.37072,-3.01761,115.937,0.694557,-0.301371,0.284935,0.0128348
180.537,-1.49713,-2.67589,38.7549,2.82539,1.68878,139.781,1.90419,0.264852,-1.91851,-0.0128348
127.282,-3.04164,2.03861,47.9054,2.91157,2.40102,63.257,0.796602,-1.15786,0.362407,0.0128348
111.934,-1.26346,-2.97891,82.6247,2.23693,1.76936,80.2882,-0.896584,-0.848919,-1.53491,0.0128348
244.463,2.36573,0.951632,47.6644,-0.705364,2.54639,139.208,1.94471,-1.98089,-1.59475,-0.0128348
310.413,-2.63331,-2.31699,290.659,1.7476,-0.807483,333.598,0.537097,1.5944,1.50951,0.0128348
123.179,2.28618,-0.98195,49.7383,-1.41094,-2.42852,75.6094,0.980556,2.1869,1.44657,0.0128348
181.061,-1.73119,2.13704,123.755,1.32498,-1.09741,58.9451,-0.526477,2.8296,3.04873,-0.0128348
135.188,1.65207,0.666102,118.806,-4.18692,2.2735,161.807,0.31895,-1.97376,-1.6074,-0.0128348
100.102,-1.51343,0.0678549,50.7118,2.45757,-2.54568,30.6318,1.36584,-3.02016,-2.61353,-0.0128348
153.225,2.10116,2.17981,81.5915,-2.94744,0.807434,119.823,-0.997783,-1.54594,1.37238,0.0128348
108.143,-1.73359,-0.880989,39.717,2.96025,1.24323,48.4186,-0.532919,2.31174,2.12422,0.0128348
130.603,1.69808,-2.77301,117.504,-1.55203,2.73281,106.733,0.258127,-0.355874,0.777363,0.0128348
95.8911,-2.91469,-2.89788,71.8044,1.40774,1.96745,32.6759,-1.17262,-0.137469,-1.41786,-0.0128348
237.47,3.17145,2.16967,56.4786,-0.882983,2.01954,145.035,-0.208199,-0.881898,0.150131,0.0128348
143.413,-3.03829,0.197172,72.7674,0.0308379,2.75298,71.2944,-2.02011,-2.66756,2.5558,0.0128348
152.152,1.51535,-0.210816,78.06,-1.73313,1.83596,153.023,0.49962,2.83551,-2.04678,-0.0128348
162.58,1.70718,-0.416055,66.1915,-2.48717,0.609411,86.3884,-0.584882,-2.92145,-1.02547,-0.0128348
109.452,-3.83906,2.45349,95.5313,1.58098,-2.62328,99.6649,-1.20521,0.420939,1.20642,0.0128348
223.706,-0.644997,-0.0343328,156.358,2.47531,1.776,128.679,0.759691,-2.58255,1.81033,0.0128348
129.325,2.4322,-3.03675,79.8532,-2.64221,-1.39563,128.677,-2.22204,0.488762,-1.64112,0.0128348
84.1365,3.05512,-2.37201,48.682,-3.1382,-0.667355,42.6815,-1.37788,1.17461,-1.70466,-0.0128348
117.707,-3.60932,-0.177367,104.797,0.270868,-1.76548,105.968,-1.76182,1.99957,-1.58812,-0.0128348
139.451,-2.76823,-1.24051,111.728,2.55466,-2.13009,132.389,-0.870016,1.02721,-0.889589,-0.0128348
143.975,1.19202,-1.97231,41.6669,-1.88982,2.35056,97.2999,0.148304,1.23207,1.96032,0.0128348
203.342,2.25306,-3.01924,136.123,-2.23825,-1.46126,117.275,-1.12312,0.783471,-1.55797,-0.0128348
231.357,-2.3921,-3.01458,185.942,1.2582,-1.80888,180.734,0.191692,0.325194,1.20569,0.0128348
259.564,2.95165,-0.764018,120.34,-3.13085,-2.37567,263.278,-1.22781,1.82639,1.61165,0.0128348
424.395,1.72144,-2.48437,58.4107,-2.67247,-0.778618,241.663,0.337774,0.756383,-1.70575,-0.0128348
124.46,-3.08869,-0.218797,111.63,3.09869,-2.43783,92.9124,-0.754664,2.44841,-2.21904,-0.0128348
233.949,1.58468,0.461777,50.4716,-2.91659,-1.35374,257.661,0.0198569,3.12994,1.81552,0.0128348
125.045,3.72793,-2.99602,65.5614,-1.56319,-1.65385,72.9086,-0.204089,0.511548,-1.34217,-0.0128348
412.973,1.3066,-2.3733,330.82,-2.53784,-0.481674,104.759,-1.48449,1.22125,-1.89162,-0.0128348
150.259,-1.15013,0.950214,78.6418,3.85777,-3.11991,92.5921,1.39916,-1.66828,2.21306,0.0128348
128.675,3.75187,-2.94937,54.8899,-1.07409,0.597068,57.9842,-0.914376,0.251132,2.73675,-0.0128348
113.079,2.65589,-2.26861,94.6727,-1.94825,-1.57312,51.744,0.00541081,1.34465,-0.695492,-0.0128348
219.448,1.1204,2.51408,87.1418,-2.40141,1.24137,131.825,-0.760203,-0.755067,1.27272,0.0128348
158.089,-1.16272,-0.906571,83.3487,2.23718,-1.59471,218.097,2.03806,2.01964,-0.688138,-0.0128348
95.0721,1.48546,-2.45225,93.1501,-1.55688,2.64058,85.7161,-0.0427206,0.300027,1.19035,0.0128348
137.394,-1.17587,-2.53705,52.833,1.95261,2.79788,85.4622,-0.221959,0.511644,-0.948252,-0.0128348
101.732,1.9721,0.331958,83.4591,-1.8884,2.68511,72.418,0.217215,-1.58547,-2.35316,-0.0128348
80.0294,-2.05082,-0.8399,67.0446,1.08646,3.0865,70.9615,-0.338592,1.53951,-2.35679,-0.0128348
115.609,2.34789,0.220803,52.5873,-2.3484,-2.22584,103.563,-0.0153169,2.57384,2.44664,0.0128348
120.764,0.136128,-2.7468,78.5663,-3.0984,0.772147,73.8434,-1.15555,0.57098,2.76424,0.0128348
139.649,2.48179,1.64485,95.7969,-2.57754,1.1383,186.559,-0.221818,-1.71235,0.506543,0.0128348
118.493,-2.44898,-0.167765,76.0757,2.74069,1.72584,72.5235,-1.26925,-1.85425,1.8936,0.0128348
89.1436,2.61919,-0.56057,64.5359,-1.53375,-1.55255,106.482,1.73186,2.15913,0.991975,0.0128348
209.411,-2.15662,0.0599779,207.876,2.16193,-2.90044,182.957,-0.552929,-2.02862,-2.96042,0.0128348
272.518,1.14231,-0.300631,116.171,-3.39619,-2.51785,90.399,0.819309,2.18322,2.21722,0.0128348
195.031,-1.842,1.73377,61.995,2.72137,0.381908,143.688,-1.74922,-1.64242,-1.35186,-0.0128348
259.559,0.197225,3.11361,113.708,-3.26084,1.62579,143.096,-0.197563,-0.391933,1.48782,0.0128348
135.243,0.0433373,2.68729,53.2867,-2.97551,-2.06817,64.2318,-1.71172,-0.247733,-1.52773,-0.0128348
145.232,0.543117,0.410665,116.065,-2.94092,-1.6308,78.6667,0.488636,2.85564,2.04147,0.0128348
237.135,0.987241,-0.958382,142.641,-2.72271,-3.04809,66.0181,1.08662,0.512133,2.08971,0.0128348
137.009,3.17416,-0.980391,55.5364,-0.979341,-2.84228,58.8137,1.72597,1.72558,1.86189,0.0128348
127.693,-2.35521,-1.66843,56.049,2.78893,-2.53928,80.2867,0.679412,1.19042,-0.870848,-0.0128348
217.617,-0.414588,-2.29334,31.4054,3.37043,-1.3279,185.57,0.484843,1.06216,0.965442,0.0128348
143.049,1.53693,-2.59734,55.066,-2.62253,1.74664,71.5624,-0.0818411,-0.206062,1.93921,0.0128348
185.876,-1.70777,1.75336,86.0865,2.33855,-2.91049,159.615,-0.0655988,-0.858183,1.61934,0.0128348
118.944,1.06043,-0.972925,42.1031,-3.60155,1.59286,81.6808,-0.807623,-2.95438,-2.56579,-0.0128348
107.289,-1.37645,-0.469439,102.743,3.93917,-3.11482,41.0992,1.29089,1.05086,-2.64538,-0.0128348
80.3521,2.73441,1.63522,55.5345,-0.540904,-0.686138,37.7836,0.512349,-2.37986,2.32136,0.0128348
140.826,0.794242,-1.86391,82.0056,-3.77081,1.69898,56.2454,-0.308624,0.749852,2.7203,0.0128348
225.552,-2.02784,1.78079,77.6098,1.65217,-2.50803,112.696,0.397389,-1.04581,1.99437,0.0128348
147.235,2.03413,-1.17807,88.4864,-3.21669,0.820455,85.5206,-1.62952,2.70766,-1.99852,-0.0128348
116.971,2.66587,0.116877,60.4447,-2.93783,1.50381,102.25,0.731065,-2.3845,-1.38693,-0.0128348
91.3772,-2.43114,-0.918991,46.5328,1.659,0.197734,60.2231,0.597343,2.47956,1.11673,0.0128348
88.5446,-1.80203,2.91271,55.0358,3.13721,2.55876,90.386,1.05478,-0.976411,-0.353949,-0.0128348
155.615,-1.24465,-0.0835131,84.0251,3.09107,-0.437769,104.359,-0.391329,-3.10357,-0.354255,0.0128348
155.44,-3.21826,1.77621,68.7684,1.50001,1.5497,67.2185,-1.71153,-1.1854,-0.226511,0.0128348
87.2936,3.02193,-2.99164,51.3529,-0.963188,-2.48388,87.3403,2.07317,0.0545326,-0.507763,-0.0128348
186.147,-2.67277,0.0435539,80.5555,4.27949,-0.23488,225.69,0.476991,-3.12044,-0.278434,-0.0128348
310.503,-1.30463,-1.93123,207.911,2.20859,0.0441778,208.379,0.459219,1.56341,1.97541,0.0128348
176.715,3.16671,0.435698,119.568,-2.51374,-1.49536,49.4304,0.543452,2.92614,1.93106,0.0128348
145.273,-0.63324,-1.16931,98.4433,2.81392,0.900721,83.5055,1.20785,2.52508,2.07003,0.0128348
180.616,2.03719,0.0751797,76.0182,-2.5402,-0.813761,178.525,0.0921333,3.00082,0.888941,0.0128348
154.506,-1.86599,-0.726373,55.2713,2.59701,-1.58465,130.765,-0.184054,2.13999,-0.858279,-0.0128348
361.592,1.10916,-1.32524,101.408,-3.99324,2.58087,178.129,-0.0739596,1.37707,2.37707,0.0128348
89.3993,-2.54488,-0.558468,70.102,0.924342,2.83689,96.3141,-0.234813,0.511959,-2.88783,-0.0128348
115.275,-1.69419,-1.04578,61.0517,1.71016,-0.0945649,151.461,-0.1332,2.28024,0.951219,0.0128348
113.527,1.75148,-3.03935,88.4739,-2.34676,-1.83952,103.222,-0.937633,0.716785,-1.19983,-0.0128348
119.957,2.06418,-1.1028,76.3504,-3.78506,-0.459471,68.4505,-0.415898,2.42819,-0.64333,-0.0128348
113.795,2.14606,1.27599,54.1082,-1.42386,2.31539,119.99,1.08364,-1.54147,-1.03941,-0.0128348
194.142,-2.41091,-1.46431,42.7393,4.4549,1.36888,80.0387,-2.23321,1.63822,2.83319,0.0128348
80.9016,2.80668,-2.32173,74.6695,-2.58822,-2.76671,83.6345,-1.45309,0.427725,0.444983,0.0128348
51.6774,-3.15783,2.82415,41.3338,1.30393,-2.44376,32.1975,-2.46599,-0.0487825,1.01527,0.0128348
209.121,-1.55131,-2.53741,94.422,3.60003,-1.89199,267.228,-0.325448,0.877108,0.645411,0.0128348
387.78,-2.02518,0.499776,72.7352,1.94935,1.83361,217.618,-0.435188,-2.54512,1.33383,-0.0128348
154.874,-1.24534,0.594472,130.212,2.55255,2.3547,36.6716,0.40412,-2.06047,1.76023,0.0128348
172.864,2.23691,0.487248,106.246,-2.83448,2.63812,143.703,-0.536344,-1.53602,-2.15087,-0.0128348
162.607,2.55015,2.7894,51.8202,-1.25531,1.44115,65.0496,0.799817,-0.688524,1.34825,0.0128348
118.465,2.78541,-2.90514,97.9899,-1.78591,-1.27416,120.948,1.87064,0.639202,-1.63098,-0.0128348
171.127,1.91067,2.19163,147.657,-3.69424,-2.19898,97.9039,1.06444,-0.00786412,-1.89257,-0.0128348
225.042,-0.426402,-2.45832,119.257,2.64748,-0.58229,216.51,0.48559,1.70222,1.87603,0.0128348
158.174,-2.32041,-1.52128,94.7532,2.8764,3.11362,136.33,1.21367,0.820683,-1.64828,-0.0128348
96.8226,2.06285,-2.94817,70.9106,-2.23828,-1.4459,87.0679,0.679686,1.1233,-1.50227,-0.0128348
164.538,-3.18632,-1.00754,70.7732,1.67289,1.54884,65.9024,-0.408021,1.79698,2.55638,0.0128348
101.285,2.67894,-0.0709142,51.6584,-1.4583,1.68708,74.3082,2.21472,-3.04827,-1.75799,-0.0128348
309.823,1.94097,2.69517,51.3986,-1.38432,2.91756,314.652,1.10425,-0.435279,-0.222392,-0.0128348
144.208,1.62831,-1.0586,93.3776,-2.02783,-2.48525,84.5835,-1.61676,1.58769,1.42665,0.0128348
88.6262,2.30922,1.28449,88.0529,-3.30555,0.550933,45.8187,-0.306806,-2.28597,0.733556,0.0128348
163.231,2.07595,2.33408,125.02,-1.79077,-0.307218,268.68,0.048818,-0.551724,2.64129,-0.0128348
108.282,0.671911,2.22887,61.4432,-3.33157,0.716474,75.182,-1.3548,-1.13822,1.5124,0.0128348
317.767,-1.82555,0.446289,76.7995,2.14676,-1.76264,156.021,0.0591593,-2.88335,-2.20893,-0.0128348
148.526,2.13374,2.07167,120.209,-1.12314,-1.7642,113.387,-0.0511084,-0.202355,-2.44732,-0.0128348
326.54,1.21483,-1.18296,75.5512,-2.21924,-2.65886,288.473,-1.17297,1.6756,1.47589,0.0128348
143.229,1.5927,-1.37372,68.4747,-1.85537,1.19023,106.121,0.464201,2.28215,-2.56395,-0.0128348
117.18,2.26241,-1.66226,65.6725,-1.71609,2.82684,35.3626,-0.0468175,0.970438,1.79408,0.0128348
134.347,2.09247,3.12872,90.9439,-3.33023,-1.28426,107.133,-0.27262,0.703024,-1.8702,-0.0128348
100.395,0.559992,-0.35731,42.4409,-3.24507,-0.159181,100.941,-0.555137,2.95609,-0.198128,-0.0128348
151.776,2.61599,1.58916,41.6028,-3.80431,-2.15336,41.7991,-1.16517,-2.12229,-2.54067,-0.0128348
148.077,-2.96768,2.99362,50.2418,4.30816,1.1437,48.4623,0.544302,-0.317848,-1.84993,-0.0128348
269.374,-2.09455,1.91574,237.39,2.00604,2.71944,157.579,1.32337,-0.950271,0.803692,0.0128348
265.291,1.8211,-2.56518,81.6518,-1.32898,-1.65928,186.859,0.658321,1.05898,-0.905894,-0.0128348
85.634,3.73563,2.2036,47.9606,-1.34789,-2.20921,49.0876,-0.44878,-0.285417,-1.87037,-0.0128348
142.678,-0.225799,2.32228,68.4806,3.71769,0.0706746,65.0263,1.56084,-0.907381,-2.25161,-0.0128348
203.518,2.45924,-0.87007,97.572,-3.25808,-0.0936508,158.059,-0.690298,2.30035,-0.776419,-0.0128348
79.6847,-3.09624,-1.32556,30.2711,1.18718,-1.78241,63.1854,-1.12385,1.70537,-0.456848,-0.0128348
89.895,-2.13721,-0.237484,38.9733,2.11999,-0.817908,81.2397,-1.2863,2.06438,-0.580424,-0.0128348
150.28,2.23227,0.556187,56.5295,-2.48692,0.971463,147.242,0.560789,-2.41088,-0.415276,-0.0128348
95.9367,3.10818,1.94662,79.1843,-3.27485,3.00094,77.6977,-0.735659,-0.481129,-1.05432,0.0128348
228.87,-1.17556,-2.03123,36.6111,4.10159,-0.0999665,171.891,1.45386,1.00429,1.93126,0.0128348
147.284,-2.01493,-2.19469,54.1756,2.38097,2.08997,111.144,-0.872655,0.470026,-1.99853,-0.0128348
299.417,0.363974,-2.71176,54.1707,-3.71296,-0.661368,98.6768,-0.390162,0.495786,-2.05039,-0.0128348
156.184,3.14058,0.392402,52.0297,-0.0569546,2.04481,113.215,1.10505,-2.32436,-1.65241,-0.0128348
120.099,3.1312,-1.29518,87.7654,-2.17194,-1.84697,30.023,2.52901,2.05526,0.551786,-0.0128348
165.844,-1.27986,-2.29071,150.901,3.44949,-0.18038,116.777,1.6412,2.10079,2.11033,0.0128348
128.013,-1.79191,-0.71852,103.894,1.71121,-1.87328,88.1374,-0.714488,1.75285,-1.15476,-0.0128348
122.971,1.57595,-0.302961,61.6507,-2.95456,-1.28997,119.632,-0.363374,2.48137,0.987012,0.0128348
115.061,-2.43839,0.918213,68.7224,0.924248,1.64992,73.0366,-1.96259,-2.38823,0.731708,0.0128348
91.4277,1.52636,1.32049,50.5371,-3.13467,1.88537,106.935,-1.59003,-1.72272,-0.564878,-0.0128348
136.886,2.48757,1.46584,35.4308,-2.20208,0.0958827,106.734,0.725508,-1.87869,1.36996,0.0128348
140.517,2.4438,-1.34528,39.0521,-3.90324,-1.39969,132.737,-0.313337,1.72188,0.0544076,0.0128348
132.794,2.85009,-2.69721,46.7107,-1.6505,-1.69784,34.7529,1.39836,1.33655,-0.999373,-0.0128348
75.2401,-2.08698,-2.0055,73.7717,1.93922,-1.72826,93.5542,-0.951981,1.74471,0.277245,0.0128348
173.646,-2.23257,2.60277,95.0639,1.40687,-2.38164,190.931,0.725012,-0.175893,1.29878,0.0128348
159.796,-0.812238,2.85479,143.623,2.47355,-2.73762,136.579,0.698573,-0.220444,0.690776,0.0128348
266.386,-2.23371,-1.47738,52.3471,4.0734,-1.55777,256.588,0.410683,1.61981,-0.0803875,-0.0128348
187.219,0.360879,1.16187,60.0484,-4.00153,2.37913,134.246,-0.112357,-2.12105,-1.21726,0.0128348
425.107,-0.848084,3.0687,31.9144,2.68965,-1.00548,231.311,0.568441,-0.143382,2.209,0.0128348
124.457,-2.32971,0.34274,101.52,1.56387,-2.22594,53.2255,-0.152684,2.28754,-2.56868,-0.0128348
187.509,0.938006,1.11612,92.8769,-3.1706,0.518632,144.591,-0.3867,-2.29109,0.597491,0.0128348
123.667,3.41662,-1.87296,97.1936,-1.83089,1.0997,33.531,-1.223,-3.09935,-2.97266,-0.0128348
119.906,2.43639,1.87009,115.701,-2.944,-2.59827,91.9055,-0.352055,0.177628,-1.81483,-0.0128348
111.421,-1.84534,-1.31182,62.8595,3.41089,-2.74602,68.7077,2.01865,1.36302,-1.4342,-0.0128348
156.057,2.5648,-2.16702,47.8822,-2.29924,2.12671,104.162,0.518876,0.578421,1.98945,0.0128348
91.8318,0.76906,2.09054,82.934,-3.79368,-2.27637,104.751,-1.33731,-0.143725,-1.91627,-0.0128348
250.707,0.134412,0.0239786,79.6719,-3.27453,-1.88468,167.137,-2.31756,-3.12722,1.90866,0.0128348
70.365,1.32786,-0.200532,34.5821,-3.68106,-0.746994,86.5902,-0.743574,2.70106,0.546462,0.0128348
221.8,1.14966,2.50399,120.48,-2.17549,0.825185,241.407,-0.208583,-1.10236,1.6788,0.0128348
95.4624,0.886744,-1.25738,51.3732,-3.39541,0.781971,59.8861,-1.81142,2.24979,-2.03935,-0.0128348
257.37,2.12364,2.36755,123.989,-1.21115,0.279104,144.321,1.16103,-1.1942,2.08845,0.0128348
170.343,1.9286,2.95182,92.6144,-2.6979,0.677133,103.154,-2.16465,-0.631611,2.27469,0.0128348
172.31,-0.752908,0.790933,77.1888,2.83491,0.876437,85.8391,1.04676,-2.47104,0.0855044,0.0128348
154.572,-2.86853,2.05923,54.8995,0.684832,-0.153735,91.8188,-0.625332,-1.35072,-2.21296,-0.0128348
124.562,2.2253,3.11134,39.081,-2.79602,-2.66236,69.4865,0.601429,-0.232227,-0.509486,0.0128348
72.2162,-2.04812,0.429016,71.9309,2.97794,0.51778,118.16,1.08954,-2.6609,0.0887633,0.0128348
259.534,-3.13282,0.556027,67.1862,1.23012,-0.804305,143.962,0.502967,-2.97307,-1.36033,-0.0128348
151.135,-3.16548,0.684274,137.621,2.71761,-0.763903,130.398,0.378588,2.11596,-1.44818,-0.0128348
62.1518,3.48596,0.937016,54.721,-3.18642,-1.22446,42.0283,-0.219438,-3.1288,2.16147,0.0128348
168.799,-3.00548,0.275646,152.369,2.41852,2.98601,84.3236,0.4892,-2.08292,2.71037,0.0128348
196.569,0.844202,2.07177,109.33,-2.36434,0.469196,130.429,-1.99582,-1.55571,1.60258,0.0128348
249.256,0.934691,2.30329,101.402,-3.0741,1.10299,106.918,0.578982,-1.1042,1.2003,0.0128348
195.685,-2.92865,2.62297,45.5114,0.792396,-3.00662,200.373,-0.186351,-0.239734,0.653599,0.0128348
159.762,-2.70716,2.90568,70.6059,1.17125,1.49653,144.568,-1.68011,-0.521107,-1.40915,-0.0128348
101.842,2.14927,0.981246,92.6056,-3.26175,2.39295,103.401,-1.19318,-1.72467,-1.41171,0.0128348
90.8804,-1.47029,1.15224,78.0723,2.34596,2.33849,65.5324,-0.0364216,-1.6037,1.18625,0.0128348
147.499,-2.75441,-1.57082,43.3179,2.6858,-2.64523,153.679,0.206512,1.54435,-1.07441,-0.0128348
93.2621,1.47162,0.707263,44.3178,-3.15619,0.213763,69.4899,-1.41726,-2.27549,0.4935,0.0128348
118.79,2.0175,1.63655,58.3585,-1.43358,0.273503,79.3456,-0.819473,-1.71381,1.36305,0.0128348
150.664,-0.755718,-2.58934,103.036,2.66061,-2.57432,181.509,0.215111,0.434244,0.0150151,0.0128348
152.041,-0.300127,0.747521,77.4999,2.76386,-1.27735,64.9137,0.99291,-2.57266,-2.02487,-0.0128348
154.175,2.61402,-0.937936,142.794,-1.31903,0.0205276,138.292,0.356862,2.66074,-0.958463,-0.0128348
124.179,-1.08251,-0.433545,98.8227,3.31594,-1.65684,127.797,-0.350487,2.30669,-1.22329,-0.0128348
106.311,2.74915,-2.84159,72.6649,-2.61004,-1.6966,82.0308,1.17739,0.680126,-1.14499,-0.0128348
106.432,1.12076,1.36538,60.1755,-3.44178,1.11446,152.794,0.118869,-1.78237,0.250927,0.0128348
246.477,2.69069,-2.08473,107.345,-2.78152,1.87456,146.415,0.956284,0.561775,2.3239,0.0128348
232.503,-0.240851,-0.0261017,37.402,3.28883,1.51311,94.447,1.30996,-2.77649,1.53921,0.0128348
107.647,1.77933,-2.77407,83.0197,-3.44328,0.0145201,58.5382,-1.16857,0.941254,-2.78859,0.0128348
53.3684,-3.04897,-1.2788,36.7225,3.30598,-1.91867,68.9133,1.53713,1.31462,-0.639876,-0.0128348
264.078,-3.07967,-2.89659,98.3182,3.98081,2.24554,140.332,1.35009,0.0567893,-1.14106,-0.0128348
151.957,2.73847,2.97869,53.5939,-1.99132,1.88013,50.0433,1.00509,-0.260454,1.09855,0.0128348
141.182,1.50804,0.604209,126.752,-3.22139,1.62323,91.0978,-1.37454,-2.32655,-1.01902,-0.0128348
89.6091,-3.84413,-2.01484,33.9522,3.61671,-1.5757,60.7274,-2.52724,1.05354,0.439137,0.0128348
204.729,2.00245,-1.29943,140.659,-2.87578,-2.63215,172.139,-0.0523733,1.18226,1.33272,0.0128348
153.151,2.51134,-1.41051,70.6881,-2.67386,-2.19295,150.227,0.956479,1.57843,0.78244,0.0128348
276.534,1.93625,1.68106,91.6357,-2.56859,2.32644,122.615,-0.137596,-1.30584,-0.645379,-0.0128348
170.973,3.78453,-2.01576,41.1818,-1.61464,-0.554979,145.77,1.2078,1.48018,-1.46078,-0.0128348
523.154,-1.53512,-0.940145,135.753,3.0952,2.03251,368.608,1.20896,2.41538,2.97266,0.0128348
90.2112,-0.705195,1.73989,43.9245,2.83601,1.41091,89.4653,1.50664,-1.60452,-0.32898,-0.0128348
93.3767,-2.34977,-2.49459,60.4497,3.24707,2.48686,98.0483,0.549623,-0.0999909,-1.30174,-0.0128348
130.474,-2.42672,1.18424,78.5898,1.29809,-2.36095,51.9226,-0.993181,-2.49462,2.738,0.0128348
164.703,2.90747,-1.22732,146.055,-1.69891,-2.30691,214.805,0.615006,1.21481,1.07959,0.0128348
74.2411,-2.39095,-2.15629,39.946,1.45026,-1.07872,83.103,-1.24794,1.10768,1.07757,0.0128348
155.744,-2.48777,-3.07668,147.073,0.622655,-1.88844,237.696,-1.3547,0.674663,1.18825,0.0128348
264.602,2.87002,-2.97546,74.8195,-1.99978,1.34822,127.261,-0.0471317,-0.398547,1.9595,0.0128348
151.683,-1.11428,1.26353,51.7568,2.19884,-0.202372,68.6109,1.10095,-2.24642,-1.4659,-0.0128348
158.826,1.73714,1.18094,31.8702,-3.48589,-2.73197,82.3588,-1.33776,-1.55999,-2.37028,0.0128348
155.532,-0.932038,-2.33141,35.2037,2.61188,-1.43227,128.509,0.0301433,0.953523,0.899143,0.0128348
208.54,-1.78186,-0.960619,45.9637,2.38028,2.73409,117.286,0.78909,2.04856,-2.58847,0.0128348
262.261,-1.60178,0.754929,257.85,1.85646,-1.29512,162.715,0.99591,2.85663,-2.05005,-0.0128348
120.257,2.01565,-1.24082,56.8626,-1.8083,-1.76222,67.4163,1.87061,2.34994,0.521408,0.0128348
95.8529,2.44843,2.46236,44.6731,-2.75834,2.14515,104.291,-0.418375,-1.14066,0.317204,-0.0128348
116.143,2.38477,-1.11701,106.957,-1.84493,-0.710379,200.832,0.869522,2.06381,-0.40663,-0.0128348
140.08,-1.687,0.0462242,108.126,1.85716,2.49539,74.974,0.468917,-2.06683,2.44917,0.0128348
160.305,0.705963,1.68396,154.463,-3.13777,2.87763,122.258,-0.631408,-0.884005,-1.19367,-0.0128348
91.8949,0.391019,2.61265,81.8643,-2.75446,-1.89203,65.1549,-0.862012,0.193735,-1.7785,-0.0128348
213.163,1.95521,-1.56778,46.6486,-3.80061,2.14389,218.145,-2.06329,1.50153,2.57152,0.0128348
93.0115,0.134071,2.32344,46.9315,-3.65478,-2.33002,89.6043,-1.36707,-0.123968,-1.62973,-0.0128348
153.598,-1.97289,0.310542,90.5153,2.3616,-0.624827,154.949,0.131757,3.1264,-0.935369,-0.0128348
95.7515,3.3326,-0.53194,65.2251,-0.183959,-2.20152,83.2698,1.84593,1.98486,1.66958,0.0128348
164.072,-0.947065,1.72358,105.283,2.66899,-0.468005,138.631,-0.535181,-2.03507,-2.19159,-0.0128348
121.561,-1.49939,-2.40222,44.2675,2.22256,-1.57203,133.84,-1.4658,1.05358,0.830195,0.0128348
472.41,1.93055,-1.3337,62.4894,-2.64238,1.50095,134.657,0.252614,2.08637,-2.83465,-0.0128348
168.282,-1.67071,2.48547,53.5651,1.78779,1.47588,74.2931,-0.743471,-0.592921,-1.00959,-0.0128348
209.628,-2.03796,-2.15169,74.9328,2.66432,2.49918,82.9801,0.988464,0.377271,-1.63232,-0.0128348
123.746,1.57447,-1.96484,119.92,-2.89604,0.927715,59.2171,1.13303,1.76353,-2.89256,-0.0128348
82.3726,-0.359739,2.64766,55.7736,3.20459,1.55197,75.3359,2.14181,-0.741025,-1.09569,-0.0128348
133.744,2.21104,1.90899,30.805,-3.96481,0.119776,82.4537,-0.438748,-1.33135,1.78921,0.0128348
119.493,2.22698,2.3713,51.2029,-2.11642,1.6479,81.2348,-0.814246,-0.964022,0.723403,0.0128348
83.2254,2.20722,2.6394,30.618,-3.16965,0.989838,43.1004,0.36337,-0.82869,1.64956,0.0128348
159.083,-1.22389,-0.691738,89.8825,3.5762,-1.66316,198.938,0.484246,1.92097,-0.971426,-0.0128348
160.874,-3.1507,3.09372,75.0967,0.177989,2.72839,109.652,-0.375692,-0.119081,-0.365331,-0.0128348
111.402,0.406396,-2.91373,89.0873,-2.8588,-1.39712,96.2104,-1.66507,1.10277,-1.5166,-0.0128348
217.757,0.164609,-0.541836,64.142,-3.6534,-1.99801,201.206,-0.307487,2.32614,1.45617,0.0128348
237.972,-2.8048,1.37382,64.3499,3.26344,1.62554,187.771,1.49114,-1.67743,0.251727,0.0128348
107.372,2.94891,-1.83725,55.3095,-1.0892,-2.43599,73.3088,-0.966936,1.11809,0.598741,0.0128348
194.429,-0.681107,-0.0172687,64.9114,2.9654,1.08819,59.1846,1.13201,-2.95099,1.10546,0.0128348
269.039,1.53511,0.862189,64.1321,-3.2106,-0.217212,192.117,-0.171388,-2.39615,1.0794,0.0128348
101.792,-2.52551,2.39999,42.695,2.10057,-2.99818,92.2414,-0.0705004,-0.424948,0.885015,0.0128348
125.261,-0.594573,2.4775,37.5669,2.89442,2.31545,98.8834,0.0726885,-0.327415,-0.162056,0.0128348
183.573,-1.97624,2.23954,92.4926,2.65718,0.126112,68.3161,0.609828,-2.03842,-2.11342,-0.0128348
99.5838,-2.03411,1.76459,82.0057,1.9739,0.215831,91.1526,-1.00547,-1.82913,-1.54876,-0.0128348
179.189,0.653013,-3.03802,56.6915,-3.35273,0.0908249,130.726,-1.16434,0.53204,-3.12885,-0.0128348
135.837,-2.09578,-1.7648,59.5754,3.11797,2.9958,61.0231,-0.375444,0.865837,-1.52258,-0.0128348
141.522,2.46024,-1.27458,85.4149,-3.46344,-2.88395,125.365,0.00953717,1.11761,1.60937,0.0128348
52.908,4.44798,-0.870652,36.7054,-1.38284,-1.2405,60.5571,0.518737,1.70383,0.369851,0.0128348
159.781,-2.29189,-1.5795,136.237,0.720047,-1.73239,108.894,-1.13532,2.51551,-0.152895,-0.0128348
141.597,2.25373,-0.110745,89.8859,-1.17932,-1.2153,122.537,0.00132425,2.63618,1.10455,0.0128348
166.586,-2.96971,-0.569919,157.312,2.41401,-2.30586,145.608,-0.848011,2.02942,-1.73595,-0.0128348
118.762,0.939624,-0.154173,77.8764,-3.04281,-0.0707575,87.2482,0.532498,2.7262,-0.0834156,0.0128348
211.364,-0.764165,-2.94095,73.2086,3.62688,-0.378183,114.56,0.0760468,0.468157,2.56276,0.0128348
157.712,-2.92383,-0.900711,117.6,2.50931,-2.92001,83.5177,-0.624463,2.12784,-2.0193,0.0128348
193.284,1.57157,1.0609,107.411,-3.5677,-0.443545,150.372,-1.56204,-2.41955,1.50444,0.0128348
166.997,-2.72356,2.38569,116.953,2.03493,-1.34167,67.5364,-0.188817,0.234505,2.55583,0.0128348
159.107,-2.29916,-0.713483,98.5618,2.29421,-0.454442,140.428,0.922443,2.08117,0.259041,0.0128348
128.881,-2.20766,-2.08327,75.5168,4.04013,-1.45803,99.7087,1.58418,1.37298,0.625238,0.0128348
92.4739,1.66707,2.15308,33.0612,-2.33625,-1.71054,53.606,-0.430172,-0.177477,-2.41956,-0.0128348
105.272,1.76174,-2.0617,50.2609,-2.30797,-1.27563,93.1951,-0.923606,1.54689,-0.786077,-0.0128348
259.038,-1.67311,-2.69363,105.867,2.74341,3.11812,209.399,0.209859,0.542201,-0.47143,-0.0128348
154.619,2.10753,-1.995,41.0576,-2.91824,0.588983,67.0506,1.3632,1.10661,-2.58398,-0.0128348
95.9258,-2.40191,1.48954,95.5761,3.32031,0.438503,153.204,0.766238,-1.90901,-1.05104,-0.0128348
143.248,-0.897403,-0.28941,126.299,3.22726,-1.5489,115.541,2.0172,2.41077,-1.25949,-0.0128348
77.0316,1.40189,-1.85842,61.7947,-4.04052,-0.619871,83.3542,-2.04968,2.1089,-1.23855,-0.0128348
202.494,3.31887,-1.52335,86.8934,-3.72252,-1.91296,99.9361,-1.14367,1.46737,0.389603,0.0128348
142.071,-1.9853,-0.106568,86.8876,1.22221,-1.17804,83.6199,-0.680697,2.38591,-1.07147,-0.0128348
80.4124,1.28866,-2.07688,46.5388,-3.77241,-2.90749,37.4668,-1.31033,0.780634,0.830618,0.0128348
240.351,0.492132,3.0721,127.625,-2.52778,0.538096,124.646,-1.12951,-1.29599,2.534,0.0128348
269.483,2.80458,-0.982257,190.64,-0.583692,2.68334,104.488,2.13,1.59972,2.61758,0.0128348
163.479,2.17276,-2.3743,127.681,-1.27108,1.78384,58.2001,0.514941,-0.24629,2.12504,0.0128348
176.885,2.62873,-0.15204,71.7561,-0.564085,-0.121046,152.17,1.391,2.80201,-0.0309939,0.0128348
137.498,1.85281,0.596624,71.3712,-2.88151,-1.53957,44.933,-1.51165,2.62741,2.1362,0.0128348
134.417,-1.71321,-1.79845,51.6794,4.5926,-2.92641,81.3553,0.904184,0.847251,-1.12796,-0.0128348
124.106,-1.66325,0.88415,50.8046,2.50563,-1.82062,44.398,-1.77184,-2.58994,-2.70477,0.0128348
140.278,-3.03205,-1.6844,86.9363,2.25231,-2.83357,150.934,-0.815951,1.06943,-1.14916,-0.0128348
96.7042,-2.75841,-2.17285,52.0329,3.0771,-1.12667,80.573,-1.58127,1.46285,1.04618,0.0128348
85.8025,-2.66056,2.25351,81.013,3.47594,1.15291,85.2934,-0.149858,-1.91008,-1.1006,-0.0128348
184.448,2.127,2.34246,168.037,-1.42277,-1.59361,84.3437,0.325109,0.104694,-2.34712,-0.0128348
404.744,1.8522,-1.80696,47.0878,-4.71078,2.34411,148.499,-0.358445,1.29329,2.13211,0.0128348
94.2991,0.430418,-0.19954,71.4658,-3.08867,-1.27804,120.933,-2.36011,2.82665,1.0785,0.0128348
111.124,2.81859,2.51129,48.4691,-0.902151,-0.376773,50.9401,2.44269,-2.04932,2.88807,0.0128348
143.318,0.315802,2.99899,45.0246,-3.69339,0.290203,33.6335,-1.22076,-0.325584,2.70879,0.0128348
455.063,-1.72591,2.78491,45.8181,2.45404,0.943103,378.868,-0.614863,-0.476607,-1.84181,-0.0128348
192.538,-0.808215,-1.26406,134.079,3.52696,-1.97474,153.035,1.78284,1.40746,-0.710675,-0.0128348
119.668,2.36371,-0.587511,59.9382,-3.08562,0.540934,214.101,-0.198376,1.93468,-1.12845,0.0128348
101.602,1.1518,-0.135434,54.1788,-2.14559,0.0769894,134.658,-0.57015,3.10515,-0.212423,-0.0128348
83.7681,-2.28772,-2.50451,44.2204,2.24096,2.62824,104.32,1.19674,0.234711,-1.15044,-0.0128348
82.3195,3.10017,1.21205,32.5639,-4.66155,-0.0625174,60.7316,-1.22849,-2.24555,1.27457,0.0128348
108.158,-0.641122,0.142906,41.2912,3.53344,0.89681,107.251,1.49851,-2.55406,0.753904,0.0128348
180.415,-2.96568,-3.01096,59.7392,1.73909,1.51004,161.63,-2.3891,-0.140916,-1.76218,-0.0128348
117.565,2.82429,-3.05808,95.8579,-2.5481,0.783737,92.6298,-0.392443,2.80373,2.44137,-0.0128348
87.2378,1.30309,-0.267654,71.4767,-3.1569,0.676351,79.2746,-0.607045,2.96625,-0.944005,-0.0128348
310.22,2.49499,1.82904,35.3981,-2.17947,2.19959,204.293,-0.789457,-1.29192,-0.370553,-0.0128348
285.582,0.0889836,-1.88395,102.821,-3.26431,3.10812,244.567,-0.168364,1.09886,1.29112,0.0128348
116.415,-1.48491,1.7687,62.9848,3.82638,1.29327,62.5215,1.50651,-1.19383,-0.475432,0.0128348
254.858,2.20175,1.09882,53.5113,-1.56837,1.27754,123.206,0.273243,-2.09098,-0.178716,-0.0128348
127.402,1.6947,2.44739,51.9751,-1.39259,0.871962,50.5781,1.39269,-0.546092,1.57543,0.0128348
278.046,0.55303,1.35212,54.0464,-3.37546,-0.565449,169.155,-0.944611,-2.08241,1.91757,-0.0128348
160.597,2.41837,2.75733,137.409,-3.1931,2.41723,227.636,0.206201,-0.329011,0.340103,-0.0128348
140.705,-1.73098,-0.724466,51.3377,1.87179,2.70035,71.5067,0.439583,2.30537,-2.85837,-0.0128348
157.053,1.73195,2.03204,77.6977,-1.5373,0.181539,71.9301,-1.21001,-1.78856,1.8505,0.0128348
216.046,1.23242,1.97983,78.6458,-1.98467,2.89187,151.681,0.2542,-1.00368,-0.912044,0.0128348
192.463,-1.67682,2.68297,166.177,2.84867,0.889379,159.795,0.925154,-1.20514,-1.79359,-0.0128348
174.833,-2.13763,2.82764,82.328,1.78774,-1.25524,67.9713,-0.243747,0.524891,2.2003,-0.0128348
47.8969,1.24849,2.28431,47.7923,-4.44805,-2.79857,29.3969,-1.23859,-0.62553,-1.2003,-0.0128348
144.757,1.26541,0.541971,93.9259,-1.85411,-0.621435,123.915,1.14745,-2.65819,1.16341,0.0128348
120.878,2.91606,2.37332,97.3862,-0.417855,-1.42505,45.2884,1.08116,0.308712,-2.48481,-0.0128348
178.234,3.11601,2.76862,74.8705,-1.03088,-2.73558,114.401,1.12375,-0.222028,-0.778985,-0.0128348
111.755,1.65237,2.04384,66.7066,-1.41571,-2.9967,107.954,-0.723822,-0.829099,-1.24264,0.0128348
117.723,-1.4521,-1.8561,81.9595,3.72798,2.983,108.14,0.0702473,0.466977,-1.44409,-0.0128348
345.271,2.28058,-2.60295,177.17,-1.12463,2.13161,249.259,0.378232,0.0335796,1.54862,0.0128348
201.497,3.43346,-1.14024,36.4715,-2.56755,0.68242,94.6684,1.1723,1.59979,-1.82266,0.0128348
164.478,-1.79273,-1.90018,116.324,1.95448,-1.63154,205.113,0.65477,1.74821,0.268645,0.0128348
134.431,-2.41278,-0.103105,67.5371,2.61468,1.15204,72.53,0.888884,-2.23798,1.25515,-0.0128348
133.364,2.73736,-0.251898,116.352,-1.03708,1.25674,151.245,0.624395,3.00086,-1.50864,0.0128348
155.935,-1.9046,-1.32725,50.2049,3.61548,-0.439057,103.459,1.05797,2.09075,0.888197,0.0128348
216.042,0.661323,-1.6868,105.12,-2.3423,-2.88429,209.02,-1.71978,1.13634,1.19749,0.0128348
309.16,2.70183,0.135102,171.916,-1.27538,1.32542,411.646,-0.614647,-2.69715,-1.19032,-0.0128348
141.004,-1.09355,-2.67426,125.003,2.3895,2.44565,152.277,0.207363,0.152373,-1.16328,-0.0128348
97.6538,2.9494,-0.568778,36.9345,-0.620926,-2.23106,56.8758,0.174652,1.60155,1.66228,0.0128348
128.9,-3.67564,-1.46448,117.44,0.354704,-0.424613,71.1081,-1.53927,2.02887,1.03987,0.0128348
111.645,-1.50428,-1.97002,46.1495,4.40214,-0.832835,105.685,0.939122,1.33907,1.13719,0.0128348
204.414,1.85769,-0.0472228,146.76,-1.94419,-2.69316,61.918,-1.44037,2.43091,2.64594,0.0128348
126.881,3.16469,1.2697,43.1714,-0.361538,0.705988,70.4498,1.01539,-2.27387,0.563712,0.0128348
267.818,2.66049,3.10947,117.782,-2.14767,1.2653,319.281,0.317144,-0.419914,1.84417,0.0128348
107.534,-1.35536,3.08291,34.3399,2.86827,-1.34768,80.6739,-0.666564,-0.0594378,1.8526,0.0128348
112.774,-0.54421,2.97917,31.5021,4.26221,-2.72701,118.051,1.89127,0.0336493,0.576998,0.0128348
244.768,1.14638,1.52219,101.067,-3.52744,0.156701,105.492,0.966548,-2.37743,1.36549,0.0128348
342.242,1.65964,-1.38059,70.1525,-4.20708,-0.620791,329.169,0.966206,1.8513,-0.759804,-0.0128348
131.009,1.62073,1.87837,120.464,-1.49403,-1.44662,72.8241,0.676119,-0.6358,-2.9582,-0.0128348
67.0445,-3.65675,2.74218,56.7895,2.76653,-3.03493,35.264,0.624155,-0.46651,0.506074,0.0128348
436.18,-1.43625,-0.862405,208.243,2.39055,-3.10805,257.367,-0.172702,1.70058,-2.24565,-0.0128348
77.4152,-2.80962,0.515482,30.643,2.11873,2.88818,39.6823,-1.18047,-1.49512,2.3727,0.0128348
83.6849,1.93361,1.79746,65.9967,-3.41595,0.180781,47.3665,-0.759535,-1.71045,1.61668,0.0128348
221.115,-2.13586,2.30161,156.365,2.90853,2.36417,372.099,-0.470845,-0.907903,0.0625565,-0.0128348
188.675,-1.78336,1.33721,60.3895,3.31093,2.65101,138.879,0.217021,-1.52914,1.3138,0.0128348
176.359,-1.06458,-1.02629,43.229,4.21255,-2.84764,145.3,2.12393,1.85452,-1.82135,-0.0128348
113.283,-2.20133,-1.85492,68.4001,1.0971,-2.59931,129.076,-0.951374,1.22901,-0.74439,-0.0128348
80.0711,-1.14183,1.97085,60.4675,2.01359,-1.46212,33.1174,-1.87213,0.131696,2.85021,0.0128348
77.689,0.995029,-0.630958,32.1262,-4.78042,0.888056,79.4255,-0.963925,2.67706,-1.51901,-0.0128348
56.2309,2.3941,-2.68676,42.5573,-2.76584,-1.84912,54.7666,0.270709,1.05385,-0.837639,-0.0128348
139.908,2.91511,-1.72898,55.5475,-1.68266,-3.06001,104.623,0.0948715,1.10962,1.33103,0.0128348
108.185,-2.64033,2.26655,35.0197,4.13758,2.93606,98.1115,-1.66496,-1.44946,0.669517,0.0128348
349.584,-2.46867,-2.3693,87.598,1.71403,2.55694,280.983,-1.88538,0.563884,-1.35694,-0.0128348
461.125,-1.3359,-1.64542,96.3275,2.65729,3.06296,331.992,0.256766,1.43019,-1.5748,-0.0128348
117.436,2.59576,-1.47341,47.7688,-3.05685,-0.221607,133.175,0.489604,1.69816,-1.2518,-0.0128348
172.869,-0.442202,-1.93606,93.6623,3.57991,1.59935,43.3767,1.77312,0.711937,-2.74777,-0.0128348
64.8021,1.18615,-2.09463,49.3829,-3.39064,1.53276,38.869,0.0910293,-0.581713,2.6558,0.0128348
184.924,0.187465,0.426968,70.2693,-3.82539,-0.892161,179.396,-1.09209,-3.12934,1.31913,0.0128348
260.167,3.08234,0.769771,31.081,-2.16001,-1.11261,227.619,1.62655,-2.5144,1.88238,0.0128348
62.1103,2.94527,-2.68176,56.4192,-1.76541,1.65916,66.1271,-0.89088,-1.18678,1.94227,0.0128348
241.291,1.73785,0.0478531,50.301,-1.62792,-2.00686,97.6439,1.25092,2.66887,2.05471,0.0128348
41.8737,3.37301,0.27493,40.3144,-2.61856,-1.30121,60.6279,2.08694,-3.12124,1.57614,-0.0128348
407.717,-1.56143,2.31296,49.1567,3.37195,0.46741,251.677,1.19173,-0.952045,-1.84556,-0.0128348
119.402,-3.00712,-1.17782,31.9091,1.15505,-2.62435,96.0101,-0.844325,1.98743,-1.44652,0.0128348
433.471,-0.265362,1.95092,39.2669,3.1351,0.56797,280.055,0.281707,-1.23985,-1.38295,-0.0128348
98.6652,-2.38361,-1.1538,69.612,2.11477,-1.66211,186.546,-0.472975,1.85571,-0.50831,-0.0128348
168.948,-2.07787,-2.90954,96.2,2.64141,-0.444341,202.289,0.149861,1.31445,2.4652,0.0128348
514.817,0.676267,-0.846077,88.1211,-2.69313,3.0796,144.884,-0.00265006,1.90645,2.3575,0.0128348
317.445,1.07413,2.07328,186.106,-2.01362,-2.22902,169.025,-0.396842,-0.474378,-1.98088,-0.0128348
176.858,2.00304,-0.489395,102.032,-2.7225,1.1782,188.66,-1.19317,3.12537,-1.6676,-0.0128348
138.343,2.34034,1.29205,85.9076,-1.0812,2.91814,121.619,0.772471,-1.47307,-1.62609,-0.0128348
149.586,-2.20063,2.41122,87.6359,3.05664,-2.84395,105.829,0.426824,-0.8577,1.02801,0.0128348
107.957,1.87522,0.0647795,63.3113,-2.2541,0.255538,69.5219,-0.87114,-2.96417,-0.190759,-0.0128348
194.091,0.925459,-0.0649399,105.015,-2.60891,2.66484,68.0592,-2.1741,3.07407,-2.72978,-0.0128348
91.0591,3.06396,2.89681,77.0959,-2.86712,1.00857,150.708,-1.42752,0.0157184,1.88824,0.0128348
186.785,-2.22404,1.33888,37.6557,4.25157,-1.2875,139.11,0.920031,-1.94676,-2.62637,-0.0128348
112.134,2.97808,-1.93756,100.835,-3.16641,2.55312,133.938,2.01801,-0.421379,1.7925,0.0128348
141.269,2.24265,-0.0696993,103.665,-1.76795,-2.32655,68.3517,1.0562,2.90053,2.25685,0.0128348
122.19,1.34669,-1.61771,44.4435,-4.64924,3.07356,166.409,-0.665261,1.16274,1.59192,-0.0128348
129.108,2.74314,2.28968,128.697,-2.09753,-2.81746,174.324,0.111926,-0.304983,-1.17605,-0.0128348
175.062,-1.88407,-0.625961,138.235,2.10284,0.802138,214.418,-1.37807,3.07821,1.4281,0.0128348
68.9245,-3.80899,2.33237,60.5699,1.45428,1.88994,90.3211,-0.914853,-1.00408,-0.442433,-0.0128348
138.704,-0.609661,3.0578,69.3817,3.19447,1.95274,99.6554,0.229579,-0.784663,-1.10506,-0.0128348
122.601,2.45125,-2.56203,66.1794,-2.06254,2.8337,64.6643,2.33347,0.00486573,0.887464,0.0128348
173.826,-1.97854,-1.80324,79.2842,2.18328,-2.91196,163.129,-0.245381,1.12604,-1.10873,-0.0128348
97.8811,0.536135,-0.923874,66.3301,-2.84214,-1.68569,148.365,-0.754139,1.90075,0.761813,0.0128348
108.725,2.02922,0.942543,68.708,-2.10536,2.31625,74.7442,1.4786,-1.12244,-1.37371,-0.0128348
100.983,0.88809,0.24918,74.6842,-3.00009,1.98767,81.6724,-1.52257,-2.25044,-1.7385,0.0128348
214.753,2.57952,-2.6983,34.6249,-1.41687,1.18137,178.97,1.12436,0.294216,2.40352,-0.0128348
306.212,1.73879,-3.12615,208.721,-2.45928,1.24715,220.87,0.41848,-0.572042,1.90989,0.0128348
359.643,-1.9311,-2.40715,91.0811,2.73329,-0.577975,167.89,-0.0607069,0.89098,1.82918,0.0128348
107.604,1.25566,-3.10389,102.174,-1.86962,-1.45867,145.423,0.875646,0.444392,-1.64522,-0.0128348
201.489,2.15324,-2.71324,194.793,-3.48598,2.24075,241.581,0.324906,-0.360353,1.3292,0.0128348
147.537,2.9976,-0.533872,48.337,-2.7708,-2.27384,89.132,1.24443,1.9696,1.73997,0.0128348
117.335,-0.89039,1.80088,46.6025,3.43252,-0.147179,71.8892,1.22813,-1.71965,-1.94806,0.0128348
225.673,1.93404,3.04726,66.0004,-4.40533,0.875349,143.858,-0.480366,-0.511241,2.17191,-0.0128348
83.9115,1.63746,-2.21313,72.4323,-4.19309,-1.46283,72.1838,-1.52285,1.3422,-0.750298,-0.0128348
174.505,-1.9751,2.64183,132.089,1.44894,-1.3565,89.2066,-1.69083,0.614855,2.28486,0.0128348
108.809,0.73093,0.631118,61.5596,-2.48792,-1.43786,63.4377,-0.387303,-2.71076,2.06897,0.0128348
90.101,2.26845,-2.45223,90.0052,-3.00754,1.21239,75.5326,-0.241093,-0.8441,2.61856,0.0128348
146.384,2.76091,1.19055,104.97,-3.39816,0.462602,75.5405,0.435309,-1.911,0.727944,0.0128348
148.086,-3.18205,1.91361,59.1412,0.00067367,0.263806,102.254,-0.713522,-1.96133,-1.6498,-0.0128348
405.583,-1.57313,1.94291,92.6066,1.84147,0.278813,313.301,-0.0519472,-1.3387,-1.66409,-0.0128348
167.583,-1.41255,-1.8213,35.083,3.02546,2.62642,141.445,1.30752,1.17582,-1.83546,-0.0128348
89.0873,3.91794,-0.482597,58.4262,-0.222238,-1.15658,45.3441,1.26401,2.29763,0.673985,0.0128348
183.222,2.20483,-1.95388,144.025,-1.97148,2.71562,165.216,1.42246,0.610993,1.61369,0.0128348
84.5574,-2.37742,-2.92505,77.2955,0.738152,-0.576866,100.005,-1.02169,1.18425,2.34818,0.0128348
120.326,-2.60953,-1.96725,88.172,3.64966,-0.169746,113.831,0.681415,2.64411,1.7975,0.0128348
89.64,0.156235,0.166117,32.6145,-3.56137,-2.17973,45.8278,-1.93871,-2.89931,2.34585,0.0128348
57.0666,2.27281,1.16244,50.4188,-1.58691,0.648065,33.5727,2.17939,-1.71081,0.514375,0.0128348
74.8101,2.0687,-1.28532,64.1671,-2.47909,0.3188,79.6392,-0.971758,2.37727,-1.60412,-0.0128348
215.111,-2.35834,-1.5111,43.5004,4.55199,0.816804,249.574,0.624882,2.10514,2.3279,0.0128348
207.604,-2.45592,-0.732644,179.048,2.08425,-2.14358,138.174,1.67594,1.59507,-1.41094,-0.0128348
91.3178,2.28967,-1.81231,86.3566,-0.865231,0.0370575,88.4213,0.641768,1.82714,-1.84937,-0.0128348
77.9496,3.84086,1.5653,39.2105,-3.86692,-2.91371,41.9273,-2.49427,-1.5986,-1.80417,-0.0128348
154.671,2.07243,2.1336,114.499,-3.35948,2.51522,161.024,-1.09174,-0.995613,-0.381621,-0.0128348
211.107,-2.50153,0.777512,145.645,2.65725,-1.12844,121.261,0.0605245,-3.05335,-1.90595,-0.0128348
371.597,-1.2502,0.0418916,85.8297,3.47288,0.593191,283.794,-0.646904,-2.99519,0.551299,0.0128348
233.504,-1.94746,-2.00187,165.518,1.72743,-3.13063,273.474,0.418435,0.819913,-1.12876,-0.0128348
162.822,1.06165,1.81128,54.4673,-2.23186,-0.00908622,155.629,-0.112422,-1.44929,1.82037,-0.0128348
193.484,1.86083,-2.01325,59.8637,-3.90844,2.46288,117.394,0.378995,0.6427,1.80705,-0.0128348
135.269,0.810818,1.46691,107.39,-2.52134,2.30183,110.48,-0.354827,-1.36913,-0.834913,-0.0128348
112.181,1.65077,2.50834,86.4543,-2.60692,-1.2804,64.0353,-0.253891,-0.856405,-2.49445,-0.0128348
90.5673,3.03836,2.93111,78.963,-2.85521,2.94853,111.463,0.933346,-0.465192,-0.0174251,-0.0128348
93.7421,-0.517852,3.05326,62.6922,2.95822,1.82999,118.937,1.63433,-0.877475,-1.22327,-0.0128348
84.4484,-3.09484,2.3571,71.7322,0.55577,-2.71717,77.4774,0.464052,0.117657,1.20891,0.0128348
339.156,-0.670614,-0.891693,42.7185,4.0113,-1.59718,224.972,-0.015,2.27535,-0.705486,-0.0128348
168.735,1.17169,-0.33339,42.3291,-2.54502,0.725991,169.623,0.0115149,3.10165,-1.05938,-0.0128348
231.492,-2.45971,2.52192,62.2298,3.36274,0.921797,159.129,-0.535384,-0.930411,-1.60012,-0.0128348
138.583,1.61764,1.63494,42.8192,-2.46885,-1.96093,105.58,-1.5096,-1.31563,-2.68732,-0.0128348
134.98,-0.305458,1.05231,50.0666,4.31654,0.146298,97.4304,-0.228581,-2.37561,-0.906009,-0.0128348
208.195,-2.27059,0.842875,136.699,1.54495,2.88379,80.9446,0.245696,-1.81007,2.04092,0.0128348
218.318,-1.73186,1.52431,38.1561,2.60978,3.10786,188.407,-0.0889016,-1.52705,1.58355,0.0128348
178.656,-0.568356,-1.48549,49.6474,4.08773,-2.0397,125.58,0.486869,1.56299,-0.554212,-0.0128348
126.477,-0.789393,-3.10877,105.736,3.08684,2.68416,141.492,1.36067,-0.309423,-0.490254,-0.0128348
156.622,-2.67093,0.428207,48.1853,1.64687,1.66603,111,0.887592,-2.46408,1.23782,0.0128348
95.4303,2.72614,0.0645173,69.0768,-3.63906,1.96009,46.5915,-0.863976,-3.071,-1.89557,-0.0128348
91.8324,3.12596,-1.97981,44.104,-0.511019,-2.52792,30.9026,2.97769,0.363266,0.548105,0.0128348
418.132,-1.84759,-2.84558,67.2907,3.56548,1.34339,246.831,-1.07208,0.134259,-2.09421,-0.0128348
389.957,-1.53502,1.81808,152.834,3.00574,-0.535822,120.203,0.460056,-1.44362,-2.3539,-0.0128348
93.8205,-1.93064,-1.3254,40.1838,3.61454,1.48146,70.2828,-1.70869,3.12654,2.80686,0.0128348
112.874,1.84582,-1.68517,103.342,-1.81523,-0.446462,70.4447,1.55777,1.77339,-1.23871,-0.0128348
103.46,3.64321,2.33415,37.7498,-4.2496,1.50719,66.5872,-1.15073,-0.861843,0.82696,0.0128348
94.89,2.12287,-1.49584,76.8313,-2.11665,-1.62829,124.22,0.798587,1.52808,0.132449,0.0128348
78.4988,1.99543,-1.61772,70.1553,-2.14164,1.94676,43.0946,-1.40774,0.0027887,2.71871,0.0128348
159.581,-1.62814,-1.64568,54.7708,2.39951,1.24744,57.3387,-0.883227,1.51138,2.89311,-0.0128348
146.344,2.65777,1.12427,107.973,-1.66766,-0.106105,90.1701,2.01333,-2.68649,1.23038,0.0128348
154.579,-1.59501,0.383879,95.2737,4.2719,1.51504,149.356,-0.273232,-2.27936,1.13117,0.0128348
245.154,-2.44404,-0.0351404,33.8992,1.82113,-1.63869,179.21,-1.51123,2.93804,-1.60355,-0.0128348
79.362,-2.58712,0.462615,79.0431,3.08743,-1.99862,115.458,-2.28642,2.86705,-2.46123,-0.0128348
90.0355,-2.46784,2.20844,81.2379,2.47602,-2.43662,60.5057,-0.834724,-0.213571,1.63813,0.0128348
118.331,-0.935594,-0.672201,83.319,2.75774,1.17706,59.6308,-0.143457,-2.99484,1.84926,0.0128348
184.044,-2.31946,-2.90763,70.5355,1.39745,-1.11297,159.161,0.0469547,0.884896,1.79466,0.0128348
69.8854,2.3973,2.92547,69.5738,-3.82217,-1.49747,66.565,-1.22996,0.283773,-1.86024,-0.0128348
130.798,2.67929,-1.864,58.9938,-1.68178,2.70601,49.706,0.770762,0.330594,1.71318,0.0128348
200.692,2.36631,0.939858,113.838,-3.12673,-1.66879,77.9046,-1.29136,-2.62193,2.60865,0.0128348
132.537,3.00991,-0.0864018,102.135,-3.43653,0.815338,121.16,0.295946,-3.10298,-0.901739,-0.0128348
317.456,2.33848,2.21393,212.743,-2.00841,-1.63344,87.2373,1.05413,-0.270498,-2.43581,-0.0128348
120.245,2.47939,1.35624,70.1884,-0.577097,1.70463,121.681,1.52489,-1.81842,-0.348394,-0.0128348
130.992,-1.02019,0.264233,128.07,2.46286,-1.46759,43.8714,-0.555953,2.43477,-1.73183,-0.0128348
262.338,0.803049,0.126953,130.692,-2.90128,-2.6947,63.792,-0.183537,2.67728,2.82165,0.0128348
48.2536,3.59646,-2.08222,39.5386,-0.99741,2.13024,42.8256,0.0435385,0.0315543,2.07072,0.0128348
206.273,-2.17253,-0.988454,128.277,1.81266,2.75333,76.6456,0.979509,0.689133,-2.5414,-0.0128348
284.033,-1.95408,1.78824,47.4503,2.22002,-3.07428,254.914,-0.0791666,-1.21607,1.42067,0.0128348
194.416,2.98567,-0.597583,70.4727,-2.37573,1.2579,125.182,2.23906,2.86026,-1.85548,-0.0128348
161.202,-1.17036,-0.081585,159.411,2.93275,-0.962303,222.1,0.368402,2.60508,-0.880718,-0.0128348
139.488,1.71732,0.565657,136.544,-2.47449,1.09904,104.94,0.253215,-2.01498,-0.533387,-0.0128348
165.581,2.37577,-2.00495,54.8621,-2.26869,-0.599788,113.007,-1.06699,1.40893,-1.40517,-0.0128348
185.212,0.775443,-1.80311,117.763,-2.44383,2.9336,160.668,-0.717404,0.523787,1.54648,-0.0128348
318.671,2.00319,0.459948,62.0932,-2.28699,0.0460851,212.865,0.493263,-2.90601,0.413863,0.0128348
292.138,1.14139,1.20231,84.3062,-3.39662,0.875607,200.78,-1.17988,-2.05548,0.326707,0.0128348
378.312,-2.15138,-3.08434,315.76,1.5754,0.779573,123.904,-0.766297,-0.930283,-2.41928,-0.0128348
82.5607,2.66089,0.260938,67.4564,-2.33387,-1.27137,96.008,-0.742663,2.73741,1.53231,0.0128348
123.934,-1.50221,-2.72554,55.6033,2.13042,-2.47949,86.4019,0.828706,0.550211,0.246047,0.0128348
281.282,-2.27526,0.392375,109.412,2.7476,-1.96289,138.963,-1.0968,2.93865,-2.35526,-0.0128348
88.7748,2.48532,-1.34309,37.3726,-2.53863,-2.8086,81.2823,0.938273,1.491,1.46552,0.0128348
245.358,-2.11783,1.51734,149.488,3.2122,-0.223411,211.395,0.61047,-2.18036,-1.74075,-0.0128348
178.523,2.16287,-2.38336,34.9401,-2.61977,-0.932135,150.475,0.225064,0.832841,-1.45123,-0.0128348
146.236,0.75372,-0.361343,46.2352,-2.77009,-0.79458,90.2054,-1.77517,3.05031,0.433237,0.0128348
85.1357,3.11765,2.95799,36.0608,-3.62864,-1.79311,51.4335,-0.0940006,0.481046,-1.53208,-0.0128348
460.172,1.99714,-0.133703,69.5644,-2.18264,1.4515,155.607,0.420886,-3.12734,-1.58521,-0.0128348
242.917,0.852487,3.08046,68.3524,-3.49208,1.47411,110.017,-1.18938,-0.212257,1.60635,0.0128348
68.9079,-3.95699,-2.32499,60.7553,3.05822,2.72225,46.9949,-1.8938,0.200464,-1.23595,-0.0128348
60.0899,0.656481,-2.94807,56.953,-4.04537,1.29205,29.4293,-1.92049,-0.435792,2.04307,0.0128348
299.851,-1.62708,-1.34666,145.071,1.46784,-2.7599,198.064,0.606075,1.17112,-1.41324,-0.0128348
150.507,-2.19951,2.5892,62.8678,2.5466,0.107345,73.8175,0.12152,-0.922145,-2.48185,-0.0128348
107.307,-0.650885,0.999841,36.8107,3.8626,-0.415598,73.0726,1.52073,-2.67377,-1.41544,-0.0128348
152.061,2.08973,0.31337,42.5286,-3.15465,2.90674,104.361,-1.08065,-2.90627,-2.59337,-0.0128348
263.937,1.82431,-0.586699,78.7489,-4.16237,1.27954,208.412,-0.765404,2.84695,-1.86623,-0.0128348
71.31,2.40688,-1.78385,56.8612,-2.907,-0.50006,73.2227,-0.679228,2.08368,-1.28379,-0.0128348
125.313,-2.48381,2.09093,54.9946,2.20357,2.44585,103.42,0.65848,-1.01472,0.354918,0.0128348
224.101,-1.84928,-2.39815,122.3,1.82139,-1.06511,94.0175,1.2811,0.872428,1.33304,0.0128348
186.311,2.33807,-2.39952,125.522,-2.48214,-0.759962,90.4312,-1.41655,2.03091,-1.63956,-0.0128348
269.895,-1.48493,-0.3059,116.799,2.99314,2.06041,87.6303,-0.231447,-2.9061,2.36631,0.0128348
98.2045,1.61391,-2.57171,66.8262,-2.18357,-2.19765,92.5028,1.0009,0.391062,-0.374054,-0.0128348
145.436,-3.52175,-3.01325,92.0598,3.17221,-0.949102,115.796,-1.69212,0.545596,2.06415,0.0128348
117.267,-0.926448,1.12873,88.0644,2.55952,-0.0908308,140.5,0.654325,-2.46692,-1.21956,-0.0128348
289.436,1.9105,-1.03058,56.3111,-2.97466,1.69858,204.51,0.979016,2.19595,-2.72916,-0.0128348
215.191,-0.277711,2.37907,57.7065,4.55538,1.66105,207.424,2.33353,-0.671395,-0.718029,0.0128348
132.129,-0.820772,2.98091,61.6313,2.33985,0.775701,93.0165,0.466682,-0.908378,-2.20521,-0.0128348
309.83,2.41179,-1.57549,94.625,-4.50296,3.03522,252.249,-0.617618,1.09473,1.67247,0.0128348
192.043,-2.56676,0.559099,121.414,0.970281,0.612899,165.895,-0.446345,-2.80404,0.0537995,0.0128348
265.399,0.283393,0.266263,64.3107,-2.72862,0.323751,273.764,-1.68809,-2.7737,-0.0574883,-0.0128348
94.4652,-1.57899,-1.67241,58.9789,2.75532,3.0486,54.5705,2.06706,1.0218,-1.56218,-0.0128348
140.738,2.93625,0.510996,134.14,-1.74007,-0.901893,97.101,1.44605,-3.07622,1.41289,0.0128348
148.787,3.17061,-1.37451,58.0983,-0.0870571,-2.88591,150.929,0.809607,1.74494,1.5114,0.0128348
87.1823,1.65741,2.53922,36.4445,-2.01529,1.1496,62.7259,-0.637868,-1.17033,1.38962,0.0128348
88.0493,1.28514,-0.273177,82.7229,-1.85083,-2.14326,97.5907,-0.853397,1.62437,1.87008,0.0128348
320.009,1.94614,1.85744,184.412,-1.62383,-0.59761,101.346,0.890195,-1.14912,2.45505,0.0128348
202.191,1.1978,3.09848,65.7284,-3.15547,0.842766,117.833,0.678948,0.0257159,2.25571,0.0128348
91.1872,-3.20929,1.48825,64.9398,1.08813,2.02671,127.744,-0.245035,-1.34086,0.538466,0.0128348
170.256,-1.60356,0.925611,127.935,2.78448,0.479479,198.681,-0.49463,-2.56109,-0.446131,-0.0128348
327.351,2.14755,1.14673,161.687,-1.9383,-1.02797,185.006,-0.902292,-2.41928,2.1747,0.0128348
270.035,-1.66811,-0.275712,47.7787,4.32813,-0.942976,96.021,1.04259,2.96998,-0.667264,-0.0128348
106.314,-1.37889,-1.50232,70.9152,3.45523,0.494025,81.0433,-0.376788,2.20434,1.99635,0.0128348
144.539,2.3484,2.02751,70.7084,-2.34124,1.81589,144.362,1.75462,-1.18028,0.211623,0.0128348
268.299,-1.42975,-2.84612,72.4909,3.75975,-1.33258,156.387,0.897617,0.691452,1.51354,0.0128348
203.379,-2.51988,1.49355,89.3103,2.4837,0.773139,92.6632,0.844803,-1.80041,-0.720415,-0.0128348
174.663,1.15849,-2.38177,34.7248,-2.82734,-1.34615,101.902,-0.0190641,0.797179,-1.03561,-0.0128348
235.759,0.857897,1.88059,214.544,-3.08494,2.71906,185.965,-0.87986,-0.699505,-0.838471,-0.0128348
100.287,-1.48963,-2.21226,63.538,3.47115,1.42715,26.0802,1.40278,0.666516,-2.64378,-0.0128348
102.205,-1.97782,-0.258948,63.4175,1.2866,1.55324,60.1598,-0.399143,-2.98871,1.81219,0.0128348
185.59,1.75233,0.249656,82.9608,-3.41448,2.26682,96.4988,-0.94447,-2.43434,-2.01716,-0.0128348
145.043,2.01378,-0.925166,113.635,-1.08459,0.168185,149.94,0.263424,2.96866,-1.09335,-0.0128348
87.0446,2.00301,-0.655209,33.3093,-2.11935,-2.17744,87.9185,1.31735,2.0765,1.52223,0.0128348
210.415,-1.89354,-1.94895,199.616,2.59562,-2.82454,154.489,-1.37477,1.24944,-0.875591,-0.0128348
223.829,2.48852,-0.641035,56.7111,-2.94386,1.47145,127.943,-0.816437,2.7224,-2.11249,-0.0128348
143.423,-3.25436,0.641607,93.3737,3.59631,-1.26959,115.444,1.31591,3.07515,-1.9112,-0.0128348
94.3808,2.26352,2.18729,76.2652,-2.62576,-2.40557,44.9711,-1.38912,-0.824892,-1.69032,-0.0128348
197.16,-0.0843279,-0.801974,69.6648,3.67935,1.64579,140.307,0.953359,2.84854,2.44777,0.0128348
230.316,2.8289,-2.52166,202.613,-1.18903,-1.43314,226.682,1.24839,1.03641,-1.08852,-0.0128348
256.581,1.35696,2.20405,139.832,-1.86139,0.897922,297.137,-0.988912,-0.943762,1.30613,0.0128348
107.278,3.04711,1.87138,105.322,-0.144749,-2.88893,59.5934,2.19708,-0.614046,-1.52288,-0.0128348
114.465,2.89384,0.864827,33.794,-2.36971,1.86491,92.7785,0.34059,-2.27779,-1.00008,-0.0128348
211.696,0.332214,-2.31872,111.098,-3.56336,-1.15746,166.268,-0.995731,1.16872,-1.16125,-0.0128348
142.593,-2.13721,-2.00235,94.6809,1.47854,0.215677,111.654,0.286678,1.13134,2.21803,0.0128348
332.129,-1.81056,2.38285,102.787,2.18011,-2.50192,92.3295,-0.342827,-0.480852,1.39842,0.0128348
230.296,1.54382,1.62596,45.2668,-3.66088,2.21564,273.095,0.79606,-1.26732,-0.589684,-0.0128348
106.749,2.55025,-1.00253,54.7222,-3.83058,0.606769,112.579,-1.17544,2.71386,-1.6093,-0.0128348
126.26,-1.02895,-1.16986,85.852,2.90715,-0.257751,112.962,0.676226,2.30841,0.912106,0.0128348
225.719,-1.40626,-2.50119,96.9553,2.35051,-0.693868,177.476,-1.05991,0.958786,1.80732,0.0128348
208.479,-2.32091,2.52253,107.276,2.36985,1.1222,107.332,-1.82049,-0.963898,-1.40033,-0.0128348
102.702,-1.05802,-2.33007,91.7844,2.09474,2.4096,93.8976,-0.0989583,0.119888,-1.54351,-0.0128348
132.368,1.32246,-3.04872,82.4923,-2.56023,-1.85671,121.97,-1.87451,0.610061,-1.19201,-0.0128348
357.521,-1.93246,-1.49513,128.76,3.46539,0.153127,188.808,2.20751,2.16478,1.64826,0.0128348
107.86,2.93288,1.89107,51.8702,-0.542132,-0.233341,63.7729,2.76235,-2.03194,2.12441,0.0128348
110.008,-0.489458,0.972319,60.1039,2.56389,-0.974145,59.2923,0.107208,-2.86076,-1.94646,-0.0128348
302.212,-1.04827,0.779844,46.4072,2.5742,0.899106,300.806,-0.664505,-2.31394,0.119262,0.0128348
222.009,1.71869,-2.75945,159.29,-1.93125,2.26851,184.343,0.819652,-0.0197571,1.25522,0.0128348
138.555,3.42365,1.94538,111.914,-2.75744,2.41035,84.4871,-1.90196,-0.72139,-0.464969,-0.0128348
203,2.44349,0.783797,83.0486,-1.69577,-0.714631,158.883,1.36129,-3.07368,1.49843,0.0128348
129.632,1.18182,2.39382,76.7068,-2.60422,1.20825,85.0204,-0.773721,-1.06054,1.18557,0.0128348
83.2322,-3.18602,-1.3094,35.8248,4.26394,-0.13579,61.017,-0.00971124,1.86848,1.17361,0.0128348
191.241,2.79667,-1.18005,95.6792,-3.50562,-2.03143,106.897,0.500373,1.52657,0.851374,0.0128348
167.617,0.926557,3.03413,75.8697,-2.21573,1.17291,133.056,-0.618716,-0.213026,1.86123,0.0128348
122.695,3.09311,-2.31165,72.9628,-2.07344,2.99245,161.561,1.21269,0.412556,0.979086,0.0128348
85.037,2.62079,0.302735,66.0564,-2.37563,-0.119172,115.017,-0.316648,-2.95415,0.421907,-0.0128348
149.382,-2.87952,-0.38603,107.598,2.53205,-2.73345,45.8994,-2.38215,1.63449,-2.34742,-0.0128348
152.934,-2.56726,-1.0933,55.7252,2.17098,0.38114,144.859,0.384652,2.20472,1.47444,0.0128348
166.495,-2.26167,1.4214,56.7237,1.41866,-1.85943,118.038,-1.86102,-1.09112,3.00236,0.0128348
148.708,-3.1527,2.80465,120.334,4.11223,-1.99629,149.552,-0.114785,0.325393,1.48224,0.0128348
181.741,1.90449,2.34028,44.5695,-4.49186,-1.52771,109.61,-1.61428,-0.602492,-2.4152,-0.0128348
185.436,-2.27138,-0.823142,148.892,0.892584,-1.70128,129.853,-0.692911,1.55526,-0.878139,-0.0128348
269.882,-2.75946,-1.23101,230.916,1.65696,0.00228823,243.582,0.383455,2.13679,1.2333,-0.0128348
283.384,-0.15785,2.10318,63.8051,2.98894,-1.79374,174.918,2.10467,-0.985433,2.38627,0.0128348
170.696,1.10874,2.33689,121.184,-2.4832,0.64888,116.47,-0.433743,-1.3757,1.68801,0.0128348
95.1253,-2.55327,0.397766,78.0406,3.24611,1.33774,110.8,-0.499869,-2.17583,0.939974,0.0128348
109.824,1.02353,0.993517,55.8944,-2.92654,1.66502,100.948,0.107276,-2.01519,-0.671498,-0.0128348
182.163,-2.69254,-2.09543,43.564,2.41197,2.8975,135.638,-1.60598,0.900209,-1.29026,-0.0128348
68.4865,2.0347,0.46455,68.0876,-3.71988,-0.71775,83.6269,-0.854472,2.68643,1.1823,0.0128348
138.838,-1.06122,-2.84697,58.1779,3.07715,-1.5955,70.5334,1.14962,0.416623,1.25147,0.0128348
180.675,-1.82001,1.49365,160.448,2.30316,-0.99041,145.439,-0.973935,-3.07469,-2.48406,-0.0128348
157.954,-3.90446,0.689183,45.0512,1.5874,-1.33591,89.3552,-0.689935,-2.8881,-2.0251,-0.0128348
230.304,-2.73417,-2.27382,83.7705,2.3106,0.304401,66.7228,0.697398,0.959107,2.57822,0.0128348
102.34,-2.81342,-1.93964,87.3018,3.46734,1.89688,64.494,1.96904,0.627975,-2.44666,-0.0128348
470.274,1.91838,-2.49832,65.4776,-1.61296,2.72771,440.356,0.779199,0.587417,1.05716,0.0128348
112.571,-2.03238,-0.2827,103.261,1.10983,2.015,68.5335,-0.167679,-1.46971,2.2977,0.0128348
231.673,2.45427,-0.907657,81.9915,-2.11985,-1.90598,204.369,-0.650273,1.73288,0.998324,0.0128348
112.86,-1.86125,-1.51319,96.4855,3.27675,0.172932,118.778,1.88199,2.22509,1.68612,0.0128348
105.736,1.85146,-2.06406,49.178,-2.52077,2.56031,62.0466,1.36121,0.595345,1.65882,0.0128348
71.9119,2.07058,0.576336,50.2216,-4.28651,-0.966094,113.66,-1.07743,3.11696,1.54243,0.0128348
122.376,1.01062,-1.34758,96.7674,-3.31952,0.15969,95.1982,-0.135014,2.32907,-1.50727,-0.0128348
284.297,-1.76372,2.85647,66.8281,3.92532,-1.91719,212.022,0.851204,-0.0383891,1.50953,0.0128348
92.6245,2.59726,2.1945,46.8675,-3.42135,-3.06603,111.531,-0.529121,-0.371006,-1.02266,-0.0128348
258.621,1.75853,1.27112,121.334,-1.82396,0.505075,121.491,0.237505,-2.20739,0.766043,0.0128348
143.708,1.41648,2.28519,80.2577,-3.45825,0.202953,125.6,-0.432098,-2.02567,2.08224,0.0128348
217.262,-1.47349,-0.279941,114.468,3.19024,-1.89363,126.896,0.486767,1.50282,-1.61369,-0.0128348
262.791,2.64567,-1.95465,163.069,-1.71572,-1.88239,423.21,-0.666642,1.03819,-0.0722631,-0.0128348
137.413,1.22639,-2.47686,32.928,-3.12134,-1.22921,129.732,0.103764,0.94164,-1.24765,-0.0128348
293.48,-2.12742,2.5031,51.5146,2.31933,1.31538,140.725,-0.868991,-0.77199,-1.18772,-0.0128348
84.6871,-2.64551,-0.986022,58.8052,2.40931,-1.16423,61.3656,-0.949524,1.96544,-0.178206,-0.0128348
79.1814,-3.3919,-2.58403,75.6271,0.798401,-1.4,30.0992,-2.46105,1.72219,1.18403,0.0128348
76.0005,3.39848,2.48463,59.8686,-0.428325,0.186703,38.2897,3.13023,0.254846,2.29793,-0.0128348
166.444,1.34545,-3.11039,86.6177,-2.3299,0.550933,63.4464,-0.778553,-0.0508013,2.62186,0.0128348
198.934,0.826187,1.9948,120.433,-2.37362,-1.51763,91.003,-0.254735,-1.04037,-2.77075,-0.0128348
135.812,-1.10082,0.808085,59.5471,3.40726,-3.03644,55.4667,0.711666,-2.51167,2.43866,0.0128348
549.596,-1.82051,-0.791855,121.989,3.40035,0.999857,424.178,-1.53622,2.61769,1.79171,0.0128348
129.643,-2.38573,1.57774,75.4555,2.83281,-1.52843,37.3301,-1.15256,-1.74843,-3.10617,-0.0128348
135.949,2.51621,2.89711,69.6546,-0.601837,-1.8984,116.742,1.16707,0.204594,-1.48767,-0.0128348
174.574,-2.37838,2.56984,48.7386,1.06379,-2.11846,142.309,-0.768484,-0.335765,1.59489,-0.0128348
91.3921,3.83527,2.63079,58.8237,-1.93865,-2.73227,89.4351,1.09856,-0.243425,-0.920124,-0.0128348
177.66,1.50379,0.728293,120.143,-2.24892,-0.434641,144.926,-0.5901,-3.00974,1.16293,0.0128348
278.561,-2.92387,2.31682,59.6877,0.611495,-1.35303,88.3938,-0.307341,-0.703375,2.61333,0.0128348
186.04,-1.63862,0.553329,80.7775,1.77098,-0.841883,127.633,-0.247805,-2.94944,-1.39521,-0.0128348
96.7352,-3.95718,-2.03333,90.9262,1.22118,-2.39101,151.265,-1.93859,0.907638,-0.357682,-0.0128348
159.943,1.57675,1.0583,121.143,-2.80786,2.60468,158.749,-0.15684,-1.39386,-1.54637,-0.0128348
144.016,0.982129,2.3042,97.0318,-3.65694,1.10901,170.069,-1.60121,-1.05216,1.19519,0.0128348
188.306,2.5944,-1.90048,63.1394,-1.61248,0.164378,71.0811,1.03364,1.96418,-2.06486,-0.0128348
147.697,-0.916017,1.30843,96.0491,4.15089,-2.90598,139.39,0.498498,-0.300028,2.06878,0.0128348
136.87,-0.821888,-2.30225,57.9952,2.68355,0.201776,40.4827,-0.703747,1.62641,2.50403,0.0128348
466.607,1.48979,-1.92735,200.399,-1.72925,1.56781,123.182,1.12487,0.980566,2.78802,0.0128348
89.5317,-0.324027,1.27075,41.4334,3.23507,2.94473,79.4808,1.72924,-0.887446,1.67397,-0.0128348
92.9513,1.54613,1.27325,54.5817,-2.05019,2.68888,35.585,0.807083,-1.33096,-1.41562,-0.0128348
108.052,-1.10531,-2.12393,83.1662,2.92745,2.54976,58.9911,1.12328,-0.0127068,-1.6095,-0.0128348
109.105,0.954658,2.27472,78.0967,-2.76344,0.367475,53.4283,-0.929446,-1.326,1.90724,0.0128348
74.3054,-1.40768,0.516587,45.1988,2.87609,2.23251,45.3893,-0.201109,-2.03045,1.71592,0.0128348
112.091,3.38306,1.03569,80.0327,-2.9078,-2.93184,152.27,0.0710358,-1.89945,-2.31565,-0.0128348
304.483,-1.87906,-1.77705,180.066,2.63588,-2.66513,311.108,-0.607868,1.519,-0.888074,0.0128348
54.2441,-3.27465,0.215403,45.9041,0.635906,2.23036,30.3461,-3.02886,-1.54865,2.01496,0.0128348
143.716,-0.943391,-2.21273,141.557,4.08246,-2.81373,151.753,1.97841,0.607674,-0.601003,-0.0128348
151.453,-1.73188,-1.23154,64.4556,3.0286,-0.541708,130.628,0.431746,2.1915,0.689832,0.0128348
128.543,2.00542,-2.04058,36.6265,-4.06806,1.66141,54.0636,1.72843,1.52698,2.5812,-0.0128348
117.293,1.40148,-3.10851,114.403,-1.60101,-0.909556,111.358,0.824889,1.1392,-2.19896,0.0128348
45.5927,4.68801,2.38321,44.1439,-2.40165,1.85163,55.8854,1.41736,-1.51302,0.531578,0.0128348
78.9042,-0.0747185,2.05287,75.9056,4.00887,-2.1976,77.9232,0.808956,-0.890894,2.03272,0.0128348
126.376,-2.24998,-1.44803,101.133,3.45031,-0.839175,130.398,1.3324,1.65463,0.608857,0.0128348
91.7596,2.47668,-0.77819,85.4262,-3.26716,1.86375,80.4164,1.144,-2.55945,-2.64194,-0.0128348
254.56,0.734458,1.68433,84.955,-2.50412,-2.19959,197.071,-0.40389,-1.20467,-2.39926,-0.0128348
194.07,2.18418,2.59014,191.951,-1.44462,0.895169,190.229,-0.611322,-1.40326,1.69497,0.0128348
157.189,-1.70935,-1.27478,78.4547,2.04339,1.18317,121.7,-0.249294,2.93961,2.45795,0.0128348
121.199,3.82195,0.577839,81.8469,-2.07626,1.6898,126.766,2.25451,-2.09716,-1.11196,-0.0128348
143.25,2.48099,0.432017,70.0588,-1.36277,1.75423,97.4248,1.29072,-2.55909,-1.32221,-0.0128348
106.556,-1.54224,0.384042,35.3128,2.96624,-0.863382,112.953,0.641634,-3.06595,-1.24742,-0.0128348
175.732,-2.54668,-0.962084,71.6756,3.08874,2.96105,103.294,-0.927472,2.18236,-2.36005,-0.0128348
105.073,1.20086,-2.36774,54.3542,-1.95295,-1.00903,87.1223,0.18208,1.34675,-1.35871,-0.0128348
282.146,-1.85284,2.91919,77.8302,2.59488,1.02429,204.443,-0.0526259,-0.633518,-1.8949,-0.0128348
80.1729,-0.393743,-1.99386,40.8244,4.55103,2.59215,47.7754,2.13998,0.653902,-1.69718,-0.0128348
587.199,1.72438,-0.990571,114.278,-1.90006,-2.9205,230.362,-0.118401,1.99362,1.92993,0.0128348
394.957,-0.856339,-2.03242,30.477,2.3366,0.346384,231.346,-0.754023,1.30364,2.3788,-0.0128348
225.264,2.00443,1.91656,136.109,-1.88915,-0.0549993,127.97,-1.24228,-1.96,1.97156,0.0128348
236.352,3.25709,-2.53065,182.123,-1.87371,-0.235809,72.4652,0.719432,0.70908,-2.29484,-0.0128348
200.043,1.94959,-0.355838,115.864,-1.57584,0.217468,180.979,-0.969373,-2.99429,-0.573306,-0.0128348
101.596,-2.11088,0.552413,52.6621,1.16656,1.39112,135.338,-0.0104666,-2.52562,0.838704,0.0128348
102.818,-2.30955,-1.76894,62.5016,2.92915,-0.338297,53.8096,-0.900218,1.65131,1.43064,0.0128348
168.794,0.589955,1.01641,37.4054,-2.75378,2.57367,166.409,-0.455276,-1.96321,-1.55725,-0.0128348
152.62,1.31123,2.18714,128.008,-3.64719,1.3862,50.3757,0.15492,-2.20688,0.800946,0.0128348
153.222,-1.71769,-0.194314,69.6383,3.07798,0.498052,115.118,-0.892712,-3.04379,0.692366,0.0128348
128.445,1.1278,-1.16888,47.4548,-4.5787,-2.20356,172.507,-0.189997,1.6414,1.03468,0.0128348
106.672,1.11551,3.13103,52.6926,-3.37125,0.997882,54.4042,-1.93932,-0.597946,2.13315,0.0128348
209.999,-0.407712,0.34217,55.2326,4.25322,-1.59955,99.2179,0.875534,-3.13082,-1.94172,-0.0128348
183.47,-1.85858,-0.933359,81.624,2.59592,-0.608557,148.618,0.109685,1.72619,0.324802,0.0128348
116.008,-2.55852,-1.03028,102.069,3.40974,2.89889,86.246,1.16606,0.482256,-2.35401,-0.0128348
80.8839,1.87457,-0.952412,52.1815,-2.35893,0.543013,58.6119,-1.28473,2.61248,-1.49542,-0.0128348
171.01,-3.08644,0.874399,108.95,1.28889,-0.0809166,268.303,-1.48168,-2.50119,-0.955315,-0.0128348
106.546,2.06115,2.5279,94.4988,-2.63707,0.254094,88.8704,0.458539,-1.08468,2.27381,0.0128348
98.2673,2.10708,-0.150287,79.7772,-2.28151,-0.655051,89.9791,0.416088,2.88145,0.504765,0.0128348
92.862,-2.31411,-0.270847,46.7097,1.37141,-0.975056,105.242,-1.09556,2.47875,-0.704209,-0.0128348
169.751,1.79871,1.91284,86.5411,-1.39767,-1.82409,80.7366,-0.90888,-0.695618,-2.54626,-0.0128348
144.627,-3.03304,2.67013,124.025,0.54085,-1.5346,67.9939,-2.20229,0.572423,2.07845,0.0128348
182,-2.26754,-0.441961,45.2958,2.05857,-1.52139,105.703,0.110884,2.14058,-1.07943,-0.0128348
211.295,-2.51104,1.98948,101.789,3.44767,0.843205,71.6929,0.78974,-1.32823,-1.14628,-0.0128348
150.46,1.55878,1.36155,60.2452,-1.80812,2.8171,78.265,0.987927,-1.31937,-1.45555,-0.0128348
143.096,1.98605,-2.78073,110.108,-2.21449,2.3458,125.49,0.701433,0.0890643,1.15665,0.0128348
78.8379,0.955184,-1.66513,64.1411,-3.98063,-0.279408,99.6899,0.596061,2.56919,-1.38572,-0.0128348
182.361,-2.55602,2.18371,136.223,1.43053,-2.70096,139.31,0.073398,-0.00931382,1.39852,0.0128348
81.8726,-1.98057,-2.30506,62.685,3.0892,-1.88494,58.179,1.98848,0.874524,0.420122,0.0128348
344.156,2.17817,-0.438503,112.387,-1.98148,1.47654,247.075,-0.480568,3.10463,-1.91504,-0.0128348
336.888,-2.0402,-0.197788,79.9193,3.2319,1.32152,104.607,0.501822,-2.87526,1.51931,0.0128348
85.8639,2.61831,-1.21527,54.2472,-0.746767,-0.532473,118.274,1.49485,2.6487,-0.682799,0.0128348
67.4141,-3.48929,-1.1074,55.3841,3.59635,-0.75853,52.718,-0.948958,1.84058,0.348875,0.0128348
168.573,1.33849,0.89294,125.055,-2.25133,2.01695,202.746,-0.978845,-1.835,-1.12401,-0.0128348
141.08,-1.82227,0.2487,42.0757,1.5125,0.656126,111.876,-0.290848,-3.09074,0.407426,0.0128348
67.3894,1.80678,2.58279,40.1009,-2.3187,2.8475,73.1802,0.409274,-0.312945,-0.264709,-0.0128348
324.474,2.67835,-0.543345,39.3657,-0.554469,-2.55413,205.134,0.915038,2.53413,2.01079,0.0128348
234.175,-1.40561,-2.9583,31.7544,2.97797,-0.795341,117.565,-0.19811,0.360763,2.16296,0.0128348
142.088,-2.26331,1.98761,36.8959,3.20831,-2.18545,119.285,-1.31893,-0.970696,2.11012,0.0128348
136.977,3.38168,1.71229,38.2115,-3.09626,-0.183895,101.821,1.89295,-1.89924,1.89618,0.0128348
183.762,-1.68757,-0.871465,110.991,4.46422,1.18979,85.0154,0.840384,2.54486,2.06125,0.0128348
69.1062,2.59404,0.85099,54.7251,-3.13134,1.37818,71.6101,1.06432,-1.81524,-0.527188,-0.0128348
322.414,2.25887,2.05703,118.239,-0.889691,-2.12042,154.658,1.26813,-1.00807,-2.10574,-0.0128348
281.71,0.210886,0.737337,48.543,-3.73445,-1.87201,131.021,-1.34553,-2.2723,2.60935,0.0128348
142.636,-1.02014,1.82067,101.126,3.86542,1.63534,190.946,0.826757,-1.43511,-0.185322,-0.0128348
179.833,0.552041,-1.3393,75.0625,-3.75926,-1.85569,147.989,-0.535845,1.48224,0.516387,0.0128348
112.344,1.3407,2.71385,48.7197,-3.37163,0.743839,82.3798,-2.00796,-1.23782,1.97001,0.0128348
135.355,-3.14233,-2.56504,97.4364,2.33399,-1.40353,57.0078,-1.57172,1.10703,1.16151,0.0128348
295.084,-1.9604,0.409657,40.9634,1.45204,-2.22295,131.078,0.0713233,-2.73754,-2.63261,-0.0128348
115.608,2.24026,0.0540272,65.1506,-3.54804,1.16258,63.96,1.14827,-2.46174,-1.10855,-0.0128348
153.872,2.57816,-1.66328,118.956,-3.19363,-3.09146,152.241,-0.906979,0.907498,1.42818,0.0128348
126.045,1.83703,1.7102,122.08,-3.26718,0.598585,141.521,-0.0957727,-2.15211,1.11162,0.0128348
142.635,-1.95946,-1.43365,140.398,2.73068,2.49559,90.8856,0.381621,1.30122,-2.35394,-0.0128348
125.351,1.85644,-2.51081,93.0222,-1.31719,-0.848583,106.342,-0.180968,1.29992,-1.66222,-0.0128348
270.35,-2.73153,-0.0491393,110.093,1.94578,-2.51986,164.78,-1.32988,2.55209,-2.47072,-0.0128348
184.043,-1.14223,-2.45448,107.027,2.27932,2.99244,210.281,1.63885,0.459053,-0.836262,-0.0128348
225.353,-0.979728,2.19082,108.498,3.72306,0.845239,115.188,0.895819,-1.52247,-1.34558,-0.0128348
169.345,-1.04932,0.318116,103.312,3.10821,3.11495,91.223,1.52333,-2.99021,2.79683,-0.0128348
191.021,0.848808,2.43073,135.314,-2.22736,-3.0222,87.6009,0.00162307,0.238619,-0.830254,-0.0128348
183.604,-1.47152,-0.946845,107.992,2.37473,-1.86886,178.463,2.01799,1.84802,-0.922018,-0.0128348
226.642,2.61016,0.313292,81.5101,-3.73066,-1.84533,143.54,-1.31181,3.02617,2.15862,0.0128348
115.905,-3.82496,-1.07481,85.3156,0.344415,-0.263613,71.1691,-0.790768,2.36213,0.811196,0.0128348
278.238,1.21086,2.80764,154.337,-4.02159,-1.69968,198.752,-0.716426,0.169669,-1.77586,-0.0128348
74.7319,-2.41938,0.590961,51.8256,3.79935,2.23127,46.9754,1.32809,-1.76167,1.64031,0.0128348
98.761,-2.63873,-1.34769,60.1589,1.58836,-2.15223,73.7258,-0.659972,1.40101,-0.80454,-0.0128348
105.351,-0.868074,2.17574,88.777,2.77684,-3.11508,112.392,0.636908,-0.710585,0.992373,-0.0128348
234.003,2.37146,-0.973243,80.3279,-2.17548,-0.118002,183.646,0.228427,2.46458,-0.855241,-0.0128348
82.8533,3.99334,-0.0750849,48.5151,-4.68948,-1.86387,75.4132,2.51114,1.5228,1.78879,0.0128348
109.293,2.28308,-2.06275,60.6171,-2.43521,2.18387,89.6466,-2.22276,0.332017,2.03657,0.0128348
353.557,-0.981191,-2.34787,159.205,2.10024,1.62224,153.744,-0.773011,0.320723,-2.31308,-0.0128348
144.638,0.330981,1.36737,42.4167,-3.99246,-1.19132,76.3871,-0.585127,-1.96389,2.55869,0.0128348
104.999,2.30828,2.33307,65.2909,-3.58549,-0.0744576,73.1283,-2.07984,-1.66694,2.40753,0.0128348
101.444,-1.06706,-1.57982,45.9395,2.72594,0.622784,109.328,0.15474,2.14856,2.2026,0.0128348
377.921,0.00837819,1.60291,74.4563,-3.57074,-0.523253,239.461,-0.615735,-1.73538,2.12616,0.0128348
169.652,-1.34125,1.43816,95.7819,1.82552,-0.246398,80.1743,-0.17608,-2.29522,-1.68455,-0.0128348
107.626,-2.84043,1.68905,58.5714,1.29415,-0.972267,44.3458,-2.20078,-1.49756,-2.66132,-0.0128348
197.237,0.0758275,-1.9457,109.098,-3.42288,-1.76609,255.373,-1.74338,1.57818,-0.179613,-0.0128348
102.939,-3.82336,2.76335,66.227,3.2058,2.00514,125.808,1.1222,-0.610612,-0.758212,-0.0128348
585.868,2.23497,-2.18777,103.332,-2.14916,-1.21955,443.139,0.0429315,1.03808,-0.968218,-0.0128348
70.8883,3.91129,0.29179,40.5171,-2.09864,-0.703063,67.3283,1.22282,2.99639,0.994853,0.0128348
149.402,-1.12271,-2.01524,44.0058,2.65464,-3.1207,71.0659,0.316494,0.724524,-1.10546,0.0128348
55.2833,-1.24511,-0.640741,37.6303,3.07677,-0.709542,77.3684,-0.983682,2.07774,-0.0688013,-0.0128348
138.597,2.14004,-2.7757,85.9494,-1.87792,-1.40285,150.945,0.18602,0.774872,-1.37285,-0.0128348
172.285,-1.47878,2.93722,171.117,1.75052,-1.80964,45.8818,-0.894605,0.234751,1.53632,0.0128348
187.196,1.59311,1.42949,182.361,-1.52181,-1.25535,80.7476,0.0802977,-1.86048,2.68484,0.0128348
108.857,3.41437,-0.154181,86.409,-1.60965,-2.15172,47.3014,0.106351,2.34717,1.99754,0.0128348
116.655,0.670037,-2.40315,57.5401,-3.50462,0.15556,72.1852,-1.98283,2.48352,-2.55871,-0.0128348
172.329,-2.53381,-0.472948,101.052,2.50532,1.34886,114.958,-1.0758,-2.89359,1.82181,0.0128348
185.545,-0.818271,-2.64225,153.336,2.74411,2.29814,145.056,0.883028,-0.249834,-1.3428,-0.0128348
47.5629,-2.61243,-0.604668,39.4793,2.15565,1.17971,24.4604,-0.799871,3.07213,1.78437,0.0128348
203.366,-1.82143,2.16972,123.372,2.70505,2.50931,109.135,-0.737118,-1.17062,0.339583,0.0128348
162.306,1.86925,0.47072,113.723,-2.36671,-0.359407,258.436,0.185341,-3.03792,0.830127,0.0128348
290.78,-2.54713,2.63148,55.7535,0.816498,2.96376,210.332,-2.05812,-0.45792,0.332281,-0.0128348
168.451,-2.35412,2.18541,32.4978,3.46024,1.20081,127.989,1.88292,-1.15241,-0.984596,-0.0128348
115.932,-1.35963,-2.68133,110.985,2.12771,-1.84546,133.793,-0.914063,0.999744,0.835872,0.0128348
279.777,-2.6389,2.85952,149.622,0.75248,-0.350913,110.312,-1.07736,-0.669792,3.07275,-0.0128348
394.433,2.50052,2.09782,110.123,-3.50232,-2.61588,371.608,0.500739,-0.805098,-1.56949,-0.0128348
175.96,2.81598,2.25934,59.1314,-1.50005,-2.99114,126.002,0.880971,-0.597685,-1.0327,-0.0128348
323.298,-1.04562,-0.28933,79.1956,4.18424,-0.916849,313.618,0.139583,2.69511,-0.627519,-0.0128348
107.484,-2.89278,-0.647178,36.7404,2.50384,-2.80462,55.5498,-1.29165,2.12038,-2.15744,-0.0128348
150.902,1.33119,0.309188,58.3382,-2.04945,-0.86788,86.5334,0.384898,-3.00682,1.17707,0.0128348
128.671,1.45661,-2.19669,111.497,-3.48062,-1.24455,101.857,-1.45686,1.36529,-0.952136,-0.0128348
80.6643,-1.63495,2.27441,51.9323,2.94307,-2.55727,41.6755,0.600106,-0.415351,1.4515,0.0128348
140.7,-1.49412,0.823204,62.6569,1.94444,-0.681718,62.0442,0.127659,-2.40501,-1.50492,-0.0128348
248.074,1.86232,-0.863976,82.9304,-2.12328,-1.87602,195.205,-0.789673,2.28787,1.01204,0.0128348
333.664,1.41446,3.0886,104.584,-1.70752,-1.04739,189.933,0.442333,0.300343,-2.1472,-0.0128348
78.9817,-2.84387,2.22827,64.2031,2.17509,-0.36522,71.3767,0.887236,-2.00075,-2.59349,-0.0128348
310.749,-1.29258,0.940166,45.8936,3.1803,-0.155479,166.248,-0.420217,-2.31893,-1.09564,-0.0128348
113.646,2.16385,0.82625,64.1626,-2.19533,2.10899,104.894,-2.00386,-1.85745,-1.28274,-0.0128348
65.3785,0.761976,2.10365,45.4563,-3.16731,-1.60958,29.192,0.229659,-0.332174,-2.56995,0.0128348
252.217,-0.884599,2.74237,89.2921,2.14866,0.470053,209.318,2.05169,-0.636586,-2.27232,-0.0128348
108.27,-2.44353,0.658775,38.8862,2.53352,-2.59667,30.7788,-0.871353,-2.33392,3.02774,0.0128348
198.433,2.17112,-1.84591,187.198,-2.6624,0.170034,72.6837,-1.46178,2.69323,-2.01594,-0.0128348
234.392,1.9466,-0.708198,129.687,-1.94475,1.02691,125.101,-0.268925,2.64142,-1.73511,-0.0128348
106.43,2.47585,2.2357,101.687,-0.756346,-1.95159,68.9141,1.17873,-0.297119,-2.0959,-0.0128348
398.071,0.237195,-1.21907,127.646,-2.93289,2.92942,211.044,-0.0457882,1.54788,2.1347,0.0128348
147.381,-1.87382,-0.212057,40.3108,4.62924,1.68905,113.185,-0.332281,-2.88716,1.9011,0.0128348
127.182,0.742256,-2.13896,48.4609,-3.9985,-3.00212,129.457,-0.243207,0.262009,0.863155,0.0128348
206.986,0.186561,1.27453,104.938,-3.03472,-1.28261,101.834,-1.20981,-2.17344,2.55714,0.0128348
84.6038,2.33846,-3.1,56.3824,-3.4035,-0.945047,109.621,1.2449,-0.00716692,-2.15495,-0.0128348
104.906,-3.14383,0.813018,56.5996,0.397292,-0.0768843,114.108,-0.119781,-2.53235,-0.889903,-0.0128348
134.104,-1.80668,0.898891,97.5669,1.51062,1.51714,87.9558,0.613933,-1.74594,0.618249,0.0128348
259.303,-3.00662,-1.15567,231.012,1.63904,0.848838,76.8034,-0.664876,-2.9335,2.00451,0.0128348
218.639,-0.633113,-1.06617,75.4271,2.77511,-2.66069,106.216,0.786897,1.6878,-1.59452,-0.0128348
113.4,0.888226,-0.449825,30.2485,-3.63476,1.57379,85.9834,-0.552209,2.87579,-2.02362,-0.0128348
212.862,2.44496,-1.33863,56.7824,-2.40127,-0.480211,170.965,-2.33689,1.85886,-0.858421,-0.0128348
177.453,1.68529,-1.05845,67.4395,-3.128,-0.499056,206.935,0.626409,2.21837,-0.559395,-0.0128348
188.872,-2.52513,-1.44952,47.0716,1.97458,-2.15646,191.962,-1.15555,1.43601,-0.706937,0.0128348
148.856,-0.378597,-3.08094,30.2363,4.37271,-2.56367,100.244,0.10639,0.101498,0.517263,0.0128348
108.256,-2.35126,1.08808,70.5034,2.81182,3.03943,58.8004,-2.58437,-0.743821,1.95136,0.0128348
240.554,2.94999,0.082889,92.9048,-2.63038,0.37808,181.8,0.613893,-2.96058,-0.295191,-0.0128348
106.988,2.13541,1.62969,87.6815,-1.80389,-1.84374,73.0318,-0.766415,-0.0999189,-2.80975,-0.0128348
138.226,2.77416,2.95902,86.3908,-2.51195,0.17665,47.4193,-1.76429,-0.676963,2.78237,0.0128348
151.883,-3.16713,1.2495,77.3838,2.60899,2.13341,112.768,-1.11135,-1.21465,0.883914,0.0128348
149.069,1.9031,-0.0624211,112.871,-3.6362,-1.35023,127.317,-0.667649,2.41458,1.28781,0.0128348
377.559,-2.23988,-1.12546,69.6415,3.46606,2.00535,186.871,1.16917,2.07396,3.13081,0.0128348
114.847,-1.63581,0.537249,70.1828,3.22525,-1.66704,72.0681,-0.606154,-3.03104,-2.20429,-0.0128348
178.225,2.0535,-0.694148,50.5485,-3.19055,1.27473,86.2079,-1.95307,2.732,-1.96887,-0.0128348
77.0276,-2.09178,2.01652,54.1956,3.19449,-2.61426,83.5973,1.35107,-1.2152,1.6524,0.0128348
392.809,1.38492,-0.600373,179.971,-3.14428,3.03426,86.9939,0.0482459,2.36735,2.64856,0.0128348
154.404,-1.46278,-0.015011,79.7938,2.93803,-1.99676,139.292,-0.244266,2.53961,-1.98175,-0.0128348
279.281,-1.55058,1.89765,73.1837,3.11202,-2.19414,151.565,0.701272,-0.865195,2.1914,0.0128348
149.27,-2.83505,-2.21906,33.4855,1.80988,-3.00873,147.323,-1.48653,0.683192,-0.789672,-0.0128348
102.928,-2.47398,-2.36563,77.2038,1.77757,-2.10669,76.627,0.0809672,0.792697,0.258939,-0.0128348
57.8201,-4.15085,-2.03985,41.5998,3.12438,0.161702,32.5918,0.986062,1.69144,2.20155,-0.0128348
207.183,2.95383,0.129126,114.672,-2.32206,-0.419515,173.072,0.972737,-2.94584,0.548641,0.0128348
290.11,1.94223,-0.779886,78.525,-2.86639,-2.05463,190.069,-1.46166,1.97628,1.27474,0.0128348
362.535,-1.94208,1.21163,31.1612,2.8835,0.176033,271.95,1.29317,-1.89848,-1.0356,-0.0128348
306.918,-1.96599,-2.93238,255.856,3.04226,-0.885885,121.27,0.336863,0.859468,2.0465,0.0128348
94.929,-2.54262,1.7274,90.4569,1.81047,2.9301,102.634,0.623907,-1.20034,1.2027,0.0128348
125.343,-2.42138,-3.03685,50.6538,1.82676,-0.698103,71.8766,-0.0988136,0.819944,2.33874,0.0128348
177.875,-1.97735,-2.71435,75.3142,1.41099,-1.68412,99.0931,-1.35002,0.716412,1.03024,0.0128348
71.9992,-1.62399,2.18319,39.7207,2.94018,-2.57561,62.5087,1.30682,-1.1915,1.52439,0.0128348
206.004,1.26559,-0.768884,78.0965,-3.19959,-2.13789,96.6943,0.756445,2.32809,1.36901,0.0128348
194.009,-2.32889,-2.62569,155.268,1.57471,-0.612666,252.055,0.19865,1.05273,2.01303,0.0128348
240.355,-3.52404,-1.61234,104.836,0.407933,0.6561,128.847,-0.91809,2.32227,2.26844,0.0128348
272.704,-1.96909,1.49347,136.284,2.78503,-1.34994,97.1794,0.415361,-2.10391,-2.84342,-0.0128348
262.59,-2.47133,0.58756,122.705,0.775432,1.59102,169.09,-0.658265,-2.27748,1.00346,0.0128348
230.914,-1.39968,2.32872,58.2034,1.79409,-1.58699,137.63,-0.243452,-0.603288,2.36748,0.0128348
123.544,2.67079,1.76043,62.7034,-1.78368,-0.0365756,87.4207,0.212741,-1.85968,1.79701,0.0128348
94.9781,2.6328,-1.69444,91.3351,-2.95857,0.142186,118.689,-0.77582,2.34615,-1.83663,-0.0128348
128.673,2.57236,0.205782,101.895,-1.10744,-2.68789,34.0698,1.03679,1.58738,2.89367,-0.0128348
173.571,-1.76796,-2.05315,109.678,2.3295,-0.252047,130.204,-0.655262,1.45341,1.8011,0.0128348
89.7654,1.14035,-0.390329,66.0031,-2.89276,1.87973,39.4967,-0.859273,3.10676,-2.27006,-0.0128348
382.811,-1.97225,0.878839,203.777,2.5135,-1.66816,151.52,-0.0840945,-2.90676,-2.547,-0.0128348
185.226,3.1229,2.24428,123.706,-2.31885,-2.3828,189.01,0.654683,-0.361943,-1.65611,-0.0128348
129.17,-2.94678,2.4961,86.1868,1.53948,0.726613,164.823,-1.61909,-0.96203,-1.76949,-0.0128348
298.756,-2.78062,1.56979,87.5236,1.27312,0.0843658,161.736,-0.706224,-1.63093,-1.48543,-0.0128348
101.193,-3.72709,-1.01507,61.1956,0.727358,-2.77807,73.2946,-2.89672,1.76201,-1.763,-0.0128348
186.086,-0.723916,2.79219,72.5857,2.33908,1.68065,142.057,1.611,-0.57232,-1.11154,-0.0128348
226.737,-0.194721,-2.01715,33.6198,3.3307,-1.52317,193.532,0.0555917,1.21352,0.493979,-0.0128348
158.538,-2.30099,2.80952,57.1717,1.82858,0.812634,46.3801,0.137498,-0.607238,-1.99689,-0.0128348
229.973,-1.19565,2.85501,100.669,3.4573,1.26347,121.213,1.98974,-0.711213,-1.59154,-0.0128348
177.019,1.0545,2.59794,62.9552,-3.38004,1.71463,202.947,-0.49271,-0.774282,0.883309,0.0128348
91.7361,3.17024,1.81779,41.3003,-0.94196,0.782017,84.9955,1.69883,-1.76875,1.03577,0.0128348
105.791,2.57734,1.71693,102.908,-0.761646,-3.0755,130.201,1.17754,-0.670784,-1.49076,-0.0128348
282.343,1.95255,0.378656,107.294,-4.05106,-1.16415,193.209,0.210931,-3.13816,1.54281,0.0128348
130.746,-1.89934,1.76278,79.2921,2.79498,1.22321,131.356,1.45799,-1.68643,-0.539563,-0.0128348
91.1096,-2.95593,2.26619,51.3626,0.384595,1.05793,121.036,-0.621253,-1.57831,-1.20826,-0.0128348
73.5683,2.22846,-1.15946,60.2107,-3.21952,-1.10562,107.405,-0.674065,2.17341,-0.0538447,0.0128348
294.973,-2.70433,1.98239,48.2575,2.22932,-2.54438,115.458,-1.62048,-1.09496,1.75642,0.0128348
207.434,0.845394,-1.0916,60.5573,-3.99219,0.981861,152.258,0.118075,2.23544,-2.07346,-0.0128348
407.047,2.14615,-2.36228,236.049,-1.01167,1.62595,181.182,0.640649,0.110691,2.29496,0.0128348
206.947,-1.88022,-2.55381,39.4996,1.52635,2.09702,94.7252,-0.892658,0.421693,-1.63236,0.0128348
107.267,1.04478,0.645501,97.5901,-2.17683,-1.37648,36.5209,0.569396,2.58049,2.02198,0.0128348
289.257,1.42374,-0.177128,90.7381,-2.8852,0.574441,238.054,-1.13871,-3.13699,-0.751569,-0.0128348
176.58,0.567124,0.115866,92.0644,-3.80119,1.22648,98.7805,0.0154077,-2.76153,-1.11061,-0.0128348
112.547,-0.6263,0.0660981,91.5126,3.95186,-1.2016,85.7601,1.83225,2.88272,-1.2677,-0.0128348
234.287,2.68846,-1.47558,48.2034,-4.54835,1.12714,115.746,0.722478,1.67534,-2.60272,-0.0128348
152.552,-1.70113,-1.3482,88.2025,2.92427,0.913754,83.8342,0.0601829,2.63662,2.26195,0.0128348
182.373,-2.18582,1.89103,106.397,1.11164,0.570367,98.5964,-1.00514,-1.75061,-1.32066,-0.0128348
293.039,-2.25272,-2.2014,231.903,1.40759,1.95838,158.087,-1.32985,-0.0844099,-2.1234,-0.0128348
127.763,-1.06285,0.826048,36.7574,2.80909,-2.08098,48.2945,2.84075,-1.98957,-2.90703,-0.0128348
118.866,1.82337,-1.37779,66.2271,-1.76851,-2.78635,91.1414,-0.337431,0.921301,1.40856,0.0128348
92.6876,-1.78672,-1.76002,85.5594,2.86398,-0.504564,119.424,-0.0472832,2.20685,1.25545,-0.0128348
136.842,-1.94069,-1.42591,102.875,2.23479,0.261174,126.425,-1.29301,2.27617,1.68708,0.0128348
187.964,-2.56447,0.50226,46.5354,0.942374,-1.51761,148.288,-2.34335,-2.71556,-2.01987,-0.0128348
95.8908,1.46696,0.348455,74.146,-2.66109,-1.89763,55.2331,0.481297,1.96362,2.24608,0.0128348
265.466,-0.0800613,0.628321,56.8728,3.95303,2.53112,181.643,1.49412,-2.40984,1.9028,0.0128348
96.6708,1.02107,1.68909,78.0817,-3.64259,0.0280507,78.8372,-0.589748,-2.05901,1.66104,0.0128348
210.442,-2.09273,0.817062,117.64,0.981666,1.73901,242.764,0.119475,-1.98382,0.92195,0.0128348
240.999,0.891674,2.74199,33.1295,-4.35604,1.79283,142.802,-1.33277,-0.439546,0.949157,0.0128348
138.212,-0.598641,1.8481,77.144,3.87014,0.838508,174.034,1.10946,-1.39438,-1.0096,-0.0128348
194.87,2.50383,2.90958,164.693,-2.14228,-1.94071,71.6905,0.508854,0.528434,-1.43289,-0.0128348
288.006,1.87704,1.19621,276.029,-2.06624,-1.15025,188.589,-0.532908,3.11135,2.34646,0.0128348
92.1972,1.68901,0.959557,52.5675,-3.47331,-0.774239,69.3414,-0.0721466,-2.41267,1.7338,0.0128348
368.785,-0.104209,-0.598405,169.168,3.03413,2.1544,72.5743,0.671886,-2.85113,2.7528,0.0128348
266.675,2.48774,-0.616427,58.5265,-2.47052,0.499129,217.834,0.822065,2.2536,-1.11556,-0.0128348
168.811,-0.48233,-0.62101,130.806,3.37972,1.89617,62.8109,1.18927,3.00578,2.51718,0.0128348
159.353,2.53483,-0.36051,151.139,-1.35885,-1.61209,161.518,0.0356483,2.39306,1.25158,0.0128348
234.179,0.551183,3.03416,85.6442,-3.06604,-0.813561,178.694,-2.09534,0.250653,-2.43547,-0.0128348
99.5589,3.13664,1.43344,33.7127,-3.37145,-0.497536,63.62,-1.44681,-2.47942,1.93097,0.0128348
319.671,0.518206,2.15828,95.2241,-2.86977,0.12561,158.604,-0.290389,-1.27925,2.03267,0.0128348
390.59,-2.17198,-1.23981,120.818,1.36935,-0.172659,327.051,1.12144,2.07438,1.06715,0.0128348
54.5387,1.82441,-2.00188,33.6998,-4.27998,-1.74271,26.882,-1.69397,1.15475,-0.259171,-0.0128348
172.66,-2.28841,3.06082,96.9463,2.12542,-1.38214,107.482,0.456177,0.497465,1.84023,0.0128348
198.5,1.71313,0.885383,73.0382,-1.30493,1.27719,112.897,0.684063,-2.33597,-0.391811,-0.0128348
194.864,2.49551,-1.82311,181.201,-2.51836,-2.84219,196.855,0.151455,1.25696,1.01908,0.0128348
225.819,-2.04888,0.0624915,129.393,1.54736,2.75335,73.1966,0.348647,-2.48054,2.69086,0.0128348
271.622,1.77645,-1.8879,30.5496,-3.38836,0.566614,144.12,1.13556,1.10471,-2.45451,0.0128348
79.8643,2.11434,2.42289,66.1908,-2.24409,0.775418,50.2456,-1.09735,-0.887032,1.64747,0.0128348
239.636,3.1878,2.33253,52.9187,-3.09209,-0.533639,230.214,1.40183,-0.938953,2.86617,0.0128348
129.368,2.24545,-1.10065,52.3776,-2.73544,-1.83184,115.612,-1.16644,1.67217,0.731198,0.0128348
257.118,-2.91155,-2.22219,67.2694,0.899081,-2.36916,238.535,-0.948296,0.975,-0.146963,0.0128348
334.577,-0.687556,-1.2828,55.6343,4.46689,2.34706,153.246,2.11303,1.8825,-2.65332,-0.0128348
155.299,2.43404,-1.78622,86.3925,-2.11514,2.92689,109.533,0.254164,0.557411,1.57008,0.0128348
61.4314,1.60792,2.73026,58.6039,-3.22033,-2.52557,72.6659,1.14074,-0.240754,-1.02736,-0.0128348
292.177,-2.17807,0.81993,89.6196,2.37426,3.01359,222.085,-0.677284,-2.08272,2.19366,0.0128348
206.183,2.53252,-1.10251,48.674,-0.729554,-0.65893,110.69,0.714988,2.19861,-0.443585,-0.0128348
133.63,1.9105,1.9911,88.8721,-2.82058,1.33453,161.121,0.383792,-1.70514,0.656565,0.0128348
131.073,1.72362,1.48519,66.2633,-1.93223,-2.56576,107.835,-0.14034,-0.797655,-2.23223,-0.0128348
89.6077,-4.35905,-0.231411,67.3521,1.42635,-1.14399,94.8061,0.458269,2.01905,-0.912575,-0.0128348
175.427,2.06792,-0.661778,33.0267,-3.64868,-1.42957,185.609,-0.712828,2.42061,0.767789,0.0128348
255.819,2.3555,-1.59645,78.0793,-0.652498,0.433731,70.5274,0.832,2.04935,-2.03018,-0.0128348
157.987,2.76749,-0.124077,111.945,-4.21186,-1.89204,117.509,2.36444,2.32965,1.76796,0.0128348
116.593,-2.0653,-0.627211,103.587,3.36359,0.551017,113.066,0.356282,-3.08139,1.17823,0.0128348
215.476,2.37421,-1.48219,101.845,-3.49656,-2.20174,219.953,0.390069,1.48256,0.719549,0.0128348
60.3959,-0.43458,2.41144,42.7126,4.40606,0.88483,33.5115,-0.415594,-2.3228,-1.52661,-0.0128348
85.7326,-3.06113,-0.483883,38.4414,2.71308,0.60366,47.935,1.43592,-2.82502,1.08754,0.0128348
204.678,-1.41858,0.413792,191.921,3.73031,1.50518,115.138,-0.13859,-2.43743,1.09139,0.0128348
141.713,-1.20807,0.448908,55.4229,3.95917,-1.1707,94.7113,1.35653,-2.47082,-1.61961,-0.0128348
188.36,-2.69275,2.69035,52.8651,3.04638,1.54675,81.8615,0.71584,-0.6674,-1.14359,-0.0128348
148.875,-2.99064,-0.466734,111.708,0.346424,0.988171,118.086,-0.0758959,-3.00449,1.45491,0.0128348
151.71,-1.42044,-0.806232,54.1688,3.26071,-0.574668,110.174,0.600423,2.65097,0.231564,0.0128348
148.775,3.26705,-2.7177,115.135,-1.87577,-2.23652,122.193,-1.13133,0.620712,-0.481185,0.0128348
215.895,-3.39708,-0.11763,107.725,2.34561,2.34553,83.6901,-1.94454,2.91859,2.46316,0.0128348
170.28,1.44083,-3.03048,40.195,-4.15344,-0.754272,101.899,-2.28866,-0.310347,-2.27621,-0.0128348
111.75,1.68265,1.81497,70.6498,-4.13099,-2.69584,101.451,-0.681589,-0.885603,-1.77237,-0.0128348
193.012,2.64892,-0.715567,71.028,-1.9204,-2.31391,92.0152,-1.12461,2.25196,1.59834,0.0128348
215.07,0.679097,2.4906,177.952,-3.46276,-2.14698,187.341,-1.02208,-4.33529e-05,-1.64561,-0.0128348
208.404,0.140742,0.220973,102.232,-3.15159,1.36882,242.609,-0.919397,-2.68157,-1.14785,-0.0128348
107.969,-2.0737,-2.21776,98.8584,1.56409,2.66675,80.3815,0.665246,0.192002,-1.39868,-0.0128348
287.035,2.02857,-0.83155,65.6843,-1.84749,-2.92778,227.508,0.654788,2.12182,2.09623,0.0128348
131.814,-2.28513,-0.434356,68.9928,2.31865,-1.6956,114.346,1.21344,2.15116,-1.26124,-0.0128348
99.3222,-2.02336,1.27385,89.9829,2.88029,-0.229962,101.128,0.887777,-1.94479,-1.50381,-0.0128348
67.0228,-1.14829,2.23164,42.8342,3.56949,2.2436,46.9277,-0.689424,-1.01271,0.0119629,0.0128348
152.258,-3.11193,-1.12308,38.0939,1.39993,-3.10575,118.84,-1.54546,1.99231,-1.98267,0.0128348
71.8717,-2.68244,1.479,60.7248,2.88403,-0.105483,58.7298,0.384513,-2.55195,-1.58448,-0.0128348
173.661,1.96595,-0.183714,66.6469,-1.85167,-2.30524,114.697,0.0904691,2.78664,2.12152,0.0128348
116.96,-1.35629,0.870027,51.4143,3.50777,-0.147555,115.527,1.85849,-2.43073,-1.01758,-0.0128348
151.501,0.747837,1.49973,51.4908,-2.34557,1.07888,198.181,-1.50978,-1.65732,0.420848,0.0128348
126.045,2.5364,-3.06398,88.2919,-1.69035,1.35672,71.9383,0.750909,-0.0608934,1.86248,0.0128348
368.292,-2.24785,2.57538,71.9552,4.02834,-1.39451,157.181,0.809875,-0.26361,2.31329,0.0128348
244.903,-2.29977,2.00028,47.0816,2.97695,1.86276,115.629,-0.100293,-0.916765,-0.137526,-0.0128348
154.255,2.55054,-0.0913282,77.1479,-1.63933,1.50572,121.706,1.26405,-3.0207,-1.59705,-0.0128348
203.237,-2.65215,-1.63146,138.198,1.41103,0.824812,113.653,0.254176,2.45088,2.45627,0.0128348
113.319,0.900763,-0.228187,51.6731,-3.15669,-2.53342,60.2574,-1.55986,2.02828,2.30523,0.0128348
141.882,-2.69867,1.22506,71.9305,1.42617,2.16442,70.4434,0.17623,-1.57157,0.939361,0.0128348
346.021,-0.881234,-0.265236,59.9368,4.01655,-2.25793,251.08,-0.563408,2.48447,-1.9927,-0.0128348
154.12,2.21887,0.720854,99.0411,-2.03305,2.01298,110.856,-1.41692,-2.18242,-1.29212,-0.0128348
172.793,2.3924,2.29402,65.5245,-0.848419,0.404108,107.768,0.338323,-0.936643,1.88991,0.0128348
72.5413,2.67337,-1.98312,34.1104,-1.35506,-1.79486,46.8993,0.721009,1.18793,-0.188261,-0.0128348
110.431,3.01162,-1.5363,57.1146,-4.6796,-3.02602,101.991,0.971674,1.30856,1.48972,-0.0128348
163.978,1.79313,1.54035,69.3254,-3.67831,1.22033,222.788,-1.9484,-1.83867,0.320026,0.0128348
209.998,1.66967,0.684769,133.384,-1.36382,-2.03132,100.358,0.347157,-2.93172,2.71609,0.0128348
149.137,0.140058,-2.19656,93.6327,-3.01441,-1.90996,276.492,-0.941353,0.412835,-0.2866,-0.0128348
103.679,1.81224,-0.373569,52.9823,-2.47445,1.7029,48.4907,-1.57459,-2.49267,-2.07647,-0.0128348
69.3419,-2.25559,1.58965,52.4268,2.97076,0.356231,56.3441,0.38294,-2.01706,-1.23342,-0.0128348
221.046,-1.35816,-0.556085,86.8414,1.85336,-1.89882,160.415,-0.0458245,2.34052,-1.34273,-0.0128348
99.4389,2.21023,2.4227,51.7367,-3.77308,-2.70706,22.3604,-2.63313,-1.33025,-1.15342,-0.0128348
70.8974,2.31921,1.69379,43.3883,-1.88299,3.11325,49.0637,1.25829,-0.987461,-1.41945,-0.0128348
274.702,-0.430397,0.0833582,69.8794,2.74171,-1.93198,122.739,1.4964,3.09107,-2.01534,-0.0128348
107.174,-2.87263,0.343749,82.18,3.71307,-0.00810556,58.5713,-0.809471,-2.56435,-0.351855,0.0128348
70.6746,-1.52818,0.414157,64.1861,2.60321,-1.16119,99.9123,0.168494,-2.8217,-1.57535,-0.0128348
232.918,-2.48587,1.09901,93.6256,2.67536,2.62145,162.355,-0.360544,-1.64809,1.52245,0.0128348
147.892,-0.546915,0.569981,76.8702,4.38204,1.57008,168.332,0.712391,-2.11814,1.0001,0.0128348
194.936,-1.33635,1.41407,130.115,1.86987,-0.925792,117.495,-0.602453,-2.3893,-2.33986,-0.0128348
162.296,-3.07706,-1.39,161.351,0.412413,-2.16804,289.933,-1.72146,1.29354,-0.778036,-0.0128348
105.11,-1.98048,-1.97197,39.4005,2.47549,1.60074,66.0468,0.089528,1.4549,-2.71048,-0.0128348
124.528,2.19503,1.19954,75.2806,-2.24023,2.0833,60.7225,2.01707,-1.65609,-0.883765,-0.0128348
96.2192,2.5597,-0.560926,62.6694,-0.530156,0.0489499,147.735,0.993076,3.03355,-0.609876,-0.0128348
115.313,2.24162,0.762403,70.4322,-3.45171,-0.40027,83.8863,-1.61467,-2.88754,1.16267,0.0128348
297.249,1.526,-2.79205,57.0002,-1.93849,-0.681708,119.763,0.729738,0.579048,-2.11034,-0.0128348
96.4709,1.91934,-0.746459,48.5593,-2.62353,1.06486,71.8797,-2.31584,-2.71697,-1.81132,-0.0128348
115.72,2.4996,-1.12185,112.306,-0.77505,-2.27883,149.484,0.770078,1.39621,1.15698,0.0128348
88.9565,1.16021,0.800224,53.3329,-2.29745,-0.549569,44.7851,0.401378,-2.78239,1.34979,0.0128348
132.349,-1.95783,-1.00774,42.919,2.75385,0.170816,52.6698,1.86943,2.5864,1.17856,0.0128348
171.636,1.92155,2.17311,138.269,-2.53634,1.73123,219.127,-0.0229443,-1.36194,0.44188,0.0128348
111.753,2.43223,-2.87708,64.8601,-3.01134,1.02133,130.139,-0.47739,0.10726,2.38478,0.0128348
131.233,-1.27961,1.5541,44.827,2.15654,-1.58993,38.9803,0.655641,-0.842944,3.13915,0.0128348
106.66,-1.09488,-0.0347038,106.204,3.2241,0.639173,65.2483,-0.024775,-3.0804,0.673877,0.0128348
197.351,-0.618525,-0.643819,45.8042,2.56931,-1.51814,58.2583,0.298161,2.36979,-0.874321,-0.0128348
206.492,-2.19434,1.55355,82.9381,1.98132,0.38346,71.3201,1.15302,-1.97722,-1.17009,-0.0128348
106.333,-2.37569,-1.58957,51.0369,4.02487,0.449499,131.392,-0.805495,1.79269,2.03907,0.0128348
46.6187,-3.83754,-3.03685,31.2289,1.94108,1.90314,29.9944,-1.61815,-0.731139,-1.34319,-0.0128348
130.886,-1.03477,0.582908,106.991,3.46621,-0.121113,153.45,1.61486,-2.89983,-0.704021,-0.0128348
330.039,2.18673,2.03728,194.06,-1.14468,-2.4832,206.062,0.839813,-0.410774,-1.7627,-0.0128348
373.253,-0.920377,1.76434,74.8376,2.40166,1.15325,365.247,0.0674491,-1.47844,-0.611093,-0.0128348
114.766,3.36625,0.497462,91.498,-2.71285,2.68375,52.1937,1.37924,-2.21684,-2.18629,-0.0128348
192.924,2.20965,2.87813,77.4861,-2.05236,-1.48626,134.207,0.451331,-0.270809,-1.91879,-0.0128348
167.838,-1.74305,0.829391,43.1196,3.74345,-1.44536,68.34,0.452805,-2.64621,-2.27475,-0.0128348
102.436,0.635126,0.484127,71.5329,-3.31872,-0.795756,99.2573,-1.77188,-3.03926,1.27988,0.0128348
123.789,0.945276,-1.32741,33.6457,-3.27859,2.62813,64.1763,-1.34677,1.31855,2.32764,0.0128348
133.689,-2.67902,0.887268,80.5328,3.36445,-0.299684,115.46,-2.21485,-2.89101,-1.18695,-0.0128348
213.758,0.850125,-0.979676,170.488,-2.50288,-0.316282,209.866,0.511544,2.42632,-0.663394,-0.0128348
164.629,1.96055,-2.02297,70.3788,-3.33784,2.24129,136.859,0.428974,0.587797,2.01892,0.0128348
278.74,-1.93804,2.05035,151.018,2.01271,-0.72817,136.86,1.52537,-0.258768,-2.77852,0.0128348
205.512,-2.01307,-0.773102,156.76,1.39427,1.70479,44.9798,0.748673,2.8806,2.47789,0.0128348
167.435,-0.494121,3.03276,34.4527,3.26913,-1.1703,80.2156,0.18712,0.372478,2.08012,0.0128348
106.858,-2.37713,-2.75232,42.2185,1.09801,1.78777,90.8218,0.640444,0.0697954,-1.7431,-0.0128348
266.564,0.895515,2.27947,147.842,-2.6998,-1.81006,147.774,-0.860959,-0.484662,-2.19366,-0.0128348
115.533,-3.41469,-0.386544,87.5166,3.54139,1.61673,33.5885,-0.560309,2.90798,2.00328,0.0128348
104.219,1.57229,1.96996,49.9548,-1.6189,-2.50046,84.3831,-0.0411055,-0.861758,-1.81276,-0.0128348
177.863,-0.224451,1.52073,42.0557,3.65219,-1.85654,61.4925,1.09517,-1.2472,2.90591,0.0128348
144.523,3.41143,2.72052,136.409,-3.04497,-2.4018,158.923,0.218994,0.0957176,-1.16086,-0.0128348
150.079,2.74641,1.64984,136.654,-2.67071,-1.96068,111.331,0.726964,0.0751051,-2.67266,-0.0128348
203.477,-0.920884,2.8959,96.7163,3.59528,-1.66815,152.225,0.490662,0.219827,1.71914,-0.0128348
217.742,1.12479,-0.0141816,65.4628,-2.8968,-0.704671,264.828,0.0183919,3.03788,0.690489,0.0128348
743.146,-1.27353,1.17422,614.921,2.46013,-1.51219,304.152,-0.0210528,-2.99217,-2.68641,-0.0128348
240.49,2.81435,-2.92349,227.574,-2.2689,2.78325,195.201,0.337937,-0.0897553,0.576441,0.0128348
216.761,-1.79946,-0.887005,106.394,1.80981,-2.95052,153.436,0.699912,2.08342,-2.06351,-0.0128348
147.876,-1.70755,-1.65831,34.9481,2.10862,-0.161054,129.244,-1.28647,1.77972,1.49726,0.0128348
262.56,1.94887,1.08471,64.2509,-2.83716,-3.0221,199.48,1.53612,-1.7443,-2.17638,0.0128348
87.8794,-2.08861,-0.0150157,62.1273,1.90427,-2.95975,50.8101,1.61411,2.17783,-2.94473,-0.0128348
120.903,2.02698,-1.62422,107.886,-2.66443,-3.01507,79.7924,0.206122,1.09979,1.39085,0.0128348
297.872,-2.27207,-0.559114,67.5053,1.90147,-2.22696,192.453,-0.547644,2.38077,-1.66784,-0.0128348
121.73,-1.89696,1.84271,92.9499,2.0023,-2.1998,71.9927,1.13959,-0.0397547,2.24067,-0.0128348
257.42,3.00007,-1.49137,122.297,-2.42976,1.7288,98.3123,-0.667678,0.929785,3.06302,0.0128348
84.7487,2.38486,-1.29429,46.1669,-2.94745,2.97507,41.4724,-1.98876,2.1903,2.01382,-0.0128348
100.859,-0.897312,0.830608,57.748,3.85467,2.59281,83.891,1.49522,-1.73697,1.7622,0.0128348
71.5726,1.91527,1.0095,42.1223,-3.97808,-1.14245,38.5867,2.0304,-2.30315,2.15194,0.0128348
78.9204,0.484287,1.6231,70.7677,-2.8014,0.975339,66.0911,-1.55891,-1.6147,0.647763,0.0128348
71.5964,2.78763,0.140506,47.5741,-1.46656,-0.686285,43.1372,-0.963141,1.92876,0.826791,0.0128348
139.919,-2.31474,-0.0463003,112.389,2.63033,-0.961172,48.6104,1.12736,1.84633,-0.914872,0.0128348
291.5,-1.25221,2.32215,97.3726,3.03106,0.117586,324.382,0.148311,-1.21371,-2.20456,-0.0128348
76.0274,-3.48509,-1.14026,69.882,0.839152,0.0587347,86.3985,0.269903,2.70684,1.199,0.0128348
89.945,2.57481,1.27045,75.2463,-1.56631,-0.636061,55.8221,2.14733,-2.96437,1.90651,0.0128348
155.196,-2.14614,1.89381,116.926,1.58474,1.47942,113.755,-0.516515,-1.6491,-0.414389,-0.0128348
138.209,2.89069,1.82899,81.8901,-1.14689,0.209708,66.1747,0.122856,-2.00036,1.61929,0.0128348
163.921,-2.42702,-0.104449,32.4133,1.73293,2.09006,55.5175,-2.80178,-2.53647,2.1945,0.0128348
109.148,1.03621,-2.46009,78.4384,-2.50368,2.9328,102.821,0.968907,0.795331,0.890293,0.0128348
220.046,-1.00149,-2.61567,74.0116,3.50329,-0.605142,62.3457,0.393197,1.19713,2.01053,0.0128348
225.45,2.28084,3.05422,41.4126,-3.77576,-1.14934,89.0097,-1.24076,0.0775811,-2.07963,-0.0128348
99.0039,3.00649,3.02392,67.1834,-2.84245,-1.25871,76.9724,-1.18769,0.820776,-2.00056,-0.0128348
314.237,-1.26379,0.523407,85.7381,1.83945,2.4116,134.287,-0.480592,-2.25337,1.8882,0.0128348
172.775,2.17864,0.920866,151.579,-0.916025,2.83744,180.358,0.949309,-1.3213,-1.91657,-0.0128348
110.87,-2.11868,-0.0366671,34.0043,2.52859,0.558228,99.3328,-1.78927,3.0318,0.594895,0.0128348
195.761,1.89063,1.33764,73.1752,-2.77209,3.00913,98.158,-0.416366,-1.73379,-1.67149,-0.0128348
174.31,0.954767,1.1344,160.454,-2.68201,2.86089,90.5844,-1.15578,-1.70827,-1.72649,-0.0128348
88.9491,-2.33015,-0.193231,80.2669,0.814514,1.26372,59.4364,-2.57943,3.10425,1.45695,0.0128348
167.772,0.69525,2.19157,42.9076,-3.97811,1.5396,77.3474,-1.17677,-1.06632,0.65197,0.0128348
113.266,2.69024,0.0245722,39.8366,-2.74016,0.857121,88.0292,-0.880359,-2.67249,-0.832549,0.0128348
114.209,2.21062,-0.978588,49.7171,-2.9452,3.06276,94.3891,-0.349026,1.50986,2.24183,0.0128348
181.789,1.56968,-0.277084,65.8397,-1.59552,0.76282,73.2362,0.129171,-2.76807,-1.0399,-0.0128348
302.263,1.52791,3.11604,171.258,-2.84903,1.54892,287.956,0.364093,-0.521892,1.56712,0.0128348
106.264,4.01728,1.24049,88.621,-0.184736,-2.68691,95.3218,0.901495,-0.43121,-2.35578,-0.0128348
190.351,-0.781011,2.95599,88.4745,2.65941,1.98137,163.986,1.16545,-0.554023,-0.974616,-0.0128348
144.991,-3.10105,-1.00835,73.7825,2.99875,0.82398,56.9317,-2.02168,-2.55822,1.83233,0.0128348
144.125,1.94059,-1.55062,82.1315,-3.16987,2.85339,130.931,-0.582084,0.666399,1.87917,0.0128348
96.866,0.230487,-0.513139,86.518,-3.23154,1.94735,48.5281,-1.40183,-2.75271,-2.46049,-0.0128348
93.1879,-0.235361,-1.71227,89.3781,4.25273,2.92988,84.5105,0.86851,0.16113,-1.64104,-0.0128348
198.625,-2.26866,1.10095,149.204,2.47651,-1.68117,84.1796,2.0049,-2.51614,-2.78212,-0.0128348
168.163,-0.424025,2.14961,53.8126,3.23753,-2.02657,63.0779,-0.0892039,-0.950997,2.10701,0.0128348
176.805,-3.10743,2.78875,94.7523,1.95687,-2.0746,77.5218,-0.893136,0.421065,1.41983,0.0128348
129.741,2.83569,0.519074,63.3229,-4.29538,-0.0083308,139.777,-1.62895,-2.7766,0.527405,0.0128348
74.359,-2.4419,-0.33878,70.4075,1.50987,-1.85411,69.1669,0.0278352,2.53972,-1.51533,-0.0128348
188.694,-1.64007,1.81707,37.4308,2.4899,2.18069,147.142,0.28299,-1.43003,0.36362,0.0128348
149.12,-2.84345,1.29633,109.605,2.42696,2.98706,87.1321,-0.637466,-0.954678,1.69072,0.0128348
248.652,1.88985,-1.51195,90.8127,-2.68969,0.254081,160.896,1.38961,1.88471,-1.76603,-0.0128348
179.237,-2.22514,1.96328,81.2685,1.69426,-2.49273,160.655,-0.920087,-0.667704,1.82718,0.0128348
180.792,-1.92935,-3.00739,139.81,1.86633,2.32563,195.222,-0.0093511,-0.397605,-0.950159,-0.0128348
86.8563,-2.11712,-1.266,39.3907,3.79805,-2.94853,71.1233,1.22088,1.24328,-1.68254,-0.0128348
98.9058,1.44847,2.83775,55.3021,-2.42548,1.28814,55.5659,-0.927235,-0.288796,1.5496,0.0128348
204.641,-1.41264,2.78937,162.837,2.38982,-1.1851,89.6526,1.40403,0.484471,2.30872,0.0128348
197.829,-2.84907,-2.6737,137.391,1.21256,-0.473391,128.748,0.194546,1.39884,2.20031,0.0128348
113.933,-2.71449,-0.463532,33.2759,1.88248,-2.41711,89.2385,-0.221936,2.49803,-1.95358,-0.0128348
193.445,0.259183,-2.30824,41.479,-2.99288,-0.738502,92.7423,-1.82558,1.25752,-1.56974,-0.0128348
98.6099,1.56589,1.18501,63.6742,-3.51583,2.94682,45.9764,0.516211,-1.2887,-1.7618,-0.0128348
362.306,1.55463,-0.583804,62.3698,-1.66157,0.397407,284.954,0.556439,2.79099,-0.981211,0.0128348
244.097,3.16555,2.6445,89.4296,-2.10885,1.02584,117.554,-1.2355,-0.841861,1.61865,0.0128348
147.79,1.39831,-0.201464,78.0224,-2.32884,-2.20351,102.23,-0.545236,2.57952,2.00204,0.0128348
92.9528,0.723464,-2.86265,41.6617,-3.52597,-2.0901,91.2946,-1.8673,0.224956,-0.772542,-0.0128348
127.02,2.99004,2.17053,84.0978,-3.14815,-2.85206,159.32,0.66869,-0.430217,-1.26059,-0.0128348
190.661,1.75035,2.17883,79.9669,-2.03768,-1.83781,84.394,0.583857,-0.746635,-2.26654,-0.0128348
205.234,3.04824,2.93574,81.6445,-1.13914,0.926368,157.997,0.51943,-0.594713,2.00937,0.0128348
274.54,2.35734,0.604992,78.5336,-2.37294,2.70261,154.179,-1.1512,-2.34867,-2.09762,-0.0128348
115.269,1.26696,0.0773606,54.0193,-3.66316,0.510858,74.9887,-1.09263,-2.60571,-0.433498,-0.0128348
269.784,1.64461,-3.09039,147.939,-2.04867,-2.79354,215.438,1.35002,0.0543866,-0.296854,-0.0128348
216.944,2.8951,-2.63921,67.4405,-3.68305,-0.466771,111.087,-0.58888,0.725624,-2.17244,-0.0128348
93.808,-0.822106,-2.55275,49.3815,2.83375,-1.9077,75.4781,1.4963,0.843367,0.645047,0.0128348
269.612,1.1516,-2.24053,33.2775,-2.04919,-1.62261,190.5,-0.267743,0.941269,-0.617926,0.0128348
189.683,-2.17948,-2.7117,77.2915,1.35431,2.48905,100.157,-0.38241,-0.102615,-1.08244,-0.0128348
151.217,1.57588,-2.52807,113.492,-3.56067,-0.712065,75.6645,0.576188,1.30148,-1.816,-0.0128348
271.509,-2.12024,0.401191,128.915,3.5569,2.92989,145.995,-0.347507,-2.38716,2.5287,0.0128348
95.5689,-1.82001,-1.70347,83.649,2.9205,0.563333,45.4773,2.72789,2.78587,2.2668,0.0128348
97.3543,-1.76113,2.60005,85.8123,2.05664,1.22783,108.49,0.215816,-1.39579,-1.37222,-0.0128348
91.526,2.56434,-0.330184,91.1552,-3.79797,3.02323,20.4843,-1.60849,-1.6109,2.92977,-0.0128348
116.568,1.75692,-2.8588,71.4327,-1.44241,3.13821,164.213,-1.39666,0.227758,0.286178,-0.0128348
171.796,-1.96372,0.59919,40.7544,1.74849,-2.24064,70.5754,0.495118,-2.926,-2.83983,-0.0128348
126.476,3.39513,-1.55354,42.0198,-3.36097,-0.338139,128.004,0.918246,2.15719,-1.2154,-0.0128348
242.062,3.16535,0.711924,118.136,-1.20522,2.39777,126.99,0.110416,-1.84614,-1.68584,-0.0128348
200.789,-0.644239,0.682578,101.483,3.71524,2.3121,108.126,0.957469,-2.38297,1.62952,0.0128348
323.322,1.30436,-2.5153,50.0207,-2.57178,2.75742,203.135,0.89495,0.458996,1.01046,0.0128348
93.4433,2.78646,2.14861,63.8109,-1.64099,2.66671,54.7355,0.44222,-1.09554,-0.518097,-0.0128348
189.483,0.318065,1.20724,155.68,-3.39332,2.98077,252.516,-0.120979,-0.517011,-1.77353,0.0128348
192.248,2.48708,-1.11476,55.6225,-3.08226,-2.21365,134.801,-0.0107725,2.09799,1.09889,-0.0128348
151.105,-0.514257,2.42708,42.2511,3.17531,-1.14998,36.0356,1.41715,0.0381861,2.70612,0.0128348
129.492,2.30524,-0.535347,81.7691,-1.54925,-2.98254,59.1165,2.16577,2.17279,2.44719,0.0128348
484.753,-1.86276,-0.31014,199.401,1.62059,1.92319,177.75,0.658469,-2.9601,2.23333,0.0128348
113.511,-2.88979,2.2359,55.922,0.775995,-2.94997,81.105,-0.0955175,-0.0704621,1.09732,0.0128348
111.879,3.08186,3.08544,45.5218,-2.9179,-1.53618,82.1673,0.322438,0.305557,-1.66157,-0.0128348
127.721,-2.98241,-0.935294,38.545,4.25084,-1.48925,78.5335,-0.217119,2.39185,-0.553956,-0.0128348
219.025,1.6444,2.63774,82.6228,-3.29683,0.474392,127.515,-1.88539,-0.985624,2.16335,0.0128348
108.253,2.20098,-2.78444,85.5396,-2.72179,2.30276,89.2798,-0.303837,0.0588497,1.19598,0.0128348
120.428,1.47759,1.97083,96.86,-2.52366,-2.23755,52.5918,-2.34422,-0.496876,-2.07481,0.0128348
197.419,3.27253,-1.84391,122.484,-1.56738,-0.160033,137.453,-0.0770108,1.82283,-1.68387,-0.0128348
301.806,-1.20266,0.108765,121.206,2.06959,1.79148,241.593,1.29824,-2.87129,1.68271,-0.0128348
249.854,2.52397,1.51205,67.7541,-1.47025,-2.82615,132.585,0.79955,-1.36605,-1.94498,-0.0128348
174.496,1.10998,1.84261,93.3672,-3.55756,-0.216664,164.676,-0.303535,-1.86603,2.05927,0.0128348
272.117,2.08221,-0.314548,127.329,-2.93022,1.42217,241.826,0.467258,-3.09673,-1.73672,-0.0128348
255.309,-1.42776,0.556292,78.7729,2.40362,-1.92336,73.8335,-0.179507,-2.70124,-2.47965,-0.0128348
76.4089,1.37238,-1.26116,44.1858,-2.8657,0.147042,64.9824,-1.8884,1.91747,-1.40821,-0.0128348
110.584,1.63029,0.327263,54.7222,-3.67096,2.49952,45.4091,-2.02926,-2.46998,-2.17226,-0.0128348
290.885,2.23889,2.06222,189.841,-2.11369,0.0414348,248.073,0.926976,-1.95462,2.02079,0.0128348
96.5546,2.9371,2.48906,95.905,-2.80059,1.89377,137.16,-2.32823,-0.699261,0.59529,0.0128348
132.381,-0.974491,-1.43991,113.52,3.42458,2.49193,105.362,2.0079,0.790788,-2.35135,-0.0128348
82.0959,-2.08615,0.117902,68.4621,2.33715,1.18255,94.2362,0.212791,-2.59444,1.06465,0.0128348
141.917,1.22456,-0.45693,131.922,-3.20463,1.45132,207.717,-1.32048,-2.96294,-1.90825,-0.0128348
135.034,-2.77564,-1.03646,92.0329,1.84427,-2.64077,42.3047,-0.312304,2.45137,-1.60431,0.0128348
307.068,-2.43468,1.28516,109.523,1.78376,1.04678,181.152,-1.59322,-2.11992,-0.238372,-0.0128348
375.693,0.53262,2.64199,98.6525,-2.59701,-1.94977,280.036,-1.35155,-0.327593,-1.69143,-0.0128348
74.6339,-3.00642,1.68048,69.434,3.42347,0.245215,54.5055,1.18922,-1.81431,-1.43527,-0.0128348
156.616,-2.45705,-1.67171,113.897,1.47473,0.0890884,147.161,-2.54078,2.11847,1.7608,0.0128348
151.585,2.60148,1.46477,105.401,-0.933254,-1.24487,91.5555,-0.264497,-2.35014,2.70964,0.0128348
146.174,-2.28826,1.04866,128.094,2.24061,0.840395,119.04,-1.00638,-1.6451,-0.208268,0.0128348
183.008,-1.95558,-0.857966,79.4596,1.10525,-2.55113,99.7782,-0.235609,1.81105,-1.69316,-0.0128348
82.993,1.43161,0.0403913,73.0806,-2.88852,-2.23237,45.1562,-0.590972,2.14912,2.27276,0.0128348
244.525,2.69525,-0.0989339,94.7489,-1.72704,-2.32464,135.562,0.549795,2.60705,2.22571,0.0128348
193.44,2.73417,-1.69976,92.4518,-2.90987,-2.98086,177.789,-0.182752,1.02228,1.2811,0.0128348
111.312,2.24136,-1.84364,106.609,-1.68163,-2.21977,113.202,0.472015,1.59731,0.376129,-0.0128348
123.954,2.69882,-0.590131,105.676,-2.29376,-0.0518235,107.991,1.44403,2.85433,-0.538307,-0.0128348
199.868,-2.47841,1.54885,111.705,2.26965,0.724378,169.614,0.893641,-1.76374,-0.824468,-0.0128348
314.404,0.649058,-1.09517,85.2439,-3.12452,0.427089,242.861,-1.64705,2.14597,-1.52226,-0.0128348
105.841,1.80112,-1.19673,103.424,-1.41956,0.996856,71.388,-0.637765,2.74323,-2.19359,-0.0128348
124.029,3.94685,-0.638237,93.3425,-0.928422,-1.73472,114.457,1.31276,2.62807,1.09648,0.0128348
405.075,-1.16004,2.60954,128.575,1.85765,-0.747681,158.228,0.281157,-0.207585,2.92597,0.0128348
129.215,-1.43227,-1.20029,80.7485,1.72465,-2.83206,102.269,-0.524838,1.4763,-1.63177,-0.0128348
154.542,0.532105,1.28487,121.372,-2.53239,-2.54628,127.082,-2.0503,-0.979842,-2.45204,-0.0128348
106.127,-2.02453,-0.824645,52.6813,2.14446,-2.55548,94.6617,-1.17271,1.69263,-1.73084,-0.0128348
274.813,3.04985,2.25008,49.6245,-1.87144,-2.45525,181.074,1.87,-0.679075,-1.57786,-0.0128348
149.607,-2.18161,2.85077,136.857,2.50527,-1.67772,110.808,-0.0666477,0.47369,1.7547,0.0128348
161.154,-0.0481554,3.12204,133.235,3.1059,-0.411699,77.0216,1.36542,1.8432,2.74944,0.0128348
90.8964,1.47781,-0.777123,62.2132,-2.6383,-0.110177,77.3843,-0.958768,2.97981,-0.666946,-0.0128348
80.2669,3.13726,-1.18629,61.608,-0.581455,1.72231,53.2324,2.85541,2.37423,-2.9086,-0.0128348
303.88,2.04334,0.837936,196.125,-2.51947,1.5538,263.881,0.72704,-2.03584,-0.715868,-0.0128348
195.843,2.38515,2.95765,144.529,-0.922253,-2.38095,197.546,0.549229,0.297899,-0.94459,-0.0128348
174.44,1.48874,-2.8313,103.814,-3.04724,2.64474,126.39,-0.0873032,-0.176273,0.807142,0.0128348
115.508,-0.127555,-1.74697,67.5159,3.65194,0.0217526,94.3055,0.502063,1.86376,1.76872,0.0128348
255.16,2.26191,-0.548559,100.481,-1.69284,-0.938343,106.97,0.127154,2.73093,0.389784,-0.0128348
72.4721,-3.61759,3.02955,54.1677,2.78597,0.421113,43.9575,2.4224,-1.21237,-2.60843,-0.0128348
110.503,-3.00234,1.17501,59.9266,0.629019,0.374114,84.3916,0.190118,-2.29827,-0.8009,-0.0128348
153.127,-2.45586,-1.17652,103.991,1.2267,0.935255,85.5299,0.0603483,2.20379,2.11178,0.0128348
139.5,0.848093,2.73666,137.941,-2.52721,3.10025,219.066,0.459285,-0.377007,-0.363588,-0.0128348
92.7054,1.92257,-1.84728,75.095,-2.7498,-0.814998,120.505,-0.623517,1.71353,-1.03229,-0.0128348
149.792,-1.58179,-1.73111,30.6362,4.45513,-0.419049,82.0912,-0.883464,1.4422,1.31206,0.0128348
234.981,-3.46699,-2.63194,49.5999,1.26651,-0.824423,97.8554,0.289454,0.383532,1.80752,0.0128348
396.381,1.16443,2.19712,102.163,-2.89416,-1.11092,249.904,-0.942614,-0.762268,-2.97514,-0.0128348
76.8435,-2.2523,-1.61512,68.5448,2.58128,-0.62738,106.04,-0.171167,2.11189,0.98774,0.0128348
64.8732,3.60979,-0.514638,56.3784,-2.52781,-1.30867,75.343,-1.26382,2.50992,0.794037,0.0128348
263.562,-1.30913,-2.3775,144.103,2.9466,2.16502,304.155,-0.757071,0.496945,-1.74066,-0.0128348
106.954,3.77678,3.01937,40.0989,-3.00844,3.04575,90.7863,0.332408,-0.125878,-0.0263813,-0.0128348
133.88,-2.17873,-0.645449,84.5273,3.13794,-2.69383,110.795,-0.63595,1.68624,-2.04839,-0.0128348
166.357,1.7598,0.935852,58.3944,-3.35041,2.60994,90.5585,0.300432,-1.85572,-1.67409,-0.0128348
297.558,2.3541,-0.304678,180.995,-2.88242,-2.95645,278.005,1.28522,1.85863,2.65178,0.0128348
212.318,-1.23312,0.42888,74.7999,1.83468,0.0505559,276.157,0.320323,-2.82325,-0.378324,-0.0128348
115.109,3.0597,1.59666,74.3571,-3.36691,-0.719454,69.1681,-1.80829,-1.26923,2.31611,0.0128348
171.174,-1.36308,0.935464,48.3385,3.58603,0.0476504,85.9167,1.44676,-2.28911,-0.887814,-0.0128348
111.519,3.85652,-0.108327,35.1627,-1.61384,-1.18822,50.0612,-0.967541,2.4966,1.07989,0.0128348
75.4307,-3.07845,-1.33835,70.9304,3.56279,-0.0933426,61.7159,1.27664,2.33679,1.245,0.0128348
354.348,2.22967,1.14569,203.225,-2.04357,-2.58333,139.882,0.599259,-1.36916,-2.55417,-0.0128348
139.324,-3.93295,-0.867235,90.003,1.74708,-2.73681,111.554,0.540775,1.62198,-1.86957,-0.0128348
271.423,-1.53143,-2.47108,93.1831,2.80739,-0.232354,203.787,0.594945,0.676045,2.23873,0.0128348
591.824,-0.53323,-1.01774,152.605,2.7139,-2.93673,536.113,0.330312,1.87322,-1.91899,-0.0128348
193.574,-1.02208,0.825121,112.933,3.09079,1.31254,111.008,0.352387,-2.1241,0.487422,0.0128348
124.382,-0.72941,-2.89298,55.1751,3.1409,-1.53302,54.1719,-0.225313,0.772354,1.35996,0.0128348
127.35,2.48691,0.779479,48.7364,-4.35563,-2.22346,67.6532,-1.40304,-2.60229,3.00294,0.0128348
226.249,1.6061,0.204353,99.8095,-2.84573,-0.381852,225.872,0.216841,-3.06338,0.586205,0.0128348
233.278,1.63613,-0.717029,98.0735,-2.0055,0.819151,183.988,-0.356805,2.85112,-1.53618,-0.0128348
211.829,1.86201,1.73869,82.2744,-4.34056,-2.58431,224.111,-1.37138,-1.04323,-1.96019,-0.0128348
111.149,1.5119,-0.314993,93.1403,-1.99925,-2.76997,68.2947,-0.159466,2.38382,2.45498,0.0128348
164.382,-2.23547,0.299224,36.0873,3.98212,-1.55195,51.8481,-0.559389,2.54888,-1.85118,-0.0128348
187.763,2.82125,-1.83379,108.771,-1.00283,0.0790663,143.778,0.241022,1.92679,-1.91285,-0.0128348
74.1389,-2.94183,3.08111,73.7831,1.93046,-1.92938,103.101,1.32029,0.787504,1.2727,-0.0128348
220.624,-2.85987,-2.08391,59.1446,2.63266,1.6489,145.139,0.443634,0.855569,-2.55037,-0.0128348
122.31,1.50714,-0.824434,57.2998,-4.14329,-0.45945,91.8784,-1.11472,2.64445,-0.364984,-0.0128348
100.873,-1.3681,-3.07123,35.3772,3.24545,2.71018,73.6556,-0.911594,0.0252095,-0.501776,-0.0128348
174.848,-1.79259,-1.69427,135.721,1.81105,-2.2424,188.948,-0.373939,1.65264,-0.548133,0.0128348
134.294,-0.235792,0.412232,54.8982,4.15418,-0.58194,47.6485,1.98872,-2.56109,-0.994172,-0.0128348
180.351,1.93562,-3.09055,161.393,-2.69459,-1.03602,123.391,-1.47472,1.22279,-2.05454,-0.0128348
175.854,-1.35378,-2.54331,69.0048,2.72929,-0.957967,89.5819,0.531149,0.823766,1.58534,0.0128348
66.3961,-3.36253,-1.89125,66.1634,0.0301547,-0.533938,111.738,-1.54353,1.51368,1.35732,0.0128348
176.353,-1.83977,2.49066,79.7803,1.65133,2.96,124.438,0.58984,-0.469474,0.469333,0.0128348
123.949,2.85889,2.00542,117.959,-0.746097,2.79797,97.7011,0.952101,-0.7161,-0.792549,-0.0128348
116.759,1.88375,1.67811,106.061,-1.81267,-2.48695,98.2834,-0.291167,-0.576489,-2.11812,0.0128348
388.452,2.35154,2.55313,59.9817,-2.03653,-1.46163,160.118,0.912953,-0.474214,-2.26843,-0.0128348
169.236,1.20848,1.62942,144.261,-2.11725,0.569014,154.395,0.271632,-2.53729,1.06041,-0.0128348
388.458,-0.722525,1.83648,174.109,2.69436,0.857375,324.92,0.55213,-1.60522,-0.979105,-0.0128348
107.971,1.83879,1.46006,99.9296,-3.71882,-2.93065,92.0397,-0.206487,-0.123721,-1.89248,-0.0128348
232.644,-2.73312,0.797772,33.1438,1.48394,-0.81476,203.624,-0.41503,-2.48126,-1.61253,-0.0128348
183.553,2.13112,-3.06396,86.4176,-3.08579,-0.98881,69.127,0.196794,0.321305,-2.07515,-0.0128348
85.9712,3.31062,-1.3017,55.7114,-1.36018,-0.00428019,61.1961,1.79107,2.41732,-1.29742,-0.0128348
228.145,1.86255,1.96257,96.4134,-2.92693,0.589177,231.895,0.0955076,-1.17345,1.37339,-0.0128348
299.235,-1.72262,-1.41107,243.154,1.47702,2.56615,152.167,0.166679,0.66389,-2.30597,-0.0128348
100.823,-2.78752,-0.652512,78.5685,1.55383,-1.09916,174.92,0.215859,2.14984,-0.446643,0.0128348
149.758,1.62252,2.25029,65.0884,-3.67249,-2.16174,127.359,0.356889,-0.601913,-1.87116,-0.0128348
183.347,3.04237,0.607882,43.4712,-0.229518,-2.15533,121.509,1.05234,-2.6457,2.76322,0.0128348
105.792,2.03651,-2.81341,87.9762,-1.94953,1.30499,90.7271,-0.490038,-0.837172,2.16479,0.0128348
123.813,-2.92241,-2.67481,66.7224,3.02278,-1.18738,79.2693,0.777306,0.776322,1.48743,0.0128348
196.903,-2.24487,0.490008,152.032,0.982923,-1.39031,173.172,-0.243693,-2.66163,-1.88032,-0.0128348
283.193,-2.02637,2.01389,79.4445,1.48225,0.987975,118.568,-0.453295,-1.69568,-1.02592,-0.0128348
142.4,-1.0663,2.50159,100.838,2.98523,-1.88166,96.5062,-0.259762,-0.21759,1.89994,0.0128348
247.705,-1.48552,0.763393,222.304,1.71237,-2.09016,41.1902,0.594669,3.05465,-2.85355,-0.0128348
107.476,2.95715,-2.99982,91.8941,-1.59922,1.36453,87.2602,0.972471,-0.579348,1.91884,0.0128348
225.779,1.58416,0.576514,87.7625,-2.02651,-0.909854,136.831,-0.774188,-2.57173,1.48637,0.0128348
225.319,-1.97196,-0.0598834,133.243,1.79287,-1.84798,228.367,0.84107,2.40066,-1.78809,-0.0128348
249.736,2.2584,0.0189897,150.599,-2.17664,1.85084,129.027,-0.901541,-2.70116,-1.83185,-0.0128348
273.605,2.28633,2.45452,85.4178,-1.71519,1.55324,193.454,-0.340967,-0.946663,0.901276,0.0128348
129.375,-3.51548,1.70231,59.9189,0.194509,-3.04491,165.067,-1.89397,-0.939677,1.53596,0.0128348
135.151,-1.59744,2.05733,94.0555,2.73605,-1.86556,59.6878,-0.0696617,-1.27492,2.36029,-0.0128348
51.5858,2.86076,-0.495479,43.0936,-2.97609,1.46189,33.093,-0.0715566,-2.13945,-1.95737,0.0128348
234.974,1.1433,1.94879,96.0737,-4.2212,-2.53345,170.449,-0.631243,-0.982361,-1.80095,-0.0128348
86.9494,-2.38368,-3.12988,75.6166,1.10775,2.0164,64.7288,0.212579,-0.766093,-1.1369,-0.0128348
133.252,1.8108,-1.24127,37.0805,-1.65792,2.00009,70.6634,2.34155,1.62071,3.04182,0.0128348
304.309,-1.21849,1.46676,120.184,3.31223,-2.06435,158.614,-0.385479,-0.903333,2.75208,0.0128348
213.311,-1.55338,2.23239,73.7326,2.49512,1.1988,157.031,-0.8336,-1.23787,-1.03359,-0.0128348
103.648,1.92758,-1.88682,34.0404,-2.28758,-1.37307,87.2428,0.553364,1.41288,-0.513757,-0.0128348
178.164,-0.645897,-2.33277,94.0148,3.61265,-2.99027,104.81,0.617033,0.571872,-0.657493,-0.0128348
126.693,2.51491,0.464906,45.7472,-1.7556,-1.88021,66.395,0.263764,-2.40228,2.34512,-0.0128348
108.47,2.34674,-0.520577,31.467,-4.73359,2.27723,43.2957,1.5467,-3.09784,-2.79781,-0.0128348
173.467,3.04712,0.854824,44.4668,-0.724079,0.00483388,110.602,1.49507,-2.01768,0.84999,0.0128348
220.433,1.53276,-0.371416,72.6932,-3.0578,-2.58626,112.216,0.346091,2.2281,2.21484,0.0128348
81.9355,-2.15224,-2.17744,45.7996,1.79037,-1.50356,76.6691,-0.66306,0.951551,0.673881,0.0128348
117.078,3.20642,2.76409,43.3169,-3.77512,-2.27561,86.7036,-0.436132,-0.374168,-1.24348,-0.0128348
141.864,3.1087,-0.41257,61.7481,-0.626604,0.633298,96.122,-0.208598,-3.13345,-1.04587,-0.0128348
197.239,2.97381,0.596713,192.08,-0.946248,2.60207,116.241,1.5803,-1.52837,-2.00536,-0.0128348
113.248,1.06439,2.99266,42.3876,-4.5647,2.20633,89.7234,-0.904419,-0.779536,0.786329,0.0128348
95.1432,2.70427,-2.62613,89.1716,-1.3048,-2.03806,94.0056,1.94698,0.872344,-0.588069,-0.0128348
125.44,2.04421,2.10332,82.7383,-2.19238,-2.38847,118.409,-0.737681,-0.544151,-1.79139,-0.0128348
128.965,1.49759,3.06135,112.099,-3.37003,2.61967,74.9575,-0.465729,-0.207397,0.441675,0.0128348
130.416,2.70487,0.742353,41.8879,-1.02768,3.03189,72.5461,-1.03831,-2.01616,-2.28954,-0.0128348
199.369,-0.0616519,-2.12548,188.369,3.27655,-3.10042,276.261,2.18471,0.607421,-0.974941,-0.0128348
101.748,2.76086,1.73696,94.5922,-2.72672,3.01222,99.3863,-0.731011,-0.642774,-1.27526,-0.0128348
172.658,-3.31901,1.63299,116.437,1.55148,2.77965,195.831,0.568617,-0.515873,1.14666,0.0128348
154.254,-1.67389,2.67421,128.865,2.62418,-0.419196,48.6054,0.345254,-1.91325,-3.09341,-0.0128348
86.6023,2.31948,-0.0819156,47.2888,-3.05487,1.74094,66.3461,0.662227,-2.89152,-1.82286,0.0128348
409.728,-2.38013,-2.76604,41.7605,2.88574,-1.28751,90.1095,-2.04948,0.876354,1.47853,0.0128348
150.336,2.68648,-0.951509,43.9511,-3.87421,-2.73687,99.4023,0.0307289,2.01018,1.78536,0.0128348
93.6492,-0.768621,-2.72661,35.7331,4.29663,2.98317,66.7782,-0.746987,0.0411295,-0.573403,-0.0128348
139.755,0.654645,2.75029,60.5986,-3.67351,-1.47667,98.7985,-0.947141,-0.135221,-2.05623,-0.0128348
215.688,-1.52664,2.4601,45.4385,2.90629,1.31192,104.087,-0.428071,-0.986539,-1.14818,-0.0128348
107.661,3.1182,-1.63769,31.7687,-3.43635,0.760864,72.6943,2.13955,1.88938,-2.39855,0.0128348
159.267,-1.7531,-2.05709,152.547,2.68248,2.14944,211.259,-0.863574,0.594556,-2.07666,-0.0128348
169.597,-1.3695,-1.24095,97.9699,1.82761,0.150563,101.13,-0.445381,2.37699,1.39151,0.0128348
400.789,1.72246,0.291097,61.3006,-4.50564,1.45848,124.164,-0.874996,-2.82377,-1.16738,-0.0128348
126.334,1.05273,0.769066,72.7859,-2.87748,-1.36911,56.5377,0.641806,2.41272,2.13817,0.0128348
334.847,2.12864,-1.12762,63.0744,-3.06472,-2.23645,289.624,-0.230401,1.60094,1.10883,0.0128348
130.323,-2.32611,-0.810045,85.5992,3.87189,0.861296,45.998,0.120373,2.39391,1.67134,-0.0128348
78.5181,-2.29687,2.8819,47.7704,1.96087,1.79213,46.2391,-1.36857,-1.27466,-1.08978,-0.0128348
251.239,-1.2371,-0.69309,153.915,2.67201,1.94417,125.629,-0.860825,-2.98698,2.63726,0.0128348
120.626,-0.839426,1.11354,115.874,3.70364,2.36106,165.66,0.811909,-1.1432,1.24753,0.0128348
123.171,-0.541443,-0.116922,57.9053,3.02752,-2.03228,85.4742,1.02071,-3.11461,-1.91536,-0.0128348
213.955,-2.01595,0.525201,110.668,0.991032,-2.1956,58.6847,-1.84879,-2.76036,-2.7208,-0.0128348
134.771,1.55875,1.50436,84.9863,-3.60215,0.154144,146.703,-0.712315,-2.27534,1.35022,0.0128348
76.998,-2.40306,-2.13381,72.8054,1.75932,0.0742713,63.2271,0.916588,2.31777,2.20808,0.0128348
188.765,-1.79049,-1.1995,184.304,3.08542,2.94433,277.548,1.84524,0.617968,-2.13936,-0.0128348
280.623,2.33662,-0.838958,170.326,-2.32367,0.169706,157.451,-0.080878,2.81415,-1.00866,-0.0128348
231.013,-2.11709,-0.349136,110.487,3.48447,0.51794,119.379,-0.39406,-2.93631,0.867077,0.0128348
168.305,-1.95936,0.028351,108.789,2.65877,1.38099,110.58,0.888728,-2.55096,1.35264,0.0128348
176.92,2.12846,0.495012,144.681,-1.56934,1.83359,213.13,1.53987,-2.2137,-1.33858,-0.0128348
293.461,-1.46761,1.2634,121.241,2.73407,-0.783728,168.761,0.485787,-2.28629,-2.04713,-0.0128348
112.063,0.938351,-2.19063,94.1274,-3.91896,2.59209,63.7265,-2.07816,0.151862,1.50046,0.0128348
201.813,-2.85354,-0.101133,149.586,0.637898,-1.71072,92.6416,-1.06535,2.3789,-1.60959,-0.0128348
378.803,-0.873008,1.13896,42.7864,2.93205,1.3402,436.02,-0.0549259,-1.87402,0.201238,0.0128348
116.827,-0.941413,0.522109,91.6009,2.65101,2.58024,129.151,0.113273,-1.82952,2.05813,0.0128348
167.189,1.17771,1.25477,32.6323,-2.30438,-0.175075,120.756,-0.172347,-2.11385,1.42985,0.0128348
278.187,-0.944416,-1.8483,76.3858,3.22194,-1.27345,179.288,0.801982,1.73441,0.574858,-0.0128348
133.962,-3.61619,-1.4779,44.1512,2.33558,2.69526,91.8993,-1.83878,1.09568,-2.11002,-0.0128348
207.494,-1.63414,-0.177838,91.1737,1.58758,-1.44072,134.431,-0.716327,2.57937,-1.26288,-0.0128348
136.825,-2.6322,-2.18589,104.189,3.2136,0.724292,58.2973,0.126662,1.8041,2.91019,0.0128348
278.017,-2.01802,-1.82405,114.206,1.58226,-0.871392,225.426,-1.64898,1.58629,0.952656,0.0128348
317.753,-2.51093,-1.06471,112.591,1.25146,-2.88119,156.74,0.724541,1.55833,-1.81648,-0.0128348
247.52,-1.81017,2.3866,62.7619,4.06822,-0.130361,166.795,0.538274,-0.903615,-2.51696,-0.0128348
247.944,0.826044,-2.80642,95.8644,-2.53572,3.02589,271.341,-0.304031,0.156362,0.450879,0.0128348
347.294,1.06233,-2.57957,90.0348,-2.50161,2.51735,259.506,-0.955264,0.392242,1.18626,0.0128348
183.625,-1.77386,-0.00882044,115.342,3.7675,1.82663,73.1443,0.731114,-2.0772,1.83545,0.0128348
149.204,2.40118,2.31984,80.1584,-2.04646,1.05609,148.497,-0.162433,-1.1066,1.26374,0.0128348
71.5445,3.14621,-2.37433,64.889,-0.280122,2.69103,74.6805,0.382597,0.0449866,1.21782,0.0128348
381.232,-1.04687,-2.01471,84.8598,3.10781,1.81098,194.489,0.34324,0.759768,-2.4575,-0.0128348
504.493,1.23603,-2.7735,190.509,-2.01076,-1.5799,201.621,-0.206364,0.542646,-1.1936,-0.0128348
161.271,1.92963,-2.19203,133.861,-2.228,-0.814444,86.0234,-0.243633,1.61099,-1.37759,-0.0128348
101.88,2.01104,-1.57482,43.4028,-2.40017,-2.45453,113.551,1.41694,1.22898,0.87971,0.0128348
272.559,1.4855,-1.0899,84.9715,-3.72152,2.8922,126.442,-0.768545,1.48613,2.30109,0.0128348
296.684,-2.67118,1.52249,242.965,1.34038,-0.643633,121.273,0.645002,-2.49534,-2.16612,-0.0128348
281.99,2.66874,1.62303,134.405,-2.98112,-2.89733,233.6,-1.41146,-1.46049,-1.76282,0.0128348
154.102,2.55067,-0.318015,50.18,-1.31611,0.728017,163.409,2.31859,2.87046,-1.04603,-0.0128348
330.992,1.31673,-1.18363,84.6007,-2.22954,0.51888,226.684,-1.26056,2.19535,-1.70251,-0.0128348
95.3281,-0.999569,-1.3206,57.2927,4.42551,-0.260627,43.2925,0.713512,2.00948,1.05997,0.0128348
111.199,-1.60497,-2.76222,57.9208,2.48211,2.69562,69.8362,-0.269571,-0.382157,-0.825353,-0.0128348
141.844,3.03858,0.39512,140.156,-3.57057,0.769136,66.6177,-1.42897,-2.5043,-0.374015,-0.0128348
160.498,-1.6129,-0.74052,96.8184,1.46231,-0.239331,94.694,0.268658,2.85122,0.501189,0.0128348
103.994,-3.35369,-1.8563,45.8355,1.41867,-0.594291,69.3148,1.24441,1.60345,1.26201,0.0128348
234.659,1.99267,0.872209,153.896,-2.06708,-1.12067,186.555,0.766672,-2.83464,1.99287,0.0128348
195.174,-0.601667,2.53355,70.3964,2.80061,0.0668675,114.084,-0.0232961,-0.978074,-2.46668,-0.0128348
135.991,-2.63287,1.60002,91.8859,2.28511,0.736906,162.668,-0.136646,-2.06751,-0.863115,-0.0128348
290.083,-1.30275,-2.20268,54.7422,2.41986,2.88047,219.623,0.850501,0.829901,-1.20004,-0.0128348
75.1927,1.14891,-2.80397,56.1485,-2.60411,2.42369,73.2324,-0.404253,0.34014,1.05553,0.0128348
257.308,-0.862621,0.129686,75.7488,2.33861,0.715838,229.174,0.948365,-2.88087,0.586152,0.0128348
170.789,2.72909,-1.31882,155.071,-2.79117,-2.75217,190.954,0.404206,1.45497,1.43335,0.0128348
290.377,2.58099,-1.24113,90.8649,-2.38585,2.537,138.365,0.252149,1.44889,2.50506,0.0128348
160.113,-2.43979,1.33536,49.836,1.55387,-0.0698344,103.583,-0.556994,-2.29869,-1.4052,-0.0128348
179.955,-0.935838,-3.07236,32.6262,2.17522,1.90319,152.852,0.322296,0.180174,-1.30763,-0.0128348
143.042,-2.35484,1.08156,104.123,2.73795,3.03725,65.8305,-1.93182,-1.64418,1.95569,0.0128348
141.993,3.20537,-1.07087,35.2437,-2.47043,0.972944,122.68,0.728414,2.56139,-2.04382,-0.0128348
172.875,-0.801394,0.835547,84.2457,2.88253,-2.74198,90.0827,0.517929,-1.63358,2.70566,0.0128348
121.437,1.5992,1.23826,121.239,-1.82878,0.279822,171.796,-0.905473,-2.58412,0.95844,0.0128348
146.826,2.28556,-3.03748,66.7971,-3.98244,2.79588,90.0789,0.680659,-0.0445657,0.449817,-0.0128348
98.055,-2.85452,1.77758,66.7372,1.24113,1.70128,124.812,-0.41817,-1.23396,-0.0763094,-0.0128348
157.788,-0.958571,-1.09551,40.7013,2.2642,0.0581544,71.6037,0.418403,2.74383,1.15367,0.0128348
81.6088,-3.05817,-0.612727,68.6043,1.62874,-1.59388,65.4247,0.73856,1.99121,-0.981154,-0.0128348
186.826,-1.80563,-1.30468,158.917,2.01584,-2.51062,235.831,-0.0608869,1.28964,-1.20594,-0.0128348
121.439,1.2521,0.913754,40.4388,-3.80885,3.1161,98.6154,0.118144,-1.74569,-2.20234,-0.0128348
105.224,2.21682,-3.09464,60.7145,-1.96241,-1.80473,68.5804,-0.48201,0.793759,-1.28991,-0.0128348
162.503,1.73121,2.50854,47.9277,-2.92191,0.728954,143.252,-0.992778,-0.831203,1.77958,0.0128348
133.643,-2.18749,2.64898,75.3522,1.30555,-2.40075,173.373,-0.240014,-0.0580126,1.23346,0.0128348
215.353,-1.25635,-1.25322,43.5519,3.66417,2.44437,156.27,0.888097,1.71065,-2.58559,-0.0128348
171.086,1.12815,0.669075,99.1931,-2.39169,0.0921487,42.6098,-1.02929,-2.31146,0.576926,0.0128348
125.146,-1.76061,0.32234,71.8563,1.33039,2.62295,30.098,0.497591,-1.91974,2.30061,0.0128348
79.0234,3.2546,2.35169,43.8281,-1.1892,1.69181,97.0791,0.671076,-1.21225,0.659887,0.0128348
118.219,2.48678,0.455363,65.2793,-0.962014,-1.25218,58.968,1.52831,1.60673,1.70755,0.0128348
121.336,3.01077,1.31805,57.682,-0.540765,2.52417,128.306,0.94915,-1.2278,-1.20612,-0.0128348
230.255,3.07255,2.14212,141.841,-1.33727,-2.53168,96.9666,-0.324393,-0.156761,-1.60938,-0.0128348
216.77,-1.11388,-2.69222,62.4274,2.41376,2.53312,131.561,-0.0945844,0.0341606,-1.05785,-0.0128348
320.751,1.26236,-1.30401,284.435,-2.60635,-2.5333,387.038,-0.669632,1.34097,1.22929,0.0128348
118.835,-3.31517,0.577679,65.8827,1.77252,1.9985,131.704,-0.349298,-2.14589,1.42082,0.0128348
165.954,-2.81412,-1.91207,58.2166,2.46403,-0.212416,45.4208,-0.817622,1.44616,1.69965,0.0128348
227.531,-1.25952,-0.408944,168.929,2.12614,1.61492,111.419,1.31386,-3.12745,2.02386,0.0128348
137.972,2.136,0.664578,106.547,-2.5698,0.0760639,92.5103,0.402313,-2.5693,0.588514,0.0128348
106.554,-1.63005,-1.22705,30.8448,2.4685,-0.0376205,46.7647,0.994188,2.45711,1.18943,0.0128348
78.107,-0.240705,-3.12715,57.1897,3.80305,1.85353,76.598,2.56402,-0.467891,-1.3025,-0.0128348
231.585,0.0836738,-2.40791,33.4597,-4.40211,2.83563,221.809,-2.31245,0.635534,1.03965,0.0128348
274.289,2.2119,-0.111237,115.157,-1.68557,-0.773883,351.875,-0.323395,2.87105,0.662646,0.0128348
100.421,-2.10589,-1.98434,82.3373,2.70914,2.30129,71.9298,0.8714,-0.280973,-1.99756,-0.0128348
88.9236,2.54043,2.16392,53.6636,-1.36582,0.0753396,49.4632,1.78675,-1.08966,2.08858,0.0128348
76.861,3.08799,-2.15957,33.2574,-1.51315,2.36775,79.6942,2.41737,0.13064,1.75587,0.0128348
147.397,-3.04994,-3.12803,81.2269,1.59282,1.69212,126.348,-2.41562,-0.441307,-1.46304,-0.0128348
183.969,-3.07825,-0.818051,39.706,3.39169,-1.60537,136.331,1.21745,2.33936,-0.787315,0.0128348
73.7443,-2.69492,1.52253,46.9031,1.63864,0.694218,77.4885,-2.53912,-2.03852,-0.828316,-0.0128348
129.958,-1.99626,1.18447,56.3974,3.56812,-2.7156,87.7156,0.350993,-1.35777,2.38312,0.0128348
274.314,-1.08593,1.76057,61.7392,2.54259,2.79233,207.997,1.06157,-1.2485,1.03176,0.0128348
142.728,1.82605,1.66547,111.678,-3.22189,-3.05362,65.7643,1.88477,-0.931076,-1.5641,-0.0128348
117.79,-1.55761,1.4426,59.1609,4.1075,-0.120769,72.4704,2.321,-1.86194,-1.56337,-0.0128348
85.5654,-1.52198,1.45457,47.0158,3.81158,-2.22598,69.5986,1.17546,-0.936552,2.60264,0.0128348
189.702,-3.05106,-1.81778,72.0538,2.66408,1.94228,89.4248,-2.28063,0.904023,-2.52313,-0.0128348
315.331,-2.90165,-0.453165,95.6388,0.454506,-2.75634,152.709,-0.622862,2.86195,-2.30317,-0.0128348
97.505,3.2043,2.62039,41.9052,-2.31909,-2.69563,80.8413,-0.0181173,-0.100426,-0.967174,-0.0128348
208.459,-2.91176,0.93029,54.8554,0.998515,-0.132899,57.8128,-1.18028,-2.84713,-1.06319,-0.0128348
156.84,-1.39732,0.974551,63.6538,2.10664,2.35603,136.591,0.871295,-1.82644,1.38148,0.0128348
199.202,-1.02612,2.74415,83.8838,2.98775,-1.27213,129.351,0.655441,0.158483,2.26691,0.0128348
100.587,-1.96731,2.28631,59.3234,1.56627,-2.37498,72.5688,-0.150539,-0.226962,1.62189,0.0128348
342.477,-2.58519,-2.91741,209.47,1.13679,2.61002,269.762,-0.572999,-0.00370994,-0.755758,-0.0128348
99.8007,2.83212,1.69532,57.1149,-0.991145,2.93468,119.974,-0.254194,-1.10289,-1.23936,-0.0128348
124.503,-2.46943,1.54493,109.38,2.09926,1.29906,131.38,-1.26572,-2.18583,-0.245866,0.0128348
317.972,1.51797,-0.806564,213.792,-1.57605,-2.89805,162.177,-0.509776,1.89202,2.09149,0.0128348
153.398,1.1378,0.836976,32.2883,-3.06155,-1.33198,61.1467,0.654007,-2.84594,2.16895,0.0128348
97.6586,1.70503,-2.15384,55.2553,-1.47573,3.04472,68.4944,0.585826,0.282496,1.08463,0.0128348
132.11,-1.91988,-0.323492,52.5682,2.8753,-2.55629,82.4968,0.449842,2.07072,-2.2328,-0.0128349
160.9,-2.83835,1.00072,63.9434,3.79251,0.394994,138.831,0.57169,-1.91564,-0.60573,-0.0128349
114.1,3.05267,0.37143,42.7972,-1.81886,-0.724395,64.1371,0.914282,2.74121,1.09582,0.0128349
236.018,2.24003,-2.52115,89.3267,-0.799259,0.622804,110.588,1.93092,0.539682,3.13923,0.0128349
112.91,-3.05776,0.888561,83.1917,1.72407,0.197688,192.446,0.698877,3.1102,-0.690873,-0.0128349
186.477,1.03235,-2.03828,75.5368,-2.87389,-2.93264,186.241,-1.12606,0.865958,0.89436,0.0128349
173.648,1.40336,-2.65816,152.903,-2.92862,1.71658,162.56,-1.34883,-0.429947,1.90844,0.0128349
202.049,2.35048,0.228727,42.4152,-2.01651,2.12819,115.415,1.02323,-2.831,-1.89946,-0.0128349
103.276,0.778376,1.53343,41.017,-4.79059,3.02793,86.219,-2.15379,-1.4197,-1.4945,-0.0128349
229.279,-1.75123,-2.20944,66.7374,1.92697,3.0765,139.65,-0.528875,0.684495,-0.997248,-0.0128349
206.031,-1.72466,2.74882,65.2712,3.76727,1.30756,213.539,0.184595,-0.752247,-1.44126,-0.0128349
494.055,-1.33011,1.27253,59.0481,2.5986,-0.895805,317.282,-0.321792,-2.07575,-2.16833,0.0128349
72.3794,-1.91996,-2.47954,52.2614,1.80302,-2.24246,85.3116,0.536265,0.804637,0.237077,-0.0128349
186.774,2.05989,0.588016,72.3597,-2.78832,1.56716,176.572,0.860588,-1.77606,-0.979143,-0.0128349
116.499,-1.08032,-1.9626,109.608,3.93326,-1.46896,175.414,0.95955,1.19828,0.493641,0.0128349
208.758,-2.03101,-1.94939,101.481,1.2326,2.97443,152.318,0.137788,0.682731,-1.35937,-0.0128349
252.656,2.05016,2.89419,61.2439,-4.38377,-2.31765,165.721,1.49276,-0.147163,-1.07135,-0.0128349
129.022,-1.34638,-0.467775,124.245,3.41977,2.86637,57.8802,0.485396,0.778801,-2.94904,-0.0128349
89.5598,-2.49725,-0.501587,80.8612,2.06413,-1.69992,106.974,-1.86324,2.57642,-1.19833,-0.0128349
157.337,1.64305,-2.05618,109.379,-2.57189,-0.417381,97.7567,-1.13376,1.98778,-1.6388,-0.0128349
90.4368,-2.37683,-0.825147,50.0295,3.26155,0.221472,50.0438,2.30925,2.72371,1.04662,0.0128349
201.171,-0.640299,-2.32031,135.468,2.7227,3.11336,310.276,-0.402968,0.610586,-0.849515,-0.0128349
61.3872,3.33571,2.52027,35.8891,-2.59992,0.561236,61.2401,0.184104,-0.947728,1.95903,0.0128349
182.875,-1.58854,-2.39855,139.435,3.73325,2.20078,114.669,0.175501,0.0104706,-1.68386,-0.0128349
84.323,3.00358,0.260328,67.709,-0.891807,-0.711423,78.9176,2.26788,2.58378,0.971751,0.0128349
91.3642,-2.26964,-1.98488,82.9228,1.96427,-0.8028,74.276,-0.521347,2.13686,1.18207,0.0128349
150.552,-3.07561,-1.22141,71.6842,2.44608,-0.458627,47.4258,0.09325,2.05184,0.762782,0.0128349
204.147,-2.26058,-0.678269,117.983,1.70739,0.629981,147.705,0.313536,2.86644,1.30825,0.0128349
323.799,1.6839,-1.15154,50.2476,-3.44626,-0.868228,199.84,-0.699028,2.10376,-0.283312,-0.0128349
262.049,-1.77563,-1.45193,61.9548,1.67736,-2.55491,159,-0.0804444,1.21098,-1.10299,-0.0128349
113.091,2.74858,3.00532,101.556,-0.64724,-2.81018,46.9047,1.0074,-0.622426,-0.467682,-0.0128349
185.455,-2.73051,-0.555563,42.7648,3.15255,-3.06229,88.371,-0.766725,2.2278,-2.50672,-0.0128349
226.481,2.42533,-2.55435,122.845,-2.28316,1.94283,117.379,-1.31694,0.744513,1.78601,0.0128349
400.122,-2.13751,-0.0877022,55.9116,1.81695,-2.74146,262.581,-0.717733,2.94251,-2.65376,-0.0128349
88.9568,1.11748,-0.60623,74.0757,-3.98281,-1.05285,63.3395,-0.275822,1.64554,0.446621,-0.0128349
195.788,-1.73759,-2.50986,42.6173,3.19489,1.94979,130.988,0.159706,0.277679,-1.82354,-0.0128349
301.502,-2.07797,-0.427813,111.029,1.83392,-3.00706,176.418,0.481103,2.46613,-2.57924,-0.0128349
128.479,2.3808,2.34718,118.997,-3.36968,1.12451,156.015,1.37284,-1.27933,1.22267,0.0128349
213.584,-2.14267,2.01845,76.198,1.3914,-2.72856,112.896,0.305169,-0.837462,1.53617,0.0128349
96.8842,-2.43224,-1.4975,57.9218,1.38865,1.13147,62.7178,0.811186,1.65765,2.62897,0.0128349
115.445,3.33294,0.873298,87.5063,-1.5472,2.58434,67.6965,-0.141839,-1.84255,-1.71104,-0.0128349
239.917,-2.34991,0.751527,224.824,1.54987,2.90684,147.619,-0.0907945,-1.56357,2.15531,0.0128349
164.344,2.57564,-1.43584,46.9125,-1.27075,-0.23137,187.494,1.75182,1.82471,-1.20447,0.0128349
138.836,0.859489,1.06302,109.944,-2.85819,-0.375358,70.4069,-0.382482,-3.1288,1.43838,0.0128349
156.564,1.23092,2.49166,67.6451,-3.684,2.41767,177.411,-0.350333,-0.831033,0.073997,0.0128349
284.991,-2.97616,1.47472,163.777,0.835216,-2.42821,99.8781,-0.311733,-1.2498,2.38025,0.0128349
139.947,2.32259,2.9951,106.789,-1.0658,2.68833,96.607,0.720851,-0.02628,0.306767,0.0128349
105.823,3.4194,-1.34409,67.3707,-3.45576,-2.10143,95.384,0.799267,1.79122,0.757338,0.0128349
95.9606,2.38241,-2.57267,43.7243,-2.28026,-1.74796,93.0989,0.633347,0.712113,-0.824706,0.0128349
175.638,3.02642,-1.20121,167.357,-1.15826,2.94134,135.173,0.362692,0.947051,2.14063,0.0128349
158.784,2.51095,-0.279688,120.836,-2.29134,0.756454,157.195,-0.854085,-2.9045,-1.03614,-0.0128349
55.6419,-2.86773,0.358228,37.4256,4.30721,2.28169,55.4593,-0.306706,-1.5512,1.92346,0.0128349
264.019,-1.65526,-3.09036,132.397,3.54899,1.36856,65.4733,1.16537,-0.816624,-1.82426,-0.0128349
158.478,-2.13874,-2.1718,106.736,1.26364,-1.52283,122.391,-0.813384,1.44895,0.648977,0.0128349
136.654,-1.3485,1.28536,126.962,3.30183,-0.895561,73.7009,1.07582,-1.6905,-2.18092,-0.0128349
164.855,-2.34466,1.08164,48.9066,1.21735,1.71355,207.156,-0.626878,-1.68624,0.631912,0.0128349
369.582,-2.42644,-1.9987,229.66,2.18899,1.41218,133.396,-1.85124,0.652336,-2.8723,-0.0128349
238.471,-0.920848,1.88289,143.791,2.272,-2.54697,206.059,0.572895,-0.777288,1.85332,0.0128349
127.795,2.01675,-0.453787,48.9558,-1.95997,1.26002,71.5644,-2.15958,-2.92708,-1.7138,-0.0128349
106.335,3.07004,-0.0947093,86.4375,-2.03833,-0.690212,71.9744,1.95852,-3.08684,0.595502,0.0128349
146.541,-2.85416,0.205213,123.83,2.24393,1.30816,131.35,-1.93784,-2.58493,1.10295,0.0128349
96.6622,-2.52787,-2.7287,90.8425,0.697221,-0.639616,151.136,-1.50633,1.24452,2.08908,0.0128349
114.663,-2.46619,1.9883,51.1692,2.62327,-2.83581,88.9265,1.0299,-0.751897,1.45907,-0.0128349
139.328,-2.14429,-0.610438,104.914,0.864615,-2.66288,77.7147,-2.1392,2.15979,-2.05245,-0.0128349
174.623,-2.26436,0.438329,141.129,1.89703,-1.72522,194.355,0.0632955,2.39536,-2.16355,-0.0128349
137.992,-2.19014,1.27409,55.7231,3.87749,0.768188,120.527,-1.36497,-1.89438,-0.505898,-0.0128349
326.003,1.12743,1.59968,150.225,-2.65218,0.0763373,171.716,0.853362,-2.493,1.52335,0.0128349
105.185,2.81205,-1.53743,60.9536,-1.64643,2.54137,85.6893,1.68141,1.33881,2.20439,0.0128349
89.1683,-3.35371,2.9063,53.2391,4.37481,0.495434,48.5112,0.1971,-0.661688,-2.41087,-0.0128349
375.823,1.89881,3.11835,77.5236,-3.4068,-1.55727,278.504,-0.0802104,0.294432,-1.60756,-0.0128349
204.378,-0.792221,-1.35585,58.909,2.74763,-0.164396,120.463,2.01771,2.1854,1.19145,0.0128349
144.191,2.94015,1.4679,130.436,-2.22443,0.506163,201.472,-0.0530534,-2.0757,0.961737,0.0128349
318.744,0.803709,0.513885,44.2336,-2.36669,2.70703,257.205,0.331945,-2.54315,-2.19315,-0.0128349
90.0621,2.55367,-0.40516,57.1862,-3.07692,-0.170877,45.9445,-0.427764,3.07055,-0.234284,0.0128349
98.0867,2.58387,-1.12507,92.8713,-2.15115,0.27736,59.975,-2.14875,2.95776,-1.40243,-0.0128349
179.394,1.99405,0.630373,36.7107,-3.53618,1.80728,59.8551,-0.556495,-2.1962,-1.17691,-0.0128349
147.3,-0.517693,-1.94139,68.1476,3.45044,-0.454443,80.1497,0.581405,1.4879,1.48695,0.0128349
148.676,-1.88814,-2.08259,126.012,1.50966,0.481146,61.5581,-1.79,1.46473,2.56374,0.0128349
139.224,-2.17193,-1.16456,91.8518,1.82581,2.54217,70.4628,-1.03863,1.62355,-2.57645,-0.0128349
102.494,-0.991591,0.97083,43.1672,3.52009,-0.890442,95.7482,1.405,-2.23107,-1.86127,-0.0128349
145.656,0.155642,-3.10496,35.2452,-3.5519,-2.67837,87.8503,-1.06363,0.231211,-0.426586,-0.0128349
100.178,1.75729,2.50394,70.919,-3.4043,-1.68114,77.5265,-0.14589,-0.258238,-2.09811,-0.0128349
96.6067,2.18723,-1.92705,71.5402,-2.72542,0.579616,68.0308,-0.254846,1.1971,-2.50666,-0.0128349
187.836,0.790719,0.0747615,166.332,-2.25739,1.94808,131.847,-0.0254956,-2.11253,-1.87332,-0.0128349
182.463,-0.306322,0.363354,118.312,3.65366,1.53559,207.206,0.0061817,-2.28366,1.17223,0.0128349
87.5726,2.35029,1.22317,63.5286,-2.53881,-0.949353,51.1984,2.00481,-2.1517,2.17252,0.0128349
49.2352,4.22711,2.59563,36.7227,-3.92231,-2.52652,78.242,-0.343571,-0.619929,-1.16104,-0.0128349
163.265,2.72392,2.17669,65.8054,-0.671577,-2.07654,110.171,2.53916,-0.16676,-2.02995,-0.0128349
157.514,-0.906265,1.60651,74.0282,3.96984,-1.11287,99.8211,1.18109,-2.20154,-2.71939,-0.0128349
306.559,0.374376,-1.83547,88.338,-4.13935,-2.25483,89.5789,-0.743417,1.36823,0.419356,0.0128349
95.3825,1.64781,2.56033,91.0135,-1.69797,-1.98921,123.961,-0.359195,0.172343,-1.73365,-0.0128349
191.371,-2.96448,2.70916,123.116,1.21371,-1.08164,65.3127,-1.10238,0.431136,2.49238,0.0128349
149.225,-2.23558,1.71603,138.106,0.916183,2.38366,195.474,-1.65547,-0.955468,0.667625,0.0128349
105.436,2.27999,-2.74737,73.3302,-1.97816,-1.71174,128.571,-1.04946,0.94148,-1.03562,0.0128349
301.858,-2.43089,1.77516,46.6381,4.37435,2.25584,122.735,0.727406,-1.52482,0.480676,0.0128349
273.127,2.03283,-1.79984,77.9708,-2.84667,-0.528157,278.094,-0.88989,1.58306,-1.27168,-0.0128349
124.933,1.07963,-2.36987,36.1539,-4.55858,0.201127,85.77,0.526505,0.783369,-2.571,-0.0128349
394.496,0.500982,0.631797,160.136,-3.37684,1.41166,376.576,-0.610045,-2.36514,-0.779859,-0.0128349
322.828,-2.47636,-1.83583,43.0021,1.50974,-0.47788,163.374,0.280875,1.4231,1.35795,0.0128349
183.79,2.08133,-0.537131,44.6406,-2.6653,1.55533,85.768,1.48027,3.14149,-2.09246,-0.0128349
183.061,-3.35851,2.5143,131.815,3.60697,-2.053,89.7258,0.569699,0.518152,1.71588,0.0128349
96.4557,-3.09296,1.61334,79.4771,0.577717,1.83026,110.784,-2.44932,-1.42391,0.216912,0.0128349
186.854,-1.69757,1.81337,88.842,2.1004,-0.425624,125.086,1.25598,-1.95371,-2.23899,-0.0128349
152.96,-2.34782,-0.139414,76.9929,3.74251,-0.0415015,137.652,0.994378,2.76763,0.097913,-0.0128349
78.2812,2.76434,-0.776428,72.3828,-1.47997,-0.533875,110.561,-0.0640623,2.70066,-0.242552,-0.0128349
193.094,0.546905,-2.57797,34.6908,-2.58244,1.74739,171.54,-0.465328,0.508644,1.95782,0.0128349
143.87,2.32948,0.892826,99.2146,-1.76459,-0.917821,99.2748,0.861059,-2.91458,1.81065,0.0128349
94.5262,1.849,-2.70999,81.3176,-2.02384,1.4339,57.1233,1.19669,-1.01264,2.13929,-0.0128349
115.777,3.06915,-0.758328,74.5349,-0.954001,2.72082,37.1212,2.29009,0.608779,2.80404,0.0128349
115.555,2.60531,2.66081,30.0037,-3.60894,1.6483,90.2736,-1.02457,-0.721166,1.01251,0.0128349
138.871,-0.902464,0.515172,33.9366,3.87537,1.90414,124.574,-0.227313,-2.15871,1.38896,0.0128349
228.687,-2.47341,-2.45623,170.349,2.45948,-1.53509,95.19,1.31106,1.03947,0.921141,0.0128349
220.949,1.96904,0.156798,59.7839,-2.23294,2.48226,155.822,-0.87095,-2.98083,-2.32547,-0.0128349
185.444,2.42399,-2.28539,137.326,-2.43064,-0.0523472,60.7914,-0.765145,1.87875,-2.23304,-0.0128349
119.775,-3.10302,-0.52581,101.216,2.79857,-0.11756,98.8424,-0.682251,2.6612,0.40825,0.0128349
112.191,2.25973,2.09791,85.2791,-1.43172,-2.67942,53.2562,0.688825,-0.674976,-1.50585,-0.0128349
117.238,-1.94207,0.375503,75.0816,1.97561,-1.23238,64.8101,-1.43145,2.5791,-1.60789,-0.0128349
158.94,-2.17688,-2.20669,63.0767,4.23247,2.66252,126.421,-2.0462,0.549138,-1.41398,-0.0128349
68.3148,2.10287,-1.17705,52.6437,-2.00286,-0.527437,54.1555,0.681203,2.10512,-0.649614,-0.0128349
96.0937,-2.93332,2.12141,92.069,0.321886,-1.63303,68.432,-0.837412,0.165061,2.52874,0.0128349
286.961,2.95139,1.20785,151.189,-2.84781,-1.43563,162.751,0.808047,-2.81104,2.64349,0.0128349
135.92,1.82965,-2.27781,75.8607,-1.20691,-1.10814,137.665,0.528971,1.38401,-1.16967,-0.0128349
196.845,-1.28053,2.21112,80.5279,3.3877,0.342006,94.9689,1.14998,-1.3414,-1.86911,-0.0128349
70.0049,2.83849,3.10745,55.2673,-1.36508,1.89259,39.4231,1.21336,0.0704663,1.21485,0.0128349
137.628,-1.8993,1.16005,119.159,2.90851,1.90633,82.9918,0.316143,-1.95469,0.74628,0.0128349
103.231,-3.62333,1.20029,70.5949,3.01934,-0.138846,115.095,-0.562339,-2.34154,-1.33914,-0.0128349
155.561,-2.73236,-3.05478,52.7121,1.9998,-1.34577,69.0024,-0.419588,0.258579,1.70901,0.0128349
290.901,1.25423,1.33621,31.6301,-4.54671,0.792808,172.201,-0.363716,-1.91981,0.543402,0.0128349
175.743,-1.13854,2.64633,115.815,2.19273,-2.72027,191.34,-0.0186959,-0.340801,0.91659,0.0128349
132.678,-2.92697,-2.63502,72.9206,0.756546,2.53952,90.9322,-1.01831,0.132608,-1.10864,-0.0128349
167.859,-2.34779,-0.556895,48.7572,2.26944,0.0871726,122.917,-0.58553,2.81535,0.644068,0.0128349
182.324,0.383074,-1.14298,70.782,-2.83405,-2.1925,124.788,-1.35244,1.78572,1.04952,0.0128349
136.942,-0.544217,1.95779,74.0521,4.11471,0.32144,105.711,-0.0999445,-1.63677,-1.63635,-0.0128349
91.2555,3.02223,2.72692,88.0308,-0.516383,1.13789,145.708,1.50124,-1.2645,1.58903,0.0128349
229.602,-3.41539,2.74444,126.216,1.88765,-0.633495,63.0567,0.580737,-1.20475,2.90525,-0.0128349
173.368,1.87418,-2.92231,106.719,-2.8685,-2.44655,242.463,-0.586113,0.264388,-0.475753,-0.0128349
163.9,2.93081,-1.68266,112.906,-0.701469,1.75598,114.819,-0.42469,0.390417,2.84454,0.0128349
101.355,-2.38412,-3.10306,97.2744,1.57458,-1.48265,93.0918,-0.52557,0.845422,1.62041,0.0128349
164.567,2.2755,-0.0776585,124.461,-1.84092,-0.646922,153.449,0.976018,2.60739,0.569264,0.0128349
214.313,1.48645,-2.75546,138.881,-1.76749,-2.34105,240.595,0.159574,0.370748,-0.414419,-0.0128349
145.455,-1.72965,-2.1782,63.0516,1.86122,0.386268,66.4973,0.190581,1.44733,2.56447,0.0128349
144.975,-1.99221,3.14139,108.154,2.85421,0.575007,87.4033,0.528613,-1.52009,-2.56639,-0.0128349
226.882,1.03033,0.317014,119.635,-2.82851,1.87617,234.708,0.377899,-2.64371,-1.55916,-0.0128349
126.89,-2.40597,-2.71964,67.4337,1.51329,-1.43876,109.048,-1.57098,1.04134,1.28087,0.0128349
138.847,-0.827823,-2.94276,54.3121,2.49171,2.3093,114.667,1.56312,0.235054,-1.03112,-0.0128349
91.3436,-1.52848,-0.0217452,42.4034,2.5676,2.35562,51.6407,-1.56792,-3.06963,2.37736,-0.0128349
206.458,2.28453,0.655196,73.0281,-2.53734,-1.63817,67.4176,-0.667493,-2.58115,2.29336,0.0128349
147.038,2.19152,2.35178,143.73,-1.66385,0.592355,154.387,1.18495,-2.01281,1.75942,0.0128349
304.861,0.00903383,2.06686,33.9326,-3.99361,-2.36439,198.55,-1.91706,-0.957395,-1.85194,-0.0128349
85.7818,-0.691912,-3.11302,81.3344,3.03278,1.56728,69.0545,0.707034,-0.473626,-1.60288,-0.0128349
153.054,2.83715,0.554874,40.9574,-1.00109,1.15972,129.445,1.9667,-2.45605,-0.604842,-0.0128349
106.889,-2.58968,1.98432,98.6441,1.92095,0.135787,83.2775,0.0217339,-2.52706,-1.84853,-0.0128349
190.145,1.93346,0.0369083,154.72,-1.75005,-2.19283,87.6878,1.1371,2.25052,2.22974,0.0128349
73.8356,-2.51837,1.1147,44.4706,2.85389,2.63785,71.7146,0.903851,-1.13445,1.52316,0.0128349
175.166,1.77539,-0.0868024,151.907,-2.76101,-1.83371,84.918,-0.562656,2.30593,1.7469,0.0128349
103.901,2.09913,-2.26652,64.7659,-2.07648,2.38503,89.452,-0.424852,0.32291,1.63163,0.0128349
109.886,-3.09899,1.64284,97.2851,2.22844,0.384478,163.753,-0.089927,-1.89281,-1.25836,-0.0128349
129.198,-2.40557,2.33514,106.801,1.9841,1.39372,64.0159,-0.595223,-1.24652,-0.941426,0.0128349
430.134,-1.69835,-0.514181,170.915,2.76338,-2.20142,236.351,-0.382892,2.58815,-1.68724,-0.0128349
120.162,-0.806266,0.571637,76.2286,4.38371,2.29335,110.492,1.39848,-1.78572,1.72172,0.0128349
198.668,-0.297882,-0.772388,118.872,2.98123,1.53685,74.4457,1.18417,-2.94313,2.30923,0.0128349
289.546,2.18976,-0.559523,77.0461,-1.01243,0.84271,148.207,-0.238635,3.04853,-1.40223,-0.0128349
148.958,1.55573,-0.326523,67.1453,-3.51146,1.60559,130.72,-1.0981,-2.83213,-1.93211,-0.0128349
281.768,0.234092,3.0386,77.5453,-2.97424,-1.86758,230.053,-1.26739,0.131549,-1.377,-0.0128349
261.234,0.780659,-2.84285,55.3045,-3.14977,2.58366,85.9095,-0.94465,-0.0422774,0.85668,0.0128349
155.999,-3.03335,-2.25207,62.2749,1.55227,-0.156821,82.8177,-2.10211,1.22049,2.09525,0.0128349
108.908,-3.77219,-2.51694,93.9865,3.75005,2.93162,71.9315,-0.239473,-0.0911607,-0.834624,0.0128349
128.877,2.22424,-1.31588,67.2412,-3.17427,2.49487,68.6834,-0.187879,0.947435,2.47244,0.0128349
105.972,-1.02847,1.82262,67.5751,2.59962,0.130326,125.62,0.60623,-2.43586,-1.69229,-0.0128349
87.8522,-2.48882,-0.227096,85.0427,1.79024,-1.82559,88.1459,1.18656,2.32516,-1.5985,-0.0128349
128.997,-2.27323,2.71591,87.8578,2.76277,-0.867219,29.1909,-0.492895,-0.0472979,2.70006,0.0128349
89.077,3.23683,0.807639,63.5485,-3.25361,1.08169,86.5934,0.274063,-2.43623,-0.274049,-0.0128349
332.799,-2.87272,-2.09084,41.8826,1.61083,-3.07112,218.143,-0.35209,1.05866,-0.980274,0.0128349
79.3931,-2.40462,2.1892,68.8766,3.04259,1.27727,74.464,0.896811,-1.62681,-0.911929,-0.0128349
99.2746,2.93635,3.04838,30.3828,-2.89355,1.64505,126.285,2.03634,-0.418394,1.40333,0.0128349
110.34,-2.15289,-0.961896,60.5827,3.1737,-2.29858,71.2061,-1.90297,1.96478,-1.33669,-0.0128349
264.077,-1.32216,0.423418,110.891,3.08372,-2.83391,152.475,-1.03784,-2.53228,3.02586,0.0128349
95.8812,1.63911,-2.77919,37.1493,-2.69781,2.40899,76.6832,-1.13852,-0.0155161,1.095,0.0128349
420.936,2.34028,0.726782,50.7558,-2.36584,1.52746,236.354,1.09093,-2.21704,-0.800676,-0.0128349
433.16,-1.73489,-0.366102,143.888,1.7693,2.36227,369.135,-0.578634,3.11929,2.72837,0.0128349
123.329,0.803577,-0.594694,49.3263,-2.4386,0.195235,124.429,-0.579573,2.90015,-0.789929,-0.0128349
283.028,-1.36209,-0.7229,60.9387,2.05548,-2.45934,181.88,-0.31886,2.30019,-1.73644,-0.0128349
97.9681,-2.95267,0.243931,77.5792,3.79484,2.86588,45.6324,2.59842,-2.17161,2.62195,0.0128349
226.619,-2.71983,-0.81467,112.3,3.97038,1.99753,83.7948,-0.331684,2.82902,2.8122,-0.0128349
140.905,-2.11396,-1.68019,42.0003,2.95774,-1.18935,64.5289,0.310048,1.24764,0.490844,0.0128349
74.2331,-1.20234,-0.670411,37.8264,3.4151,-1.62147,71.4313,0.155334,1.45644,-0.95106,-0.0128349
142.779,-3.05434,2.92612,34.3287,0.530658,-2.57048,95.7484,-1.17208,0.314735,0.786583,0.0128349
115.601,1.49009,2.04647,52.7127,-3.65992,-2.12147,84.2119,-0.0677286,-0.704833,-2.11524,-0.0128349
127.708,-1.13606,-0.204547,87.7939,3.47579,1.20297,104.352,-0.464775,-2.36782,1.40752,0.0128349
115.092,-2.224,2.8576,43.1045,2.4741,2.39411,103.392,1.97436,-0.507002,-0.463495,-0.0128349
119.064,-2.90841,-2.63,110.935,1.48405,0.916847,99.5402,-0.584997,-2.58349,-2.73634,0.0128349
228.655,-1.70461,1.12309,35.6212,2.77045,1.94858,119.635,-1.20906,-2.04371,0.825489,-0.0128349
106.28,2.13945,-0.131241,48.3932,-2.21381,0.724189,90.7891,1.10334,-3.05185,-0.85543,-0.0128349
87.9494,-2.79413,-2.15834,48.4721,2.08538,-1.07979,76.1792,-1.57813,1.16867,1.07855,0.0128349
105.229,-0.794986,1.17754,39.2912,2.95651,1.79456,75.4438,0.289205,-1.67917,0.617015,0.0128349
167.746,1.97775,2.82157,55.144,-3.66404,1.17602,73.3872,-0.188729,-0.539977,1.64555,0.0128349
140.203,-2.92065,1.99003,51.8871,0.730733,-1.16664,60.2207,-1.42445,-0.776015,3.12651,0.0128349
290.741,-0.466926,-0.701802,139.252,2.74115,0.351782,224,0.560908,2.66456,1.05358,0.0128349
243.244,-1.49015,0.981024,60.5159,1.80261,2.62763,442.999,0.157751,-1.63522,1.64661,0.0128349
90.3429,-2.06384,-1.31032,80.865,3.58086,0.6426,48.3852,0.201757,1.86052,1.95292,0.0128349
97.4705,2.10731,-0.415541,50.2491,-3.67445,-2.59163,78.5994,1.10694,2.21086,2.17609,0.0128349
205.056,-1.86549,-0.287083,157.394,1.74721,-1.81618,148.075,0.453349,2.30594,-1.5291,-0.0128349
231.322,1.48795,0.595226,81.916,-3.06006,-2.34484,86.7395,0.11348,-2.81482,2.94006,0.0128349
96.5639,-2.03403,2.48239,86.9471,2.86726,-1.62536,37.9579,-0.87089,1.12845,2.17543,0.0128349
136.904,-1.43025,2.58188,104.608,3.48763,2.98728,133.337,-1.03969,-0.132863,0.405395,0.0128349
207.703,-1.52599,2.64571,47.6343,2.88009,2.01964,126.801,-0.191572,-0.489914,-0.62607,-0.0128349
212.972,1.53053,0.840832,186.633,-2.20573,2.43737,95.1959,0.925517,-1.19543,-1.59654,-0.0128349
175.077,-2.58072,-1.88922,157.755,1.78665,0.24089,154.98,0.925796,1.33915,2.13011,-0.0128349
193.867,-0.0449549,2.70836,49.6072,4.32384,0.0878501,90.8882,2.33584,-0.440843,-2.62051,-0.0128349
224.375,-2.64331,-2.49739,95.3887,2.05776,2.12928,133.253,-1.28381,0.158747,-1.65652,-0.0128349
224.272,-1.7598,1.85069,49.341,1.66356,-2.3812,83.1868,-0.212786,-0.996567,2.05129,0.0128349
103.973,2.12992,0.943367,96.3436,-2.28296,3.09016,71.9965,-1.60285,-1.23608,-2.1468,-0.0128349
198.755,1.16719,-2.72503,33.2279,-3.14859,2.29701,133.906,-0.437277,0.236753,1.26114,0.0128349
95.3267,-2.22955,1.25264,67.5952,2.74135,-2.58164,45.9416,0.109902,-1.29345,2.44891,0.0128349
136.481,1.58083,1.20692,107.343,-1.43014,-0.424693,81.2638,1.14495,-3.03003,1.63161,0.0128349
253.807,-2.02818,-0.12408,92.3053,3.61806,1.02446,168.387,0.888474,-2.97125,1.14854,0.0128349
90.6439,2.11448,0.969669,64.077,-1.08123,2.50164,135.09,1.09499,-1.71218,-1.53197,-0.0128349
281.672,-2.13694,2.23277,72.5844,3.43913,-2.03285,206.59,1.55774,-0.525732,2.01757,0.0128349
140.669,2.66534,2.66437,50.4554,-0.930079,-1.47722,104.374,0.968219,-0.290133,-2.14159,-0.0128349
258.19,0.941233,0.183109,166.586,-2.87006,-0.958998,127.852,-0.155477,2.79988,1.14211,0.0128349
289.163,-1.32677,3.10532,87.2998,2.37835,-2.14848,123.327,-0.201805,0.184713,1.02939,0.0128349
347.184,-0.776532,2.07558,151.755,2.36029,-0.553505,192.838,0.330658,-1.39669,-2.62908,-0.0128349
325.56,-2.97834,-1.82865,33.4602,3.68841,2.55657,236.979,0.119294,1.1361,-1.89797,-0.0128349
159.42,-1.29424,-2.45506,79.4009,3.61275,2.70081,137.235,1.44093,0.310798,-1.12732,-0.0128349
267.373,1.27115,-1.71094,55.143,-3.93414,2.4142,103.875,-0.142263,1.40899,2.15805,0.0128349
226.846,-1.00292,-2.95307,46.887,2.76686,-0.949855,194.486,0.308738,0.531052,2.00322,0.0128349
135.978,3.44613,0.44735,72.2422,-2.84426,-1.51314,129.811,-0.267291,2.29112,1.96048,0.0128349
121.075,2.24124,-2.83753,54.4507,-2.14274,1.17198,64.1498,-0.025255,0.153959,2.27367,0.0128349
82.7428,3.41858,-1.98156,70.7214,-0.874151,-0.516222,74.9037,1.21141,1.91808,-1.46534,-0.0128349
223.488,2.20538,-1.95944,66.1272,-1.84967,-2.50354,134.888,0.655891,1.16449,0.544109,0.0128349
194.992,1.749,0.220285,90.4349,-3.19314,2.94521,48.5862,-0.620082,-2.37682,-2.72493,-0.0128349
222.182,2.49606,-1.42981,37.5049,-1.13042,-0.67648,321.48,-0.163362,1.8321,-0.753332,0.0128349
241.823,1.53906,-0.5499,183.682,-1.66753,1.46049,173.127,-0.631651,-2.91579,-2.01039,-0.0128349
69.7852,-3.46194,2.3645,56.6618,3.23095,1.61437,85.3656,-1.21591,-0.93669,-0.750132,-0.0128349
110.037,3.12257,-1.17779,58.2848,-3.61929,-2.90131,50.2821,1.14831,0.771206,1.72352,0.0128349
334.386,2.00734,-1.53315,163.045,-2.37812,1.46199,171.053,-1.68937,1.92281,-2.99514,-0.0128349
207.985,-0.933405,1.28486,44.4114,4.32074,1.97622,165.288,1.08689,-1.59685,0.691358,0.0128349
171.672,-2.01975,0.77892,136.328,2.03507,0.644292,131.052,-0.906392,-2.38206,-0.134628,-0.0128349
74.6428,2.82838,-2.53524,71.7706,-1.29383,-0.913289,71.1726,-0.781981,1.3547,-1.62195,-0.0128349
227.08,-2.22746,2.69972,81.6688,3.21509,-0.0520275,52.0121,0.868668,-0.402739,-2.75175,-0.0128349
150.38,-1.79986,-3.04646,109.614,2.46201,-2.38674,148.964,1.55929,0.385957,0.659729,0.0128349
258.231,-0.240195,-2.37197,46.3226,3.66022,-2.9413,294.189,1.57281,0.666635,-0.569327,-0.0128349
111.37,-3.19044,1.1196,81.1222,1.72114,-0.920228,198.455,-1.68314,-2.75145,-2.03983,-0.0128349
247.872,1.5396,0.641621,103.977,-1.97068,-1.9642,47.6997,-0.509363,-2.79852,2.60582,0.0128349
95.6327,-1.61799,0.443653,80.9743,1.99649,2.44211,85.7863,-0.535249,-2.17664,1.99845,0.0128349
424.309,1.9534,2.29568,169.191,-3.60808,-2.5901,186.504,0.18593,-0.463506,-1.3974,-0.0128349
188.317,2.45245,0.292642,83.951,-2.99175,-1.86427,85.7994,-2.30267,-3.11035,2.15691,0.0128349
157.761,-3.14298,0.896004,131.991,3.10661,1.90926,177.87,-0.810053,-2.23019,1.01325,0.0128349
58.2184,-4.08008,2.51762,31.0045,2.98484,0.54017,31.8186,-1.6758,-0.361677,-1.97745,-0.0128349
172.782,2.37753,1.03704,103.919,-2.3145,-2.49066,51.0166,0.793088,-1.7285,-2.75549,-0.0128349
122.847,-2.60873,-3.09629,37.2772,1.31294,-0.959361,94.4226,-1.29936,0.0363773,2.13693,0.0128349
70.4128,-1.79425,-1.83476,39.6943,3.34805,-2.24224,104.673,-0.081543,0.671036,-0.407484,-0.0128349
150.72,2.38,2.00826,101.137,-1.01518,-1.79007,51.8371,0.482069,-0.931219,-2.48485,0.0128349
324.767,-2.50744,-1.63231,99.1036,2.54982,0.328051,219.821,-0.194535,1.62021,1.96036,0.0128349
383.629,-1.44316,2.90146,136.092,2.37443,1.16713,142.065,-1.11803,-0.521424,-1.73433,-0.0128349
147.544,-2.42025,2.66415,55.6178,0.837515,0.563278,50.0416,-2.27388,-1.08253,-2.10087,-0.0128349
196.943,-2.82742,1.78281,92.6801,1.16254,0.0121775,99.9193,-0.950661,-2.06246,-1.77063,-0.0128349
258.281,1.16078,0.0865914,61.6509,-1.91532,-0.929767,95.5697,-1.46193,-3.06818,1.01636,0.0128349
90.5025,3.35697,1.7853,58.6044,-2.89611,-3.00748,73.8637,-0.567874,0.698638,-1.4904,-0.0128349
109.038,-3.19501,-0.407574,88.0787,1.44845,0.0823163,73.3231,-0.337814,2.78163,0.48989,0.0128349
201.774,-1.11368,0.590942,45.7447,3.27688,-2.60852,36.0763,0.257523,-2.38292,3.08372,0.0128349
266.568,-1.46935,-3.12772,45.6092,1.67684,-1.68133,104.678,0.418525,0.243541,1.44639,0.0128349
113.324,-1.27673,-2.51115,93.419,1.85396,2.4991,124.344,0.678634,-0.216448,-1.27293,-0.0128349
79.8242,3.14945,1.90725,65.3985,-1.26131,-2.99672,39.8232,1.51639,-0.174256,-1.37922,-0.0128349
106.543,0.150096,-2.56975,82.6918,-3.78388,0.920231,46.7764,-2.58702,-1.51437,2.79321,0.0128349
200.903,2.49629,-1.25137,142.368,-2.45784,2.34702,76.7547,-1.79244,1.66217,2.68479,0.0128349
230.615,-2.50317,1.81636,148.065,0.853224,0.445866,213.417,-0.783812,-1.83001,-1.37049,-0.0128349
196.185,-2.66069,3.05191,102.748,2.23081,-2.23082,246.28,-0.611431,0.161397,1.00045,0.0128349
137.808,-2.93831,-0.201509,84.1871,3.07626,-0.508573,130.517,1.71776,2.78377,-0.307064,-0.0128349
141.658,1.90626,2.48438,100.623,-1.64862,-3.02607,157.39,0.163639,-0.0466269,-0.772737,-0.0128349
227.765,0.863014,1.60343,110.925,-2.9391,-0.268836,184.033,-0.796414,-1.74578,1.87227,0.0128349
152.526,2.78198,2.47462,88.9008,-1.95466,-2.52198,73.8338,1.66628,-0.622815,-1.28659,-0.0128349
164.28,1.13906,1.42305,92.1503,-2.14836,-0.141132,169.579,0.348053,-2.2115,1.56418,0.0128349
230.512,-1.83534,0.818281,162.648,1.45973,-2.21902,137.829,-1.07176,-0.51174,-3.0373,0.0128349
77.3194,-2.42683,2.3223,55.5694,1.33904,0.324759,75.7803,-1.11073,-2.3637,-1.99755,-0.0128349
120.287,-0.892409,1.65788,60.5397,2.88616,0.218291,76.3334,0.190594,-1.83537,-1.43959,-0.0128349
338.122,1.23177,-0.77953,103.16,-3.17247,-3.07213,179.642,-0.0334925,2.26797,2.2926,0.0128349
65.5902,-1.40074,0.57288,63.0251,2.99793,-0.515912,67.9139,1.2792,2.9164,-1.08879,-0.0128349
180.507,-1.73183,3.08072,91.4178,2.57532,1.51151,217.397,-0.609212,-0.733772,-1.56921,-0.0128349
111.698,2.1803,-1.62951,72.4383,-2.23394,-2.95544,77.4108,1.03525,0.97953,1.32593,0.0128349
210.13,2.05261,2.58505,134.967,-1.47154,1.38712,71.2148,0.465111,-0.521759,1.19793,0.0128349
291.213,-2.37936,-3.03525,37.7406,2.74828,0.535331,153.492,-1.42882,0.0733481,-2.71261,-0.0128349
225.615,-0.797708,-0.0963001,106.661,2.88414,2.78256,125.7,0.149251,-2.99093,2.87886,0.0128349
149.946,1.09107,-0.46599,55.4564,-2.59804,-1.5996,238.001,-1.28307,2.48117,1.13361,0.0128349
164.594,2.28747,-1.11625,78.7344,-2.1577,-0.991546,149.28,-0.181679,2.41602,-0.124702,-0.0128349
229.753,2.91186,2.92167,47.2473,-3.0452,-2.04134,190.933,1.44535,-0.0758949,-1.32017,-0.0128349
318.866,-1.53813,-0.323761,211.716,2.44467,2.77828,221.191,-1.20207,2.54904,3.10204,-0.0128349
159.635,-1.51425,0.886875,135.146,2.87027,1.35673,197.599,1.80534,-1.97353,0.469856,0.0128349
104.543,-3.06941,0.0540113,30.9756,4.58926,-2.23412,36.9132,2.67058,-3.04228,-2.28813,-0.0128349
396,0.246183,0.35159,117.904,-3.00732,2.37879,348.703,-2.10827,-2.45863,-2.0272,-0.0128349
136.725,0.160964,-2.24673,46.1454,-4.62697,-1.49159,139.646,-1.75946,1.11085,-0.755134,-0.0128349
319.947,-0.86658,1.33985,90.9849,4.35787,-2.20105,192.853,1.34444,-1.47712,2.74228,0.0128349
162.124,-2.69179,-0.0882451,53.5889,3.46688,-1.06598,178.712,1.73188,2.68525,-0.977735,-0.0128349
92.9837,2.18598,-3.00039,59.4101,-2.54938,-2.85564,81.5075,0.378396,0.477467,-0.14475,-0.0128349
97.5322,-0.488045,0.235874,93.7515,3.60924,-0.134873,123.246,1.06909,2.95534,-0.370747,-0.0128349
166.18,1.30241,1.15412,134.7,-3.15602,2.66657,164.754,0.684247,-1.51649,-1.51245,-0.0128349
86.7014,3.1816,-0.278451,79.0284,-1.88243,-0.354526,91.4369,-0.626251,2.56313,0.0760753,-0.0128349
95.9225,1.5659,-0.26447,90.8828,-2.39327,1.50488,65.7569,-1.56174,-2.63841,-1.76935,-0.0128349
368.377,-1.43158,2.37413,155.352,1.97207,-1.92883,80.8532,-0.470858,-0.42217,1.98022,0.0128349
148.29,3.13761,2.39577,125.953,-0.508304,-2.90481,169.13,0.325791,-0.462842,-0.982605,-0.0128349
100.192,-0.0989543,1.42308,78.1833,2.94042,1.98715,134.896,0.19484,-1.0255,0.564075,0.0128349
106.378,-0.636802,1.46858,103.152,2.75566,0.887691,136.114,1.37238,-1.8062,-0.580893,-0.0128349
337.798,-2.01541,-2.32106,93.4766,2.02117,0.33026,192.9,-0.576881,1.34416,2.65132,0.0128349
136.441,1.41585,-3.0185,41.5547,-3.54094,-0.935903,92.2031,-0.204628,0.689873,-2.0826,-0.0128349
163.154,1.94642,-0.641252,90.9491,-1.34876,-0.784388,53.4846,0.249036,2.49715,0.143136,0.0128349
187.474,0.695977,1.22618,87.9875,-2.85887,-1.14673,92.72,-1.69958,-2.37966,2.37291,0.0128349
52.8838,-1.13352,-2.23678,47.582,3.44709,-0.844612,51.2896,-0.824455,1.33042,1.39217,0.0128349
122.962,1.05448,2.81984,108.518,-2.51556,-2.3535,164.206,-0.64078,-0.0559182,-1.10984,-0.0128349
167.304,-1.52696,-0.823506,165.886,2.837,3.04516,165.295,-0.948656,1.39818,-2.41452,0.0128349
79.6336,-2.30489,-1.93895,61.2892,1.17061,-0.451213,63.6173,0.0196103,2.09068,1.48774,0.0128349
286.478,3.09315,-3.03531,32.5535,-4.74667,1.4679,99.6645,0.536921,-0.142453,1.77998,0.0128349
145.211,-3.14809,1.58392,113.537,1.95976,2.44215,135.675,-0.918797,-0.959984,0.858227,0.0128349
73.9584,3.77191,1.90482,72.0822,-3.09047,1.15838,104.013,1.11801,-1.62972,0.746445,0.0128349
152.813,2.67309,-1.95911,96.0211,-1.69864,-1.79001,143.564,0.343214,1.3741,-0.169106,-0.0128349
170.683,-2.50523,-3.12547,83.2413,1.7107,1.99848,165.949,-1.82649,-0.396584,-1.15924,-0.0128349
200.906,1.70802,0.710831,121.106,-3.72114,-1.09723,168.172,-0.736367,2.79581,1.80806,0.0128349
101.771,1.36978,-0.783324,81.5625,-2.78692,0.291079,89.7074,0.608652,2.13819,-1.0744,0.0128349
146.897,-2.3775,2.30351,57.8757,3.58509,-1.51077,70.774,-2.13288,-0.452156,2.46891,0.0128349
150.629,-2.75439,1.42394,66.9683,3.65496,-0.318896,129.539,-1.06063,-2.335,-1.74283,-0.0128349
240.738,-1.74497,0.206352,77.0154,2.17808,-0.328127,219.978,0.989649,3.10228,-0.534478,0.0128349
138.936,3.1505,-3.03938,102.078,-0.38137,-1.42196,38.796,1.88355,0.898635,-1.61743,-0.0128349
189.841,-3.02962,-1.12592,43.0895,1.38373,0.162306,207.494,-0.77312,2.18415,1.28823,0.0128349
232.712,2.48582,-2.73378,196.367,-0.995028,1.96648,314.589,-0.00672774,0.0951984,1.58293,0.0128349
173.318,-1.83744,2.64936,92.8274,1.92136,-2.37952,71.3204,-0.857623,0.196467,1.2543,0.0128349
190.436,1.82523,0.98957,35.1938,-1.20387,-0.309444,123.492,-0.118528,-2.39262,1.29901,0.0128349
108.488,-1.59631,1.78144,83.4667,2.77987,2.49649,108.444,2.01331,-0.708949,0.715046,0.0128349
130.043,3.16096,0.312787,57.5227,-0.814127,-0.499381,136.102,2.13029,3.00755,0.812168,0.0128349
143.678,0.496941,2.42106,60.986,-3.32685,-3.03067,127.889,-1.57838,-0.250844,-0.831459,-0.0128349
138.278,-0.911045,-2.3619,69.6869,2.70017,2.41889,74.7877,1.32939,0.321061,-1.50239,-0.0128349
98.4055,0.874026,2.76304,81.0578,-2.96464,-1.36876,70.7986,-0.808831,-0.212334,-2.15138,-0.0128349
232.813,-1.94211,-2.73698,79.3328,2.51684,1.01377,90.2417,-0.737801,0.420554,-2.53244,-0.0128349
390.733,-2.06881,3.07694,92.0701,1.69267,0.274446,225.076,-0.375517,-0.196786,-2.8025,-0.0128349
81.7468,-0.554536,-1.52434,54.4016,3.81181,-0.236347,99.4489,0.586987,2.21055,1.28799,0.0128349
170.976,2.27225,2.19885,113.979,-1.03036,2.53696,344.75,0.226055,-0.783444,-0.338115,-0.0128349
103.427,2.3189,0.560507,77.4755,-1.65736,-0.922427,56.9484,-1.38518,2.94434,1.48293,0.0128349
141.14,-2.72109,1.63637,95.5565,2.33311,0.0315242,124.861,-0.835662,-1.52692,-1.60485,-0.0128349
80.7772,-0.694511,-1.26867,75.794,2.35918,1.12812,58.8918,0.793967,-2.85851,2.39679,0.0128349
109.143,2.63704,-0.877682,108.42,-2.28944,-0.440851,160.545,0.507366,2.29547,-0.436831,-0.0128349
185.689,-2.0987,1.42889,130.67,2.13037,2.42693,139.258,-0.0394405,-1.2226,0.998033,0.0128349
75.5471,-3.44004,-1.67565,59.1903,1.45092,-2.48202,92.4412,0.54371,1.23647,-0.80637,-0.0128349
182.747,1.60412,2.18326,69.4667,-3.07217,-2.42616,82.6203,-1.11583,-1.10169,-1.67377,-0.0128349
54.0855,-2.78934,2.69179,47.4697,3.33189,-2.1428,41.9789,0.0240173,0.320924,1.44859,0.0128349
237.69,-0.886453,-0.792043,163.162,3.87986,0.834936,178.427,0.0267957,2.86683,1.62698,0.0128349
88.7367,1.47052,-1.4049,43.5075,-2.74368,-1.41814,74.4395,0.551153,2.10074,0.0132408,-0.0128349
245.873,2.91553,3.02969,75.5477,-0.970856,-0.887006,236.268,1.41738,-0.615737,-2.36649,0.0128349
110.729,-2.56632,1.02553,100.575,2.55299,2.9653,145.544,-1.05487,-1.276,1.93977,0.0128349
72.5434,-2.84333,-0.525357,70.8916,1.5761,-1.75689,34.1823,-2.37345,1.811,-1.23153,-0.0128349
150.277,-1.79951,-3.10606,62.5317,2.6536,1.11337,81.1297,1.72148,-0.291684,-2.06375,-0.0128349
129.192,-0.955755,-1.36367,78.0702,3.60306,-2.48473,108.77,-0.222898,1.38827,-1.12105,-0.0128349
123.939,3.08621,0.926914,93.1088,-1.80132,-2.82954,66.4614,-1.33412,-1.4742,-2.52673,-0.0128349
282.193,2.3589,-3.03734,199.212,-0.673977,-0.774919,123.025,1.35452,0.848085,-2.26242,-0.0128349
75.0149,-2.82935,2.35543,71.1876,3.82554,-0.0301857,62.6075,-0.070109,-2.52952,-2.38561,-0.0128349
367.449,-1.9963,-2.64995,69.4567,1.51188,0.0121277,247.838,0.478485,0.582876,2.66208,0.0128349
94.3842,2.68965,2.74297,46.7199,-1.68652,1.24314,71.2548,-0.85096,-0.919494,1.49983,0.0128349
246.066,1.74275,0.134855,38.4811,-2.7252,-2.55394,99.6206,-0.999072,-2.94507,2.68879,0.0128349
190.923,1.81159,-0.450177,147.642,-1.22891,-1.05216,94.5056,1.24168,2.32737,0.601988,0.0128349
172.745,-1.83937,-2.62435,135.894,2.61454,-2.92154,236.659,-0.633175,0.293487,-0.297187,-0.0128349
172.653,-0.383648,1.4698,65.1542,3.34388,-0.839689,58.8855,2.24032,-1.76241,-2.30949,-0.0128349
184.813,0.594162,3.0192,101.699,-2.8031,1.36998,127.31,-0.968461,0.0518883,1.64922,0.0128349
150.061,-3.19236,1.9825,55.5962,0.469918,0.666017,52.88,-0.0985479,-1.62692,-1.31649,-0.0128349
174.254,1.61219,2.21919,47.7294,-3.68227,0.187688,151.612,-0.18385,-0.976046,2.0315,0.0128349
167.353,-1.97867,2.87157,87.9194,2.47703,-1.88191,109.243,-0.665828,-0.00210642,1.52971,0.0128349
89.0139,2.67749,-1.98819,61.7783,-1.47249,-0.15474,73.1074,1.91746,1.31914,-1.83345,-0.0128349
367.831,1.26113,0.39019,46.5833,-3.875,-2.18391,194.82,-0.812765,-2.72801,2.5741,0.0128349
308.979,-3.07777,-1.11329,73.5109,1.71523,0.57535,172.618,-0.670815,2.2406,1.68864,0.0128349
146.314,-2.67402,-2.28877,140.638,1.31494,-0.129093,55.3992,-2.44873,1.94645,2.15968,0.0128349
157.706,1.22373,-3.06055,30.4836,-4.67576,-1.89179,138.912,-0.627599,0.349756,-1.16877,-0.0128349
161.69,-0.781875,-2.35086,95.6689,2.27693,-1.11738,106.991,1.12602,1.25248,1.23348,0.0128349
100.576,-2.48092,0.55297,76.2601,4.08479,0.349781,70.3635,-1.45776,-2.47776,-0.203189,-0.0128349
285.293,3.17134,-2.91184,80.0449,-2.96801,1.64011,218.904,-1.02823,0.0923902,1.73123,0.0128349
245.563,3.09936,0.901313,143.874,-2.04345,0.237622,109.768,1.37185,-2.63492,0.663691,0.0128349
86.803,0.132719,2.87041,65.8022,-3.67575,1.00502,45.5281,-1.65332,-0.730592,1.86539,0.0128349
152.647,-1.90008,0.720513,132.339,2.65756,1.56606,126.217,1.44826,-1.95153,0.845545,0.0128349
170.745,2.4714,2.56181,106.475,-1.99648,-2.35039,135.543,0.452353,-0.221578,-1.37099,-0.0128349
175.472,-2.48869,1.2003,114.513,0.574598,1.1702,161.297,-1.88645,-1.65574,-0.0301054,0.0128349
85.8621,-2.15174,-3.05876,84.0826,1.09726,-1.827,49.0112,-0.933014,1.2169,1.23176,0.0128349
211.931,2.00521,-1.11514,210.579,-1.86047,0.490253,274.548,0.167859,2.8386,-1.6054,-0.0128349
314.067,2.87922,1.52016,97.4617,-2.8476,-2.51899,209.638,-0.0327031,-1.40126,-2.24404,-0.0128349
108.404,0.927426,-1.77252,36.193,-3.00236,0.263666,76.2568,-1.34375,1.75645,-2.03619,-0.0128349
144.969,2.22421,-2.04598,95.4033,-1.07696,2.97867,94.7493,0.874567,0.365764,1.25853,0.0128349
133.827,-2.35072,-1.96369,129.349,1.41453,2.20991,106.192,0.0533683,0.0973284,-2.10959,-0.0128349
390,-1.54059,1.34456,70.1577,4.58093,-1.0145,258.124,-0.9493,-1.95076,-2.35906,-0.0128349
157.178,-1.78263,2.99865,53.5237,2.78319,-0.593293,117.377,0.553666,0.0388031,2.69124,0.0128349
85.5613,1.69995,-0.0568684,47.3655,-3.05491,0.895796,71.4454,0.608486,-2.81894,-0.952664,-0.0128349
99.9902,0.591715,1.59005,94.4445,-3.04478,0.0437862,171.702,-0.597222,-2.59859,1.54626,-0.0128349
231.297,2.8568,-0.771944,63.9284,-1.12431,2.07852,128.035,-0.303309,2.49506,-2.85046,-0.0128349
153.594,-2.50196,-0.569146,111.527,3.23199,0.485279,126.204,-0.00679092,2.33908,1.05442,0.0128349
121.487,1.00828,-2.69013,84.5314,-3.06015,2.99563,49.3317,-0.7218,0.264899,0.59742,0.0128349
128.91,-1.35704,2.59642,88.0274,3.09387,-2.7339,68.9099,-1.32604,0.158922,0.952861,0.0128349
277.527,1.98991,-3.03897,115.323,-3.06379,-1.47343,210.811,-0.474229,0.574048,-1.56554,-0.0128349
106.241,2.09866,-2.96975,74.4757,-4.04216,0.588372,70.4664,1.11473,-0.564498,2.72507,0.0128349
306.956,2.25454,-2.38305,269.474,-1.06787,-1.66125,127.533,0.908869,1.06316,-0.721801,-0.0128349
181.651,-1.73271,-1.67292,62.5287,2.91209,-3.03151,96.1842,0.798454,1.16957,-1.35859,-0.0128349
95.4473,2.74411,-2.64725,67.7822,-1.14277,2.33804,88.5281,1.25944,-0.0813805,1.29789,0.0128349
96.6172,-2.18225,3.10582,66.4075,2.00449,-1.39205,68.8019,1.49428,0.549248,1.78532,0.0128349
177.907,-2.46968,1.59899,148.271,3.31193,0.592361,120.381,1.62498,-1.91059,-1.00663,-0.0128349
77.9091,-2.88998,-0.562939,32.6428,1.93545,-2.66566,40.1696,-0.333463,2.4852,-2.10272,-0.0128349
147.787,2.29831,-0.513865,74.2193,-2.0298,-1.45798,154.705,-0.990534,2.34032,0.944113,0.0128349
118.897,-1.63829,0.916006,59.0105,2.92112,-0.112247,113.09,-0.518329,-2.51551,-1.02825,-0.0128349
142.333,-2.11292,-1.30912,102.455,2.36893,-2.44993,61.8072,-0.182162,1.82252,-1.14081,-0.0128349
244.957,2.32229,0.497863,112.963,-3.56274,-1.60907,57.2963,-0.0254198,-3.00241,2.10693,0.0128349
105.908,0.106738,2.58466,97.7603,-3.19691,-1.30014,53.2966,-1.28009,-0.287924,-2.39839,-0.0128349
215.154,-1.64006,2.02293,164.498,2.66747,-2.82873,171.758,0.417665,-0.61227,1.43153,0.0128349
113.185,2.98848,-2.99305,66.6177,-3.60809,2.13928,63.0978,-1.17337,-0.0537508,1.15085,0.0128349
200.057,-2.15473,2.4709,134.255,3.09901,1.33623,152.409,1.62604,-1.27638,-1.13467,-0.0128349
231.934,1.04808,-2.13818,85.5168,-2.00444,-2.73534,131.859,-0.0646187,0.928345,0.597165,0.0128349
204.891,-2.5331,-1.51181,45.593,1.09157,2.82645,179.612,-0.508095,1.32042,-1.94492,-0.0128349
139.004,0.433828,-1.69824,46.1629,-2.96924,2.02297,65.6296,-0.977846,0.966325,2.56198,0.0128349
259.233,-0.857677,-2.30698,81.6807,2.40554,-1.26318,230.924,-0.436982,1.0997,1.0438,0.0128349
110.193,1.22125,-1.46359,55.7461,-3.64937,-0.669682,57.8742,-0.948292,2.3839,-0.793907,0.0128349
207.572,-2.62788,1.47898,100.153,0.421586,0.723903,111.795,-1.74964,-2.01319,-0.755082,-0.0128349
431.339,1.64702,-0.197505,123.721,-3.40806,-0.960254,305.837,-1.2506,2.75964,0.762749,0.0128349
172.979,2.87099,-0.839063,111.178,-0.958249,-2.78846,123.372,1.69469,1.71345,1.94939,0.0128349
180.372,2.47943,0.656834,73.4936,-2.56566,-1.47503,89.3062,1.24542,-2.87281,2.13186,0.0128349
119.863,0.574795,-3.12801,70.3152,-3.63375,2.15659,192.187,-1.1528,-0.388961,0.998584,0.0128349
225.026,1.95826,1.63102,142.468,-2.9367,-0.189141,179.68,-0.911717,-2.19872,1.82016,0.0128349
184.06,-2.34797,-1.59953,88.9605,4.08053,-1.16774,207.161,-0.857793,1.96229,0.431787,0.0128349
110.093,2.37352,-0.145698,84.0671,-3.32965,-2.2881,52.8271,-1.19023,2.74033,2.1424,0.0128349
194.415,2.11066,-2.33373,99.5116,-2.56989,-0.600887,92.4076,0.353559,1.04464,-1.73284,-0.0128349
169.111,-2.2724,2.78022,59.8954,2.84516,1.81318,162.571,-0.777342,-0.524729,-0.967037,-0.0128349
92.6786,-3.37083,-2.38024,80.189,2.98192,-0.956124,52.0168,-0.889988,1.64945,1.42411,0.0128349
134.127,3.40579,-0.46673,59.4303,-1.92948,2.04759,46.5036,0.283215,2.88121,-2.51432,-0.0128349
123.794,-3.11645,-0.68745,54.7955,3.27883,0.850957,99.4563,1.15681,2.8673,1.53841,0.0128349
117.402,-2.64339,0.902224,101.981,1.20059,-0.787018,96.9472,-1.83625,-2.62194,-1.68924,-0.0128349
191.152,2.13234,-2.30522,64.4623,-2.76645,-1.62635,169.054,-0.0572747,1.09592,-0.678877,-0.0128349
136.322,1.74557,-1.3216,46.5659,-1.40248,0.348402,62.4092,0.0898729,2.1289,-1.67,-0.0128349
89.904,-1.39287,-0.344942,73.303,3.54169,0.411988,121.258,0.955887,-3.11436,0.756929,0.0128349
286.669,0.984408,1.81216,88.4689,-3.67018,2.77387,94.259,-0.739379,-0.917195,-0.961717,-0.0128349
150.279,-2.05673,-2.3542,82.5519,2.89718,-0.950583,145.819,-0.877977,1.22666,1.40362,0.0128349
369.034,-1.8631,-0.108668,199.28,1.35425,-1.89714,201.707,-0.633163,2.57256,-1.78847,-0.0128349
199.424,2.35886,-0.267565,121.77,-1.11526,-2.03589,82.5149,-0.241964,2.38701,1.76832,0.0128349
88.8875,-1.9481,-1.51674,71.4698,3.19644,0.267025,65.4117,1.30945,2.15904,1.78377,0.0128349
79.3684,-2.97185,1.45391,49.5097,2.76019,-0.161561,89.4024,0.695787,-1.86258,-1.61548,0.0128349
122.432,0.915535,-0.0357307,33.2482,-3.2593,2.30081,56.1015,-0.0518184,-2.24871,-2.33654,-0.0128349
288.199,-2.16223,-0.411125,63.5152,2.39911,1.60904,149.214,-0.0860646,-3.12395,2.02017,0.0128349
128.684,2.51948,-2.83631,54.4095,-0.507251,1.49992,91.8524,0.563837,-0.472613,1.94695,0.0128349
213.745,-1.35733,-3.10812,41.8255,1.66974,-2.03061,115.373,0.115754,-0.0124445,1.07751,0.0128349
140.755,0.558618,-1.97476,38.4808,-4.01543,3.0256,74.3255,-1.29885,1.09291,1.28282,-0.0128349
182.619,-3.08751,0.408554,85.0025,0.475857,2.84085,98.8823,-0.645249,-2.56213,2.4323,0.0128349
84.7701,-1.30742,1.27482,55.3448,3.00122,-1.45163,53.8031,1.66609,-2.61952,-2.72646,-0.0128349
151.022,1.32498,-3.01323,132.056,-2.89497,-2.83086,182.821,-0.506121,-0.229959,-0.182369,-0.0128349
175.706,3.0273,-2.62024,143.495,-1.81082,0.138812,57.787,1.13897,1.33808,-2.75905,-0.0128349
126.31,-2.79486,1.92713,107.545,2.50634,0.259467,187.441,-1.03085,-1.19521,-1.66766,-0.0128349
201.796,-0.0495836,-0.900579,48.0612,3.62772,1.64872,59.2721,0.84521,2.57993,2.5493,0.0128349
138.016,-2.22277,-1.01832,134.173,1.61352,0.856695,64.5313,0.161402,2.80207,1.87502,0.0128349
111.43,2.10697,-2.69344,48.5133,-1.23779,-0.957763,76.206,-0.527388,0.838822,-1.73568,-0.0128349
122.976,-1.8057,1.11564,30.3306,3.10809,2.85428,91.8683,1.0086,-1.54096,1.73865,0.0128349
190.29,-0.523902,-0.499028,75.8025,2.90286,0.574702,111.058,1.65267,3.09569,1.07373,0.0128349
177.541,1.6,-2.34143,46.0695,-1.58745,0.0631635,100.289,-0.535242,1.55571,-2.40459,-0.0128349
216.618,-1.36252,-0.0388123,137.52,2.84737,-2.83279,53.6768,0.787534,2.73449,-2.79398,-0.0128349
103.628,-4.03614,1.94108,79.0471,2.42151,0.99536,83.1189,-0.889067,-1.34373,-0.945718,0.0128349
102.56,1.18104,1.30292,75.5881,-3.34381,-0.855491,64.9063,0.169689,-2.96646,2.15841,0.0128349
159.73,-1.27408,0.372804,103.438,3.05009,-1.09151,43.8821,0.493103,-2.92021,-1.46432,-0.0128349
331.161,-2.19287,1.14884,159.867,2.86992,2.29517,384.694,-0.461769,-1.52686,1.14633,0.0128349
102.565,-3.04003,-3.05682,32.4706,3.40747,-2.63591,54.9129,-1.14935,0.207216,0.420909,0.0128349
126.269,2.06593,-0.83537,90.4615,-1.75227,-1.7407,140.823,0.609313,1.9512,0.905331,0.0128349
361.917,-1.14245,-1.54499,184.83,1.93672,0.817946,70.1314,0.794266,2.04751,2.36293,0.0128349
89.9722,1.69787,-1.04523,66.5993,-3.57217,2.599,33.2879,-1.99224,2.21762,2.63895,0.0128349
133.809,-3.11649,-0.526737,85.846,3.22241,-0.104834,120.025,-2.40387,2.94231,0.421903,0.0128349
198.917,-2.86107,0.233498,60.0212,4.16753,1.9442,93.9379,0.673679,-2.64154,1.7107,0.0128349
118.585,2.05193,2.15516,88.0208,-1.34708,-0.636164,28.5175,0.580993,-3.06238,2.79132,0.0128349
86.1923,-2.34348,-1.78825,55.4337,3.43547,-2.64055,89.2384,0.600136,1.26938,-0.852297,-0.0128349
70.2701,1.25673,1.28516,57.1322,-3.39766,2.84591,61.9778,-1.49905,-0.993817,-1.56075,-0.0128349
220.003,1.75317,-2.53635,77.4323,-2.71187,1.98376,162.925,-0.788788,0.275587,1.76307,0.0128349
137.405,-0.17951,2.02938,109.174,2.96685,-2.51901,84.1255,0.729509,0.318065,1.7348,0.0128349
235.194,-1.64617,0.538736,174.413,3.11074,0.640081,183.618,0.310689,-2.60879,0.101345,0.0128349
82.9702,2.32652,2.42193,38.226,-3.89875,0.259375,58.4552,1.24221,-1.59753,2.16256,0.0128349
182.972,-1.86359,-0.0376972,47.1483,3.20443,1.67683,110.681,-1.17248,-2.87406,1.71453,0.0128349
211.982,-2.54291,0.130658,34.2005,3.30701,0.969684,79.8058,0.0234394,-2.85142,0.839027,0.0128349
95.7248,0.576251,0.797116,70.558,-3.14383,1.47702,132.125,-0.238295,-1.91926,-0.6799,-0.0128349
204.412,2.69303,1.22169,183.304,-3.19675,2.97994,227.512,1.17719,-1.33421,-1.75826,-0.0128349
387.816,-2.13543,0.0897835,76.2289,3.12676,-2.05459,254.557,0.956321,3.01883,-2.14437,-0.0128349
150.861,-2.9099,-2.10642,64.4175,4.39004,-0.747733,66.9807,1.36091,1.05476,1.35868,0.0128349
308.688,-0.842473,-0.475689,63.0728,3.26983,-1.99277,193.338,0.334247,2.57327,-1.51708,-0.0128349
70.292,2.89437,-2.16042,43.1682,-1.53073,-0.799911,49.776,0.171473,0.516137,-1.36051,-0.0128349
131.632,-0.888166,-1.63797,60.7598,2.68847,2.91198,82.7736,0.813125,0.984286,-1.73324,-0.0128349
383.029,2.66461,-2.3324,102.917,-2.57053,1.68142,249.917,0.286334,0.567949,2.26937,0.0128349
77.2317,2.15754,0.291438,57.1494,-1.17963,1.97415,60.4153,1.29424,-1.04059,-1.68272,-0.0128349
128.031,-1.24043,-0.73895,46.2581,3.93061,-0.501773,117.061,0.159433,2.67891,0.237178,0.0128349
91.7119,1.87831,2.08339,66.3409,-2.35668,0.676554,123.463,0.55985,-1.87186,1.40684,0.0128349
81.0061,-3.12484,1.38293,51.1813,1.60249,0.570466,81.4843,-0.681934,-1.72056,-0.812468,-0.0128349
132.111,0.769172,1.50239,48.2371,-3.8497,2.53614,103.922,-1.50596,-1.01971,-1.03375,-0.0128349
248.958,2.72686,1.97572,44.2033,-1.43925,-2.77487,185.999,1.22246,-1.05003,-1.53259,-0.0128349
107.963,-2.51962,2.66533,40.1698,2.89284,1.56075,193.581,-1.17696,-0.681236,-1.10458,-0.0128349
89.2477,2.77286,2.63736,39.8953,-1.53763,-0.719123,66.8087,0.184122,-0.522314,-2.9267,-0.0128349
114.542,-2.70053,1.48627,87.1172,3.13219,2.05554,154.692,0.374282,-0.912795,0.56927,-0.0128349
100.316,2.74227,-0.0517544,85.4553,-3.78671,-1.50315,54.6516,0.959112,3.12805,1.45139,0.0128349
421.294,-1.30382,-0.895869,109.062,3.44198,2.21672,149.963,-0.643154,2.52193,3.11259,0.0128349
131.535,3.12726,-0.473374,36.8356,-2.27035,-1.19001,135.483,0.958185,2.57794,0.71664,0.0128349
111.934,1.58192,2.03239,53.2888,-3.82271,2.42196,118.886,-1.29614,-0.960376,-0.38957,0.0128349
171.716,-2.21158,-2.10952,115.222,3.05929,1.87301,71.2541,1.23521,0.564935,-2.30066,-0.0128349
127.792,3.66634,-2.0047,52.0879,-3.25921,1.36448,56.1929,-0.79201,0.37682,2.914,0.0128349
155.235,-1.21401,-0.884726,74.5897,3.16488,2.18684,72.9341,1.63424,2.17598,3.07156,0.0128349
98.8034,-0.226155,2.55572,53.9153,3.59838,1.38949,94.7224,0.773438,-0.562691,-1.16622,0.0128349
103.233,2.89584,1.37572,73.9728,-2.13693,1.70576,144.236,-0.663785,-1.54426,-0.33004,0.0128349
91.3705,1.69416,-1.16302,48.346,-2.26819,-1.53362,120.952,-0.514841,2.01539,0.370603,0.0128349
179.47,0.81213,-2.56893,44.8483,-3.3597,1.52505,140.425,-1.49943,0.224637,2.18921,0.0128349
353.983,1.41817,-1.15077,156.95,-3.07156,1.29941,220.4,0.215667,2.45947,-2.45018,-0.0128349
62.357,-1.77741,1.64715,52.5744,2.18905,2.254,87.273,0.845429,-1.72015,0.60686,0.0128349
210.511,-2.72465,0.369916,113.576,1.63058,1.97231,78.9863,-2.19847,-2.29468,1.60239,0.0128349
233.82,-1.75641,-2.54698,88.7469,1.81814,1.00367,123.443,-1.55847,0.447963,-2.73253,-0.0128349
90.9261,-2.81342,-0.527269,49.0091,1.52823,-0.654642,62.6989,-0.908722,2.52472,-0.127373,-0.0128349
224.267,2.92334,0.652581,65.6029,-3.3846,-0.260728,119.938,-0.129406,-2.45483,0.913309,0.0128349
167.275,-2.46671,-2.0634,54.593,1.75552,-0.271098,149.269,-0.0361799,1.42582,1.79231,0.0128349
89.2407,-1.719,-2.30996,64.2876,2.18774,-1.17601,127.965,2.02419,1.58937,1.13395,0.0128349
251.324,0.493957,-1.87171,73.0868,-2.95967,0.203232,160.273,-1.73319,1.29732,-2.07494,-0.0128349
287.818,-2.52007,-2.25899,34.5277,2.1764,-1.02382,197.663,-0.434034,0.928488,1.23517,0.0128349
188.872,2.85457,-1.52161,48.142,-2.3652,-0.585029,93.1271,-2.03858,1.74895,-0.93658,-0.0128349
263.721,2.02906,0.573967,76.6899,-3.60805,2.89096,189.125,-0.698968,-2.17255,-2.31699,-0.0128349
374.528,-0.537179,-2.80258,89.0756,3.22615,2.62378,257.499,0.391268,0.241825,-0.856824,-0.0128349
94.0475,2.45713,1.20174,90.3995,-2.77468,-2.40153,96.2488,0.411822,-1.06351,-2.67991,-0.0128349
372.638,-2.44238,0.0854231,46.7761,2.5487,-0.519152,227.13,1.16974,3.04497,-0.604575,-0.0128349
143.425,-1.49553,-0.568417,111.623,1.62126,-1.68476,79.8464,0.805283,2.68183,-1.11635,0.0128349
163.903,-0.82771,-0.757326,54.4054,2.6557,0.241504,52.7359,2.22252,3.09359,0.99883,0.0128349
132.177,2.69195,1.57994,105.989,-0.400606,-2.61613,79.6977,-0.340905,-0.458735,-2.08711,-0.0128349
220.408,2.87107,-1.05695,82.5786,-2.25152,2.73479,178.528,-1.4353,1.79677,2.49145,0.0128349
233.367,-2.65324,-0.0346973,47.8701,2.47441,1.52007,126.93,-0.430179,-3.05015,1.55477,0.0128349
225.092,1.52135,-2.37955,78.1282,-3.25691,0.649432,60.3899,-1.72306,1.0184,-3.02898,-0.0128349
357.304,-1.00565,-0.680353,138.717,3.07134,-3.04389,237.877,-0.582459,2.17054,-2.36353,-0.0128349
231.926,1.01157,0.897941,39.9388,-4.10916,2.91602,120.475,-0.171565,-1.86286,-2.01808,0.0128349
215.176,0.261544,-1.66778,90.5795,-3.20254,2.06763,224.24,-0.862969,1.0854,2.54777,-0.0128349
157.491,-2.33787,1.08509,37.1424,3.60157,-0.529117,146.067,-0.554392,-2.25275,-1.61421,-0.0128349
279.025,1.88298,-2.09194,149.367,-1.51692,-0.233171,95.5366,0.761129,1.55056,-1.85877,-0.0128349
92.0495,-2.66975,2.58211,78.9554,4.16826,-2.57354,67.4787,1.56584,-0.136399,1.12753,-0.0128349
199.792,-2.52256,2.12434,127.289,1.75676,-2.91975,226.144,-0.703078,-0.317047,1.23909,0.0128349
156.856,0.404112,3.07947,64.3536,-2.84968,-1.9207,135.845,-0.534792,0.35506,-1.28301,-0.0128349
227.621,0.339964,1.08912,86.1216,-3.07309,-1.7306,135.821,-0.927727,-2.19018,2.81972,0.0128349
114.601,2.75447,1.1095,51.2602,-1.93499,0.6978,58.9605,-0.489482,-1.8198,0.411698,0.0128349
319.682,-0.86227,2.51669,87.1796,3.00398,3.04972,239.68,1.0334,-0.614349,0.533032,0.0128349
165.726,1.65481,0.354391,91.2316,-2.9489,-0.0413249,173.983,-1.16796,-2.63256,0.395716,0.0128349
199.139,2.32469,1.90374,57.5796,-3.87749,0.248008,157.307,-0.126092,-1.48264,1.65573,-0.0128349
116.37,-3.72715,-0.163104,108.792,2.69909,-1.14235,105.903,-1.39034,2.36566,-0.979247,-0.0128349
138.545,3.23783,-2.96955,86.6988,-3.14831,1.94975,116.638,-0.35526,-0.170787,1.36388,0.0128349
54.0751,1.78759,0.0538061,37.78,-4.22465,0.516138,80.8875,-0.133238,2.46447,-0.462332,-0.0128349
79.578,-0.604901,-3.06284,67.8647,2.9291,1.33149,71.1453,2.41064,-0.491673,-1.88885,-0.0128349
323.853,0.75893,1.42132,30.1788,-3.35295,-0.113376,211.587,-0.892811,-1.88624,1.53469,0.0128349
362.768,1.7155,2.2066,353.883,-2.27615,-0.0888166,168.332,-0.716213,2.37508,2.29542,-0.0128349
150.614,1.55045,2.94006,57.9104,-2.52042,-1.70307,99.9117,0.712354,0.0653172,-1.64006,-0.0128349
230.649,2.04141,-2.41303,84.0434,-2.72504,2.72982,137.339,-1.78949,0.197162,1.14034,0.0128349
101.465,1.75656,0.877178,88.7911,-2.55435,2.84515,117.159,-1.07781,-1.9499,-1.96798,-0.0128349
513.132,1.93298,3.00776,34.9344,-2.01556,-1.8959,182.082,0.505236,-0.0847993,-1.37952,-0.0128349
136.579,0.303186,-1.20734,108.524,-3.03981,1.62302,59.2913,-1.43517,2.02904,-2.83036,-0.0128349
377.498,2.32178,0.603891,68.8285,-1.74835,1.73878,359.645,1.94753,-2.41319,-1.13489,-0.0128349
179.747,-2.57935,-2.39475,40.9773,4.64395,-0.508073,89.1642,0.367063,0.866748,1.88667,0.0128349
305.005,-0.34859,-1.90634,58.7976,4.39194,0.668135,211.197,1.6854,1.1806,2.57448,0.0128349
134.419,-3.50882,1.16506,52.7008,3.08092,-2.55599,38.8843,0.400392,-1.14491,2.56214,0.0128349
101.91,-2.56657,-0.51081,70.913,2.25237,-0.925879,105.363,0.653508,2.29449,-0.415069,-0.0128349
140.981,1.1167,-1.53386,61.2392,-4.40805,2.93927,57.9291,-1.81902,1.57076,1.81006,0.0128349
107.338,-3.63863,-0.847782,66.5705,2.65439,-1.52008,102.317,-0.515462,1.7456,-0.6723,-0.0128349
113.155,2.80295,1.16361,91.5914,-2.33826,0.831971,155.949,0.113903,-2.03681,0.331639,0.0128349
238.309,-2.43024,-2.32348,32.737,4.0944,-0.516263,204.5,-0.236836,1.08166,1.80722,0.0128349
74.0227,2.8873,1.14899,65.3223,-1.99062,-0.367755,92.3553,-0.1154,-2.89597,1.51675,-0.0128349
143.568,-0.701172,-2.68659,72.8889,3.9887,-1.1569,117.781,1.26551,0.787077,1.52969,0.0128349
162.647,0.273973,2.72639,95.8567,-3.74385,-2.02541,176.412,-2.27773,-0.0813347,-1.53139,-0.0128349
99.2713,-1.61464,1.47516,65.9708,3.58514,0.425145,87.2403,-0.242294,-1.39764,-1.05002,-0.0128349
131.546,2.84676,1.45978,48.5337,-0.639366,3.00218,55.5527,2.11786,-0.919801,-1.5424,-0.0128349
229.165,-2.69529,-0.549115,69.7282,2.73188,0.250955,193.589,-1.35426,2.53197,0.80007,0.0128349
326.309,-2.06733,-0.351221,112.695,2.27922,0.60543,304.727,1.07517,2.93458,0.956651,0.0128349
74.4961,-3.00538,1.80537,74.3876,1.04671,-0.325387,50.3845,-0.849354,-1.5495,-2.13075,-0.0128349
154.809,-2.17431,-2.05413,102.249,3.54414,-2.20892,76.9113,1.28232,1.24817,-0.154789,-0.0128349
80.9991,-3.56421,-1.81187,69.2874,0.265777,-0.859722,58.4015,-1.74676,2.40667,0.952149,0.0128349
73.7993,-2.50131,-2.08026,64.1382,0.951077,2.54982,36.5317,-1.69093,1.15188,-1.6531,-0.0128349
316.679,-1.22516,-2.41868,38.8362,2.68315,-2.82884,101.818,-0.331663,0.653147,-0.410159,0.0128349
99.0128,2.51895,1.7817,31.1359,-2.78702,0.954668,67.8026,-0.149449,-1.97318,0.827029,0.0128349
147.014,2.28305,2.4633,87.3376,-3.28153,0.637517,40.6185,-1.08255,-1.10242,1.82578,0.0128349
182.509,2.08296,2.34588,180.067,-2.33676,1.93083,117.02,1.16422,-1.25448,0.415047,0.0128349
256.232,1.97034,-0.123569,237.293,-1.0695,1.98927,238.206,0.00806742,-2.019,-2.11284,-0.0128349
308.375,0.879203,0.508424,58.7662,-2.67701,0.156603,200.398,-0.564955,-2.87546,0.35182,0.0128349
167.043,-1.08547,-0.05621,108.112,2.82756,0.213693,284.93,0.127671,3.11988,0.269904,0.0128349
143.571,1.57812,1.94507,119.484,-3.30759,2.39625,202.19,-0.48386,-1.02272,-0.45118,-0.0128349
251.922,2.00123,1.90202,64.4821,-3.23117,2.93217,278.586,1.25999,-1.05941,-1.03014,-0.0128349
209.594,-2.21762,-1.00515,184.387,2.05157,0.927523,199.659,-0.911277,3.08903,1.93267,0.0128349
289.696,-2.40907,2.51565,40.4264,4.45679,-0.74537,182.659,1.22846,-0.380461,3.02216,0.0128349
280.241,2.59833,-3.08242,155.997,-0.650099,1.67734,156.38,0.911485,-0.431468,1.52343,0.0128349
150.793,2.70696,0.822773,115.033,-2.99464,1.80224,118.502,-0.17974,-1.56602,-0.979469,-0.0128349
230.334,2.35166,-1.81804,90.6964,-2.15917,2.00066,80.1351,-0.11915,1.42833,2.46449,0.0128349
187.581,-0.832107,0.429604,170.972,3.24824,-3.05845,70.5308,0.256735,-1.78306,2.79513,0.0128349
154.907,1.33299,-0.241565,106.089,-3.00198,0.140307,122.369,0.870374,-3.11252,-0.381872,-0.0128349
192.122,-2.53863,0.873813,128.907,0.647847,2.03673,103.733,-0.40225,-1.94621,1.16292,0.0128349
154.973,-0.182185,2.51365,74.2065,3.56777,3.05584,144.152,1.74788,-0.427499,0.542191,0.0128349
132.868,-2.51176,-0.588884,81.3224,1.11877,0.662803,49.3294,-1.11738,-3.02744,1.25169,0.0128349
171.07,1.2502,-1.58527,53.0844,-2.23489,0.670097,163.515,-1.43031,2.55818,-2.25537,-0.0128349
60.6039,0.830788,-0.122545,49.8832,-3.21075,-0.0740574,86.8873,0.889485,-2.99951,-0.0484876,-0.0128349
223.633,1.01992,2.65453,37.9112,-2.1017,3.09504,188.374,0.494403,-0.33318,-0.440506,-0.0128349
178.403,2.39786,-0.766209,142.352,-2.55057,2.37369,82.9751,-0.115478,0.466683,-3.1399,0.0128349
220.341,2.34379,-1.79505,64.0493,-0.9084,2.92747,75.1768,1.33934,1.27912,1.56067,0.0128349
188.26,2.20097,2.8395,78.1735,-3.36455,-1.74365,117.928,-1.7124,-0.272896,-1.70004,0.0128349
171.382,-3.30879,-3.11173,59.7884,2.8758,-0.486205,67.5669,-1.7713,0.35447,2.62553,0.0128349
288.397,1.88237,0.0308332,157.258,-1.49313,1.79019,168.423,1.22328,-2.67457,-1.75936,-0.0128349
264.056,1.82463,-2.40029,225.326,-1.45723,2.05528,182.652,1.02781,-0.41777,1.82762,0.0128349
320.403,2.40758,1.22147,34.1618,-3.971,-0.119419,181.408,0.683267,-1.88322,1.34088,0.0128349
260.53,1.44887,2.85226,113.069,-2.52328,-2.39013,155.226,0.782061,-0.0264374,-1.0408,-0.0128349
187.694,-1.5789,-2.11506,138.829,2.06351,-0.146677,145.584,-0.589735,1.84367,1.96838,0.0128349
251.294,-3.10676,-2.85802,146.229,1.88656,2.37126,199.624,1.00903,-0.0592523,-1.0539,-0.0128349
116.224,2.82845,-2.66259,74.2274,-3.41746,-1.31493,128.436,1.62317,0.99697,-1.34766,-0.0128349
122.233,-1.08486,1.61377,72.8627,3.60142,0.174632,56.0625,0.0658649,-1.56568,-1.43914,-0.0128349
140.571,-3.26899,-0.744115,104.491,1.28303,-1.50134,77.2371,-1.88619,2.35989,-0.757228,-0.0128349
350.148,1.9492,-1.81413,110.759,-1.72555,-0.450915,234.824,0.345553,1.45045,-1.36321,-0.0128349
168.861,-1.47199,-2.05361,91.287,3.83839,2.3643,106.199,0.74669,0.0426637,-1.86527,-0.0128349
87.6192,2.99355,-1.23635,78.364,-3.24613,-2.70402,162.953,-1.41907,1.43774,1.46767,0.0128349
126.334,-3.09928,2.12974,74.2825,4.0278,-1.8689,113.615,0.454777,-0.054437,2.28455,0.0128349
72.9602,0.107329,1.39331,59.4714,-3.76148,1.78019,110.034,-2.23633,-1.78977,-0.386882,-0.0128349
105.72,-3.17135,-1.26854,56.594,4.01986,0.381671,102.89,-0.802699,2.1533,1.65021,0.0128349
97.9906,2.74527,2.3606,60.2015,-0.320698,0.977808,135.898,1.14584,-1.42961,1.38279,0.0128349
86.4524,0.937523,2.68364,69.4507,-2.57053,-1.90203,116.995,-0.500803,0.125122,-1.69752,-0.0128349
279.824,1.62983,1.19254,77.6703,-2.82084,-1.14537,82.0791,0.263854,-2.01804,2.33791,0.0128349
166.879,3.00449,-2.83287,160.975,-3.06276,2.88989,80.1443,-2.0075,-0.439188,0.560424,-0.0128349
235.898,-1.60388,2.20077,148.703,1.53652,0.779917,194.022,1.0681,-1.24264,-1.42085,-0.0128349
129.422,2.61381,2.57174,68.5326,-3.57202,-0.64467,106.066,-2.25061,-0.372061,-3.06678,-0.0128349
98.778,1.3557,-0.802855,97.1824,-2.21161,-0.615791,130.052,0.315325,2.36189,-0.187064,-0.0128349
157.327,2.02597,-0.289677,53.7434,-2.37549,1.32371,75.2094,0.584773,2.96979,-1.61339,-0.0128349
181.801,-3.11524,2.85427,96.035,2.60042,-0.812894,61.8091,-0.227755,-0.299594,2.61602,0.0128349
161.261,1.24127,-2.8954,116.131,-2.55705,1.76655,195.016,0.230045,-0.184927,1.62124,0.0128349
71.8493,2.15625,-1.45596,47.7862,-2.60843,0.260852,29.9417,2.58086,1.77185,-1.71681,-0.0128349
73.9146,-4.03415,-1.42829,70.147,2.5199,-2.51728,59.3814,1.86561,0.695392,-1.08898,-0.0128349
155.747,2.47057,2.53769,80.0135,-1.30708,-1.89286,62.0375,1.17,0.358543,-1.85264,0.0128349
257.519,-3.06509,-1.93749,63.5634,2.5095,0.435621,103.908,0.10901,1.05778,2.37311,0.0128349
134.49,-2.4593,2.11617,66.8622,2.67741,1.66063,147.649,-0.264531,-1.01536,-0.455536,-0.0128349
320.849,-1.73325,2.44953,59.5013,4.40676,0.565533,164.449,1.56748,-0.691816,-1.884,-0.0128349
278.673,-0.581426,1.32965,91.7055,2.46091,-2.687,189.839,-0.405088,-1.48204,2.26653,0.0128349
413.02,3.09452,1.69045,127.863,-1.65438,-2.58481,108.811,0.597573,-1.28187,-2.00793,-0.0128349
201.341,-2.18014,-0.0338506,141.269,3.06502,-2.1859,84.7567,-0.531123,2.47161,-2.15205,-0.0128349
130.036,2.69557,-0.931882,77.6408,-3.11508,-2.2458,137.272,-2.26888,1.94645,1.31392,0.0128349
61.7198,-1.20734,-0.633249,47.9532,2.9792,0.41054,29.7932,-0.196836,3.00555,1.04379,0.0128349
119.43,2.66049,1.25896,87.725,-1.41976,0.312203,180.424,0.191764,-2.17279,0.946757,0.0128349
216.396,1.88799,0.278944,83.625,-1.55792,1.61688,233.734,-0.597648,-2.55277,-1.33794,-0.0128349
121.447,-1.43226,-0.281377,55.3156,2.84676,1.65922,84.873,0.534745,-2.97023,1.9406,0.0128349
239.1,-1.02279,-2.20378,49.3219,3.02262,0.802488,118.524,-0.215349,1.27454,3.00626,0.0128349
154.499,1.9709,-0.75873,40.9627,-4.53402,-1.90233,76.2151,1.85356,1.67272,1.1436,0.0128349
222.463,-2.66309,1.65986,218.801,2.03987,2.50266,235.731,-0.627788,-1.35975,0.842802,0.0128349
140.154,1.77751,-0.44202,60.1724,-3.12385,0.893056,86.2924,0.459713,2.94771,-1.33508,-0.0128349
61.6374,0.60469,1.1438,44.1328,-3.42655,3.10756,49.3333,-2.64582,-1.56278,-1.96376,-0.0128349
308.303,2.79833,-2.24748,74.5316,-1.95034,-1.24707,293.1,0.166504,0.999447,-1.00041,-0.0128349
113.982,-2.15709,-0.931166,82.3565,2.58851,-0.466749,116.178,-0.739588,2.43021,0.464417,0.0128349
303.96,-1.63061,3.13137,117.398,2.79438,-1.70828,183.644,-0.177789,0.219398,1.44353,0.0128349
182.78,-2.11099,-0.202186,143.579,1.92698,1.02542,182.594,0.133171,-3.06149,1.22761,0.0128349
268.782,-2.98794,0.784291,125.513,3.001,0.687571,161.154,1.18873,-2.20675,-0.0967201,-0.0128349
131.925,-0.933716,-0.146371,53.6312,3.76571,-2.30773,89.7898,0.434088,2.90216,-2.16136,-0.0128349
351.767,-1.88637,-0.120508,110.935,1.52526,1.96916,260.8,-1.02042,-3.04058,2.08966,0.0128349
146.38,-2.98637,-0.204437,72.1135,1.9113,-1.36838,53.4696,-0.698117,2.54208,-1.16394,-0.0128349
187.368,1.44042,-2.35438,69.9184,-2.89033,2.68708,124.828,-0.435176,0.105289,1.24173,0.0128349
143.58,1.74827,1.48413,129.768,-1.49588,0.131671,163.981,-0.996912,-2.39177,1.35246,0.0128349
212.757,1.25869,-1.00775,131.148,-2.34341,0.75055,228.822,-0.123609,2.47688,-1.7583,-0.0128349
120.138,-2.05145,2.51196,74.7036,1.49624,0.785001,62.0323,-0.518529,-1.07028,-1.72696,-0.0128349
124.261,2.60087,-1.77669,62.819,-1.51089,0.171966,31.636,0.55654,2.03009,-1.94866,-0.0128349
143.332,-2.45226,1.8157,41.4614,2.15508,-0.574001,89.4198,-0.639664,-1.65689,-2.3897,-0.0128349
104.56,0.622703,1.19377,55.5299,-2.48516,-2.66686,34.2104,-0.298185,-2.32055,-2.42256,-0.0128349
94.7782,-0.12621,-2.35593,55.6805,3.12946,2.89957,112.822,1.05794,0.365973,-1.02768,-0.0128349
199.294,2.68921,-1.86621,45.4804,-3.30367,0.181435,80.5948,-0.892759,1.89491,-2.04764,-0.0128349
256.686,1.15488,-1.48858,232.205,-2.57573,0.194997,272.792,0.466249,2.42087,-1.68358,-0.0128349
232.733,-1.40135,-0.445443,110.827,3.56606,-2.65555,100.91,0.144182,1.88082,-2.21011,-0.0128349
86.3639,-2.3752,-0.882455,71.5859,2.7783,3.07076,69.6477,-2.13758,0.768104,-2.32997,-0.0128349
98.1749,1.32163,1.57121,83.8114,-2.15773,2.57539,64.2045,-2.03943,-0.737211,-1.00417,-0.0128349
122.186,1.44623,2.68703,66.1247,-3.11992,0.520209,79.3481,-0.674695,-0.999219,2.16682,0.0128349
491.574,-2.38643,-1.49604,273.771,2.72316,1.02519,209.29,0.0166445,2.24446,2.52123,0.0128349
112.351,-1.12853,0.84691,71.6666,2.30018,-2.06173,29.1262,2.01342,-2.77325,-2.90864,-0.0128349
415.276,1.02836,-1.69119,40.8147,-2.86222,-1.55316,152.617,0.55681,1.40017,-0.138022,0.0128349
127.371,-2.87641,-0.21654,49.6222,3.0046,1.62324,77.0553,1.35061,2.9533,1.83978,0.0128349
71.3107,2.826,2.16137,65.4145,-0.563252,0.546718,72.4792,0.57373,-1.68199,1.61466,0.0128349
300.017,1.49804,-0.491443,80.907,-1.68067,1.83757,118.611,0.871936,2.75321,-2.32901,-0.0128349
379.206,1.56301,-0.0208501,95.5154,-2.00497,0.73835,237.793,1.10749,3.03029,-0.7592,-0.0128349
98.7064,-2.03417,2.57699,68.2217,3.22381,2.37853,140.19,-0.889559,-0.697527,-0.198453,-0.0128349
891.592,1.30915,-3.11165,649.166,-1.74892,-0.52353,220.014,0.370298,1.06204,-2.58812,-0.0128349
201.311,-1.85881,-0.531211,170.417,2.17435,1.7461,55.6497,-0.361395,-2.64222,2.27731,0.0128349
104.241,2.38669,0.487535,36.5154,-3.47792,-1.51029,41.9885,1.45214,-2.4664,1.99782,-0.0128349
304.551,-1.69383,0.141338,147.528,2.06405,1.99958,278.127,0.687964,-2.50427,1.85824,0.0128349
89.0724,1.65306,-2.36678,86.8438,-2.54865,2.92755,143.265,0.686493,0.132429,0.988861,0.0128349
98.249,-1.56404,-0.502763,97.6886,2.85099,0.448013,59.9169,-0.0566993,-2.88135,0.950775,0.0128349
88.2297,1.67944,2.51321,69.2374,-3.11248,-2.8495,84.6398,0.222888,-0.177035,-0.920472,-0.0128349
246.022,1.07984,-0.903054,81.0908,-2.41527,-2.45587,244.638,0.72677,2.01775,1.55281,0.0128349
213.186,1.84957,1.05545,116.323,-2.90396,-1.6806,86.537,-0.100005,-2.22603,2.73605,0.0128349
147.077,2.83631,0.883329,126.775,-1.56439,-3.02272,137.645,0.278848,-1.60633,-2.37714,-0.0128349
78.7984,0.305658,3.07956,58.9616,-4.5999,-2.0606,74.7338,-1.66639,0.692035,-1.14302,-0.0128349
112.369,1.98931,2.55644,55.6372,-2.0643,1.64112,49.3313,0.840649,-0.650424,0.91532,-0.0128349
109.143,-1.96254,2.23781,99.6314,1.34571,0.225729,152.487,-1.86654,-2.36283,-2.01208,-0.0128349
78.827,-2.68968,3.09254,46.3506,2.7129,-1.88413,64.0184,1.01032,0.995613,1.30651,0.0128349
124.004,-1.50541,-1.75018,123.328,2.66949,-3.01117,179.215,0.902984,0.722387,-1.26098,-0.0128349
82.8814,2.61058,2.49608,71.7879,-2.30669,-1.81927,70.2556,-1.42111,0.909251,-1.96784,-0.0128349
100.137,-0.962245,-1.80552,58.2953,3.79368,-2.42427,104.628,2.11519,1.0969,-0.618745,0.0128349
157.142,-2.51626,1.52374,62.0029,3.85389,-2.19648,34.0422,2.58101,-0.62735,2.56296,0.0128349
313.42,1.55141,-0.807528,68.4746,-2.99296,1.66014,173.491,0.590792,2.5983,-2.46767,-0.0128349
226.013,-1.95886,-1.62484,69.4075,2.26368,-1.36036,230.352,0.19131,1.541,0.264483,0.0128349
362.588,2.03226,-1.9615,75.0246,-2.63661,0.27972,162.352,-0.867856,1.58139,-2.24122,-0.0128349
185.863,-0.854417,2.79352,52.5659,4.14557,-0.962212,86.8425,0.314754,-0.365514,2.52745,0.0128349
162.237,0.211717,0.233042,43.4205,-3.97621,3.03026,77.348,-0.26321,-2.84288,-2.79722,-0.0128349
252.157,1.85643,-0.133622,167.857,-1.75019,-1.47171,154.688,0.177662,2.38164,1.33809,0.0128349
164.612,2.70322,-0.846719,37.4047,-2.89283,0.56563,109.987,0.533658,2.97014,-1.41235,-0.0128349
95.0809,1.60481,0.551831,91.7191,-2.69918,-1.18474,122.671,-1.23598,2.16864,1.73657,0.0128349
120.832,-2.35658,0.400188,97.7239,1.98126,-1.38816,87.8258,0.652591,-2.79174,-1.78835,-0.0128349
232.544,-0.837746,1.2932,54.9423,3.69687,-2.49648,201.079,-0.708952,-1.89073,2.49351,0.0128349
66.7924,2.98319,2.13632,50.7217,-0.679661,-3.06473,39.4295,0.681044,-1.02025,-1.08213,-0.0128349
195.574,1.02246,3.10388,49.7526,-4.5489,-1.56877,77.4192,-0.515997,0.156649,-1.61053,-0.0128349
134.32,-1.57603,1.5614,33.2332,2.04585,-1.05436,54.31,0.433228,-2.2549,-2.61576,-0.0128349
207.068,-2.47706,-1.96756,63.2958,2.05514,0.133028,177.625,0.167916,1.60537,2.10059,0.0128349
143.03,-1.01307,-2.1942,32.8452,2.95706,-2.48143,123.817,0.487204,0.885035,-0.287226,-0.0128349
84.1784,0.712926,-1.37354,48.74,-3.09383,-0.803985,87.655,-0.0643962,1.97477,-0.569551,-0.0128349
317.773,1.30587,0.226686,108.955,-2.21412,0.784907,154.003,0.345515,-2.73998,-0.558221,-0.0128349
148.275,0.108789,0.745148,81.3097,-3.40164,1.33244,152.984,-0.404056,-2.22341,-0.587293,-0.0128349
167.306,-2.69318,0.137087,112.089,1.66453,-1.70258,130.437,-0.42844,2.76302,-1.83967,-0.0128349
76.9263,-3.04805,0.206864,37.8821,3.42525,-2.00344,70.3721,-1.39415,2.80499,-2.2103,-0.0128349
156.111,-1.44659,0.103755,64.4256,2.37536,-0.631256,151.986,0.481998,2.95448,-0.735011,-0.0128349
162.46,-0.331876,0.751941,126.181,3.50285,0.149825,252.516,1.19297,-2.68879,-0.602116,-0.0128349
275.516,-1.72545,2.65584,163.261,2.29534,-2.41173,279.855,0.0604704,-0.132696,1.21562,0.0128349
325.916,1.36703,-1.05284,294.591,-1.97088,-3.12194,179.316,-0.0163746,1.29351,2.0691,0.0128349
85.2255,-2.17755,-1.07114,39.3364,3.97808,-2.39183,35.6434,2.43658,1.24918,-1.32069,-0.0128349
204.017,0.876844,2.27781,137.879,-2.16999,-2.57236,202.893,-1.6507,-0.303729,-1.43302,-0.0128349
117.334,-3.10524,0.937966,45.9813,3.7263,-2.96453,78.3248,0.668352,-1.86165,2.38069,-0.0128349
80.9674,0.301479,-0.7115,61.3297,-3.68406,-0.619659,102.924,0.00738562,2.43944,-0.0918414,-0.0128349
120.7,-1.8447,-0.850171,72.8757,2.09029,-2.58706,120.584,-0.652343,1.25578,-1.73689,-0.0128349
118.566,-2.73394,-1.30214,117.433,2.41721,1.15646,47.5907,-0.284877,3.11892,2.4586,0.0128349
99.4819,1.69562,-2.14609,44.9127,-1.81556,2.93835,84.1384,1.80889,0.794448,1.19874,0.0128349
167.097,1.53637,-0.268337,116.654,-2.08674,-1.61333,158.918,-1.29373,2.30416,1.34499,0.0128349
159.782,2.25062,2.68987,34.6543,-4.38155,1.98695,91.3167,0.0692571,-0.314454,0.702921,0.0128349
123.799,-2.06171,-0.829413,72.403,1.38499,-1.84959,63.1829,-1.46047,1.97727,-1.02018,-0.0128349
121.563,-3.028,-2.02877,118.13,2.46384,1.86965,53.2881,-1.0722,-0.400722,-2.38476,-0.0128349
98.7633,-2.4758,0.230735,66.7023,1.91177,-1.25077,49.9578,-0.525084,3.00097,-1.48151,-0.0128349
73.6091,-2.2191,-2.55119,45.1508,2.31404,1.87694,99.2619,-0.226078,0.285653,-1.85505,-0.0128349
83.2236,2.81272,-2.9089,46.638,-0.808972,2.88451,55.41,0.473813,0.332074,0.489775,0.0128349
104.28,2.60216,1.84508,56.7651,-1.41685,-1.70762,32.8051,-1.78233,-1.9353,-2.73049,-0.0128349
300.897,2.65107,-1.7993,146.462,-2.33881,-1.50313,360.798,0.0500125,1.39976,-0.296166,-0.0128349
236.883,2.56176,-0.776172,49.6815,-2.98517,-2.73882,76.5237,1.17141,2.30232,1.96265,0.0128349
137.879,2.4916,-3.0162,136.018,-2.65475,-2.60387,58.9641,-0.706908,0.156744,-0.412331,-0.0128349
139.402,3.07782,2.89258,104.487,-2.75654,2.74419,89.9505,-0.164629,-0.381684,0.14839,0.0128349
204.237,-1.97062,2.581,136.759,3.35341,3.00714,184.049,1.03147,-0.77362,0.426133,0.0128349
227.272,-2.24595,-2.19448,69.1376,2.19305,0.287858,113.602,-0.262468,0.961653,2.48234,0.0128349
91.1779,-1.33638,1.38679,90.7293,1.93148,1.16957,91.8524,1.27947,-1.23511,-0.21722,0.0128349
158.943,2.15429,2.71656,45.9994,-1.56534,-2.48895,137.894,1.42091,-0.0874465,-1.07768,-0.0128349
258.244,-0.258896,-2.55633,43.3947,3.41899,2.61676,182.144,0.475876,0.543026,-1.1101,-0.0128349
128.815,-2.42144,2.62399,49.0516,4.0537,0.0412851,37.8494,0.106657,0.305607,-2.58271,-0.0128349
165.332,-2.96762,-2.67429,160.389,3.88416,2.29414,173.128,0.351069,0.321207,-1.31476,-0.0128349
136.034,-1.91976,-0.154747,121.862,1.11484,-1.84662,106.173,-1.21586,2.50959,-1.69187,-0.0128349
124.546,-2.10093,-2.0925,70.9731,3.43965,1.95482,91.4445,0.00592384,0.748696,-2.23586,-0.0128349
354.478,-2.38283,2.86848,246.758,2.25348,-1.34632,163.38,0.435508,0.575887,2.06839,0.0128349
421.33,2.38093,0.961975,131.025,-3.03446,-1.87602,109.739,0.322059,-2.06113,2.83799,0.0128349
291.079,1.8183,-2.70123,123.451,-2.46654,1.96266,130.648,-1.50311,0.0285071,1.6193,0.0128349
197.168,-2.12701,-3.08858,175.735,3.7579,0.67565,115.897,1.95141,-1.22173,-2.51895,-0.0128349
150.642,2.62747,1.33447,85.3922,-2.43574,-1.69805,102.165,-0.692662,-1.62943,3.03252,-0.0128349
160.86,2.03388,2.78106,103.66,-2.10036,0.960745,53.9886,0.643453,-1.28525,1.82032,0.0128349
257.359,2.64823,3.11143,81.035,-2.16778,-2.75985,94.0041,-0.394437,-0.251273,-0.411903,-0.0128349
109.864,2.6413,0.551414,59.9133,-1.70697,-3.05019,45.7951,-0.44439,-2.26638,-2.68158,-0.0128349
249.269,-2.6819,0.170192,65.9616,1.63563,-1.11116,190.209,-1.44438,-3.05598,-1.28135,-0.0128349
77.5995,-1.63968,2.3378,40.7884,4.03571,-2.33403,58.7218,-0.299457,-0.0520002,1.61136,0.0128349
206.699,0.771506,2.11868,145.168,-2.43278,-1.37022,148.438,-0.863547,-0.569839,-2.79429,-0.0128349
529.087,-0.554762,-1.3064,160.618,2.62497,0.213674,344.132,-0.271935,1.92546,1.52007,0.0128349
138.474,2.08258,-3.07399,61.3575,-1.68457,2.56108,131.001,-0.312677,-0.409565,0.648109,0.0128349
333.91,-1.2598,3.1389,149.209,2.53967,-1.73621,275.299,0.513278,0.462186,1.40808,0.0128349
73.9277,-3.23231,-2.9452,38.1368,2.59553,-2.59837,70.735,-0.177998,0.290517,0.346833,0.0128349
98.9493,2.50226,-3.04053,47.7618,-1.85672,2.98201,157.87,-0.0985199,0.488206,0.260644,-0.0128349
102.443,2.45472,1.21724,58.2074,-1.94489,-0.0980613,148.215,-0.495566,-2.42634,1.3153,0.0128349
224.429,-0.321244,-0.310082,136.366,3.44452,-1.50692,166.051,-0.186719,2.34949,-1.19684,-0.0128349
106.771,-2.12166,1.82324,86.2408,2.98447,2.54749,134.939,1.28915,-1.12147,0.724249,0.0128349
203.727,3.18708,2.03635,135.01,-0.752031,-1.74002,68.0092,1.87339,-0.458935,-2.50682,-0.0128349
145.473,-2.18765,1.30319,63.7315,1.25794,3.00519,132.354,-2.0668,-1.55239,1.702,0.0128349
184.29,-1.96824,2.56615,91.2896,1.73261,2.89897,255.069,-1.06619,-0.496852,0.332819,0.0128349
93.111,-1.52269,0.0163617,40.04,2.48252,-3.02955,33.9462,-0.691711,2.82295,-3.04592,-0.0128349
151.848,-1.1728,-0.650132,134.154,2.7263,2.97975,78.0614,1.99965,0.857275,-2.6533,0.0128349
97.963,-3.83699,-1.96273,56.5604,2.8262,-0.572307,34.5472,1.4429,1.76312,1.39042,0.0128349
264.882,1.86746,1.82208,73.5514,-2.26332,-2.41213,132.798,-0.703586,-1.17508,-2.04898,-0.0128349
96.7203,2.35761,1.82635,74.1397,-1.86518,-0.460032,73.0691,-0.919016,-2.48222,2.28639,0.0128349
148.647,2.72807,0.565443,118.848,-1.18001,-1.23785,118.185,1.43406,2.97716,1.80329,0.0128349
296.385,-2.22584,-2.16182,294.716,2.65343,3.03454,375.599,0.864576,0.300806,-1.08683,-0.0128349
136.935,1.91449,2.5301,61.6495,-4.063,1.08056,54.0245,0.111765,-1.00758,1.44955,0.0128349
127.892,1.26765,-2.42341,73.9339,-3.25822,-2.54564,109.266,-1.55238,0.407473,0.122232,0.0128349
260.892,2.39808,-0.702853,131.451,-1.08255,-2.47266,255.39,1.3769,2.09642,1.7698,0.0128349
138.314,2.18472,-0.52488,64.4005,-0.817266,0.154529,119.888,1.99956,-2.95932,-0.67941,-0.0128349
184.359,-2.34553,0.185429,96.6279,1.57308,-2.25581,101.459,0.061484,2.39186,-2.44123,-0.0128349
115.76,2.36578,-2.78771,96.9114,-1.63238,-0.624402,125.146,0.533355,1.80236,-2.16331,-0.0128349
147.085,-1.47656,-1.81874,92.7663,1.77798,-0.751543,80.8844,0.386783,1.78442,1.06719,0.0128349
186.82,0.811883,0.158253,157.839,-2.68761,1.43084,246.711,-0.770427,-2.71575,-1.27258,0.0128349
110.728,2.84032,0.279123,30.3325,-1.55092,-1.42973,54.3771,1.06718,2.53096,1.70886,0.0128349
116.797,3.01266,1.97048,107.462,-2.04025,-2.81236,147.633,1.39031,-0.703295,-1.50035,-0.0128349
91.665,1.241,-0.632585,54.7255,-4.25582,0.535447,42.998,-0.962507,2.44591,-1.16803,-0.0128349
56.6037,1.887,2.02995,41.9963,-2.31379,-2.24406,39.4848,-0.999252,-0.977539,-2.00918,-0.0128349
88.5347,0.641533,-2.93051,79.7939,-3.16559,-2.32747,81.4871,-0.388993,0.477708,-0.603038,-0.0128349
74.6823,2.56868,-0.821338,49.3373,-3.86518,-2.38326,40.1965,-1.52076,2.6489,1.56192,0.0128349
175.207,-2.2725,1.45686,103.571,3.0269,-2.45906,80.3783,1.29858,-1.23116,2.36726,0.0128349
152.114,-3.04146,0.535581,111.76,0.953478,-2.67788,65.6346,-0.153878,-2.8233,3.06972,-0.0128349
127.544,2.56319,2.92902,122.33,-2.46485,0.980979,113.456,1.83388,-1.24505,1.94804,0.0128349
142.79,-2.11632,-1.60786,132.702,1.01063,0.838984,76.4669,-0.998091,2.15297,2.44684,-0.0128349
198.212,2.10953,-0.25331,122.379,-2.55166,2.52559,43.0421,1.42495,-2.28237,-2.7789,-0.0128349
388.536,-2.09396,-0.331352,68.0817,1.39439,0.594634,261.401,-1.51579,2.94835,0.925986,0.0128349
109.132,2.3965,-1.13227,63.8748,-1.36468,0.561627,39.6335,-0.788956,2.4026,-1.6939,-0.0128349
132.331,2.56333,1.10826,35.0705,-4.09988,-2.4819,61.0835,-0.948973,-1.62514,-2.69302,-0.0128349
235.269,-2.17606,1.83581,102,2.27006,-1.2949,111.042,-1.61211,-1.01736,-3.13071,0.0128349
137.775,-2.64653,-0.0129058,108.77,1.82891,0.0253583,91.4653,1.12839,2.40219,0.0382641,-0.0128349
210.247,-1.34817,0.702832,82.1571,3.39597,-0.531923,127.354,2.02825,-2.46585,-1.23475,-0.0128349
167.347,0.482796,1.57744,60.6192,-3.30459,-1.63796,106.358,-1.30849,-1.80253,-3.06779,0.0128349
123.98,-1.10195,1.89966,70.3423,3.20725,0.240958,70.554,-1.13504,-1.77781,-1.6587,0.0128349
83.211,-1.76783,-2.32164,79.7796,2.6732,3.05499,103.646,1.24921,0.701682,-0.906559,-0.0128349
153.438,-2.75574,0.97802,63.6928,2.23906,2.61981,95.9003,-1.39359,-1.87252,1.64179,0.0128349
95.511,2.71061,-1.86161,48.0481,-0.70354,0.639953,40.0775,-0.319373,1.85823,-2.50157,0.0128349
130.967,-0.338294,-0.536822,48.9764,3.55726,1.26065,79.2793,2.25878,2.93927,1.79747,-0.0128349
331.907,-0.729112,-0.118971,308.904,2.74387,-2.33145,205.456,0.975969,1.99558,-2.21248,-0.0128349
146.694,2.1584,-0.404561,58.8234,-4.05929,-1.98001,112.978,-0.698255,2.4547,1.57545,0.0128349
109.25,-1.58446,-1.52211,65.8177,3.59366,1.80293,33.0415,-0.283937,1.51945,-2.95814,0.0128349
231.013,1.4883,-2.94648,92.5549,-2.38503,-0.413909,121.43,0.1843,0.368623,-2.53257,-0.0128349
254.67,-2.09924,3.13551,124.961,1.88749,1.19803,115.634,-0.521287,-0.549183,-1.93748,0.0128349
85.0754,-0.797048,1.86818,43.1729,3.41012,-2.37188,38.3889,1.15755,-0.576512,2.04312,0.0128349
113.729,2.1959,2.13432,49.2902,-1.82527,2.90132,117.697,-0.638747,-0.72603,-0.767003,-0.0128349
494.864,-0.838122,-1.46103,146.766,2.74941,2.77179,173.298,0.428815,1.35267,-2.05037,-0.0128349
217.023,2.27796,-2.58406,35.5563,-1.38424,2.6899,60.6533,0.947611,0.928004,1.00923,-0.0128349
128.467,2.8376,1.58824,72.5402,-1.64279,0.0841214,124.299,0.998683,-1.79243,1.50411,0.0128349
196.667,2.47656,-2.5272,108.004,-2.72813,-0.515744,142.705,1.09737,0.776257,-2.01145,-0.0128349
110.875,-1.31296,-1.72737,84.3606,2.18345,-0.760306,108.889,1.75514,1.69327,0.967059,0.0128349
194.846,2.39936,1.6469,50.8051,-2.48615,-2.83788,183.9,1.1841,-1.05599,-1.79841,-0.0128349
226.715,-2.97795,-1.95193,111.52,2.21418,2.54602,199.664,-0.473639,0.675443,-1.78524,-0.0128349
426.679,2.36165,-1.24591,403.057,-1.62716,2.60421,120.318,0.635883,0.539775,2.43307,0.0128349
152.723,2.60528,-1.02714,45.125,-2.4885,-0.0983879,117.226,-0.862801,2.3958,-0.928756,-0.0128349
357.311,-1.26807,-0.178607,38.6269,4.16148,-1.4738,267.43,0.949102,2.94658,-1.29519,-0.0128349
243.935,0.458513,-2.33968,90.626,-3.53329,1.9221,54.2442,-2.63719,0.236021,2.02141,0.0128349
236.042,1.96265,0.762369,71.7753,-2.14354,-3.0229,72.9094,1.15184,-2.28853,-2.49792,-0.0128349
380.791,-2.04266,-1.48891,44.3385,2.77103,-0.710604,305.509,0.627717,1.69743,0.77831,0.0128349
191.011,-1.41372,1.62248,135.578,1.99784,-1.37283,64.6534,-1.1329,-2.0654,-2.99531,-0.0128349
121.077,3.10041,-1.95238,68.7077,-0.867975,2.67375,116.743,0.994851,0.679012,1.65705,0.0128349
57.0693,2.91676,0.983261,51.3317,-3.55941,2.91873,26.7011,-0.315535,-0.981683,-1.93547,-0.0128349
297.802,1.59218,-0.478758,38.396,-2.66097,-2.7655,254.92,0.749184,2.7167,2.28674,-0.0128349
118.282,3.67384,-0.474436,48.8106,-0.885123,1.33214,98.6292,0.386555,2.85533,-1.80657,-0.0128349
314.834,-0.675954,-2.57917,75.015,3.77088,-0.496287,271.474,0.932472,0.950149,2.08288,-0.0128349
181.187,-2.06891,-0.579206,84.9604,1.55562,-1.1378,191.877,0.419695,2.11835,-0.558593,-0.0128349
244.395,2.53715,-1.41559,101.017,-1.69212,-2.7331,204.838,-0.755597,1.32634,1.31751,0.0128349
97.4268,-1.93496,-2.52519,57.4266,3.51749,-3.0358,142.346,0.116275,0.470329,-0.510606,-0.0128349
70.5661,-0.315305,-1.98045,40.4321,4.50554,-2.45217,51.2788,1.34005,1.00574,-0.471725,-0.0128349
203.789,0.221059,1.95364,65.6504,-3.32012,0.242561,172.747,-0.951922,-1.53293,1.71108,0.0128349
278.025,2.28233,-1.63887,62.7281,-3.43729,0.219975,84.9222,-0.789547,2.08001,-1.85884,-0.0128349
215.986,2.10123,-3.07804,57.5698,-4.13226,-1.75045,88.2429,0.23556,-0.000454441,-1.32759,-0.0128349
132.037,-3.85082,-0.523544,47.8204,0.114387,-0.457964,101.253,0.00359985,2.70825,0.0655797,-0.0128349
338.678,0.0866238,-1.64923,107.186,-3.44648,2.63558,199.684,-0.598968,0.969326,1.99838,0.0128349
138.806,3.03025,-0.780248,78.8663,-1.00752,1.04244,88.1998,2.13684,2.95281,-1.82269,-0.0128349
134.233,-0.88627,-2.15946,133.227,2.92496,-0.626625,62.5473,1.89176,1.47132,1.53283,0.0128349
238.486,-1.57475,0.0103428,109.254,1.75408,2.45845,146.689,-0.235372,-2.38667,2.44811,0.0128349
213.139,-2.54947,-2.67302,177.771,2.23567,2.91382,183.452,-0.732433,-0.179353,-0.696351,-0.0128349
147.191,-2.14247,0.821512,83.4404,1.18048,-0.959991,198.952,0.401524,3.10134,-1.7815,-0.0128349
111.576,2.88446,-0.270859,49.7813,-1.47285,1.58853,89.0641,-1.12163,-2.95031,-1.85939,-0.0128349
256.645,2.42291,-1.82735,94.8228,-2.20408,-2.8409,100.44,-1.46081,1.29735,1.01355,0.0128349
257.802,2.78579,-2.25204,65.4895,-2.54046,0.216063,152.004,0.234021,1.00871,-2.4681,-0.0128349
162.429,-2.96387,-1.70515,89.7399,2.06269,-0.770979,147.922,0.474857,1.68431,0.934174,0.0128349
98.9208,-3.6777,-1.00234,90.5695,2.03145,0.421287,83.9209,-2.15132,2.98725,1.42363,0.0128349
156.848,-2.79055,1.8764,84.9394,1.25441,-0.494275,143.674,0.422747,-1.31807,-2.37068,-0.0128349
60.2845,-3.04891,1.78664,56.6451,2.09655,0.631088,53.9887,-2.57937,-1.53253,-1.15555,-0.0128349
134.087,-2.28666,1.81874,69.5962,1.67702,-2.52932,130.225,-0.295731,-0.96136,1.93513,-0.0128349
175.294,2.28134,0.302692,60.8992,-2.26765,-0.265088,208.024,1.14464,-2.98652,0.567779,0.0128349
76.1947,-3.32207,-1.49412,70.2164,3.54453,1.4041,55.7173,-0.691781,1.64431,2.89822,0.0128349
131.399,0.989154,0.704641,33.8621,-3.70246,2.42696,96.5975,-0.429582,-2.0767,-1.72232,-0.0128349
157.994,2.41737,3.07082,95.7953,-1.42494,-0.690012,43.2311,-1.52772,2.38079,-2.52236,-0.0128349
118.031,-0.0621748,-1.98722,53.9226,3.06891,-0.235367,106.332,1.7797,1.33816,1.75186,0.0128349
253.772,2.69285,-1.26639,241.164,-0.575003,2.357,57.0415,1.45187,0.379989,2.65979,0.0128349
210.559,2.17038,-0.365695,106.843,-1.7582,-2.74981,127.304,0.251652,2.58679,2.38411,0.0128349
135.225,2.6489,1.28512,82.3012,-1.37044,-1.10696,49.5826,2.21743,-2.80039,2.39208,0.0128349
95.9676,2.35623,-0.63207,36.2705,-2.04478,-2.62273,40.4761,-2.15543,2.4696,1.99066,0.0128349
131.433,2.66969,-0.975176,79.7675,-0.384087,0.341328,132.044,-0.17351,2.7078,-1.3165,-0.0128349
186.315,-2.32136,-2.52295,132.831,2.46519,-0.901442,236.518,-0.9359,1.32482,1.62151,0.0128349
142.718,-2.47896,2.71914,123.136,2.866,0.525431,60.8927,-0.680182,-2.28145,-2.1937,0.0128349
181.184,-2.40987,-2.86938,123.833,2.77806,2.26867,113.117,-0.330721,-0.144738,-1.14513,-0.0128349
166.184,2.14777,1.38176,105.196,-3.22109,-0.820212,58.261,2.10484,-2.8284,2.20197,0.0128349
109.704,-1.09175,-2.98623,71.7382,2.66762,2.74022,116.142,-0.184007,-0.0615682,-0.556735,-0.0128349
253.41,2.71014,1.06153,64.9441,-3.55543,0.300287,265.657,-1.31608,-2.12979,0.761247,0.0128349
93.4462,-2.44649,-1.85987,35.1997,1.81667,0.347093,45.3237,-1.4831,1.13368,2.20697,-0.0128349
78.9694,-1.75663,2.01161,54.5071,2.8305,1.88582,96.9234,0.533525,-1.11356,-0.125795,0.0128349
225.304,-2.3494,2.05748,190.231,1.63377,0.814384,203.756,0.387168,-1.57072,-1.2431,-0.0128349
129.761,-0.865303,-0.394256,67.8939,4.40193,-2.10712,99.0642,0.923845,2.47814,-1.71286,-0.0128349
121.88,0.918992,1.47445,114.721,-2.69489,-2.68849,60.5663,-0.51193,-0.943903,-2.12025,-0.0128349
98.6978,0.821285,-0.896238,76.7136,-3.37129,-1.7993,125.825,-1.14524,1.91242,0.903057,0.0128349
152.455,-2.22746,0.207829,48.9561,3.10505,1.24007,88.2949,0.160637,3.08152,1.03224,0.0128349
211.259,-0.956152,2.39765,130.396,3.4609,-2.74587,138.08,1.03734,-0.0626557,1.13966,0.0128349
142.085,-0.989404,2.49686,107.833,3.55357,1.44817,80.2014,1.04163,-0.313845,-1.0487,-0.0128349
126.534,-3.95934,2.99155,41.0109,0.167931,0.948066,63.2238,-1.28459,-0.538476,-2.04348,-0.0128349
280.932,-1.98277,1.11133,71.459,2.92447,-0.740215,202.591,1.43913,-2.01992,-1.85154,-0.0128349
112.75,-1.80023,3.13034,60.5876,3.6814,-1.04301,67.4952,2.90202,0.304671,2.10983,0.0128349
229.208,1.54223,-1.35986,211.784,-2.84422,-2.6564,233.347,0.43493,1.12078,1.29654,0.0128349
206.704,-2.58662,-0.5338,202.042,2.16031,0.993023,253.746,0.368706,-2.87002,1.52682,0.0128349
165.386,1.60386,0.114651,43.0241,-2.16848,-1.61226,135.077,-0.969141,-3.0235,1.72691,0.0128349
148.538,-0.713914,0.257588,70.802,2.93703,2.54419,38.6485,2.52423,-1.81295,2.2866,0.0128349
256.268,-0.922655,-0.421713,188.689,2.42575,1.65446,229.5,0.75891,-2.92662,2.07617,0.0128349
62.8039,1.7059,-1.71088,53.4385,-2.31907,-0.451535,71.297,-0.18616,1.67631,-1.25934,-0.0128349
125.992,2.08295,0.252095,124.526,-2.3028,1.30852,221.918,-0.497621,-2.33351,-1.05643,-0.0128349
72.6507,1.77225,-0.325865,71.8144,-2.71727,0.153044,67.2424,0.346151,2.07839,-0.478909,-0.0128349
89.5436,2.42086,-3.103,80.6865,-0.944826,1.11156,58.5871,1.08819,-1.27138,2.06863,0.0128349
220.211,2.06365,2.06102,60.8884,-1.64706,-1.7755,103.018,-0.388344,-0.73688,-2.44666,-0.0128349
265.783,-2.78113,2.0028,31.909,0.529711,1.32085,129.757,-1.58044,-1.25216,-0.681953,-0.0128349
353.522,0.452138,-1.83525,130.545,-2.75643,2.66323,113.058,-1.23834,0.835171,1.78471,0.0128349
83.071,2.71588,1.38322,68.5737,-0.713377,0.493772,121.462,1.42954,-2.41547,0.889449,0.0128349
115.573,-2.83825,1.79636,30.1001,2.53557,-2.61237,67.9247,-0.747182,-0.691253,1.87445,0.0128349
308.295,1.42037,-2.39238,59.7915,-3.24682,1.89518,218.292,-1.13949,0.139769,1.99562,0.0128349
176.231,-1.25989,-1.16215,46.2461,2.79503,1.30368,159.397,0.904479,2.16343,2.46583,0.0128349
121.728,3.04767,0.816809,96.9836,-2.69207,-0.94082,91.0805,-1.53206,-2.93843,1.75763,0.0128349
221.77,2.34915,2.45968,176.33,-1.16055,2.0077,244.952,-0.0471153,-1.23553,0.451972,0.0128349
290.425,1.73881,2.09027,41.7668,-1.82248,0.15112,174.081,-0.495772,-1.23011,1.93915,0.0128349
107.761,2.0013,-2.23041,77.9033,-2.27346,-0.596547,105.011,0.0285192,1.75604,-1.63387,0.0128349
247.843,-2.47787,1.27003,131.275,0.754674,-1.62288,52.5935,-1.06482,-2.15332,-2.89291,0.0128349
97.118,1.40127,1.67779,63.7564,-1.68382,2.48806,121.808,-1.53791,-1.06776,-0.810274,-0.0128349
339.826,-1.47473,2.10987,244.545,2.89354,-1.70682,125.617,1.60814,-0.272025,2.4665,0.0128349
91.9473,-2.11177,-2.24366,74.8328,2.96328,2.48139,34.3492,1.33449,-0.176502,-1.55814,-0.0128349
110.543,-2.53869,0.880374,57.1231,3.11001,-0.910771,102.152,2.51091,-3.10081,-1.79115,-0.0128349
137.889,2.6507,1.50871,51.3631,-1.48835,-2.49675,88.7231,0.41938,-1.07977,-2.27773,0.0128349
141.775,-2.76944,0.0124689,109.305,0.949021,-1.80139,61.1347,-1.72703,2.9772,-1.81386,-0.0128349
190.094,-1.88465,2.86934,175.748,2.04598,-2.89969,159.375,0.133583,2.51819,0.514158,-0.0128349
134.485,1.97288,-1.15112,54.6831,-4.07665,-0.6107,119.14,0.341704,1.93028,-0.540416,-0.0128349
220.321,-2.6999,-1.5507,67.903,0.516031,2.0937,75.0863,-0.290054,1.79686,-2.63878,-0.0128349
114.604,-1.21973,-3.13503,71.4509,3.16611,-1.79135,78.9622,0.449966,0.285556,1.34368,0.0128349
87.6284,3.26935,1.42502,61.6497,-2.61641,0.213666,35.2532,1.41786,-2.52158,1.21135,0.0128349
144.162,-2.40579,0.100559,80.7792,2.33483,-1.22917,97.3777,1.03901,2.78432,-1.32973,-0.0128349
273.148,-2.71586,-2.57373,85.432,1.59542,-1.90884,224.585,-0.932467,0.391233,0.664886,0.0128349
189.983,-1.53293,1.47437,105.253,1.96132,-2.87455,153.159,-0.0820987,-1.1581,1.93426,0.0128349
288.008,-1.56433,-1.64052,42.9475,2.13586,0.138497,238.536,-0.49052,1.42218,1.77902,0.0128349
118.336,-3.43705,-0.25967,99.386,1.47739,1.7527,86.8605,-2.06524,-2.81173,2.01237,0.0128349
311.103,-1.2661,2.12149,90.3169,2.18191,2.96081,196.811,-0.608027,-0.812728,0.839318,0.0128349
71.7478,4.37428,0.984581,40.8917,-4.38755,-0.455885,90.0332,1.03658,-2.28627,1.44047,0.0128349
120.525,2.23891,-1.89556,113.106,-2.62856,3.04758,50.2415,1.99133,0.593381,1.34005,0.0128349
115.832,-2.23384,-2.77241,75.2995,3.78023,2.27302,131.079,-0.940269,-0.0524932,-1.23776,-0.0128349
88.6854,-1.84664,0.343129,71.4477,2.688,-1.56986,67.4506,1.09498,-2.70052,-1.91299,-0.0128349
74.6055,-3.07004,2.62403,68.5224,1.21958,2.52522,111.098,-0.160605,-0.439461,-0.0988085,-0.0128349
273.826,-1.57131,1.88951,62.5937,2.25492,-2.19851,70.928,0.266748,-0.976569,2.19517,0.0128349
290.782,0.626272,-2.71275,245.372,-2.40203,-0.453196,150.313,0.174912,1.49474,-2.25956,-0.0128349
43.3218,2.94889,1.69632,35.0707,-4.49877,2.57735,82.2181,2.47104,-1.65188,-0.881027,-0.0128349
222.232,-2.27593,-0.0531034,84.1335,3.33317,1.49135,141.668,-0.747715,-2.64454,1.54445,0.0128349
75.4964,2.85686,-0.350209,47.9303,-3.66708,1.75162,48.4328,0.786607,-2.62405,-2.10182,-0.0128349
179.97,-1.65479,-2.69519,110.618,2.43786,3.12171,114.386,0.875331,0.136221,-0.466276,-0.0128349
173.856,-1.82165,2.74023,83.1646,3.83924,2.0468,142.279,1.63723,-0.566738,-0.693432,-0.0128349
103.079,2.47177,2.90454,66.3113,-0.642843,-1.07748,30.6795,1.49498,-0.0135494,-2.30116,-0.0128349
209.147,2.25709,-0.0102372,93.4599,-2.84666,-1.66915,180.529,-0.967765,2.76062,1.65891,0.0128349
181.614,2.88089,-0.381339,81.5924,-0.319907,1.54026,154.789,0.750817,2.9966,-1.9216,-0.0128349
175.354,0.921842,-1.62475,82.6629,-3.76196,0.782835,156.448,-1.46796,1.97128,-2.40758,-0.0128349
186.151,-2.43258,2.04534,135.972,2.91002,-0.543338,126.294,-0.240908,-1.68399,-2.58868,-0.0128349
138.563,-2.24249,-1.03469,120.483,1.03128,-0.12651,159.5,0.564201,2.67887,0.908176,0.0128349
190.297,1.05066,1.4848,147.643,-2.0026,0.0617667,229.186,0.245125,-2.30433,1.42303,0.0128349
231.349,1.85903,0.96499,104.346,-3.19707,2.64817,145.173,0.815862,-1.83447,-1.68318,-0.0128349
128.117,-0.609347,-1.51157,76.2171,3.86991,-0.169562,47.033,2.22772,2.17048,1.34201,0.0128349
337.963,-2.94652,-1.62829,87.4869,3.18242,-0.251356,203.823,0.619392,1.6308,1.37694,0.0128349
137.673,1.69781,-1.83796,84.0487,-2.91941,2.38562,70.4706,-0.724446,0.677705,2.0596,0.0128349
106.072,1.88132,-2.31119,65.3758,-2.43535,-1.27371,70.4156,0.947348,1.18327,-1.03749,-0.0128349
142.332,0.82335,2.34886,85.663,-2.6881,-2.65,119.603,0.636213,-0.376874,-1.28433,-0.0128349
129.023,-1.66372,1.5174,87.0588,2.00181,-0.902545,178.851,1.00335,-2.72338,-2.41994,-0.0128349
106.79,2.83603,1.9023,38.4377,-1.24244,0.303606,61.0119,2.55947,-1.70247,1.5987,0.0128349
288.123,2.78395,-2.62384,71.2764,-3.55321,1.45848,121.682,-0.812529,0.37703,2.20086,0.0128349
169.738,-2.34824,-0.594671,83.2372,0.747025,-0.308643,177.462,-1.21521,2.6424,0.286028,0.0128349
218.555,2.45907,-0.765691,57.8402,-1.99641,0.847953,149.655,0.390364,2.4737,-1.61364,-0.0128349
92.4545,-4.28042,-2.88953,48.2367,1.28614,-0.41172,47.7417,-1.47074,0.841435,2.47782,0.0128349
120.392,-0.965135,2.45155,44.7346,3.74805,0.343997,71.2734,0.391012,-1.18506,-2.10755,-0.0128349
250.763,2.73549,-2.91987,78.2727,-2.02561,-0.278491,152.244,-0.123961,0.579722,-2.64138,-0.0128349
156.759,0.134348,0.0537302,148.424,-3.70187,-1.88983,108.676,-1.04316,2.21677,1.94356,0.0128349
216.457,-1.58995,-2.07235,61.6312,3.18805,-1.83842,83.1554,-0.0580947,0.863672,0.233938,0.0128349
74.5054,1.86284,-2.87562,53.348,-2.82754,-2.69651,80.5857,-2.27465,0.830664,-0.179112,-0.0128349
110.185,1.31129,3.05725,60.8438,-2.35916,-2.60376,89.9397,-0.964416,0.155913,-0.622166,-0.0128349
278.171,-0.0996815,1.69143,80.5608,2.95068,-0.302136,139.605,1.44665,-2.0086,-1.99356,-0.0128349
146.74,-1.44688,-1.2617,63.7703,2.28682,-2.51952,91.0444,-0.42448,1.13023,-1.25783,-0.0128349
152.367,0.527137,-2.8703,102.612,-3.42548,-0.935161,75.7776,-1.93851,0.932586,-1.93514,-0.0128349
166.27,-3.02078,2.66052,64.0914,2.47347,-2.40112,113.55,0.293459,-0.380358,1.22154,0.0128349
182.681,1.03305,0.209562,42.4544,-4.6408,1.64895,112.597,-1.00378,-2.90902,-1.43939,-0.0128349
115.523,-1.12645,-2.81002,62.977,2.16284,-1.21217,95.537,0.461446,0.738422,1.59785,0.0128349
88.0952,-2.14282,2.78382,32.3712,1.96923,0.950241,70.7732,-1.63953,-0.972851,-1.83358,-0.0128349
74.7408,-2.57803,2.69752,70.5525,1.52326,0.475276,40.2256,1.51229,-2.23109,-2.22224,-0.0128349
349.348,1.15652,2.19883,31.4301,-3.09225,1.19132,281.987,-0.978325,-0.959734,1.00751,0.0128349
110.823,3.07344,-0.729239,88.2254,-3.5983,-2.94781,35.6006,-1.51362,2.04399,2.21857,0.0128349
99.9429,-3.00744,-1.74147,87.298,2.09043,-2.93565,110.137,-1.75469,0.567233,-1.19418,-0.0128349
202.764,-2.10649,1.84428,184.065,2.14582,-2.37419,98.032,-0.659158,-0.0827276,2.06471,0.0128349
235.239,-3.12459,1.62905,36.9507,1.8351,0.454207,213.684,-0.198063,-1.52082,-1.17485,-0.0128349
214.212,-0.828455,1.87168,82.8717,2.76847,-0.902317,54.9257,0.377793,-2.35812,-2.774,-0.0128349
76.0505,-1.49293,-1.39843,46.4162,2.08653,-2.91367,54.7954,-0.107876,0.862897,-1.51524,0.0128349
90.0613,-1.39694,-1.43977,81.2233,2.69311,-2.24313,111.908,1.0023,1.27647,-0.80336,-0.0128349
158.463,-2.64718,2.17238,101.429,1.74385,1.50661,140.04,0.253751,-1.30735,-0.665768,-0.0128349
244.436,1.72424,-2.86412,111.826,-2.68122,2.40745,298.963,1.467,0.192191,1.01161,0.0128349
229.141,-2.39589,-0.627264,72.1275,2.64594,-0.137796,163.38,-0.402627,2.85531,0.489468,0.0128349
135.711,1.98464,-0.147761,83.5579,-3.59483,1.18155,144.025,0.0560594,-2.74524,-1.32931,-0.0128349
312.447,-1.87166,-0.303214,84.999,1.7531,-2.4282,224.212,-1.16588,2.61585,-2.12499,-0.0128349
120.324,-0.594458,-0.215394,85.6874,3.57384,-1.13658,131.005,0.906711,2.66088,-0.921182,-0.0128349
122.66,-2.03473,-1.37788,44.333,2.18313,-0.415874,65.5698,0.946955,1.36411,0.962005,0.0128349
233.98,2.37663,-0.210759,89.7831,-3.18498,1.37003,140.469,-0.288637,-2.77661,-1.58079,-0.0128349
121.476,-2.18032,-0.236052,118.405,2.06972,1.09524,116.902,-1.03137,3.10365,1.33129,0.0128349
261.747,-3.18409,2.87013,59.2166,2.16606,-2.90137,94.2901,-1.07048,-0.488614,0.511688,0.0128349
182.307,-2.55378,-1.37425,74.9822,3.0898,0.996495,98.2708,0.34091,2.23066,2.37074,0.0128349
137.905,-2.69749,-3.08395,86.6735,3.33448,-1.43426,115.199,1.99049,0.734124,1.64968,0.0128349
314.964,1.29267,1.98954,98.0022,-1.71905,0.812482,239.841,0.532344,-1.34646,1.17705,-0.0128349
185.107,2.09301,0.996126,38.0123,-4.06841,2.78227,124.659,0.948226,-1.60866,-1.78615,0.0128349
280.257,2.45871,1.73801,39.2189,-4.01814,0.47899,126.742,0.488307,-1.60432,1.25902,0.0128349
104.22,1.40144,0.774669,63.0201,-1.75351,-0.228292,137.092,0.404438,-2.97602,1.00296,0.0128349
119.931,2.92763,-1.60755,89.7573,-1.61153,0.898506,45.498,1.99876,2.09281,-2.50606,-0.0128349
271.75,-1.68715,-1.62676,91.2168,2.1105,0.220981,99.8028,0.190564,1.97302,1.84774,0.0128349
205.19,-1.87367,-3.03048,81.4707,2.24172,1.53909,98.1524,0.476086,-0.223869,-1.71361,-0.0128349
265.552,-0.203396,-3.04138,128.978,3.65455,-0.432582,155.28,0.208222,0.351502,2.6088,0.0128349
158.248,-2.09244,-2.02165,88.7978,2.36132,2.14038,69.8379,-0.886541,0.745622,-2.12115,-0.0128349
196.201,2.50518,-0.534251,44.1466,-3.75822,0.451997,169.527,-0.379914,3.01902,-0.986247,-0.0128349
211.204,-2.54366,-2.21206,88.0989,1.68021,-2.12177,85.3151,-0.41516,1.09616,0.0902903,-0.0128349
220.318,0.941686,-1.23021,40.8962,-2.71714,-2.26842,137.643,-2.06315,1.95169,1.03821,0.0128349
115.859,-1.19913,1.37759,72.2901,1.93967,2.17587,89.3904,-0.462711,-1.14514,0.798279,0.0128349
289.345,-1.96405,2.68016,71.8678,2.65775,1.91008,225.477,2.30613,-0.595533,-0.770082,-0.0128349
77.0981,1.29891,-0.511791,45.2444,-2.47089,0.685302,75.7423,-1.64602,3.10643,-1.19709,-0.0128349
139.781,1.04394,-0.17543,115.819,-2.67662,0.50413,103.412,-1.02774,3.01466,-0.679559,-0.0128349
330.87,-0.735548,-1.2962,139.05,2.83954,0.932515,108.056,1.49,2.61991,2.22872,0.0128349
144.973,1.74585,1.62326,63.3932,-2.67748,-0.0178152,125.906,-1.5039,-1.79379,1.64108,0.0128349
130.443,3.22584,-2.68071,36.5317,-3.07128,-0.793348,30.2487,1.23398,1.38878,-1.88736,-0.0128349
114.965,3.02444,-0.675282,37.8251,-3.34058,1.95084,55.7628,2.2227,2.91609,-2.62612,-0.0128349
178.37,1.6285,-0.356085,61.2926,-2.16171,1.71241,90.4214,0.886906,-2.92816,-2.0685,-0.0128349
221.905,-2.82346,1.28756,41.4991,1.17469,0.61625,97.2641,-0.998426,-1.92567,-0.671313,-0.0128349
352.886,0.902083,2.54582,79.3097,-3.13671,1.41807,319.846,0.689113,-0.764315,1.12775,0.0128349
187.551,1.58672,-2.64747,129.514,-1.99791,-1.89769,137.338,-0.136222,0.892614,-0.749779,-0.0128349
116.274,2.32645,-2.91102,53.5372,-1.51418,-2.06684,119.352,0.0168511,0.421556,-0.844177,-0.0128349
253.489,-0.149758,0.644613,99.4686,3.44756,-2.15215,83.2573,0.679977,-2.4223,-2.79677,-0.0128349
163.913,1.00059,-1.98674,153.688,-2.87883,0.379076,68.4281,0.579956,2.2837,-2.36582,-0.0128349
376.732,2.09871,-2.11959,123.122,-2.8976,-0.449002,110.79,-1.33443,1.26218,-1.67059,-0.0128349
131.214,-0.271265,2.38104,96.8644,4.05959,-1.96037,78.5228,0.714367,0.215539,1.94177,0.0128349
217.602,-0.379337,-0.732985,179.85,2.75189,1.78379,157.995,-0.129005,-2.71385,2.51678,0.0128349
99.4797,1.90278,-2.87884,78.5256,-2.63602,-2.6716,57.3467,-0.940123,0.856942,-0.207247,-0.0128349
163.047,0.313132,1.85189,144.242,-2.73082,1.15728,166.495,-1.59149,-1.57571,0.694601,0.0128349
77.5204,3.54508,1.20066,43.26,-2.82591,-2.97277,41.0457,0.752239,-0.994589,-2.10975,-0.0128349
286.937,-1.73803,1.22907,154.784,1.3136,0.24275,161.161,-0.933323,-2.31101,-0.986319,-0.0128349
86.358,-3.24988,1.93843,65.0879,2.97674,0.850229,111.014,0.0386739,-1.6101,-1.0882,-0.0128349
53.6919,-2.68921,-0.231299,46.3058,4.14859,-0.164917,70.0474,-0.239039,-2.75007,0.0663822,-0.0128349
215.205,-1.98997,-2.8723,99.4063,1.96385,-0.337173,130.089,0.511653,0.910205,2.53513,0.0128349
237.321,0.874778,-0.147229,68.638,-3.44444,-1.01009,151.941,-0.33332,3.04972,0.862857,0.0128349
281.602,0.370301,1.18174,58.8754,-2.80935,2.71959,265.844,-0.849204,-1.67598,-1.53786,-0.0128349
162.4,-1.31385,-0.214028,47.9611,2.14253,1.39713,79.3615,-0.796045,2.98274,1.61115,0.0128349
159.333,2.99604,0.868035,47.0618,-1.00221,-0.74353,93.3615,0.8327,-2.75546,1.61156,0.0128349
397.3,-2.26848,2.20181,100.556,2.36012,-1.25704,306.734,0.406429,-0.694208,2.82434,0.0128349
158.822,2.93685,-2.67446,34.1339,-1.26202,2.40079,84.8697,1.27834,0.435772,1.20794,0.0128349
303.427,-0.56623,-3.02252,95.6828,2.74137,2.60061,198.974,2.03343,-0.0118516,-0.660058,-0.0128349
138.474,1.95058,-0.395694,126.874,-2.11117,1.91511,71.3114,0.876421,-2.66633,-2.31081,-0.0128349
167.863,2.1465,2.54445,62.3648,-3.24685,0.828905,90.1182,-0.84626,-0.88749,1.71555,0.0128349
221.628,1.54878,0.935344,32.8513,-4.62483,-0.136391,210.585,-0.165466,-2.37191,1.07173,-0.0128349
115.284,-3.77324,1.31886,92.8465,2.02136,2.16131,72.164,-0.981183,-1.45963,0.842446,0.0128349
256.967,-2.00201,-1.38207,87.8047,2.25866,0.568279,80.6846,-0.214177,1.77087,1.95035,0.0128349
147.653,-1.04693,1.1064,83.1001,4.02938,-3.03985,63.1642,1.65972,-0.992986,2.13693,0.0128349
254.058,2.63602,-1.1186,64.5555,-2.56626,0.398847,212.2,0.883581,2.20129,-1.51745,-0.0128349
177.307,-2.44219,0.98118,160.171,1.75391,1.65239,259.182,-0.630787,-1.91174,0.671211,0.0128349
189.822,1.22382,-0.6393,90.0009,-2.25988,-2.74032,150.59,0.192021,1.74892,2.10102,0.0128349
155.86,-0.565404,-1.20358,133.757,2.46678,2.80061,90.5994,1.3711,0.680671,-2.27899,-0.0128349
112.829,2.39597,1.20908,93.1955,-3.16799,0.0473845,64.9706,-1.94415,-2.65362,1.1617,0.0128349
86.751,-1.89595,2.33754,83.5059,3.2083,2.23215,62.9414,1.4249,-0.439627,-0.105389,-0.0128349
104.44,2.5768,-1.92365,48.7401,-3.40051,-2.50514,51.7075,2.57238,0.53795,0.581494,0.0128349
191.92,-1.79885,1.48887,134.366,1.57774,3.02942,236.776,-0.210034,-0.973224,1.54055,0.0128349
110.905,-3.94166,-0.0560374,30.3921,0.117135,-1.45525,59.4073,-0.376314,2.7604,-1.39921,-0.0128349
182.71,2.76671,0.9343,46.4179,-2.64915,0.0654251,176.459,2.08618,-2.62111,0.868875,0.0128349
116.01,1.85644,-2.56075,75.6378,-2.48109,-1.43692,53.4382,1.12203,0.67848,-1.12384,-0.0128349
192.863,1.63563,-1.11606,96.7189,-1.99102,1.60843,53.7906,1.15671,2.85027,-2.72449,-0.0128349
194.945,-2.42128,0.161898,141.898,1.74737,-0.877969,227.432,-0.220294,2.88133,-1.03987,-0.0128349
191.964,0.72243,-1.26714,105.267,-3.82914,-0.0611954,88.1848,-0.840488,2.12772,-1.20595,-0.0128349
157.187,-2.58594,-2.34258,65.9112,0.768207,-2.64214,185.77,-0.684071,0.835754,-0.299554,-0.0128349
127.623,-1.96383,0.810866,41.7198,2.57378,-0.351632,52.9344,-0.950861,-2.76814,-1.1625,-0.0128349
314.588,-1.9814,1.60813,37.4006,3.98531,0.927836,234.013,-0.64083,-1.6024,-0.680298,-0.0128349
170.589,2.91369,-1.31358,62.9355,-2.01117,1.59421,62.1011,0.829391,0.956214,-2.90779,0.0128349
140.273,2.17135,-0.249143,99.3954,-1.2098,0.6151,102.253,-0.449859,-3.09546,-0.864243,-0.0128349
128.73,-0.552296,-1.53298,62.5371,2.95534,-0.303251,81.6181,0.402354,1.80252,1.22973,0.0128349
158.39,2.07492,2.25985,156.058,-2.59988,0.156803,127.573,-1.60065,-2.53155,2.10305,0.0128349
256.426,2.84116,1.43012,210.707,-0.36031,-0.843209,151.986,1.42646,-2.65608,2.27333,0.0128349
147.698,-1.13613,-2.42667,86.4478,2.6338,0.185885,30.9229,1.24888,1.79337,2.61255,0.0128349
298.955,-1.73215,-0.898693,43.7704,2.16443,2.59229,248.024,0.725694,2.16976,-2.7922,-0.0128349
432.78,-2.61995,0.464295,195.437,1.95061,-2.14113,198.647,-0.0407459,-3.05942,-2.60542,-0.0128349
122.487,2.7425,1.68787,32.2196,-2.62254,0.649421,111.67,1.23949,-1.61599,1.03845,0.0128349
142.952,1.00418,1.27183,41.7584,-2.73529,-2.9011,95.1715,0.818431,-1.74186,-2.11025,-0.0128349
139.348,-3.06926,1.08377,32.369,2.47443,-2.74662,98.0741,-0.912524,-1.32124,2.45279,0.0128349
203.161,2.08512,2.47653,69.2983,-2.72737,1.51907,200.247,0.569612,-0.559346,0.95746,-0.0128349
270.727,-2.15597,-0.316527,51.0392,2.6694,0.240349,198.27,-1.47505,2.8713,0.556876,-0.0128349
111.741,2.227,-0.214908,111.004,-2.17156,-1.09628,106.492,0.0941813,2.15,0.881372,0.0128349
452.725,-1.54362,-2.41545,163.292,2.74933,-0.252072,255.412,1.08877,1.14779,2.16338,0.0128349
176.096,1.46675,-1.78682,147.028,-2.03778,0.109444,98.8744,1.0207,1.85509,-1.89626,-0.0128349
85.5603,-1.79661,1.88779,38.8901,2.17267,0.196038,86.9574,0.840314,-2.20484,-1.69176,-0.0128349
130.968,-0.66533,0.58649,51.1211,2.85256,2.59857,82.3318,0.92586,-2.22462,2.01208,0.0128349
89.8643,2.39688,-2.09591,74.6203,-2.46042,3.04536,84.0647,-0.981788,0.279694,1.14192,0.0128349
260.459,-0.643319,-1.26084,168.901,3.36049,2.86516,193.699,0.394853,1.26109,-2.15718,-0.0128349
213.35,0.659558,0.105941,44.5593,-3.64142,-1.49592,77.964,-2.06861,2.92061,1.60186,0.0128349
100.108,-2.86129,1.62714,34.4505,2.10969,-3.12775,117.452,0.231849,-1.31038,1.52829,0.0128349
82.1405,1.20716,2.19422,32.5384,-4.18515,-2.6674,73.061,-0.459475,-0.859348,-1.42157,-0.0128349
190.718,-1.86377,-2.45436,53.9791,1.69801,-2.59669,160.617,-1.27693,0.55084,-0.142322,-0.0128349
208.27,2.29007,-1.99806,138.866,-0.965196,-1.20031,242.045,0.853337,1.59729,-0.797747,-0.0128349
302.916,-0.9432,1.30344,277.487,2.86361,-0.566243,84.0777,0.523472,-2.86144,-1.86968,-0.0128349
291.073,1.38334,1.99312,116.659,-3.23735,-2.74065,298.731,-1.24269,-0.80844,-1.54942,-0.0128349
86.5458,-1.72745,2.23134,72.2491,2.28349,0.950681,95.102,0.695778,-1.90594,-1.28066,-0.0128349
311.12,2.53278,-1.67588,280.156,-2.98028,2.65918,224.551,1.45817,0.661759,1.94813,0.0128349
164.258,1.84085,-2.10704,142.965,-1.41316,-3.06479,164.967,0.0631973,0.0960206,0.957747,0.0128349
133.054,4.03945,2.36703,118.545,-2.05386,2.8055,104.191,0.765247,-0.722051,-0.438469,0.0128349
120.062,2.84321,0.642909,103.405,-1.47764,2.74815,73.8967,0.322925,-1.80583,-2.10524,-0.0128349
84.2018,-0.157786,1.58522,69.3322,4.16759,-3.13798,62.2831,1.20059,-0.44556,1.55999,0.0128349
115.518,-1.38485,-2.16065,50.8117,4.54282,2.7186,57.2688,1.9647,0.590355,-1.40394,-0.0128349
115.987,-3.85517,-1.41764,55.304,1.23562,2.75205,37.9948,-1.04637,2.04323,-2.11349,0.0128349
147.923,0.734252,0.758378,136.827,-2.9494,2.41186,130.074,-1.68313,-1.72239,-1.65348,-0.0128349
187.395,1.76649,1.27296,104.966,-1.80248,-1.43419,56.6144,0.670119,-1.66326,2.70715,0.0128349
80.0017,-1.01261,-1.51904,61.2127,3.0114,0.970816,109.148,1.87268,3.10314,2.48985,0.0128349
92.5162,-2.69885,-1.28962,73.7862,1.74275,-1.84817,48.4399,-1.30533,0.561154,-0.55855,-0.0128349
114.316,-2.60833,1.41515,47.7576,3.86234,-2.69429,105.104,0.140875,-1.92719,2.17374,0.0128349
152.256,2.38746,0.232511,111.791,-1.56343,1.56245,200.277,0.348717,-2.13073,-1.32994,-0.0128349
307.909,1.32446,1.95635,110.55,-2.65045,-0.255031,132.555,0.18173,-1.7755,2.21138,0.0128349
335.781,1.55283,-0.298826,77.6199,-3.75029,1.45422,116.203,-0.241362,3.06277,-1.75305,-0.0128349
112.974,3.01765,-1.6588,95.6432,-3.12523,-0.187339,100.606,-0.453131,3.10924,-1.47146,0.0128349
136.02,-2.24631,-1.15341,62.0412,1.24474,-1.27685,124.072,0.789088,1.7889,-0.123441,0.0128349
121.382,-2.65458,-0.197687,99.5696,1.33609,-0.286389,75.2926,0.280519,2.21111,-0.0887017,-0.0128349
282.226,1.64734,-2.91382,52.1929,-3.34356,-1.41996,198.544,0.310209,0.628765,-1.49386,0.0128349
89.0826,1.82973,-0.469974,61.8881,-2.42328,0.147123,93.8968,-0.405122,2.82107,-0.617097,-0.0128349
140.544,-2.81229,-3.04002,122.295,3.93756,-0.922442,58.0325,-0.324324,1.35011,2.11758,0.0128349
161.659,-0.844475,-0.0806284,117.007,3.10208,1.51415,46.3145,0.808538,-2.33397,1.59478,0.0128349
280.516,-2.42991,-0.587052,138.866,3.02776,-1.79085,195.56,-0.730839,1.89788,-1.2038,-0.0128349
79.8506,-2.89967,-0.980745,73.8456,0.8368,-1.07547,103.95,-1.9584,2.04373,-0.0947273,-0.0128349
135.099,1.72779,-0.0945164,85.7387,-3.15815,0.668346,85.791,0.204785,2.9301,-0.762863,0.0128349
269.779,1.53758,-0.523981,171.089,-2.0955,-1.42159,189.594,0.64951,2.12459,0.897607,0.0128349
238.487,-2.82513,0.905834,43.7738,2.91901,-1.59575,173.205,0.734153,-2.59961,-2.50159,-0.0128349
304.965,1.44291,2.98217,170.133,-1.94874,0.200613,59.3612,0.266755,-0.678476,2.78156,0.0128349
147.054,2.26367,-0.704404,44.7066,-2.21246,0.795004,87.4352,0.169382,-2.89181,-1.49941,-0.0128349
130.933,2.39419,-3.04508,42.5484,-2.976,-1.99176,95.2707,0.868524,0.498029,-1.05332,-0.0128349
155.887,1.47924,-2.86428,74.5729,-2.81567,1.54817,62.2449,1.04872,-1.20315,1.87074,-0.0128349
127.795,-2.45043,-2.30785,57.0225,2.87532,1.06407,41.0674,1.12106,0.85698,-2.91126,0.0128349
120.642,-2.43292,0.515948,58.377,2.73919,1.14079,89.2841,0.0644102,-2.48899,0.624845,-0.0128349
109.426,2.94303,-2.87525,41.3541,-3.04935,2.29886,49.8185,2.65177,0.431217,1.10908,0.0128349
280.614,2.03157,1.94988,57.7802,-2.29058,-0.652807,169.195,-0.501927,-1.13054,2.60269,-0.0128349
129.581,-3.64748,0.0776223,52.9732,2.15463,2.17537,55.9037,-1.64623,-2.14787,2.09775,0.0128349
215.514,1.47492,-1.51777,71.364,-2.69719,2.73482,201.215,0.0258028,1.33456,2.0306,0.0128349
176.35,2.2534,-1.87805,39.8207,-3.96379,2.25711,145.196,1.35334,1.10982,2.14803,0.0128349
325.121,-1.04831,-0.167444,199.833,2.24587,0.980509,300.834,-0.875803,-2.97725,1.14795,0.0128349
148.523,2.60783,0.844182,93.8896,-3.75812,3.01534,78.9278,1.75799,-1.56765,-2.17116,-0.0128349
74.6134,-3.03574,-2.48559,51.4193,0.581681,1.62959,85.5401,0.342637,-0.15331,-2.16801,-0.0128349
96.8783,-2.35095,0.456169,72.5239,2.21291,0.23708,157.186,0.314195,-3.06469,-0.219089,-0.0128349
135.644,1.59008,2.83193,89.4467,-2.03878,0.985059,77.4327,1.09025,-1.19674,1.84687,0.0128349
297.51,0.507678,-3.01094,141.066,-3.10797,-0.967066,135.6,-1.71297,0.746787,-2.04388,-0.0128349
362.419,-1.83922,-0.50069,161.47,1.19604,0.979079,295.002,0.305526,3.14143,1.47977,0.0128349
137.044,-0.595856,1.91147,123.032,2.44882,-2.57339,88.5658,1.25702,-0.182503,1.79833,0.0128349
288.074,-0.966726,2.54488,33.1819,3.71773,-2.2138,273.081,1.29547,-0.423355,1.52451,0.0128349
179.627,2.38975,2.71262,117.679,-1.76143,-2.82991,215.128,1.65597,-0.300952,-0.740659,0.0128349
161.835,1.91843,-2.86003,42.2874,-1.97386,-1.60319,121.139,-0.93075,0.344801,-1.25684,-0.0128349
151.384,2.33465,1.85025,129.396,-1.45002,-1.96373,88.8591,0.0117335,0.171642,-2.46921,-0.0128349
158.899,-3.24269,-2.60511,103.612,2.90258,-1.34352,133.496,-0.60271,1.03725,1.26159,0.0128349
308.968,1.73552,1.90035,82.5274,-4.1326,0.318084,195.652,0.658549,-1.19745,1.58227,0.0128349
175.507,-2.03706,-0.0178399,69.2887,3.23567,-1.23915,144.783,0.67315,2.83029,-1.22131,-0.0128349
197.689,1.91174,0.515055,128.399,-2.66412,2.93359,95.2853,-0.44746,-1.8276,-2.41854,-0.0128349
224.362,1.37927,1.8063,41.2011,-2.75119,-2.35659,41.9913,-1.41658,-1.84554,-2.1203,-0.0128349
188.799,1.22055,2.2874,97.9952,-3.5726,-2.83597,144.941,-0.252661,-0.261926,-1.15982,-0.0128349
58.8807,2.83028,2.95477,53.0043,-2.24476,-1.97599,91.2997,1.99661,0.615611,-1.35242,-0.0128349
211.569,1.308,-0.105111,55.3106,-2.75689,1.35538,167.871,-0.676914,-2.73009,-1.46049,-0.0128349
295.982,-1.08538,-2.4572,76.1509,3.92682,0.403463,129.863,0.0154448,-0.0271691,2.86066,-0.0128349
216.077,-2.2218,-2.35528,81.7322,0.780237,0.826,107.556,-1.10554,0.80563,-3.1019,0.0128349
220.21,2.1017,2.15515,86.1505,-4.19776,-0.968713,135.284,1.4019,-1.12604,3.12386,0.0128349
136.341,0.659958,-1.1504,71.6084,-2.65687,-2.74375,176.979,-0.830215,1.75563,1.59335,0.0128349
85.1997,-1.10248,0.0487284,80.4956,2.28495,1.14226,106.601,-0.227495,-2.14376,1.09353,-0.0128349
128.506,-0.635122,2.50919,57.817,2.88283,2.15952,104.403,1.49538,-0.558743,-0.349671,-0.0128349
119.647,-1.24004,-2.80062,37.9575,2.70965,1.9649,89.7504,1.03659,-0.164816,-1.51767,-0.0128349
105.382,2.44437,2.17857,66.2107,-3.37181,-2.64148,62.1769,0.356495,-0.425025,-1.46314,-0.0128349
137.061,-2.25716,-1.58627,34.7514,1.88774,-0.318717,83.71,-1.76053,1.75825,1.26755,0.0128349
124.982,2.29311,1.37457,43.7659,-4.57308,0.417393,95.3178,-1.23872,-2.07929,0.957175,0.0128349
156.748,1.93265,1.26633,90.7836,-2.21749,-0.28101,136.43,-1.28381,-2.39486,1.54734,0.0128349
138.776,-2.21032,0.723779,93.5441,2.48801,0.358636,184.999,1.96594,-2.56776,-0.365143,-0.0128349
272.973,1.65291,-0.836897,130.078,-3.13438,2.20444,104.959,0.985156,2.84575,-3.04133,-0.0128349
138.055,-2.38685,-0.299486,117.578,2.93814,-2.42869,114.881,0.781265,2.36893,-2.12921,-0.0128349
203.247,-1.92434,2.69147,165.531,2.57404,-1.90103,219.378,-1.4907,-0.129845,1.69068,0.0128349
218.393,-3.09609,-0.139978,75.5765,1.20329,-2.50055,80.3848,0.21876,2.95123,-2.36057,-0.0128349
156.284,-1.84591,-1.44823,89.0665,1.82298,0.434813,94.4887,-0.988322,2.23566,1.88304,0.0128349
113.44,-0.805235,-3.00103,38.5133,2.94477,2.35715,181.065,0.634043,-0.00880466,-0.925008,-0.0128349
95.5823,3.00769,-1.25362,74.5185,-1.22864,0.388896,91.555,0.0584436,2.86765,-1.64251,-0.0128349
115.637,-0.616543,-0.0630816,79.3112,3.9228,-1.85901,47.8216,2.12754,2.62356,-1.79592,-0.0128349
199.855,-2.18437,2.27551,82.1596,3.1876,-1.2031,55.7248,1.75174,-0.293566,2.80457,0.0128349
165.977,0.350049,0.451107,104.898,-2.83184,-0.83103,95.4526,-1.7653,3.05421,1.28214,0.0128349
203.316,0.986879,-0.244618,151.294,-3.33666,1.12503,244.354,0.95894,-2.74825,-1.36965,-0.0128349
123.071,-2.55875,-0.128302,109.486,1.52975,-1.83257,60.44,-1.1846,2.45232,-1.70427,-0.0128349
186.985,-0.238836,-2.10296,152.508,3.07211,-2.78116,277.883,2.06999,0.630976,-0.678202,-0.0128349
100.149,-3.37596,-2.59276,92.623,1.65192,2.16734,88.8295,-1.70761,-0.37606,-1.52308,-0.0128349
197.571,-2.24281,1.01987,34.4945,2.87436,2.67585,160.508,-1.73585,-1.82378,1.65598,0.0128349
306.929,1.20868,-1.78804,80.0564,-3.88284,0.45344,231.402,-0.0960353,1.52286,-2.24148,-0.0128349
365.732,1.35501,2.66983,48.4643,-1.69611,2.20127,263.659,-0.678809,-0.475333,0.468568,0.0128349
218.054,-1.14095,2.85285,71.6404,2.86066,2.23743,254.672,-0.347337,-0.423009,-0.615417,0.0128349
193.019,-2.44296,2.22991,57.1772,2.52172,0.431628,86.8087,0.289057,-0.857993,-1.79828,-0.0128349
186.755,0.582498,-2.29775,140.544,-2.97197,2.63888,202.222,-0.484419,0.349955,1.34656,0.0128349
123.285,-1.47086,-1.4111,97.4725,3.62235,2.62333,72.8025,2.43493,0.431324,-2.24876,-0.0128349
379.314,-1.20995,-0.141181,75.0425,4.23912,-2.90258,204.83,1.81092,2.84789,-2.7614,-0.0128349
269.667,1.91835,-0.293408,92.9952,-2.81454,2.04457,213.957,0.0728133,-3.12667,-2.33797,-0.0128349
218.878,-2.06381,-2.2634,146.904,2.30451,-0.485233,254.918,0.221041,1.45406,1.77817,0.0128349
115.35,-2.14943,1.2911,37.3963,2.32519,-0.431059,67.6642,0.642457,-2.06494,-1.72216,-0.0128349
67.5124,-1.29934,2.04866,61.3148,2.22367,0.555047,84.7579,-0.181422,-1.77356,-1.49361,-0.0128349
384.736,-1.39539,2.5015,66.8521,2.54187,-1.32693,220.376,1.58944,-0.498986,2.45475,0.0128349
122.741,-1.98656,-2.04734,96.0846,1.15991,-2.2705,266.154,0.342944,1.23762,-0.223165,-0.0128349
189.56,-2.73857,2.73413,96.8761,1.24303,-2.76966,233.979,0.739316,-0.348558,0.779398,0.0128349
101.794,2.63724,-1.85954,99.0493,-3.7499,-1.30407,104.154,-0.223647,1.61953,-0.55547,-0.0128349
428.519,-1.6797,-2.17314,148.64,3.13674,-0.379662,160.142,-0.978632,1.27171,1.79348,0.0128349
136.373,-2.79652,1.08012,135.16,2.73121,-2.32097,205.678,-0.240453,-0.334159,2.8821,0.0128349
184.798,-1.12516,2.03678,50.4864,3.33759,0.723108,169.42,0.911793,-1.22202,-1.31367,-0.0128349
436.636,-1.94969,1.94476,139.117,1.13636,-0.480919,192.553,-1.73175,-1.28226,-2.42568,-0.0128349
117.604,3.22878,1.51586,31.9512,-2.31456,-2.86837,55.434,0.798742,-1.3285,-1.89896,0.0128349
175.774,0.892968,0.0691975,127.319,-2.23848,-2.42902,42.3977,0.406421,-3.07704,2.49822,0.0128349
209.937,2.88019,2.67645,78.1399,-2.06597,0.617735,137.323,1.91365,-0.975362,2.05871,0.0128349
140.776,-2.35167,-0.549785,121.387,2.22583,1.02389,129.669,-0.341349,2.63382,1.57367,-0.0128349
162.555,1.21217,-1.7197,66.6496,-1.86627,-1.62164,152.8,-0.310951,1.48701,-0.0980635,-0.0128349
109.214,1.80757,-0.739479,89.273,-3.56225,1.53004,53.2426,-1.13463,-2.2768,-2.26952,-0.0128349
76.4033,-2.03351,-0.540677,72.5661,2.59568,-0.429378,51.9793,0.615267,2.24974,0.111299,0.0128349
169.247,-1.16056,-0.0746388,62.6392,3.08396,-2.20146,90.6226,2.34156,2.85557,-2.12682,-0.0128349
112.414,-2.89998,-2.70287,90.0223,2.35873,0.0301808,91.2296,1.15785,1.11091,2.73305,0.0128349
112.553,2.94868,-1.9701,108.766,-1.41604,-0.454117,75.4465,0.719285,1.53534,-1.51598,-0.0128349
72.0588,2.73993,2.25061,46.5809,-2.46015,0.106232,36.4437,-0.241587,-1.86283,2.14437,-0.0128349
166.934,-2.53652,-1.33104,50.917,1.81146,0.74343,72.6976,-1.73417,1.65979,2.07446,0.0128349
89.9925,3.76859,0.417206,63.9209,-3.10176,-0.399398,65.364,-1.96444,-2.93832,0.816604,0.0128349
231.368,2.02305,-0.653492,38.3384,-2.22105,-2.42135,87.4595,0.526894,2.1447,1.76786,0.0128349
195.186,-1.93269,-2.96057,55.5864,1.33435,-2.55299,145.445,-1.30797,0.252464,0.407578,0.0128349
149.291,-2.61261,-0.553348,90.5738,0.756973,-0.534005,124.113,-1.62028,2.16174,0.0193425,-0.0128349
127.32,0.33648,1.51091,111.171,-3.98729,1.71808,98.5581,-1.16189,-1.86892,-0.207167,-0.0128349
136.525,-0.475859,-1.16737,60.5061,3.36608,1.17501,93.1476,0.727007,2.19873,2.34238,0.0128349
169.436,-0.657428,1.58267,76.3185,2.82914,2.71347,230.46,1.00956,-0.963657,1.1308,0.0128349
249.573,-2.32488,0.0780946,188.134,2.93419,-1.84569,124.101,0.74609,2.58054,-1.92378,-0.0128349
102.886,-2.91237,2.1487,59.4426,0.80835,-2.76941,103.034,-1.60827,-0.601014,1.36508,0.0128349
179.488,2.65185,0.99815,119.338,-0.420172,-0.0629045,230.457,0.742792,-2.78211,1.06105,0.0128349
123.553,2.57535,-1.13446,118.986,-1.68755,-1.11394,129.868,0.919156,1.40492,-0.0205226,0.0128349
153.238,-2.27005,-0.76439,59.5095,3.54109,-2.24644,116.358,1.14312,2.15027,-1.48205,-0.0128349
117.17,1.78837,0.574602,104.952,-2.15573,1.63523,102.216,-0.694328,-2.6671,-1.06062,-0.0128349
64.0298,-2.21432,0.146754,57.1621,3.4958,-1.7259,63.3047,1.63406,2.06299,-1.87266,-0.0128349
111.334,-2.8509,-2.71615,52.3023,1.5453,3.01352,130.872,-1.07219,0.284175,-0.553515,-0.0128349
151.546,1.9887,-2.64389,43.0539,-3.73735,-0.841693,97.2968,-0.903008,0.291876,-1.8022,-0.0128349
231.645,-2.44422,1.17588,162.442,2.70451,-1.52074,81.0735,1.48186,-2.90038,-2.69661,-0.0128349
99.4637,-2.48424,-1.76322,66.4915,3.66339,-1.71812,79.2328,0.98106,0.987013,0.0451058,0.0128349
305.922,1.15598,-1.38269,131.677,-1.9364,2.33644,59.1144,-0.686556,1.32765,2.56406,0.0128349
233.838,-1.55052,1.47853,110.216,3.52429,-0.511488,218.549,0.781155,-1.92527,-1.99001,-0.0128349
184.431,-1.50922,1.60226,46.3252,3.44019,-2.93848,131.801,0.153915,-1.30652,1.74245,0.0128349
325.216,-1.17048,-1.36841,105.371,3.22288,-2.27768,146.408,0.547008,1.45012,-0.909271,-0.0128349
107.399,3.40353,0.320153,40.5611,-0.638751,2.67367,50.7475,-0.655664,-1.46108,-2.35352,-0.0128349
200.481,2.70961,1.29497,119.582,-2.55631,3.01204,106.626,-0.217951,-1.55725,-1.71707,0.0128349
132.398,3.16649,0.889168,53.8129,-1.50845,1.923,89.4964,0.599479,-1.827,-1.03383,-0.0128349
256.734,-1.88013,0.587901,48.2545,3.21161,2.28786,71.3461,1.47276,-2.54493,1.69995,0.0128349
166.708,-2.47679,-1.87433,133.013,3.09087,2.51956,144.057,-0.167856,0.243112,-1.8893,-0.0128349
406.628,-1.86941,2.06001,82.0536,2.8551,0.0614271,209.144,-0.0761654,-1.24154,-1.99858,-0.0128349
188.557,1.85713,-0.734166,70.6165,-2.67826,-1.98165,112.979,0.978038,1.93143,1.24748,0.0128349
173.359,-1.98018,-0.111587,36.1211,2.67418,-2.96179,116.2,0.342168,2.77982,-2.8502,-0.0128349
160.742,1.33906,-0.219117,61.1163,-2.49846,1.19448,165.638,-0.102938,-3.04815,-1.41359,-0.0128349
96.2753,2.62832,0.197739,69.8258,-2.10691,-1.01722,67.5602,1.8777,-2.95765,1.21496,0.0128349
94.4164,-2.58807,-2.53328,92.5586,3.44475,-1.79692,123.945,0.0454938,0.964576,0.736362,0.0128349
348.522,-2.0577,0.0992129,241.032,1.6301,0.726307,261.001,0.183934,-2.77803,0.627094,0.0128349
313.713,-1.39228,-1.95001,83.8646,2.08689,2.69589,129.964,1.23112,1.04584,-1.63728,-0.0128349
320.18,-2.65632,2.57334,203.107,2.96065,-2.39021,189.809,-1.17014,0.0334223,1.31964,0.0128349
78.4429,-2.83105,1.52724,56.6367,2.40276,2.4833,89.4849,2.28162,-1.36192,0.956064,0.0128349
140.556,1.57424,2.2008,32.2802,-3.56371,2.29257,125.663,0.581122,-0.854417,-0.0917659,-0.0128349
311.099,0.654665,-2.5248,80.5659,-2.81247,2.48985,269.597,-0.91921,0.217557,1.26854,0.0128349
141.626,2.08973,-2.91572,96.688,-3.30709,2.68999,67.25,-1.64691,0.0646925,0.677472,0.0128349
86.94,2.38628,-0.9455,43.7393,-1.29373,-0.246153,48.792,-0.408921,2.06863,-0.699347,-0.0128349
157.575,2.23331,-0.529989,79.3885,-1.43013,0.814059,58.9577,0.561468,-2.90772,-1.34405,-0.0128349
253.918,-2.04217,1.93082,83.0161,1.73917,-3.03096,125.682,-0.282171,-1.07943,1.3214,0.0128349
218.741,0.341959,-1.68731,65.3798,-2.75293,-0.859029,177.915,-0.142031,1.55049,-0.828283,0.0128349
252.169,-2.79544,3.04576,61.7862,1.05029,0.381786,133.253,-1.62547,-0.0659168,-2.66397,0.0128349
135.36,-2.10711,0.299093,72.8947,3.33191,1.43242,111.638,-0.470043,-2.41293,1.13333,0.0128349
181.135,2.87879,2.22622,79.6576,-3.40703,2.46167,212.137,0.373438,-0.938082,-0.235451,-0.0128349
48.4807,3.08157,0.344875,43.9256,-3.15258,-0.831478,52.9868,1.82034,-3.04821,1.17635,0.0128349
77.0867,-2.14344,1.64207,38.4471,1.64556,-2.16775,48.2098,-2.43563,-0.254716,2.47337,0.0128349
78.9473,2.55939,1.51139,45.2147,-2.65344,-0.030464,44.7082,-0.427882,-2.80168,1.54185,0.0128349
70.4874,-2.15964,-2.20158,63.595,3.84907,2.75851,63.2738,0.733289,-0.0546691,-1.3231,0.0128349
102.357,1.60037,2.66391,37.844,-3.80856,0.924353,94.0231,-0.800825,-0.449116,1.73956,0.0128349
362.674,1.36929,0.785659,105.041,-2.41109,-0.452383,180.044,-1.81581,-2.64928,1.23804,0.0128349
114.86,1.93744,0.351302,45.4946,-3.23376,1.75771,92.4496,-1.40706,-1.84723,-1.40641,-0.0128349
127.929,1.15048,-2.96601,69.3155,-2.37924,1.49981,57.4804,-2.15131,-0.406303,1.81737,0.0128349
213.479,-1.1414,-0.110403,101.72,3.59469,1.22858,111.155,0.741455,-2.84226,1.33898,0.0128349
183.914,-1.78786,-2.67703,79.9514,1.62408,-0.558987,133.205,1.10506,0.996692,2.11804,0.0128349
68.1824,-3.27697,0.742588,54.9385,0.734459,-2.09503,76.0879,-1.87967,1.52717,-2.83762,-0.0128349
407.474,-0.0956188,-1.66357,42.6837,3.43418,0.518524,372.958,-0.0328554,1.61947,2.1821,-0.0128349
124.657,-0.379574,-2.1175,52.5131,3.28155,3.03355,115.847,2.08825,0.840428,-1.13214,-0.0128349
141.932,-2.57139,1.04244,53.3116,0.746991,-0.984077,98.253,-1.23755,-2.77506,-2.02651,-0.0128349
112.852,2.82169,-2.2871,92.8057,-1.64043,2.0691,72.29,2.03283,-0.104592,1.92698,0.0128349
250.83,1.90786,0.529957,64.5453,-2.66591,-1.02359,128.762,-0.851481,-2.7651,1.55355,0.0128349
333.01,3.01966,-2.3104,142.358,-2.15549,-0.530671,279.781,-0.282716,1.04569,-1.77973,-0.0128349
130.007,-3.57479,2.98236,80.6382,1.98185,-2.46836,170.846,1.50892,0.392528,0.832465,0.0128349
164.75,1.33955,-1.75311,65.2342,-3.67462,2.042,74.8885,-0.808973,0.926232,2.48807,0.0128349
130.141,-1.99502,2.0266,57.0803,1.85846,-0.131464,51.5048,1.23581,-1.48329,-2.15806,-0.0128349
177.736,-2.74509,-0.760024,72.7504,2.62583,0.510362,176.787,-0.773303,2.92804,1.27039,0.0128349
130.553,0.911963,1.96665,80.0376,-3.17902,2.56489,183.444,-1.03593,-1.06258,-0.598248,-0.0128349
108.638,-1.81112,2.439,61.6817,1.87233,-2.05171,145.261,-1.16906,-0.673821,1.79248,0.0128349
187.167,-2.18318,2.71358,100.234,3.5418,-0.429763,92.3226,0.97269,-1.14464,3.13984,-0.0128349
134.224,-2.19859,0.160005,78.6187,1.40076,0.823144,66.755,0.175287,-2.56586,0.663139,0.0128349
191.376,-2.06639,0.20277,99.5815,1.15588,-0.304874,91.6618,-1.39188,-2.98161,-0.507644,-0.0128349
116.277,-0.0691782,-2.84313,55.6433,3.53134,1.92715,94.1348,1.42828,-0.255755,-1.51291,-0.0128349
102.944,-2.38809,1.65802,66.8689,2.57026,0.0597558,106.044,-0.516248,-2.01241,-1.59827,-0.0128349
115.783,2.50317,-0.400616,31.287,-1.68628,-1.15965,104.325,0.0152492,2.51191,0.759037,0.0128349
287.618,-1.2361,2.64394,39.6946,4.7143,1.06809,163.773,0.680986,-0.666053,-1.57585,-0.0128349
80.5273,1.26343,-0.455248,33.1931,-4.71472,0.343779,108.138,0.0736104,3.04165,-0.799027,-0.0128349
147.667,1.96827,3.0578,93.4169,-1.87502,1.32039,28.9547,-0.144682,-1.32107,1.73741,0.0128349
141.371,2.06791,2.63142,87.5995,-3.63363,-1.33403,49.4192,-1.81743,-0.570013,-2.31774,-0.0128349
176.909,1.26137,-1.68157,111.736,-3.35737,2.5852,99.2677,-0.944367,1.19942,2.01642,0.0128349
87.0289,-0.793556,-1.19103,41.4058,3.56464,1.19921,36.7074,0.915374,2.53031,2.39024,-0.0128349
132.998,-1.80046,-2.54253,50.3687,2.40718,3.02978,124.227,1.26246,0.701996,-0.710867,0.0128349
79.0416,-4.02234,1.70771,74.2796,2.28898,-2.14248,47.0551,-0.822773,-1.14577,2.43299,0.0128349
62.5338,-1.13868,1.17507,51.8877,2.87957,0.495963,54.3684,0.948593,-2.7763,-0.679103,-0.0128349
180.742,0.927935,-1.19729,175.175,-2.95912,2.75255,77.7908,-0.836426,1.29422,2.33334,0.0128349
248.444,1.09256,-2.66842,114.944,-3.23922,-1.06514,177.557,-0.536757,0.814886,-1.60328,-0.0128349
74.6678,0.966196,-0.144158,34.2322,-3.36378,1.60981,63.3539,-0.189883,-2.87785,-1.75397,-0.0128349
128.358,-0.283603,-1.99688,61.9656,3.34201,-1.15517,173.047,2.28585,1.43777,0.841708,0.0128349
795.703,1.72326,1.95816,298.099,-2.17701,-1.78649,316.263,-0.351763,-0.74888,-2.53853,-0.0128349
403.652,-1.74757,1.64441,116.863,3.20944,1.1136,138.38,0.34103,-1.60482,-0.530818,-0.0128349
185.544,-0.380917,1.0782,36.6381,2.68854,-0.446844,67.5811,0.287083,-2.06284,-1.52505,-0.0128349
294.624,-2.15915,-0.0156724,108.161,2.87311,2.90124,118.583,-1.10662,3.13305,2.91691,0.0128349
107.89,-3.03553,-1.05327,74.7503,2.66227,0.175581,80.9411,0.334643,2.68291,1.22885,0.0128349
86.5754,3.16197,-1.56012,55.5856,-1.5443,-1.59648,87.3642,1.24004,1.61486,0.0363631,0.0128349
132.064,3.26467,0.383011,50.6258,-0.843266,2.68877,49.8171,2.10527,-2.04605,-2.30576,-0.0128349
71.8418,1.7012,-0.138582,65.6529,-2.84637,1.11734,98.591,-0.116172,-2.59235,-1.25592,-0.0128349
190.345,3.15623,2.18109,106.924,-0.787094,-0.103348,50.5248,1.8898,-1.71618,2.28444,0.0128349
118.028,3.10175,0.174138,100.275,-1.8916,2.64596,122.094,-0.809495,-1.98967,-2.47182,-0.0128349
143.191,0.901238,-1.25469,72.2123,-3.22416,-1.29867,181.172,-0.0217139,1.91425,0.0439827,0.0128349
127.567,-2.09566,1.36158,45.6853,1.09983,2.55595,84.0861,-0.268672,-1.82669,1.19437,-0.0128349
341.506,2.18472,-0.317764,238.605,-1.08313,-2.21881,207.361,0.999475,2.16436,1.90105,0.0128349
341.798,-1.45927,-0.1907,77.4048,2.61828,-1.8649,283.908,1.15686,2.79322,-1.6742,-0.0128349
157.65,-1.27145,1.57258,81.0201,3.64341,0.55113,123.196,-0.375557,-2.05593,-1.02145,-0.0128349
304.883,1.55903,1.35819,57.85,-2.2479,0.144523,188.428,0.620574,-2.02898,1.21366,0.0128349
109.204,-1.21298,1.13152,80.6672,3.06702,0.703465,85.5242,-0.126211,-1.98493,-0.428057,-0.0128349
143.783,1.39148,-1.52797,35.4179,-2.67524,0.102331,123.012,0.37566,1.83682,-1.6303,-0.0128349
115.015,-1.63634,-1.94724,101.42,2.13467,3.0873,149.747,1.61909,0.282959,-1.24865,-0.0128349
183.486,-0.871499,-2.8092,78.8592,2.71154,0.425662,34.4889,2.26286,-0.930693,-3.04832,-0.0128349
204.629,-1.73431,0.140388,105.257,1.51756,2.98171,76.9157,-0.312772,-2.49065,2.84132,0.0128349
138.488,1.07794,-2.34344,83.4651,-2.19018,-2.10178,94.9952,-0.970076,0.67575,-0.241657,-0.0128349
166.971,-0.624756,-0.353105,165.805,2.59409,-0.0528584,222.038,0.0984738,3.02577,0.300246,0.0128349
292.703,-1.84484,-2.1874,194.327,1.32235,-0.418582,168.663,0.365909,1.72762,1.76882,0.0128349
411.948,-1.16225,-0.628941,53.5613,3.20967,-0.120791,350.334,0.826983,2.64341,0.50815,0.0128349
519.813,-1.82551,-1.8392,287.916,1.79618,2.15565,205.379,-0.921926,0.716737,-2.28834,-0.0128349
70.431,3.07972,-2.2227,44.9895,-0.639037,-1.67209,31.5537,0.171818,1.61419,-0.550603,-0.0128349
117.374,-3.39325,-2.98299,62.7018,0.17448,2.2553,108.008,-2.56977,-0.110782,-1.0449,-0.0128349
175.781,-2.05561,-2.08306,143.955,1.54711,-0.212212,101.861,-0.324608,1.73716,1.87084,0.0128349
172.925,2.10629,1.92676,65.7589,-3.47753,1.84277,116.341,0.0207584,-1.42512,0.0839884,0.0128349
126.529,-3.28838,-2.74116,45.73,1.03248,2.97779,86.7742,0.360747,0.118953,-0.564244,-0.0128349
56.0393,-0.396975,2.71576,48.5835,3.63422,0.911856,48.0179,2.37396,-0.420058,-1.8039,-0.0128349
97.437,0.449378,0.847233,72.8243,-4.3052,1.61149,124.331,-2.02973,-1.89516,-0.764253,-0.0128349
160.94,1.52801,-1.15273,97.057,-3.14991,-1.22912,116.562,-1.00664,2.12596,0.0763961,0.0128349
163.254,-1.85105,0.0321031,152.642,2.03748,1.109,85.6741,0.270083,-2.85057,1.07689,0.0128349
95.0493,-0.809291,0.128478,39.7587,4.52672,-1.56496,67.8178,1.008,2.31253,-1.69344,-0.0128349
101.14,2.45739,2.59195,81.2264,-3.26654,-1.69464,62.6206,0.436638,0.225041,-1.99659,0.0128349
131.945,0.434443,1.64013,43.6848,-3.55033,0.616324,69.4548,-1.30928,-1.80658,1.02381,0.0128349
64.9211,0.640314,-2.61103,40.9094,-3.41244,-1.25944,29.331,-1.6782,1.56179,-1.35158,-0.0128349
152.387,2.39618,-1.15844,53.2209,-3.39371,2.10814,56.539,2.08021,1.80733,3.01661,-0.0128349
146.939,-2.83354,2.39589,60.8787,2.2245,-2.04883,87.3685,0.353931,-0.196213,1.83846,0.0128349
97.2759,-1.94752,2.87091,59.5733,4.16547,2.99147,102.872,-0.237303,0.72266,0.120557,-0.0128349
88.2651,0.710802,-0.636887,59.8658,-3.76044,-1.6817,74.8411,-1.86519,1.6768,1.04482,0.0128349
167.69,-1.12368,-0.0591028,72.6079,3.59112,-0.766344,67.3613,1.24696,3.06776,-0.707242,0.0128349
290.042,-2.32922,-0.230378,45.2749,3.12611,-2.18128,197.318,0.935244,2.7319,-1.9509,0.0128349
112.468,-2.71059,-0.854833,43.0516,2.748,1.36473,136.911,-1.08266,2.79495,2.21956,0.0128349
69.6703,-2.15861,-0.60356,63.7429,3.39674,0.577899,81.3454,-1.0825,3.08377,1.18146,0.0128349
146.357,1.96938,1.7057,111.466,-3.09667,-1.06197,58.004,-0.634789,-1.78983,2.76767,0.0128349
109.259,2.34947,1.03432,98.7063,-1.12441,-0.132665,54.2812,0.850576,-2.03718,1.16698,0.0128349
118.551,2.63351,-2.5092,56.818,-2.86382,-2.39269,91.0724,0.987455,0.577672,-0.116501,-0.0128349
151.395,0.667757,-2.70652,71.4199,-2.74957,0.218404,76.1588,-0.677498,0.0250038,-2.92492,-0.0128349
114.585,1.18949,-0.936282,53.4508,-4.33728,-1.92387,154.506,0.977913,2.20729,0.987587,0.0128349
90.9782,-2.63356,-2.05358,85.7978,1.25044,-0.264981,48.7663,1.28388,1.44594,1.7886,-0.0128349
187.081,-3.48838,2.14438,117.539,2.23602,2.09019,254.874,0.990077,-1.02351,-0.0541918,0.0128349
83.1754,1.37065,-0.568174,63.8877,-3.95338,-1.67479,99.1884,-0.122078,2.06734,1.10662,0.0128349
122.415,2.66087,2.63262,34.9396,-2.4502,0.325115,44.4221,1.22561,-0.36503,2.3075,0.0128349
292.977,1.4969,1.5123,100.017,-2.5358,-0.412087,106.939,-0.812977,-2.23729,1.92439,0.0128349
197.155,-2.46565,2.75343,174.738,1.44767,0.608085,163.459,-1.34636,-1.42602,-2.14534,-0.0128349
100.024,-1.84841,2.3298,55.618,3.01602,-2.04395,55.6307,1.45939,0.0216715,1.90943,0.0128349
175.123,1.88424,1.97917,71.471,-3.25096,-2.95549,146.168,-0.90359,-0.924877,-1.34853,-0.0128349
281.502,0.552754,-0.774416,88.7183,-3.0081,1.5857,123.399,-0.407659,2.97937,-2.36011,-0.0128349
138.416,1.6623,-1.73928,105.761,-2.39759,-2.95883,124.286,1.51335,1.24898,1.21955,0.0128349
117.306,2.14634,-0.00832625,112.5,-2.77218,-2.29305,60.5884,0.707859,1.88703,2.28472,0.0128349
161.688,1.81697,1.94608,34.3262,-4.25479,-0.893542,66.5869,0.00204666,-1.5161,2.83962,0.0128349
212.474,2.09711,1.89265,106.93,-1.01395,-2.75776,137.199,1.12727,-0.804459,-1.63277,-0.0128349
75.9482,0.721452,1.09643,44.3631,-4.57752,1.65591,31.6497,0.755027,-0.854811,-0.559478,-0.0128349
102.327,-0.644788,2.49218,91.9252,3.273,1.44529,83.1649,-0.245981,-1.28885,-1.04689,-0.0128349
108.709,-2.10202,0.22553,75.6187,3.04744,-1.95463,59.0841,-0.708145,2.17815,-2.18016,-0.0128349
106.583,-2.03803,-1.83209,84.5402,3.12998,0.160439,89.5041,0.609935,2.74637,1.99253,0.0128349
215.431,-2.68319,-2.24999,84.7383,2.73182,-1.27933,152.796,1.03538,1.14026,0.970652,0.0128349
221.328,2.14835,-2.47415,63.0357,-2.43099,2.17504,195.693,-0.385496,0.339838,1.634,0.0128349
215.619,1.6792,-2.2515,86.4429,-2.56174,-2.89278,137.496,-0.381922,0.95837,0.641279,-0.0128349
104.655,-1.68432,-1.58956,100.494,2.9134,0.505692,132.446,-0.546484,2.71696,2.09525,0.0128349
151.378,3.1335,2.7694,125.166,-2.13558,2.03088,223.939,0.00995191,-0.874188,0.738517,0.0128349
407.588,1.9155,1.32275,204.632,-2.52782,2.12754,503.97,-0.854069,-1.75951,-0.804785,-0.0128349
143.549,2.67917,-2.07072,49.3766,-1.04444,3.08065,116.546,1.14858,0.955784,1.13181,-0.0128349
131.437,-1.74931,1.81115,33.2995,3.53358,2.61809,75.6493,1.56826,-1.18957,0.806935,0.0128349
124.216,2.02868,2.73883,31.7947,-1.44346,-0.824707,39.0507,1.75537,0.741302,-2.71965,-0.0128349
160.138,0.898466,-3.13265,37.9306,-2.37351,2.27114,108.433,-0.443063,0.0442653,0.87939,0.0128349
96.4379,0.922613,-1.08774,39.8964,-3.35247,0.685039,56.4499,-2.40413,1.96955,-1.77278,0.0128349
362.58,1.56023,2.40853,235.677,-1.91261,1.6937,335.141,0.829809,-0.760255,0.714826,0.0128349
176.793,0.501591,2.13677,101.266,-2.7813,-2.94315,87.4649,-0.563592,-0.363878,-1.20326,-0.0128349
329.329,2.7341,-1.5276,82.6338,-3.5325,2.58532,202.127,-0.287098,1.39297,2.17026,0.0128349
87.7306,0.962491,2.41788,49.2614,-4.10238,1.54241,79.0501,-0.0293695,0.152466,0.875471,-0.0128349
119.013,-1.43406,-0.808419,85.9901,3.3574,1.46131,56.6022,0.795866,-2.70326,2.26973,0.0128349
82.5089,-2.07315,-1.68109,32.2281,2.69991,-0.0390036,76.5794,1.76076,1.88503,1.64209,0.0128349
171.118,-2.77178,-1.97749,44.0163,2.38555,-0.473182,117.84,0.238895,1.31427,1.50431,-0.0128349
100.094,-2.55576,2.76068,65.6901,2.19525,-2.35568,86.1509,-0.494752,-0.445149,1.16683,0.0128349
116.012,2.15985,-2.67277,52.7719,-1.89925,-0.961171,69.1209,0.96685,0.800401,-1.7116,0.0128349
143.258,-2.47161,2.84517,71.6964,1.34749,-2.16915,101.319,-0.450577,0.0108088,1.26886,0.0128349
304.232,-2.39838,-1.91293,60.2577,1.70637,2.19248,222.959,0.160685,0.864709,-2.17778,-0.0128349
173.533,1.97465,2.81155,159.839,-3.23068,-1.80505,171.533,0.641402,0.35633,-1.66658,-0.0128349
146.313,-1.47894,-3.07472,42.9684,2.61808,0.271902,96.9386,0.30871,0.154319,-2.93656,-0.0128349
153.655,3.42645,-0.364193,114.76,-1.68475,-2.18631,96.7965,-0.795652,2.24513,1.82211,0.0128349
108.321,2.51465,1.01814,39.3827,-3.6312,-2.27264,31.4942,-0.588322,-1.6755,-2.99241,0.0128349
194.716,0.243323,2.94185,54.9592,-4.4717,-0.994208,113.631,-0.553892,-0.235176,-2.34713,-0.0128349
172.443,3.06633,0.535104,160.191,-1.46518,3.1378,96.9958,2.16673,-1.75741,-2.60269,-0.0128349
121.952,-2.32365,0.228018,106.727,2.40169,2.49928,73.0989,0.638544,-2.13629,2.27126,0.0128349
141.138,2.37951,0.55535,116.523,-1.78027,-0.184725,195.222,-1.56484,-3.05593,0.740074,0.0128349
128.355,-0.794058,-0.43172,113.703,2.78185,2.12592,74.6273,0.0319583,-2.72009,2.55764,0.0128349
310.302,1.95549,2.67924,176.251,-3.2564,-2.52701,228.928,-0.19517,-0.186945,-1.07693,-0.0128349
93.7615,-0.755389,2.19158,79.126,3.01322,1.67335,91.506,1.39595,-1.28203,-0.518226,-0.0128349
103.86,2.48633,-2.28238,75.4568,-3.45857,2.15521,96.4912,-0.118835,0.000165208,1.8456,0.0128349
218.214,2.02953,0.6405,81.6111,-3.66055,0.55953,95.2498,-0.119313,-2.58701,0.0809705,0.0128349
82.1649,1.44065,1.2447,36.8922,-2.45784,-0.790795,58.7006,0.164365,-2.44795,2.0355,0.0128349
164.54,-1.68147,-0.623004,63.5187,2.086,0.806568,84.5968,0.0389468,2.41187,1.42957,0.0128349
94.9,-0.680161,1.41895,39.1602,4.48126,-0.840968,56.7568,1.24863,-1.83502,-2.25992,-0.0128349
124.082,-2.084,-0.480491,82.3881,1.3827,0.57923,142.845,1.0449,3.017,1.05972,0.0128349
180.501,-2.17021,2.42698,43.6215,1.47195,1.54679,112.005,-0.151432,-0.691131,-0.880188,-0.0128349
165.915,-1.15844,3.03285,101.582,3.51574,2.04214,82.4011,0.322426,-0.096817,-0.990717,-0.0128349
132.334,0.562803,-2.81719,64.0715,-3.76428,2.71569,228.071,-0.686771,-0.0854267,0.750309,0.0128349
91.6949,-1.66477,-3.0426,62.7069,1.50795,2.82602,121.719,0.0659701,0.398104,-0.414562,0.0128349
223.158,2.86667,2.24524,146.208,-1.59383,-2.45957,120.607,0.956144,-0.768476,-1.57838,-0.0128349
206.664,3.0009,2.716,141.204,-2.47863,0.479643,140.791,-0.308168,-1.19701,2.23635,0.0128349
126.716,1.20749,-0.281793,116.88,-2.79565,2.57968,90.8558,-1.41706,-2.47324,-2.86147,-0.0128349
136.267,-0.368951,-0.453656,119.844,3.5107,2.90431,67.9331,0.479503,1.09184,-2.92522,-0.0128349
151.432,3.03753,3.08171,30.8838,-4.35852,2.64244,124.402,-1.82252,-0.209652,0.439268,0.0128349
171.428,-2.18346,0.657912,79.9484,1.06785,-0.175161,194.018,0.457408,-2.41366,-0.833072,-0.0128349
219.559,2.75123,-1.86385,56.0309,-1.62384,-0.864459,216.186,-0.94362,1.12155,-0.999391,-0.0128349
203.393,-1.44036,2.65819,32.5428,3.29479,-2.66946,84.5821,1.65959,-0.476075,0.955534,0.0128349
343.795,-0.620819,-1.21621,76.889,2.65928,0.662705,80.8134,-0.244305,1.68156,1.87891,0.0128349
119.233,-2.75542,-0.976022,39.8348,4.18526,0.459359,119.788,1.00848,2.55005,1.43538,0.0128349
345.596,0.945169,0.28346,45.4702,-4.38429,-0.254421,245.506,-0.214769,-2.90939,0.537881,0.0128349
177.765,-2.97106,2.18709,80.6106,1.46655,1.25766,167.081,-1.42854,-1.14988,-0.92943,-0.0128349
179.18,-2.22558,-0.922408,32.5641,3.06177,-2.04486,228.78,0.71733,2.22935,-1.12245,-0.0128349
134.173,-1.1667,2.20239,72.2172,3.27174,2.97056,130.543,2.06307,-0.530615,0.76817,0.0128349
87.5495,-3.62039,0.222111,79.5154,1.01929,-1.97185,33.475,-1.82772,2.3788,-2.19396,-0.0128349
370.968,0.855102,-0.320354,218.769,-2.23956,1.87131,114.918,0.286046,3.01224,-2.19166,-0.0128349
75.2916,-0.705782,1.69955,59.8183,3.57049,0.829015,74.048,0.272788,-2.52744,-0.870536,-0.0128349
76.517,3.76066,2.20199,61.441,-3.14038,-2.63384,49.7991,-0.158099,-0.341819,-1.44736,-0.0128349
193.776,2.87386,-0.724941,86.6373,-1.05054,0.925273,215.676,0.542728,2.71604,-1.65021,-0.0128349
237.711,1.31209,0.222038,66.5555,-2.69408,2.22517,147.486,0.256211,-2.23201,-2.00314,-0.0128349
140.374,-0.998262,0.586023,65.7947,3.13854,-1.15032,92.8851,1.51671,-2.97497,-1.73634,-0.0128349
253.218,-1.93129,-0.311591,33.619,4.77533,-2.01216,93.2621,-0.260999,2.76298,-1.70057,-0.0128349
110.705,-1.31614,-2.65057,37.6046,3.62927,2.57251,60.1003,1.31514,-0.0439346,-1.0601,-0.0128349
204.515,1.9141,-1.98054,51.2167,-3.64869,-2.14329,154.276,-0.668867,1.08384,0.162746,0.0128349
170.469,-2.66377,-0.564607,67.9788,1.03885,0.596699,163.635,0.137352,2.72694,1.16131,0.0128349
337.868,-1.86004,0.665651,135.345,2.41447,0.191586,144.423,0.229676,-2.74735,-0.474065,-0.0128349
147.794,1.31124,0.477902,59.8841,-3.21769,-1.57117,134.352,0.441483,2.75114,2.04907,0.0128349
390.335,2.68829,-0.122393,213.486,-0.747944,0.739636,460.565,0.949144,-2.90326,-0.862029,-0.0128349
186.331,-1.73866,0.460301,129.865,3.47775,2.40384,235.527,-0.701831,-1.87397,1.94354,0.0128349
261.299,1.05231,2.17265,105.438,-2.79498,2.5655,184.391,0.00732847,-0.699201,-0.392849,-0.0128349
151.168,3.10184,0.576829,133.242,-1.62395,-1.02976,108.211,0.0133781,2.77884,1.60659,0.0128349
205.69,-2.13407,0.673364,57.6356,2.52783,-0.730711,166.854,2.16773,-2.57618,-1.40408,-0.0128349
71.6926,-2.26696,1.79091,46.9261,4.02305,0.487971,47.0618,-0.698126,-1.52345,-1.30294,-0.0128349
219.432,2.307,-0.502505,75.7225,-3.72232,1.24303,222.577,-0.0368675,-2.89791,-1.74554,-0.0128349
185.634,1.04398,2.02909,36.1804,-3.95689,2.67735,174.47,-1.07409,-1.04778,-0.64826,-0.0128349
127.548,-2.6881,0.63494,37.1945,3.80633,1.3222,81.6343,-0.259115,-2.49531,0.687265,0.0128349
126.582,1.32363,-2.29432,81.8561,-2.0387,-2.95968,93.951,-0.595484,0.622511,0.665353,0.0128349
177.291,-2.00677,0.79596,103.788,2.72543,-2.8528,111.392,0.235303,-1.09193,2.63442,0.0128349
123.866,-0.7998,-1.32379,75.0216,2.93354,1.73155,42.8487,-0.29489,-2.75297,3.05533,0.0128349
132.371,2.74506,1.81187,79.0102,-0.554868,0.37777,163.849,0.494875,-1.98588,1.43409,0.0128349
236.78,-1.88556,-0.0198298,153.753,1.5123,2.56076,312.182,-0.64488,-2.44049,2.58059,0.0128349
78.3904,-2.3987,0.631559,77.5542,1.38853,2.80434,75.2779,0.781358,-1.7684,2.17278,0.0128349
106.195,-3.15729,-0.75288,57.152,1.20231,2.72341,44.5668,-1.17639,1.45453,-2.8069,-0.0128349
172.951,-2.92175,0.197192,78.1185,3.06022,-1.80424,77.654,-1.87981,2.88489,-2.00144,-0.0128349
104.13,3.1914,-2.46146,82.9821,-0.548291,-1.05256,77.5386,1.32218,1.74015,-1.4089,-0.0128349
89.0558,-2.60856,2.16541,39.5079,4.77128,-2.27047,65.3821,-0.670157,-0.518093,1.84731,0.0128349
75.5351,2.58488,1.42785,69.0311,-2.50271,-0.455514,63.2799,2.57518,-2.26722,1.88336,0.0128349
122.869,2.48609,-2.66764,50.6393,-2.65647,2.02448,88.1542,-1.91618,-0.271243,1.59107,0.0128349
235.807,2.84424,2.92548,78.251,-1.92976,0.0560965,76.5411,-0.0848221,-0.398441,2.86939,0.0128349
113.789,2.55193,-1.93204,100.736,-2.57672,-2.93936,122.486,2.23178,0.672839,1.00733,0.0128349
227.403,-1.46906,-1.2278,60.8074,3.07164,-0.943128,174.606,1.25382,1.98049,0.28467,0.0128349
258.455,-2.67416,0.0638985,223.176,2.72474,1.96594,173.668,-0.0609972,-1.91933,1.90204,0.0128349
151.015,-2.17767,-1.80833,82.0723,3.55894,1.76923,51.7275,0.25949,1.4418,-2.70562,-0.0128349
157.152,2.49255,1.52126,134.164,-2.17449,2.78122,179.801,-0.154065,-0.89495,-1.25996,-0.0128349
242.937,-2.59404,-1.84173,40.0616,1.24215,0.562435,133.425,1.0695,1.74082,2.40417,0.0128349
93.1249,2.33359,0.00059556,64.5427,-1.86442,-1.11534,99.8306,-0.11374,2.62824,1.11594,0.0128349
396.49,1.09924,-2.64394,89.2805,-2.51333,0.720086,204.367,-0.105188,0.412274,2.91915,0.0128349
247.328,-2.31199,-2.86034,132.261,2.20881,1.81879,170.535,-1.55785,-0.319901,-1.60406,-0.0128349
189.005,1.08809,1.38079,63.8738,-2.32349,2.94043,112.249,-1.85813,-1.84572,-1.55964,-0.0128349
108.58,-1.28839,-0.737833,44.3341,3.31112,-1.73991,71.4876,1.01762,2.34555,-1.00207,-0.0128349
160.46,1.72459,1.50973,137.029,-3.15301,1.12801,140.593,-0.601736,-1.75314,0.381718,0.0128349
105.858,1.86498,0.626838,62.675,-3.08367,1.26688,130.618,1.63149,-2.18232,-0.640043,-0.0128349
246.855,2.9042,-0.864592,79.9002,-1.94328,0.540761,68.626,0.158234,2.66428,-1.40535,-0.0128349
174.839,-0.350771,1.44518,88.9703,2.9745,0.139683,141.859,0.767376,-2.14003,-1.3055,-0.0128349
61.7163,0.375155,2.30949,45.9382,-3.59772,1.51017,50.5992,-2.23183,-1.02191,0.79932,-0.0128349
124.913,1.24339,0.839946,36.5518,-3.73798,2.13453,59.7996,-1.64939,-2.38457,-1.29459,-0.0128349
163.303,-1.01972,2.84525,119.257,2.83114,1.27251,129.858,1.31486,-1.66379,-1.57274,-0.0128349
92.1623,-2.695,-1.31195,63.3327,2.70034,2.77668,41.5112,1.24875,1.26475,-2.19456,-0.0128349
64.9857,-2.15322,0.141388,44.3169,1.60222,-2.4704,34.3621,-1.52986,2.30911,-2.61179,-0.0128349
119.758,-1.51427,2.37465,106.377,1.5792,1.78913,87.8009,0.715783,-0.965427,-0.585524,0.0128349
88.8461,-2.12788,-1.23548,52.0289,2.78804,-2.35202,74.4162,0.517062,1.70376,-1.11655,-0.0128349
210.25,3.07153,-0.542269,179.668,-3.26141,2.58482,150.947,1.33596,-3.01436,-3.12709,-0.0128349
72.5028,-2.70876,-1.53396,62.487,2.20681,-0.707991,38.7603,0.7192,2.56735,0.825972,0.0128349
83.2104,-2.27497,1.83134,75.2392,3.15628,1.30488,130.198,1.26749,-1.41468,-0.526457,-0.0128349
696.405,1.51133,-2.73599,42.8913,-1.64095,-0.96733,473.81,0.150532,0.609942,-1.76866,-0.0128349
125.938,2.12039,-1.88375,64.5289,-1.849,0.576548,72.4485,1.29497,1.2534,-2.4603,-0.0128349
167.152,2.54611,-0.668833,105.318,-2.98333,0.827693,152.107,-1.54104,3.10981,-1.49653,-0.0128349
121.761,2.5001,1.95668,108.822,-3.72827,-0.783392,67.2699,-0.186645,-2.52844,2.74007,0.0128349
163.595,1.45361,-1.13548,101.95,-3.62665,0.884243,92.7604,1.10528,1.68161,-2.01973,-0.0128349
103.686,-3.22691,-1.14157,69.8188,1.7469,3.13509,46.8866,1.46313,1.08464,-2.00652,-0.0128349
85.2142,2.32645,2.30434,67.5911,-2.92823,-2.57441,50.1097,-0.669529,-0.599548,-1.40443,-0.0128349
177.465,0.640467,0.122444,54.2883,-2.63233,1.91391,102.718,0.122621,-2.86639,-1.79147,-0.0128349
113.529,2.1112,-1.9701,85.7336,-1.26342,-1.95486,121.764,1.21866,1.09076,-0.0152351,-0.0128349
314.458,2.26905,0.40205,46.7545,-2.16792,1.32277,145.446,0.23558,-2.55419,-0.920722,0.0128349
233.06,1.39453,-1.1867,96.9619,-1.72174,0.890174,132.831,-1.20555,2.4471,-2.07687,-0.0128349
204.559,2.59027,-1.96783,148.399,-2.21754,-2.93186,323.54,0.40926,0.907509,0.964027,0.0128349
227.57,-1.4249,0.27738,45.819,4.65294,2.46753,172.476,-0.689574,-2.76481,2.19015,0.0128349
134.148,2.42478,-0.990777,124.804,-0.634409,0.746536,88.9051,0.204878,3.00725,-1.73731,-0.0128349
77.8011,2.65142,2.59961,47.3202,-4.15942,-1.15853,68.3664,0.528268,-2.6145,-2.52505,0.0128349
111.319,3.19845,2.59958,57.4808,-1.56532,-2.4166,58.223,1.34049,-0.0645236,-1.26701,-0.0128349
230.68,1.1215,-2.72071,91.3241,-2.81384,2.22677,167.036,-0.295668,0.0128796,1.3357,0.0128349
305.346,-0.805812,1.02825,125.028,2.82351,-0.737636,242.675,-0.117001,-2.51339,-1.76589,-0.0128349
144.519,2.68035,0.675943,138.562,-3.8134,2.07947,226.669,-1.74119,-1.43923,-1.40352,-0.0128349
143.12,-2.46556,-0.137056,60.4507,3.47551,-0.763006,117.549,0.617359,3.05725,-0.62595,-0.0128349
343.308,-2.54099,-3.03884,69.5075,2.18448,2.54993,196.531,-1.25453,-0.0571687,-0.694412,-0.0128349
116.267,2.1356,-1.78265,106.949,-2.1268,2.52441,41.9599,1.26522,0.248923,1.97613,0.0128349
89.4707,1.86969,-2.47967,36.1013,-3.65993,2.76581,53.9948,-0.871662,0.216329,1.03771,0.0128349
226.113,1.92795,-2.54404,132.768,-1.14571,-0.923079,167.151,-0.00530699,1.13313,-1.62096,-0.0128349
146.052,-0.52568,1.99591,117.232,2.49653,-2.5888,116.259,1.48557,-0.344922,1.69848,0.0128349
110.347,2.3355,-2.68793,45.2042,-1.74003,-0.206926,68.5033,2.26009,0.592279,-2.481,-0.0128349
208.017,-1.0128,-1.76335,62.1431,3.88229,2.55441,72.4961,1.34543,1.24062,-1.96543,-0.0128349
98.2777,2.90404,-0.151953,82.2792,-3.84962,-1.30925,49.6147,-1.23409,1.76002,1.15729,0.0128349
229.619,-2.56057,-2.86173,166.541,1.97664,-2.784,338.523,-0.863126,0.189375,0.0777254,0.0128349
139.647,-2.18357,-0.657792,65.8077,2.60496,0.73611,94.8581,1.35974,2.8168,1.3939,0.0128349
103.079,-2.55796,-1.1744,84.6689,0.474209,-0.0399877,91.12,-2.26101,2.74767,1.13441,0.0128349
75.5401,2.92607,-1.24279,50.1252,-2.28081,-0.461234,75.5855,-1.71384,1.97142,-0.78156,-0.0128349
116.746,-2.00401,1.47685,100.46,1.96855,2.20964,123.601,-0.339877,-1.21386,0.732795,0.0128349
70.2104,-2.75303,2.75259,55.5588,2.42796,-1.37801,51.1501,-1.49311,0.417088,2.15259,0.0128349
344.456,-2.70854,0.846243,33.8232,1.84153,-1.32215,157.443,0.426169,-2.34989,-2.16839,-0.0128349
347.796,2.70343,-1.57315,189.484,-0.468574,-0.862328,270.611,1.78819,1.64303,-0.710819,-0.0128349
221.728,-1.63991,0.389602,32.2636,3.90188,-1.21032,192.039,0.521346,-2.90211,-1.59992,0.0128349
152.158,0.133864,1.1588,43.592,-4.04762,2.28653,93.1126,-1.38634,-1.26695,-1.12772,-0.0128349
134.674,2.48608,0.106131,66.0402,-2.48961,-1.05667,68.9077,-0.0770988,2.44978,1.1628,0.0128349
271.975,-1.61179,-2.12984,152.794,2.697,-0.412239,126.51,1.34744,1.75552,1.7176,0.0128349
112.749,-1.57019,-2.91221,93.4176,1.99186,-2.34331,187.124,0.910477,0.458246,0.568903,0.0128349
217.672,0.945368,0.779235,177.204,-2.46303,-0.287098,159.156,-0.0679275,-2.71707,1.06633,0.0128349
65.9243,0.57569,1.7895,46.8861,-4.03553,2.06231,76.8628,-1.55914,-1.30732,-0.272811,-0.0128349
225.531,-2.45341,-0.242544,55.5971,1.91076,0.490761,204.129,-1.07936,3.02838,0.733305,0.0128349
87.9397,2.38855,0.212999,45.9449,-2.8267,1.95182,57.9158,1.26964,-2.12535,-1.73883,-0.0128349
345.078,0.231408,-0.599987,123.116,-3.38324,1.86637,106.789,-0.741936,2.95985,-2.46636,-0.0128349
153.288,-2.40975,2.0822,67.6647,3.28274,-2.47521,51.908,2.49901,0.354808,1.72577,-0.0128349
140.458,-0.403749,0.278775,69.2723,3.00724,1.34772,131.184,2.30231,-2.71195,1.06894,0.0128349
85.6272,-2.23357,2.01855,60.2703,3.22974,-2.59808,78.0222,1.99165,0.227015,1.66656,0.0128349
405.274,-1.54737,0.900816,140.685,2.55388,2.04809,389.067,0.151312,-1.91931,1.14727,0.0128349
111.476,-1.78207,1.13419,89.4825,2.06149,2.80001,107.968,-0.19659,-1.07802,1.66583,0.0128349
94.5271,2.77308,-0.22525,65.4627,-0.933985,-0.562491,42.7254,-0.0247794,-3.04916,0.337241,-0.0128349
113.947,1.64771,-2.88177,51.2514,-2.50552,1.77779,92.5615,0.252979,0.0120521,1.62362,0.0128349
197.826,-0.302617,-1.1412,74.0837,3.62314,3.06841,153.388,1.28782,1.77242,-2.07358,-0.0128349
339.467,-2.26533,1.47226,140.96,2.16171,-0.990109,149.989,0.623565,-1.33234,-2.46237,0.0128349
212.207,2.68005,1.61454,126.885,-3.05484,-0.333773,128.747,0.792107,-2.26912,1.94831,0.0128349
102.652,-2.7335,0.231946,76.5498,2.99261,1.5664,153.01,0.387924,-1.95504,1.33446,0.0128349
211.161,2.52495,-2.5562,46.3166,-3.01614,2.38057,76.0581,1.90712,0.262244,1.34641,0.0128349
166.948,2.16815,-0.606644,51.494,-1.15466,-2.18945,80.6878,0.250649,2.60257,1.5828,0.0128349
190.433,-2.73314,1.42371,143.685,2.902,2.6873,213.439,0.293779,-1.24957,1.2636,0.0128349
158.401,-2.58658,1.88659,86.8207,1.01386,1.32302,100.771,0.57898,-1.65939,-0.563569,-0.0128349
214.489,2.25047,-0.969507,33.6011,-3.31831,-1.52318,75.0601,-1.4171,1.98683,0.553675,0.0128349
96.9827,2.82252,1.5139,60.9122,-2.32783,2.60467,73.9473,1.84748,-1.21486,-1.09077,-0.0128349
140.628,2.05952,0.308503,112.748,-2.67986,1.92821,112.559,0.371673,-1.88004,-1.61971,-0.0128349
308.654,2.78967,-1.44776,266.056,-2.47284,0.30875,342.833,-1.64242,2.40211,-1.75651,-0.0128349
94.9088,-1.92406,0.764501,39.3529,3.26795,-3.07514,34.2557,0.255841,-2.30366,2.44355,0.0128349
360.98,-0.578388,-2.04491,105.497,3.96673,2.98593,256.999,0.561882,0.831506,-1.25235,-0.0128349
248.057,-1.95044,2.65154,47.8077,2.33382,0.338638,69.4114,0.387122,-0.415873,-2.31291,-0.0128349
391.053,-0.725365,2.67702,229.752,3.74633,-1.93134,311.673,0.263157,0.264449,1.67482,0.0128349
180.697,2.43808,-2.71499,133.883,-3.47437,1.58761,186.684,-0.666071,-0.583992,1.98058,0.0128349
192.468,2.7599,-1.61454,106.847,-2.98404,-0.426926,177.003,0.400962,1.9934,-1.18761,-0.0128349
164.912,-1.50248,-0.869964,66.3775,3.27413,0.921771,96.7168,-0.744053,2.7949,1.79174,0.0128349
100.59,-1.45392,-0.977335,56.6473,2.28538,0.546357,136.24,0.719763,2.6136,1.52369,0.0128349
116.7,2.01254,1.04654,104,-3.49334,-1.56903,94.7066,-1.82787,1.44366,2.61557,-0.0128349
178.054,1.30888,2.64637,56.8342,-1.72855,-0.804132,72.4629,0.993554,-0.350818,-2.83268,-0.0128349
110.184,-2.68797,0.162247,76.0426,2.60798,-2.16698,40.1002,1.84415,2.69752,-2.32923,-0.0128349
138.74,-1.86535,1.96023,53.2001,2.98343,2.84375,78.0554,0.715829,-0.665332,0.883519,0.0128349
109.159,2.90546,1.6041,33.6207,-2.34173,-1.00885,59.4732,2.36485,-1.49717,2.61295,0.0128349
59.2744,1.73613,1.66848,39.4138,-2.60488,0.0927425,81.3266,-1.46861,-2.29369,1.57573,0.0128349
111.478,-2.09082,2.08107,95.5864,2.28754,0.317859,96.6763,-0.954761,-1.47061,-1.76321,-0.0128349
62.5742,-3.16627,0.369174,58.8445,0.863995,0.481348,44.4354,-1.289,-2.97877,0.112174,0.0128349
130.398,-2.16319,-0.725311,49.9139,2.15492,1.19314,54.1614,2.01262,2.801,1.91845,0.0128349
107.505,1.87174,-2.03421,44.2135,-3.47543,-1.59173,79.6402,-1.97159,1.00327,-0.442484,-0.0128349
108.335,-1.8949,0.0294966,103.303,1.52815,-0.964018,145.078,0.463855,2.74907,-0.993514,-0.0128349
155.011,2.63795,1.83058,149.742,-2.57007,2.98634,88.3568,-0.151871,-0.601846,-1.15577,-0.0128349
177.773,2.48862,1.96163,78.2814,-0.93182,2.44703,165.192,1.40925,-0.769968,-0.485399,-0.0128349
68.2627,-1.34754,-1.07243,66.3736,2.19957,-0.75716,71.2876,0.741122,2.21622,0.315265,0.0128349
254.788,-2.41585,0.537358,147.234,0.781306,-0.83813,294.076,0.0464529,3.11523,-1.37549,-0.0128349
82.5823,1.7611,2.25955,52.9815,-3.78744,0.333892,36.802,-0.124215,-0.937363,1.92566,0.0128349
120.468,-0.175488,-2.77275,97.7439,3.63849,2.75231,162.98,0.643317,0.0301891,-0.758124,-0.0128349
116.979,-2.96996,2.65629,79.8439,2.24127,-0.866241,55.3436,-0.364086,-0.175837,2.76065,0.0128349
115.302,3.11742,0.341417,64.9951,-0.93818,1.47994,164.806,0.145059,-2.42269,-1.13852,-0.0128349
282.273,2.5942,-2.88311,106.247,-0.975894,-1.81834,164.688,1.10902,0.878768,-1.06477,-0.0128349
100.682,-2.46255,2.16864,60.6674,0.920367,-3.03581,48.9295,-1.81827,-0.44197,1.07873,0.0128349
286.278,1.59549,-0.0318189,76.8862,-2.61017,-2.28777,186.603,-0.481386,2.89803,2.25595,0.0128349
76.2849,-2.34856,-1.66688,50.3989,1.99002,2.76008,47.0763,2.36904,0.00201265,-1.85623,-0.0128349
319.035,-2.2278,2.19428,58.2604,1.61212,-2.79906,357.188,-0.0229801,-0.913679,1.28985,0.0128349
254.313,-2.02463,-2.69817,59.7585,3.66698,2.32097,130.514,-0.873041,0.391504,-1.26404,-0.0128349
243.649,-1.93559,-2.21688,193.102,2.64445,2.20279,227.225,0.886391,0.191369,-1.86352,-0.0128349
257.495,0.0749002,3.07824,98.6061,-3.39764,-1.83756,182.676,-0.515814,0.418436,-1.36739,-0.0128349
91.0879,-0.56416,-2.52891,54.9917,3.09575,-0.498369,67.1361,2.13365,1.38442,2.03054,-0.0128349
473.69,-2.21245,-0.421778,454.109,1.03422,2.30059,400.504,-0.0433419,-2.11233,2.72236,0.0128349
191.796,2.51854,-0.919546,135.187,-2.59941,1.31043,83.7036,1.87996,2.87946,-2.22997,-0.0128349
98.648,-2.03317,2.41506,97.5512,2.94626,2.60198,72.4898,-0.92891,-0.970637,0.186919,0.0128349
223.305,0.674684,1.15218,78.4675,-2.79256,0.182313,145.886,-1.13615,-2.0924,0.969864,0.0128349
209.76,-1.24758,-2.34561,183.105,3.25771,2.58168,147.177,0.412283,0.115044,-1.3559,-0.0128349
156.765,2.26726,-2.39533,154.281,-2.69229,-0.336694,178.495,1.0698,1.59148,-2.05864,-0.0128349
139.187,1.5551,0.522591,55.5656,-3.21968,-1.00941,144.337,-0.593561,-2.75315,1.532,0.0128349
122.017,1.94829,0.492074,82.5199,-2.36683,1.75389,94.6742,0.0537636,-2.42941,-1.26181,-0.0128349
300.43,-2.72968,0.520824,137.12,2.58923,-0.874046,249.972,0.00658305,-3.10229,-1.39487,-0.0128349
220.755,2.52258,-3.07409,190.756,-1.39081,0.848048,102.596,1.01805,-0.855735,2.36105,0.0128349
90.8065,-2.67579,2.15998,34.605,3.22407,0.753291,25.6971,-0.522502,-2.15547,-1.40669,-0.0128349
163.361,1.3008,2.87644,50.9463,-1.9194,-0.0233728,67.2399,-0.716927,-0.863871,2.89981,0.0128349
281.518,2.05839,0.848068,69.5269,-2.6295,-1.98479,105.675,-0.152932,-2.41636,2.83286,0.0128349
268.104,-0.326614,-0.710617,44.2415,3.03834,0.327112,215.463,1.56808,2.50812,1.03773,0.0128349
235.883,0.705876,2.91815,90.743,-2.42463,1.97931,254.331,-1.19362,-0.523624,0.938841,0.0128349
64.6468,1.49675,1.17237,57.4815,-2.60352,2.08842,57.3277,-0.791417,-1.77857,-0.916041,-0.0128349
123.235,2.1107,-0.465805,86.3187,-3.11229,-1.99703,86.6695,0.0226872,1.70078,1.53123,0.0128349
97.1284,0.834128,-0.826854,96.1907,-3.03287,-2.18876,96.3918,-0.0493289,2.34496,1.36191,0.0128349
123.097,-1.32321,-0.498561,70.5988,1.87002,-0.409334,56.9499,0.680756,-2.49669,0.0892277,-0.0128349
217.917,2.70055,1.19925,74.0622,-0.873703,2.35801,264.816,0.69015,-1.72836,-1.15876,-0.0128349
94.5968,-2.15077,-1.51579,93.7555,2.09646,-0.267955,63.0116,-0.156262,2.17585,1.24783,0.0128349
69.4091,-1.87341,-0.818355,33.1288,3.14885,0.956939,54.1238,-0.686487,2.76238,1.77529,0.0128349
268.037,-1.37529,2.82072,52.3797,2.2355,0.580807,138.831,-1.32961,-0.546557,-2.23991,-0.0128349
130.561,-0.00131566,-0.959756,75.4486,3.01585,1.16029,38.74,0.791064,2.79342,2.12004,0.0128349
73.1461,1.27562,1.82717,34.5758,-4.44882,1.47254,37.7788,-2.05106,-1.61904,0.354628,0.0128349
123.841,-2.86101,-1.63911,47.078,2.907,-3.02177,97.9938,-2.22322,1.13956,-1.38265,-0.0128349
170.136,-2.02597,1.18138,147.107,2.56447,2.53569,100.363,-1.39591,-1.26152,1.35432,0.0128349
162.197,-2.39515,2.8753,159.65,1.51668,-2.48634,99.431,0.699074,0.349584,0.921541,0.0128349
130.416,-1.67183,2.60708,108.178,2.43857,-1.86182,54.4153,2.23225,0.665459,1.81429,0.0128349
125.22,1.48704,-0.669654,70.8097,-3.58158,-1.64663,90.1668,0.0300215,2.09367,0.976978,0.0128349
111.034,2.48386,-2.54241,85.7899,-2.37201,-1.79953,113.459,-0.733825,1.10555,-0.742883,-0.0128349
145.642,3.07882,1.4821,69.6793,-3.40686,-1.03989,92.9814,1.55893,-2.01028,2.52199,0.0128349
109.682,2.24369,0.847527,78.504,-1.88912,-3.08041,26.6718,-0.39581,-2.45505,-2.35525,-0.0128349
346.966,1.75337,1.50037,54.2372,-4.58467,-1.17038,204.957,1.02075,-1.75966,2.67075,0.0128349
280.66,1.89099,-1.09364,105.106,-1.33662,2.37579,128.303,0.971285,1.7574,2.81375,0.0128349
122.443,-2.57641,2.35327,66.0059,3.43737,1.58029,82.2834,0.435418,-0.695087,-0.772976,-0.0128349
194.326,-2.55707,1.14755,120.383,1.33547,-1.47639,101.162,1.02066,-2.23829,-2.62395,-0.0128349
168.083,-1.59853,1.13077,57.5645,3.04409,0.153176,78.3599,0.611556,-2.52344,-0.977591,-0.0128349
145.632,0.898747,-0.275827,86.4637,-3.15456,1.5454,128.142,-0.12703,3.03856,-1.82122,-0.0128349
107.437,4.39144,-2.55349,81.0074,-0.593153,-2.05014,68.9797,0.588129,1.39479,-0.503355,-0.0128349
312.563,1.55409,2.77561,56.6687,-2.47992,-1.55709,123.804,-1.19526,-0.12892,-1.95049,-0.0128349
334.754,-1.77461,-0.265874,135.648,1.69711,2.37724,132.365,0.952755,-2.7762,2.64311,0.0128349
343.618,-1.78769,-0.709045,263.921,2.37312,-2.03768,212.426,-0.0893982,1.47413,-1.32863,-0.0128349
148.938,3.15976,1.61866,59.9068,-1.56275,2.34322,156.5,-0.830009,-1.38995,-0.72456,-0.0128349
93.2282,1.15219,-0.105588,73.3744,-4.01349,1.40511,67.8978,-0.900733,-2.9671,-1.5107,-0.0128349
183.308,0.535865,-0.339178,32.9849,-2.7061,1.76169,72.264,-0.482075,2.98516,-2.10087,-0.0128349
195.45,-1.23987,1.20535,72.5026,3.55041,0.0304457,104.229,0.309747,-2.13988,-1.1749,-0.0128349
97.214,-3.37843,-2.67164,63.34,3.89618,3.00896,53.284,-1.87051,0.346843,-0.602584,-0.0128349
56.4527,2.79868,0.840332,39.8959,-3.1204,2.21745,36.8237,-0.38243,-1.94184,-1.37711,-0.0128349
141.889,1.96122,-0.913256,114.935,-2.70407,0.243605,197.086,0.868646,2.52186,-1.15686,-0.0128349
70.136,-2.95469,0.227088,69.6022,2.32037,-2.35776,68.5786,-1.23592,1.74143,-2.58485,-0.0128349
148.654,-2.07665,0.575634,35.3743,2.08338,-1.64695,86.8179,0.570551,-2.42939,-2.22258,-0.0128349
172.986,3.13733,0.250845,42.926,-2.96246,-1.05281,59.6301,0.398322,-3.08851,1.30365,0.0128349
261.372,-0.731045,-1.87354,117.259,2.72936,-0.469089,185.318,0.0687455,1.38589,1.40446,0.0128349
328.447,0.859174,1.26697,47.882,-2.99178,3.08161,268.73,-0.0399559,-1.88092,-1.81464,-0.0128349
155.011,2.86645,-0.101049,87.9345,-0.154715,-1.29165,182.496,1.26032,2.76055,1.1906,0.0128349
91.4182,1.27667,0.816494,84.6507,-2.0455,-2.96679,50.0666,-1.41765,-1.70922,-2.4999,-0.0128349
163.243,-2.14753,-0.763871,61.6254,1.97561,-2.06494,81.1717,-1.38882,2.18164,-1.30107,-0.0128349
109.324,1.44134,0.951968,105.564,-2.2269,-0.723965,101.847,-0.372154,-2.96162,1.67593,0.0128349
179.99,-2.2386,-0.556647,125.625,3.55727,-2.6777,47.7356,0.610944,2.23569,-2.12105,-0.0128349
161.155,-0.74327,-2.59032,63.8041,2.5475,1.99434,130.139,1.52821,-0.177127,-1.69852,-0.0128349
172.642,-2.11497,-2.33374,83.7667,3.33352,1.8773,69.2383,-0.197121,-0.00271991,-2.07215,-0.0128349
69.755,-3.38575,-1.89938,67.1655,0.695179,-1.24929,63.8773,0.410401,1.95711,0.650091,0.0128349
133.773,-2.06697,0.0933746,100.454,1.07115,-1.54011,148.649,-0.694985,2.36007,-1.63349,-0.0128349
135.452,-2.68828,1.82104,84.3869,1.32452,-1.88349,42.1998,-0.822912,-0.516669,2.57866,0.0128349
126.469,-2.30451,0.253608,54.9009,3.18027,2.27083,86.1672,-0.41643,-2.5003,2.01722,0.0128349
254.461,-2.08062,-0.499536,62.2983,1.73755,2.32214,166.894,-0.295062,2.80358,2.82167,0.0128349
130.347,0.856551,-2.68155,97.5936,-2.22027,-1.83739,57.0765,-1.43274,0.707855,-0.844161,-0.0128349
107.499,0.707734,-1.501,66.8883,-3.50906,2.64776,60.4726,-1.2076,0.84196,2.13442,0.0128349
139.81,0.687576,1.17163,61.4985,-2.48826,-1.07993,105.018,-0.406696,-2.5505,2.25155,0.0128349
275.425,1.26155,0.386733,84.0532,-4.31433,0.98151,308.886,0.412202,-2.72637,-0.594777,-0.0128349
156.162,-2.45095,2.18381,145.497,3.24019,-0.649021,100.138,-1.0211,-3.03831,-2.83283,-0.0128349
354.229,-1.45552,-1.69008,42.7481,3.9639,-2.32806,201.182,-0.534231,1.30841,-0.637977,-0.0128349
107.798,3.31276,-2.16761,32.3541,-0.976159,-1.23057,83.5143,1.35149,1.41514,-0.937042,-0.0128349
258.615,0.455648,-2.07722,89.8824,-3.23387,0.0844541,93.5918,-2.25165,1.89626,-2.16168,-0.0128349
127.182,-2.17109,1.26919,122.748,2.01035,1.36174,104.812,0.393886,-1.88655,0.0925474,-0.0128349
408.737,2.37781,2.94163,87.7837,-1.23449,1.61699,295.086,0.801477,-0.378628,1.32464,0.0128349
179.573,-2.00035,-1.11843,63.5185,4.07717,2.96022,82.2852,-0.862756,2.00475,-2.20453,-0.0128349
254.708,-2.41248,-1.6674,145.574,3.07977,2.3159,123.878,0.517888,0.779547,-2.29988,-0.0128349
154.299,-1.81739,2.98373,51.2808,1.95571,1.17604,144.003,-0.216554,-0.732597,-1.80769,-0.0128349
257.156,2.50173,-0.961855,174.199,-1.49918,0.637172,283.954,0.83011,2.81961,-1.59903,-0.0128349
345.994,0.546664,1.17633,106.162,-2.94514,-2.09199,118.391,-0.730136,-2.14733,-3.01487,-0.0128349
331.68,-0.486404,-0.628913,85.6467,3.96076,-3.01983,176.237,1.27416,2.10103,-2.39091,-0.0128349
222.187,0.417493,0.0468361,174.787,-3.41096,-1.6168,139.492,-0.678118,2.60668,1.66364,0.0128349
124.144,3.55641,3.12876,94.6714,-1.47556,-0.532224,70.0237,1.66251,2.13732,-2.6222,0.0128349
113.351,-2.77207,0.363926,50.0936,2.35524,2.29248,42.4278,-0.277743,-2.70129,1.92855,-0.0128349
166.998,0.999775,-1.95626,45.6268,-3.53467,2.53965,54.3207,-2.27242,0.795424,1.78727,0.0128349
67.36,-4.12016,2.1835,64.2867,0.624435,0.615868,54.7885,-1.9309,-1.56856,-1.56763,-0.0128349
97.5846,1.74614,-0.215818,86.2018,-3.93601,2.11964,43.5369,-2.78953,-2.53362,-2.33546,-0.0128349
179.951,-2.83842,0.204537,108.386,2.26497,-1.40402,150.166,-0.307375,2.90048,-1.60856,-0.0128349
129.237,-2.09152,1.55541,109.645,2.41928,3.11213,126.686,-1.76658,-1.31632,1.55672,0.0128349
330.031,2.20971,-1.69544,80.3549,-2.06348,-0.989883,270.891,-0.0114178,1.60258,-0.70556,-0.0128349
227.009,-2.03603,1.9147,51.8009,4.15325,3.03845,132.066,0.601717,-1.07724,1.12374,0.0128349
156.6,-2.23669,2.99329,74.0544,2.59234,1.37716,142.755,1.78888,-0.751345,-1.61613,-0.0128349
100.76,-2.05479,2.04272,83.5326,1.92018,1.15272,125.044,0.598253,-1.5001,-0.890003,-0.0128349
146.467,-2.19318,-1.96996,50.1083,3.17592,2.46049,73.8047,-0.649209,0.83,-1.85273,-0.0128349
270.246,-1.97033,-2.52786,244.317,1.26489,-0.0259034,128.169,0.336143,1.43599,2.50195,0.0128349
145.787,2.69167,-2.7464,88.2943,-1.18301,-0.9762,87.9582,2.3661,0.571334,-1.7702,-0.0128349
75.0139,-3.14859,0.775479,32.4087,2.89949,-0.128406,72.2749,-0.20491,2.85367,-0.903885,-0.0128349
233.161,2.32652,2.50292,34.7384,-3.2344,-1.62185,94.1596,-0.465056,-0.461215,-2.15842,-0.0128349
67.1818,3.47757,1.77846,46.8718,-0.579719,0.69197,42.0338,2.37803,-1.02535,1.08649,0.0128349
55.1043,-1.56884,-0.874109,44.0748,3.80516,-1.98323,53.3704,2.73172,0.978712,-1.10912,-0.0128349
98.1152,2.18911,-2.1512,43.4095,-3.1049,2.17477,33.2506,-1.7687,0.551974,1.95722,0.0128349
238.822,-1.30482,2.8928,65.6028,1.75936,-2.18735,221.572,0.935732,-0.158459,1.20303,0.0128349
110.802,-1.30404,-2.81833,43.8847,3.14966,-1.86173,104.264,0.407323,0.679348,0.956601,0.0128349
299.036,-1.1717,-0.553441,129.473,2.45121,0.363369,176.569,-0.234812,2.95171,0.91681,0.0128349
96.6663,2.28154,1.32761,96.4089,-2.46471,2.02727,209.172,0.6924,-1.61267,-0.699658,-0.0128349
223.599,2.05043,2.82996,116.275,-2.19939,1.06888,111.314,0.305478,-0.0448799,1.76108,-0.0128349
109.444,-2.88664,1.08263,94.6431,3.64795,0.462481,116.311,1.63712,-2.32436,-0.620147,-0.0128349
91.0624,-3.56371,0.953104,51.3259,0.686457,-1.75245,53.3268,-1.46573,-2.77395,-2.70555,-0.0128349
171.6,-1.56728,0.659341,128.292,1.48201,2.35857,58.5389,1.24094,-1.48031,1.69923,0.0128349
126.398,-1.43067,1.09541,92.8027,2.30684,0.505348,72.2323,1.19121,-2.73543,-0.590061,-0.0128349
175.196,-1.99844,-2.23548,105.43,1.38078,2.73279,113.038,0.460705,0.345782,-1.31491,-0.0128349
237.849,-1.11114,-1.44478,150.55,2.22492,2.6565,136.296,2.22326,1.15447,-2.1819,-0.0128349
170.486,1.83764,0.846333,66.5906,-3.42423,-2.33339,54.3626,-0.849569,-2.29044,-3.10346,0.0128349
181.804,3.03057,-0.160259,58.3876,-4.02751,2.05748,40.7684,0.452818,-2.3758,-2.21774,-0.0128349
240.698,1.37422,-1.00115,36.6788,-3.85351,-0.422221,268.951,0.453135,2.07768,-0.578927,-0.0128349
164.689,2.11908,-0.0424748,146.716,-2.58896,-2.87678,158.371,1.18629,1.95224,2.83431,0.0128349
296.402,1.97664,1.23354,149.006,-3.19136,2.51776,385.42,-0.701627,-1.19808,-1.28422,-0.0128349
269.586,0.877363,2.88548,45.0189,-3.12792,1.93944,103.58,-1.12068,-0.115899,0.946042,0.0128349
166.812,3.159,-0.582447,40.1471,-2.35284,2.73583,94.6024,1.35201,2.0593,2.96491,0.0128349
156.209,3.5531,1.24487,123.418,-2.21018,2.86644,151.805,0.67125,-1.11661,-1.62157,-0.0128349
254.008,1.55672,-2.69282,47.3688,-2.35422,1.76508,169.683,0.913432,0.266276,1.82528,0.0128349
126.217,-0.691424,2.95286,40.4585,3.44187,0.326008,51.877,2.05814,-0.0724013,-2.62685,-0.0128349
89.9769,-1.5328,-0.969517,55.4496,2.92891,0.749852,100.613,0.339882,2.96505,1.71937,0.0128349
207.582,2.44878,-0.929539,93.8303,-3.35209,-2.92662,81.3103,1.07812,1.69118,1.99708,0.0128349
285.93,-1.81581,-2.89009,76.5565,1.6702,-0.270038,171.541,0.382745,0.385481,2.62005,0.0128349
111.217,2.76221,-0.155153,56.3187,-3.62015,1.00431,93.5777,0.94654,-2.79246,-1.15946,-0.0128349
124.07,1.66292,-1.97785,74.8948,-2.19771,2.40246,55.9979,-0.973843,-0.0473806,1.90287,0.0128349
139.28,1.9308,-1.16102,83.5531,-2.26326,-2.34911,146.931,-0.855152,1.52148,1.18809,0.0128349
303.758,2.13583,-2.56812,83.8958,-1.62816,-1.45627,271.997,1.52545,0.740256,-1.11185,-0.0128349
148.331,3.08105,2.57137,103.403,-1.10986,-1.01541,124.784,2.08181,0.29499,-2.69641,-0.0128349
134.242,-2.68806,2.87352,123.676,1.82525,1.19685,162.75,-1.64611,-1.07632,-1.67666,-0.0128349
159.668,2.01064,-0.288024,52.6701,-1.39504,0.380463,175.756,-0.773157,3.09088,-0.668486,-0.0128349
119.493,-1.45175,-2.40154,79.0478,1.63846,-0.111992,65.2607,0.790757,2.3811,2.28955,0.0128349
236.103,-2.69535,-1.95019,87.0488,3.44134,2.57428,171.157,-1.86143,0.880893,-1.75871,-0.0128349
243.591,-2.10927,-1.10962,172.647,2.63584,-2.66967,192.2,0.293733,1.67768,-1.56006,-0.0128349
247.514,2.46148,-1.33794,205.023,-2.74228,2.61147,151.584,-2.12129,0.966584,2.33377,0.0128349
346.711,-0.816093,-1.98881,52.9826,2.4886,2.59668,270.68,0.0805228,1.01869,-1.69769,-0.0128349
103.028,3.40085,-0.531184,38.2434,-1.56101,-1.80532,107.266,-0.705662,2.24229,1.27414,0.0128349
160.89,1.40752,-2.83192,107.237,-2.74437,-1.45886,73.4739,-2.04836,0.535047,-1.37307,-0.0128349
266.349,2.45812,1.62846,148.637,-0.660067,2.4185,210.552,1.22315,-1.33469,-0.79004,-0.0128349
408.975,-1.94737,-2.57309,156.027,1.42947,0.346936,269.509,-0.670378,0.686255,2.92002,0.0128349
110.688,0.0882686,0.154662,92.0667,-3.0832,-0.994829,112.017,-0.326793,2.87271,1.14949,0.0128349
84.8259,1.22083,3.0486,53.6625,-4.03816,-1.14151,104.981,-2.09699,0.407525,-2.09307,-0.0128349
224.812,-0.587865,-1.12023,83.533,3.56504,-0.227271,127.341,1.95799,2.01492,0.892963,0.0128349
64.7539,1.30276,-1.77992,54.1537,-3.12037,-0.626627,63.5078,0.707768,2.16695,-1.15329,-0.0128349
138.355,1.05893,0.185062,86.3535,-4.25203,-0.239848,86.5896,-1.27598,2.97433,0.42491,0.0128349
124.284,2.68676,-2.89588,91.4402,-1.41313,-1.95531,116.434,1.05824,0.674396,-0.940578,-0.0128349
126.456,-1.22498,-0.0102467,106.352,3.80215,-1.57895,130.649,1.45007,2.2928,-1.5687,-0.0128349
224.831,-0.799417,-0.970892,66.7745,2.99696,-0.82812,162.533,2.44656,2.32479,0.142772,0.0128349
145.427,0.840535,-0.316829,117.311,-2.45745,0.54683,144.152,0.130236,-3.06099,-0.86366,-0.0128349
171.005,0.128979,2.2174,59.6543,-4.0777,-0.0470776,72.2424,-1.38755,-2.21992,2.26447,0.0128349
154.168,-1.75214,-0.0925692,150.634,2.62905,-1.59634,70.8599,0.902258,2.19387,-1.50377,-0.0128349
90.8737,3.6854,2.17001,38.7392,-1.1618,1.67846,78.082,2.37067,-0.9071,0.491552,0.0128349
247.015,-0.137001,-1.34307,167.975,3.40521,1.18657,92.9547,1.68283,3.07674,2.52964,0.0128349
244.728,2.13409,-2.75912,122.51,-1.65007,-1.32782,236.865,-0.116268,0.790619,-1.4313,-0.0128349
215.036,-2.5863,-0.237369,132.421,1.0697,-2.31428,80.2832,0.56351,1.96394,-2.07691,-0.0128349
233.956,1.88296,0.742797,74.8723,-2.6453,-0.13898,108.923,0.0536741,-2.66117,0.881777,0.0128349
102.512,1.09755,0.205757,66.1259,-3.75914,-1.94815,64.4958,-0.703146,2.71699,2.15391,0.0128349
200.271,2.44974,1.25562,165.566,-2.52939,2.54428,89.8596,-1.62028,-1.649,-1.28866,-0.0128349
92.3822,1.3368,-0.330494,89.4782,-1.92453,-0.92486,130.506,0.340343,2.46046,0.594366,0.0128349
228.57,-0.328735,-0.590201,34.4865,2.8611,1.16882,125.526,1.24894,2.6806,1.75902,0.0128349
85.7691,2.10428,0.312988,67.8876,-2.79683,-2.05344,62.6619,-0.880856,3.13022,2.36643,0.0128349
255.461,1.26753,0.245495,129.307,-2.21394,-1.69034,138.58,0.196717,2.91765,1.93584,0.0128349
141.899,-2.80853,2.93272,88.5501,3.73174,-1.64508,136.511,-0.150467,0.27641,1.70538,0.0128349
163.276,-1.43714,-2.49741,38.5584,2.16213,0.327111,124.901,0.0260426,0.77143,2.82453,0.0128349
108.546,-1.03497,0.394594,88.5675,2.75431,1.68254,82.2422,0.924682,-2.42292,1.28795,0.0128349
186.981,-1.58839,-0.208294,50.4223,3.92568,0.49313,124.843,0.587773,2.8536,0.701424,0.0128349
162.656,2.26254,1.64124,72.5069,-3.25539,-2.77403,173.718,-1.22415,-1.19773,-1.86791,-0.0128349
157.98,-2.19853,-2.52707,115.312,1.40055,1.24562,53.8822,0.304338,0.186994,-2.51049,-0.0128349
277.439,-2.27936,1.04349,94.1299,1.08365,2.76172,203.725,-1.08534,-1.64162,1.71823,0.0128349
183.669,1.43131,2.61877,36.3716,-3.57268,1.24199,164.828,0.850691,-0.700792,1.37678,0.0128349
93.1814,0.952045,1.68062,51.2168,-2.91685,-0.219574,58.9405,-2.00865,-1.61294,1.90019,0.0128349
84.1874,-3.07268,-1.49503,70.4182,0.618025,2.65018,65.6704,0.460757,0.984913,-2.13797,-0.0128349
134.236,-0.899045,-2.40711,84.4976,2.51613,2.62295,114.404,1.30913,-0.270827,-1.25313,-0.0128349
202.096,1.99997,2.1069,81.1255,-1.01416,2.76817,195.102,0.623228,-0.565136,-0.661275,-0.0128349
129.895,-4.01502,-0.947161,100.986,2.84014,-2.98073,159.236,1.09129,1.44091,-2.03357,-0.0128349
147.772,1.59304,0.871573,123.31,-2.84297,0.794965,206.478,0.502293,-2.2289,0.0766081,0.0128349
148.45,-3.04152,-0.132376,146.021,1.65924,1.14701,209.887,-1.41075,-2.57341,1.27939,0.0128349
74.9044,-0.960604,-1.52746,68.0033,4.57668,-1.97143,74.3352,0.944189,0.897103,-0.443964,-0.0128349
379.094,0.0274573,0.898967,85.8825,-3.12642,-0.677229,171.222,-1.99812,-2.48295,1.5762,0.0128349
142.631,2.62011,-2.62848,62.8367,-3.47272,2.86275,166.277,0.933018,0.241273,0.791959,0.0128349
297.336,-0.713333,1.40809,37.7365,2.96093,2.21595,292.16,0.206601,-1.84167,0.807862,0.0128349
129.111,3.04732,-2.82007,83.4925,-1.98855,-1.871,155.093,-0.716608,0.66872,-0.949063,-0.0128349
321.158,-1.84143,-2.54523,86.8637,1.7091,-1.92345,217.154,-1.15314,0.772557,0.621778,0.0128349
105.228,1.49267,2.95692,59.6495,-4.48922,2.59168,125.159,0.874143,-0.361931,0.365235,0.0128349
103.179,2.91585,1.88218,73.9123,-1.31381,1.10419,92.1152,1.76406,-1.56255,0.777992,0.0128349
76.5155,-1.72409,1.42369,74.1014,3.19412,2.48925,96.154,1.14057,-1.46857,1.06556,0.0128349
177.937,-1.47896,-0.34731,71.9941,3.42474,-0.0091626,212.781,0.848272,2.99208,0.338148,0.0128349
152.292,2.3653,-1.3689,63.5586,-3.14094,0.933273,102.662,1.95299,1.98302,-2.30218,-0.0128349
137.896,2.53032,3.0398,134.879,-3.1384,1.47857,183.545,0.394665,-0.903634,1.56123,0.0128349
47.4851,-3.44291,-0.840673,33.9774,3.31645,-2.54085,40.2975,-1.45586,1.16257,-1.70018,-0.0128349
172.894,-1.28968,-1.68583,57.3262,3.5192,-1.96776,228.899,2.00613,1.53133,-0.281937,-0.0128349
148.84,0.846006,-2.81664,135.596,-2.51366,-0.313973,95.6905,-0.776163,1.19079,-2.50267,-0.0128349
141.915,-1.28154,-2.61473,61.9453,1.86585,0.787503,86.184,-0.0201734,0.59831,-2.88095,0.0128349
142.562,-2.50994,1.5199,105.334,1.9198,-2.50101,74.1987,-1.74228,-0.999328,2.26227,0.0128349
72.5112,2.03513,-0.585036,41.1176,-3.51858,0.622487,34.9916,0.581633,2.34059,-1.20752,-0.0128349
116.885,-2.0731,-1.99775,107.083,2.51782,0.414873,36.34,0.163747,1.98089,2.41262,0.0128349
310.657,-1.98494,-0.717386,127.292,2.51296,2.54723,66.3228,-1.07781,2.16648,-3.01857,-0.0128349
146.065,1.74496,1.86696,33.1853,-3.24742,1.44948,147.203,-1.42471,-1.19475,0.417483,0.0128349
131.356,1.95646,-1.80867,93.4161,-2.75461,2.4817,95.2742,-1.12175,0.806243,1.99282,0.0128349
182.578,1.90716,-1.01737,96.7143,-2.70132,-0.550612,174.057,-1.93775,2.34916,-0.466756,-0.0128349
117.767,2.72062,2.6015,62.5173,-1.55072,-2.27589,113.696,-0.0337585,-0.0568327,-1.4058,-0.0128349
149.763,-3.82695,-0.538718,120.968,1.56748,-2.58932,133.577,0.133097,1.26312,-2.0506,-0.0128349
82.6159,1.5679,2.75967,79.8752,-2.38966,1.14948,71.341,-1.49425,-0.805045,1.61019,0.0128349
287.648,-1.36214,-2.6129,157.369,2.55794,2.36515,199.86,-0.222194,0.114287,-1.30514,-0.0128349
257.532,0.171798,-1.41853,37.0228,-3.2997,-0.814436,254.461,-1.40842,1.76829,-0.604095,-0.0128349
128.966,0.245233,-2.22486,113.144,-2.99561,-0.924696,96.8203,-1.07952,1.87779,-1.30016,-0.0128349
95.0303,-3.55585,-1.0962,62.8072,3.66503,-2.01541,100.862,0.386577,1.70635,-0.919211,-0.0128349
157.782,1.95111,-1.17813,66.6112,-1.08319,-0.375151,128.652,-0.728276,2.39067,-0.802974,-0.0128349
156.885,1.63267,1.12714,73.1463,-4.03723,-0.503532,143.466,-2.02703,-2.47347,1.63067,0.0128349
128.117,-2.89461,1.58897,121.228,0.638237,-3.03133,239.069,-0.510207,-0.964391,1.66289,0.0128349
481.331,-1.62314,-0.645048,99.077,3.61815,0.913292,113.91,-1.14574,2.63054,1.55834,0.0128349
157.93,-1.8938,0.614063,104.396,2.27608,-1.01343,146.962,1.23897,-3.10115,-1.62749,-0.0128349
69.3229,2.3812,1.17304,52.0466,-2.04268,0.322867,82.7736,0.993366,-2.58713,0.850175,0.0128349
99.5142,2.34705,-0.984133,78.9785,-2.24879,0.548755,40.1398,-0.047384,-2.19698,-1.53289,-0.0128349
198.622,2.2331,0.926311,60.0081,-4.46433,2.59326,110.88,-0.502545,-2.00205,-1.66695,-0.0128349
189.932,-2.4666,-1.66032,84.0777,3.00745,2.62747,133.841,2.46022,0.897783,-1.9954,-0.0128349
214.535,0.496033,-1.95616,147.479,-2.70226,1.52967,51.6864,-1.67666,-0.155121,2.79736,0.0128349
122.233,2.22318,-0.209527,39.3246,-2.52287,-0.992293,68.1704,1.22754,2.39378,0.782766,0.0128349
98.2118,-3.07013,0.473968,30.7797,4.17908,2.84986,86.3551,1.16463,-2.91037,2.37589,-0.0128349
83.8467,-1.21072,0.999271,44.1271,3.15379,0.988713,125.891,0.466296,-2.18431,-0.0105579,-0.0128349
77.0588,-1.30699,2.94307,73.5381,2.14873,1.60579,119.972,1.1768,-0.600444,-1.33727,-0.0128349
120.106,3.56752,1.96672,62.5416,-2.32224,-3.01382,104.878,1.30217,-1.23234,-1.30264,-0.0128349
198.386,0.958861,0.97743,85.5376,-2.70891,2.47071,110.912,0.657244,-1.91523,-1.49328,-0.0128349
224.782,-2.12921,-2.69651,108.285,1.66765,-0.778282,221.579,-1.29333,0.993303,1.91823,0.0128349
124.893,2.83482,0.540306,46.6927,-2.25445,2.36139,68.2089,2.41302,-1.25582,-1.82108,-0.0128349
84.4561,-2.38378,1.45241,57.3024,2.50284,0.295791,82.2159,-0.583774,-2.23284,-1.15662,-0.0128349
168.525,-1.18617,0.807904,54.419,4.44891,-0.736922,127.93,0.186469,-2.91314,-1.54483,-0.0128349
175.612,1.12203,-0.00101379,165.185,-2.48459,-3.09934,61.2144,-0.329811,-1.31707,3.09832,-0.0128349
121.668,1.70441,-3.12547,77.0158,-1.77312,-0.790781,59.5708,1.07041,0.11907,-2.33469,0.0128381
116.887,-2.82771,-1.59627,85.9845,0.352975,3.05333,119.595,-1.19696,0.606392,-1.63358,-0.0128381
109.686,-2.98262,3.11026,89.1917,2.35228,-1.23332,76.4802,-0.537168,0.289015,1.93961,0.0128381
139.768,1.65745,-2.86386,84.2563,-2.38161,2.48604,177.693,-0.934584,0.099877,0.933279,0.0128381
155.739,-2.51311,2.56186,30.4999,1.36408,-0.613409,117.05,-1.23816,-0.523969,3.10791,-0.0128381
152.203,2.00129,-1.31231,76.2868,-1.22762,-2.31814,163.323,0.469744,1.57655,1.00583,0.0128381
432.424,-0.0391198,-3.02131,38.2075,3.81395,-2.92111,191.07,1.15623,0.114419,0.100194,-0.0128381
148.038,-2.05957,2.8392,39.7364,1.40655,2.60587,135.552,-1.93613,-0.0626687,-0.233335,-0.0128381
195.624,2.62063,-0.384211,160.622,-1.15921,-0.460585,107.54,-0.421582,2.49223,0.0763736,0.0128381
99.1842,1.412,0.936193,41.0159,-3.13421,-1.60898,54.6439,-2.16748,-2.62818,2.54517,-0.0128381
158.995,-0.15752,0.858466,48.5559,3.20914,2.27697,98.8214,0.647098,-1.92087,1.4185,0.0128381
280.47,-2.58994,1.35186,90.5586,3.23509,2.92785,116.863,-1.46674,-1.3137,1.57599,0.0128381
87.4611,-0.535697,-1.63502,38.1929,4.07018,-2.73584,90.6506,1.80586,1.0312,-1.10082,-0.0128381
94.3646,1.89393,0.56402,84.5274,-3.56249,-1.44201,61.5129,-0.866849,2.74591,2.00603,0.0128381
92.0973,2.44108,-1.27997,68.266,-3.59574,-2.47649,43.6826,-0.176315,1.36443,1.19652,0.0128381
167.924,-2.63001,1.22601,76.6504,1.75629,0.14057,206.35,-0.590867,-2.17854,-1.08544,-0.0128381
83.521,-1.31739,-0.902039,47.2399,3.37257,-1.7921,65.4092,1.34905,2.10732,-0.890061,-0.0128381
152.305,-1.63798,1.99535,46.6563,1.84062,-2.49753,129.452,-0.185391,-0.576322,1.79031,0.0128381
365.124,0.148747,2.71488,97.504,-3.08788,-1.29298,199.193,-0.871666,-0.21344,-2.27533,-0.0128381
150.653,2.26955,2.54721,74.9712,-1.8958,0.765197,93.4022,-0.971302,-1.28024,1.78202,0.0128381
79.0998,2.80556,-1.80003,52.0907,-3.02804,-0.467233,98.9524,0.832137,1.43854,-1.3328,-0.0128381
144.22,2.1981,1.49868,134.769,-2.35241,-2.60185,94.4447,-0.927453,-0.460014,-2.18265,-0.0128381
145.918,1.25942,-2.08269,74.012,-2.81043,-1.05361,141.927,0.432777,1.24313,-1.02907,0.0128381
263.374,2.10429,-0.815687,96.4456,-2.99329,-2.27006,190.913,-0.252538,2.11408,1.45438,0.0128381
310.348,-0.565246,-2.70251,65.7086,3.54364,1.57506,100.276,1.6736,0.550766,-2.00561,-0.0128381
199.615,1.69323,-2.53592,53.5739,-1.40448,1.27642,139.45,0.332067,0.502752,2.47085,-0.0128381
98.6682,0.17997,2.962,68.1136,-3.56606,-2.52198,100.635,-0.837032,0.394685,-0.799204,-0.0128381
255.305,1.42445,1.92269,49.4501,-1.76607,0.281757,143.308,-0.848011,-1.42742,1.64094,0.0128381
233.565,-1.31584,1.21666,98.0144,1.87375,-0.831729,113.914,-0.21942,-2.33489,-2.04839,-0.0128381
86.9173,-2.24904,1.0315,61.5079,3.04743,0.532643,33.1455,1.64733,-1.90983,-0.498852,-0.0128381
317.346,-1.00495,2.10602,98.5816,3.46439,-0.195164,203.691,0.571449,-1.54216,-2.30118,-0.0128381
124.979,-1.42086,-2.07263,59.8491,3.57523,-1.02855,90.8173,-1.32795,1.31808,1.04408,0.0128381
222.886,2.41108,2.19647,118.539,-4.0879,-2.01373,151.432,1.7702,-0.328896,-2.07299,0.0128381
264.853,-2.08059,-0.976594,166.381,1.90767,1.4561,63.4452,0.413301,3.07101,2.43269,0.0128381
107.142,1.28582,0.403016,101.118,-3.04911,-0.212441,104.758,-0.251717,-3.1283,0.615457,0.0128381
153.324,1.3677,-2.35093,59.3473,-1.93023,-0.46616,91.9871,1.1367,1.5828,-1.88477,-0.0128381
116.64,-1.73374,2.33091,66.5077,3.99968,0.355337,62.2934,-1.46814,-1.38039,-1.97557,-0.0128381
289.068,-2.46645,2.1835,145.931,1.93467,-0.426461,124.642,-1.68998,-2.29642,-2.60996,-0.0128381
99.7289,3.08637,-1.19496,59.8011,-1.89686,0.315605,78.5098,-0.521123,2.19902,-1.51056,0.0128381
289.7,-1.71453,-2.18765,100.009,2.53683,1.87522,80.6614,0.217187,0.425598,-2.22032,-0.0128381
201.226,1.30094,2.78573,45.4854,-3.53237,-2.55908,180.198,-0.036793,-0.312901,-0.938379,-0.0128381
126.378,1.7642,-2.35729,64.5147,-2.94217,-1.54212,115.113,-1.38935,1.35906,-0.815172,-0.0128381
125.24,2.85932,2.34415,82.3616,-1.94276,3.05041,137.582,0.662871,-0.339208,-0.706264,-0.0128381
139.398,-0.251765,-1.70093,52.077,2.87435,-2.57847,135.061,0.988301,1.32946,-0.87754,-0.0128381
212.398,1.68766,0.373201,54.4524,-2.22845,-0.869896,172.036,-0.142569,-3.0085,1.2431,0.0128381
126.989,1.84649,1.37673,57.5674,-2.74292,-0.153905,83.391,1.17606,-2.34326,1.53063,0.0128381
108.05,-0.115944,-1.35317,41.1116,3.43453,2.96031,99.0139,0.830713,1.64452,-1.9697,-0.0128381
96.2115,3.4473,-1.23134,90.7715,-2.17923,0.637648,51.2399,-1.1451,3.03268,-1.86899,-0.0128381
96.6564,-2.84128,0.753958,88.3982,2.92519,-1.38234,50.9822,-0.821286,3.03528,-2.1363,-0.0128381
84.1285,4.03602,-1.64856,51.6867,-1.94064,0.466732,49.9392,-0.202203,1.96596,-2.11529,-0.0128381
56.4339,2.92485,0.58589,56.047,-3.17587,0.889632,54.9956,-0.715134,-2.98893,-0.303742,-0.0128381
133.467,2.37212,2.46918,68.2352,-3.11586,-2.07751,81.5208,-0.882212,-0.103552,-1.73649,-0.0128381
139.879,-2.60747,-3.09777,95.9389,1.84228,-1.185,116.363,-2.05044,0.640343,1.91277,0.0128381
67.6546,1.2477,-0.82976,34.0096,-3.90719,0.211798,48.7519,-0.662932,2.71235,-1.04156,-0.0128381
113.572,2.64285,-1.55922,42.3071,-2.20792,-0.105651,78.6,-0.158727,1.97427,-1.45357,-0.0128381
108.011,3.86767,-1.43927,53.6386,-3.59135,-2.85372,106.109,-0.107838,1.06212,1.41445,0.0128381
214.281,1.43682,-1.9596,40.0761,-3.86323,-0.588859,125.336,-0.969645,1.40051,-1.37074,-0.0128381
106.817,-1.5236,-2.84938,56.0372,3.72595,-1.54133,80.7042,-0.406801,0.751065,1.30805,0.0128381
229.411,1.30057,2.77324,42.0505,-2.99594,-2.36497,232.205,-0.338095,-0.342096,-1.14497,-0.0128381
106.797,0.459419,2.77047,32.6816,-3.21243,-1.95115,73.2643,-1.57191,-0.0773735,-1.56157,0.0128381
179.665,-1.26114,-2.06226,109.036,2.77484,1.90057,85.2077,-1.3428,0.519748,-2.32036,-0.0128381
247.68,2.18248,-0.815397,78.1755,-1.46242,1.28408,162.252,-0.515298,2.83483,-2.09947,-0.0128381
136.314,-1.6324,-1.60688,52.5342,4.21731,-1.18356,131.907,-0.149792,1.45419,0.423323,0.0128381
178.524,1.49182,0.628027,78.6722,-1.87829,-0.737534,138.838,0.597484,-2.85405,1.36556,0.0128381
169.81,-1.85504,-2.91887,65.5661,2.00088,-2.6565,99.0001,-1.06427,-0.0669334,0.262369,0.0128381
146.742,-3.53927,-0.487115,100.087,2.87947,-1.3496,77.1318,0.495662,2.41665,-0.862484,-0.0128381
208.201,1.62259,-1.3203,149.543,-2.81146,1.5948,142.645,0.68216,1.28785,-2.9151,0.0128381
121.284,1.64624,-0.445246,121.023,-2.38616,-0.429297,122.253,-0.473871,2.74965,-0.0159491,0.0128381
187.065,2.85124,0.137882,103.718,-1.9274,2.00892,173.964,0.838805,-2.30491,-1.87104,-0.0128381
286.302,-1.56499,-1.88577,65.9738,2.83278,-2.2341,108.408,-0.878186,1.09723,-0.348333,-0.0128381
126.954,2.14156,1.89594,67.9278,-2.49401,-0.444554,77.282,-0.414288,-1.89409,2.3405,0.0128381
226.148,1.29493,1.80133,64.2814,-3.44357,0.47655,171.101,-0.575594,-1.66857,1.32478,0.0128381
59.3556,-3.55883,2.87184,36.1228,2.47619,0.212859,42.0681,-1.08063,-0.213965,-2.65898,-0.0128381
321.751,-2.46745,2.96891,94.7727,2.80721,1.54688,274.486,-1.10082,-0.620523,-1.42203,-0.0128381
261.168,1.10682,1.60025,50.5019,-3.539,0.0791521,264.649,-1.79798,-1.75336,1.52109,0.0128381
102.221,2.94942,0.39053,66.1813,-3.80796,-0.828043,108.119,0.0575251,2.9605,1.21857,0.0128381
157.706,-2.75837,-1.84644,54.1948,0.411594,-1.72089,67.9163,-0.651716,1.24308,0.125551,0.0128381
126.857,1.7102,0.81035,100.623,-3.64204,0.618456,150.04,-0.803478,-2.24111,0.191894,0.0128381
199.063,-2.73931,0.521263,101.604,1.56448,-1.64179,164.634,0.355116,2.45259,-2.16305,-0.0128381
113.633,-3.09952,1.28468,86.4108,2.65975,1.91456,98.4742,-1.29734,-1.89452,0.629881,0.0128381
92.3373,3.13731,2.98779,42.7344,-3.02804,2.67802,86.7576,0.492289,-0.0981165,0.309776,0.0128381
79.5249,-3.07543,1.37147,39.0392,2.7932,2.87478,66.9463,1.75693,-0.984385,1.50331,-0.0128381
149.566,-1.44079,-2.48721,37.5935,1.84989,-0.312324,51.3538,-0.314238,0.607627,2.17489,0.0128381
118.539,-0.894109,-0.386915,68.6992,2.20157,-2.42754,45.3607,1.10688,1.32982,-2.04062,-0.0128381
173.42,-2.61804,0.855347,30.6514,2.39617,0.0161894,117.466,-0.560178,-2.63783,-0.839157,-0.0128381
141.746,1.97431,0.729195,136.314,-1.14843,-0.825784,132.475,-0.618621,2.97433,1.55498,-0.0128381
177.102,-0.408707,3.06871,84.9674,3.46151,1.07199,224.19,0.746174,-0.519724,-1.99672,0.0128381
216.936,-1.05763,-2.55087,83.7477,3.12139,1.95915,195.354,-0.815736,0.384558,-1.77316,-0.0128381
139.439,-2.83947,2.59578,69.4436,1.87524,2.75966,153.544,-0.403405,-0.466268,0.163883,0.0128381
176.513,2.7917,1.66505,109.305,-0.869429,0.218329,138.671,1.39051,-2.16065,1.44672,0.0128381
117.252,1.26515,0.886992,48.2994,-3.01643,2.13981,96.8805,-0.468909,-1.71922,-1.25282,-0.0128381
262.284,-2.33678,-0.620816,146.636,1.43192,0.316548,161.074,-0.889409,3.05313,0.937365,0.0128381
102.325,-2.28845,1.98075,35.2121,2.54419,-2.4095,66.8554,-0.622507,-0.650162,1.89294,0.0128381
170.179,0.680805,-3.08017,97.466,-4.12769,-0.83886,76.7454,-1.88161,0.533393,-2.24131,-0.0128381
130.321,-3.39298,0.192958,77.5626,3.87258,-0.86612,122.52,0.00249071,-3.0426,-1.05908,-0.0128381
134.618,2.26379,0.428765,47.6976,-1.67693,2.52382,47.1008,1.27156,-2.84633,-2.09505,-0.0128381
202.883,1.87804,2.25817,137.387,-1.23191,0.507435,162.634,0.603407,-1.36105,1.75074,0.0128381
47.9708,2.92721,-0.0719058,42.631,-2.82484,1.16866,45.0762,-0.84997,-2.74026,-1.24057,-0.0128381
116.179,2.17455,2.90574,63.0685,-3.95253,1.28404,107.02,-1.9614,-0.544847,1.62171,0.0128381
123.187,-1.25167,0.766179,44.6838,4.31161,2.28354,77.2575,2.07985,-2.70469,1.51736,0.0128381
89.2634,1.76445,3.11187,79.1025,-3.25965,-1.67625,85.7728,1.37067,0.353875,-1.49507,-0.0128381
159.099,-1.05638,0.932657,63.9606,3.62983,2.84604,71.9966,0.674044,-2.11269,1.91338,0.0128381
91.3723,1.41177,3.13176,37.7543,-3.99645,1.40905,45.4618,-3.26008,-0.10414,1.72271,0.0128381
186.529,-2.59154,2.2104,55.9025,1.98424,-0.928091,58.9587,-0.306726,-0.0876794,-3.1385,0.0128381
311.693,-1.47392,1.92801,47.992,2.0317,0.0169448,195.599,-0.0597706,-1.54615,-1.91106,-0.0128381
99.1774,-1.24858,-0.545922,54.404,2.69257,-2.06867,100.719,1.98199,1.88031,-1.52275,-0.0128381
106.087,-1.59985,-2.76448,71.2594,3.30449,-1.22739,75.4876,0.274405,1.02812,1.53709,-0.0128381
365.847,2.08484,2.30622,31.9835,-2.14878,-1.27422,318.325,0.523008,-0.702334,-2.70274,-0.0128381
388.918,-0.895219,-1.09856,95.7623,3.29936,0.949124,276.991,0.981588,2.28173,2.04769,0.0128381
167.78,-1.08907,-0.903573,67.8363,3.93373,1.13326,122.188,0.466898,2.77077,2.03683,0.0128381
84.7666,-1.76223,-0.884147,71.3167,3.60708,-2.923,59.2677,1.20009,1.41105,-2.03885,-0.0128381
174.599,-1.89122,-0.0314191,83.347,1.17151,0.661318,134.803,-1.45863,-2.82604,0.692737,0.0128381
122.367,2.35613,-3.0393,80.748,-3.48626,1.14373,40.8275,-0.341184,-0.161789,2.10016,0.0128381
189.862,-1.51709,-0.758774,58.0253,3.67037,0.647329,222.81,-0.7549,2.60137,1.4061,0.0128381
273.843,3.03661,1.59255,38.851,-3.10619,1.33721,156.54,0.139936,-1.46882,0.255345,0.0128381
101.445,-2.22975,-1.41502,99.6792,3.73413,1.46517,96.7664,-0.365323,-2.61426,2.88019,0.0128381
110.231,2.06865,-1.04739,105.937,-1.54732,0.0653263,208.458,-1.13162,2.35941,-1.11272,0.0128381
272.192,0.027235,2.94413,76.2849,-3.43327,2.27873,187.716,-1.43362,-0.313757,0.665403,0.0128381
104.617,2.29443,-2.88888,68.6488,-2.39127,2.4776,111.562,0.866705,0.195047,0.916702,0.0128381
134.598,-2.24764,-1.82707,91.0168,3.12359,-3.12441,113.907,1.84744,1.2884,-1.29734,-0.0128381
173.062,2.16116,-0.672121,151.58,-2.17106,-2.08794,114.817,-0.244208,1.75378,1.41582,0.0128381
141.612,3.56662,-1.53363,77.1855,-1.97253,-2.30279,136.332,-0.354814,1.24884,0.769156,0.0128381
107.581,-1.75678,-2.30488,91.5456,2.34873,2.24578,95.3344,-0.0484002,0.66321,-1.73253,0.0128381
157.932,-0.876277,1.95798,48.7452,3.98718,-1.58282,139.28,-0.452672,-0.800505,2.74238,0.0128381
84.3764,-0.972941,2.03797,66.8077,3.20374,2.5605,112.965,1.60299,-0.747468,0.522532,0.0128381
154.256,-1.25761,0.298146,73.5549,1.82505,2.93411,90.4053,1.41477,-2.94066,2.63596,0.0128381
107.685,1.84707,-0.617239,57.8252,-2.88081,-2.74403,71.3805,-0.473655,1.95316,2.12679,0.0128381
445.024,-0.0893074,-1.76437,81.3436,3.57068,2.71142,223.021,0.695431,1.29642,-1.8074,-0.0128381
448.955,-1.46542,-0.00195416,77.2455,1.62999,2.66351,264.455,0.452929,-2.95955,2.66547,0.0128381
131.735,-1.63104,2.64619,119.338,1.98937,2.39978,178.598,-0.927853,-0.101166,-0.246411,-0.0128381
98.6866,-1.5932,2.55249,89.067,3.52127,1.62105,67.7993,0.805867,-0.983734,-0.931435,-0.0128381
70.7855,1.97104,1.28395,66.7095,-1.78053,2.70396,90.2196,-1.20631,-1.28212,-1.42001,-0.0128381
282.541,1.16427,1.37183,160.343,-3.40114,-1.23926,104.298,0.41721,-2.20984,2.61108,0.0128381
352.331,-1.92333,-2.19325,79.9391,2.68479,-2.67018,249.729,-0.683843,1.11567,-0.476927,-0.0128381
116.045,-1.35043,-0.12913,100.254,2.99799,0.947863,99.092,0.509181,-2.98549,1.07699,0.0128381
194.904,1.56763,-0.960962,103.156,-3.41966,-2.53949,124.734,-0.23962,1.50508,1.57853,0.0128381
70.3913,-2.52247,-2.13025,32.851,2.49234,-0.20616,47.8663,1.0484,1.89989,1.92409,0.0128381
179.276,1.67499,0.863901,137.885,-2.78789,0.258114,83.7195,1.4557,-2.14525,0.605788,0.0128381
88.5929,2.17197,-0.23362,50.8021,-1.52236,-1.17532,77.1066,-0.482724,2.30596,0.941697,0.0128381
254.667,0.890874,-0.752501,59.6784,-3.89709,-2.88852,280.447,-1.17117,2.22167,2.13602,-0.0128381
138.774,-3.11639,-2.99609,50.1383,1.92266,1.53927,96.7677,-1.42378,-0.0588511,-1.74782,-0.0128381
105.99,-2.11735,1.80254,73.3074,3.09227,0.547234,106.494,0.972022,-1.68647,-1.2553,-0.0128381
138.896,-2.91223,0.590201,98.9109,1.55415,2.05628,115.65,0.720305,-2.14458,1.46608,0.0128381
135.559,0.555385,1.1567,119.883,-2.55652,-0.437033,110.419,-1.96559,-2.64672,1.59373,0.0128381
74.43,1.72021,-0.973601,52.5219,-1.88975,-0.363243,108.425,1.29643,2.58063,-0.610357,-0.0128381
139.754,1.87353,-2.429,103,-1.48528,-1.64515,140.863,-0.0528042,1.07571,-0.783849,-0.0128381
81.0352,2.55625,0.826923,71.3834,-0.624946,2.01675,88.6663,-0.0457445,-1.36913,-1.18982,-0.0128381
465.531,1.62137,-2.2557,92.6629,-3.9006,1.56436,290.849,1.23808,0.598275,2.46313,0.0128381
200.502,1.59129,-1.1134,53.9121,-3.58242,-1.62397,131.099,-0.499409,1.90873,0.510565,0.0128381
320.258,2.15909,0.157718,126.692,-2.3931,-1.32464,206.743,-0.826867,-3.12316,1.48235,0.0128381
86.8533,-2.2358,-1.60714,45.5217,3.22389,-2.16056,85.7242,2.26824,1.06668,-0.553413,-0.0128381
235.309,-1.96505,1.67804,40.0537,4.09742,-1.10455,224.303,-1.06,-1.46786,-2.78259,-0.0128381
156.918,2.30327,-0.0184179,71.1182,-1.32636,2.38205,103.758,1.56528,-2.71779,-2.40047,-0.0128381
136.553,-2.77184,0.0856501,82.3428,2.62228,1.24239,80.4381,-0.232727,-2.28847,1.15674,0.0128381
176.303,2.05583,2.02429,76.2263,-1.1708,-2.7982,128.22,0.0390772,-0.521493,-1.4607,-0.0128381
208.108,2.15268,-1.81419,48.3531,-2.54468,0.0881175,92.8342,0.744772,1.59691,-1.90231,-0.0128381
100.483,-2.52092,-0.470563,38.5746,3.56913,-1.75449,87.4395,-1.77171,2.26184,-1.28392,-0.0128381
344.599,0.921309,2.384,184.187,-3.22259,-1.20545,77.2203,-1.0723,-0.601584,-2.69374,-0.0128381
225.034,-1.83946,1.63134,112.494,2.38296,2.76012,162.334,-0.686547,-0.995619,1.12878,0.0128381
378.618,1.02229,0.244252,150.92,-3.00068,1.92925,171.963,-0.469848,-2.71506,-1.685,-0.0128381
131.096,1.46393,2.78303,123.8,-3.40398,-2.07211,64.7275,-1.02635,0.64062,-1.42804,-0.0128381
173.326,-1.73273,-0.100708,30.091,2.04957,-0.864755,46.2322,-0.299517,2.49056,-0.764047,0.0128381
141.515,-0.607121,2.41997,51.5177,2.66062,-2.13744,123.928,1.44882,-0.681625,1.72578,-0.0128381
172.646,-2.50749,1.32448,99.4715,3.24037,-0.768228,59.5297,0.288531,-2.19737,-2.09271,-0.0128381
117.357,-2.94727,-1.1919,55.3966,0.674208,1.85341,36.9761,-2.49077,2.82557,3.04531,-0.0128381
84.9477,1.39962,-2.62521,65.9712,-2.29572,1.66172,83.542,-2.31892,-0.688321,1.99625,0.0128381
96.5658,-2.12264,1.27936,72.2416,2.6756,2.85753,52.9988,-2.02601,-1.05172,1.57816,0.0128381
124.705,-1.36832,1.19828,104.573,3.37124,2.15216,164.611,0.809088,-1.47026,0.953882,0.0128381
197.87,1.84734,-0.26252,64.1942,-2.1748,-1.0237,85.3482,0.0547608,2.86234,0.761176,0.0128381
153.637,1.10535,-1.52383,66.1779,-2.9364,0.820019,93.4093,-2.34101,1.76559,-2.34384,-0.0128381
186.188,-3.01924,-0.565079,87.5524,2.0769,0.066382,102.778,-0.874232,2.73496,0.631461,0.0128381
238.508,-2.76871,-2.62243,96.1259,3.25752,2.17001,148.278,-0.83634,0.265171,-1.49074,-0.0128381
139.673,3.09932,1.00445,113.132,-0.123612,2.0804,105.023,1.86274,-1.68467,-1.07596,-0.0128381
166.88,-1.53478,0.807074,68.5155,3.02882,2.97516,109.37,-0.183515,-1.96526,2.16808,0.0128381
271.558,1.78252,-2.30164,56.2229,-1.86242,1.24651,175.744,-1.35338,0.581716,2.73503,0.0128381
130.699,-2.90879,0.269453,126.92,3.19919,-2.57744,113.817,-0.0131392,1.42488,-2.84689,-0.0128381
211.201,-2.33921,-2.30806,173.354,3.29776,1.82283,133.583,-0.201074,0.00331071,-2.15229,-0.0128381
66.5163,-0.0528856,-2.67228,63.7973,3.36955,-1.89233,38.111,0.917611,1.64471,0.779949,0.0128381
191.123,-2.01084,-1.92152,52.6835,4.1123,-2.55116,114.309,0.0965536,1.15215,-0.629645,-0.0128381
172.448,2.18697,0.483791,123.954,-1.90433,0.979693,185.39,0.385666,-2.45344,-0.495902,-0.0128381
170.522,-2.78332,1.77274,127.214,2.91296,-0.507838,106.691,-0.0364003,-2.19099,-2.28058,-0.0128381
289.504,-1.86281,-2.22677,156.697,2.74714,1.69572,151.048,-0.243998,0.499347,-2.36069,-0.0128381
272.93,1.5671,-3.07929,84.0821,-1.9956,-1.00711,111.391,0.486922,0.565719,-2.07218,-0.0128381
86.9803,-1.68222,1.85017,68.1121,1.79684,0.554936,126.108,0.801786,-2.57101,-1.29524,-0.0128381
147.999,-1.6205,-1.04266,56.2238,2.82812,2.43782,68.0952,1.79206,1.22986,-2.8027,-0.0128381
132.023,-2.41774,-0.470676,55.7041,2.78628,-2.776,68.1665,-0.452377,1.50532,-2.30532,-0.0128381
228.859,2.78773,-0.748959,59.401,-3.97838,1.29203,165.902,0.206597,2.56861,-2.04099,-0.0128381
149.655,2.32937,-0.993357,53.4016,-1.6127,1.2882,68.3027,-0.159376,2.62827,-2.28155,-0.0128381
145.583,-2.66591,-0.84124,92.3886,3.45111,-0.246235,173.952,-1.76176,2.4994,0.595005,0.0128381
169.302,-2.04861,2.49633,155.524,3.09407,0.574408,84.4592,1.86604,-2.57488,-1.92192,-0.0128381
148.661,2.74675,-2.96704,53.3244,-1.25096,1.58421,123.577,0.187106,-0.382874,1.73194,0.0128381
293.891,-1.94411,-0.103068,38.8274,3.19088,1.23895,138.03,-1.20137,3.05227,1.34202,-0.0128381
94.709,0.797791,2.44095,71.1594,-3.69766,-0.219781,66.1729,-0.795231,-1.5207,2.66073,0.0128381
125.808,-0.783365,0.478188,104.228,2.51104,2.24011,102.675,1.42336,-1.86123,1.76193,0.0128381
169.393,-2.8135,2.53669,125.399,0.936263,0.673419,133.692,-0.373376,-1.22541,-1.86327,-0.0128381
67.88,-4.04341,-1.8995,45.7304,0.292877,0.261722,30.7742,-2.11286,2.27025,2.16122,0.0128381
188.202,-2.23065,-1.52766,130.807,1.8639,-1.33939,117.185,-0.72983,1.0971,0.188271,0.0128381
232.78,0.492215,-2.13204,52.6984,-3.0443,-1.20122,192.251,-0.365712,1.12679,-0.930819,-0.0128381
335.418,-2.4132,1.62506,48.5321,2.75899,2.94066,217.638,0.827842,-1.31126,1.3156,0.0128381
204.383,-3.3438,-0.869744,37.1997,3.77554,0.901479,134.076,-0.274352,2.4602,1.77122,0.0128381
77.5637,-1.02567,-0.226484,66.5042,3.28332,0.660568,52.557,1.53532,2.24038,0.887052,0.0128381
82.9838,2.7061,-0.241913,64.0038,-2.27989,-2.43786,35.988,0.205158,2.45885,2.19595,0.0128381
403.177,1.94274,2.65561,128.68,-1.13459,0.782165,226.56,1.38164,-0.945329,1.87345,0.0128381
138.796,-0.327267,1.2629,43.9334,3.49877,2.59382,71.5339,1.22866,-1.20757,1.33092,-0.0128381
148.08,-2.79283,-0.0933389,59.6018,1.61087,-0.977232,153.964,-1.44172,3.02657,-0.883893,-0.0128381
132.325,1.78967,1.10697,52.6803,-2.26145,-0.998709,125.044,-1.09549,-2.48832,2.10568,0.0128381
371.39,1.83428,-2.84466,93.6221,-2.3111,-0.209984,210.19,0.572469,0.598741,-2.63467,-0.0128381
136.063,-1.21978,0.768088,98.3731,2.64408,1.88768,56.648,1.24601,-1.26045,1.1196,0.0128381
244.288,2.41207,1.24194,92.1082,-2.68634,-0.144515,155.986,1.5467,-2.24883,1.38646,0.0128381
129.141,2.3555,2.81001,47.4909,-4.28192,0.68736,106.789,-0.758685,-0.651853,2.12265,0.0128381
212.974,2.22016,1.96224,91.3732,-3.42161,1.51726,186.328,-0.834873,-1.30637,0.444986,0.0128381
139.041,1.91341,-1.60839,50.7271,-1.3657,-0.276005,144.678,0.234325,1.92177,-1.33238,-0.0128381
225.443,-2.71095,0.125408,32.9702,2.76658,2.74006,157.697,-0.155336,-2.9402,2.61466,0.0128381
195.709,2.47832,-1.7018,58.1577,-1.48984,-2.87396,97.8855,1.5704,1.22072,1.17216,-0.0128381
92.6895,-2.90099,2.53048,36.2451,2.54762,1.97126,62.0739,1.66878,-1.22462,-0.559216,-0.0128381
214.375,-2.31114,-2.8471,180.535,1.2013,-2.66434,255.317,0.204962,0.154918,0.182752,-0.0128381
154.894,-1.42733,1.58945,79.4536,1.89629,-0.550896,41.914,0.092914,-2.20499,-2.14035,-0.0128381
157.525,1.47611,-0.99627,142.332,-2.30834,1.29708,54.0522,0.742435,3.11712,-2.29335,-0.0128381
195.353,-2.16695,-1.16083,143.235,3.1045,-0.27215,181.176,1.1832,2.24588,0.888684,0.0128381
215.199,-1.34754,1.72825,98.6194,2.47294,-0.850335,142.674,-0.666928,-1.54075,-2.57859,-0.0128381
167.951,2.57807,2.17924,155.886,-2.19822,-0.0292465,102.185,0.596272,-0.898477,2.20849,0.0128381
252.133,2.18525,0.793087,54.1866,-4.13412,-3.00681,156.924,0.593918,-2.21246,-2.48329,-0.0128381
104.012,1.62359,-0.0764131,52.1551,-2.64683,2.61954,63.2674,0.94443,-2.9628,-2.69595,-0.0128381
164.17,-3.05318,1.47708,55.2918,0.837006,2.53327,102.189,-1.09139,-1.45143,1.05619,0.0128381
222.913,1.25961,-0.329628,182.831,-3.36821,-1.8892,109.222,-0.794037,2.54271,1.55957,-0.0128381
187.004,0.581335,-2.94004,43.3716,-3.41189,1.48293,122.326,-0.0995266,-0.108516,1.86021,0.0128381
267.682,1.12868,2.78788,102.825,-2.98068,-0.643297,71.7644,0.139917,-1.20421,-2.85201,0.0128381
138.843,3.02475,-0.465845,106.283,-3.6272,0.455059,126.409,-0.645837,3.02137,-0.920904,-0.0128381
90.6663,-2.60225,-1.90313,70.6921,0.958758,1.93962,141.86,-1.73014,1.62369,-2.44044,0.0128381
82.8251,-2.91632,2.35533,58.0276,2.65134,-2.60671,100.156,-0.280906,-0.597045,1.32115,0.0128381
124.333,-0.599847,1.81736,105.694,3.57034,-2.96334,154.41,1.62244,-0.593739,1.50248,0.0128381
84.7216,-0.176045,-1.86421,72.6993,3.05048,2.88722,29.0465,3.10295,0.306359,-1.53175,-0.0128381
211.624,1.87199,0.680858,72.7029,-4.16952,-0.277509,67.2437,1.59003,-2.7194,0.958367,0.0128381
110.29,1.114,2.65362,91.5908,-2.32351,-2.9192,177.121,-1.54687,-0.51228,-0.710369,-0.0128381
244.665,2.75779,-0.432483,36.3829,-1.85046,-0.882071,162.344,0.562619,2.65328,0.449588,0.0128381
243.526,-2.00999,2.29362,38.7897,1.75505,2.98514,205.388,-1.40761,-0.849125,0.691527,-0.0128381
135.425,0.365059,2.32499,49.9027,-3.89825,-1.70404,61.0549,-1.74703,-0.314811,-2.25416,-0.0128381
205.376,-1.25436,2.0388,190.151,2.66664,-2.28594,183.204,1.0629,-0.247496,1.95844,0.0128381
116.258,1.21665,-0.285365,52.1113,-2.00554,1.54972,54.9723,-0.962847,3.06347,-1.83509,-0.0128381
191.814,0.458623,0.380271,84.426,-3.06719,-0.82455,191.458,-2.27149,2.89894,1.20482,0.0128381
174.215,-1.1633,1.2909,110.21,2.84348,0.161983,115.27,0.103776,-2.02866,-1.12892,-0.0128381
131.99,3.04974,-1.18335,37.4317,-2.27993,2.87599,48.9488,1.01994,1.96047,2.22385,0.0128381
83.5019,-2.14584,1.27085,62.3934,2.82592,2.57104,101.565,-0.845179,-1.11099,1.3002,0.0128381
63.3004,2.11674,-2.74383,51.8875,-1.85726,-0.0535645,30.4635,0.703155,2.08883,-2.69027,-0.0128381
113.927,3.02527,-0.643255,77.6667,-1.04341,-0.374119,98.7963,0.293528,2.29387,-0.269137,-0.0128381
233.898,-0.970215,1.22159,42.8985,2.72657,-2.92434,202.662,1.15429,-1.49326,2.13726,0.0128381
207.724,-1.81875,1.32284,37.2613,3.30926,0.903463,193.801,-0.256005,-1.94134,-0.419375,-0.0128381
289.22,2.05135,-2.75179,52.2503,-4.24092,1.81352,230.32,-0.313749,0.221732,1.71787,0.0128381
343.917,-1.45727,-1.87063,58.577,3.11799,-0.490262,129.646,1.53513,1.2208,1.38037,-0.0128381
224.98,-2.22864,1.47318,109.985,1.48017,0.466706,246.501,-0.777038,-1.8668,-1.00647,-0.0128381
133.616,-1.52849,1.66008,35.6363,2.37107,-0.600408,77.5643,-0.653229,-1.84238,-2.26049,0.0128381
59.2302,-3.67239,1.33494,48.4348,0.112192,1.38254,78.5909,-2.06952,-1.81812,0.0475979,0.0128381
110.676,1.30142,1.82854,99.1677,-2.03189,-2.65976,63.3958,0.718682,-0.675184,-1.79488,-0.0128381
110.005,2.89187,-2.93878,57.3144,-3.33101,-1.46397,118.732,-0.248325,1.05469,-1.47481,-0.0128381
156.63,1.2352,2.16386,86.1335,-2.49228,-1.94991,79.6688,-1.0636,-0.319514,-2.16941,-0.0128381
158.685,1.74956,0.683832,149.774,-1.89783,2.51642,85.3695,1.82541,-1.91917,-1.83259,-0.0128381
75.8561,-2.84858,2.87124,41.6049,4.45867,0.970728,66.2316,-1.24398,-0.756347,-1.90051,-0.0128381
264.376,-2.26796,-2.35152,76.5323,1.98039,-0.309247,220.397,1.32136,1.07766,2.04228,0.0128381
148.91,-2.92963,1.02777,104.959,2.74485,-0.953035,55.3324,0.328445,-2.49199,-1.98081,-0.0128381
159.413,-2.23922,1.23496,55.9389,3.22644,1.32934,251.621,0.136576,-1.94593,0.0943823,0.0128381
116.328,1.332,0.185691,88.1426,-3.38971,-1.12349,57.5813,1.00736,2.00742,1.30918,0.0128381
125.164,-1.34942,-0.551066,53.4237,3.75512,1.54028,107.78,0.291827,2.71442,2.09135,0.0128381
133.922,-2.56677,2.62575,88.4821,2.98155,1.2985,49.6283,-0.239481,-0.570802,-1.32725,-0.0128381
89.3685,1.29722,-2.01956,63.6309,-3.91794,-2.76111,113.037,-2.03806,0.938167,0.741551,0.0128381
99.5801,0.814391,-0.128323,45.7297,-3.01292,0.786046,149.287,-0.64209,2.65998,-0.914369,0.0128381
254.279,-1.93556,1.82667,212.399,1.62403,-2.15527,212.313,-0.471482,-0.688657,2.30124,0.0128381
187.351,-2.58504,0.834061,90.8315,1.53406,-0.551637,113.395,-0.799771,-2.78332,-1.3857,-0.0128381
282.021,1.32408,-0.942834,59.8647,-2.95329,-2.26343,258.455,0.524788,2.02379,1.32059,0.0128381
251.504,0.945279,-0.205825,188.273,-2.44386,-1.78671,170.465,-0.869705,2.22156,1.58088,0.0128381
102.852,1.61633,1.0655,38.8399,-2.53462,-0.716279,77.4804,-0.363456,-2.27566,1.78178,0.0128381
167.387,-1.79324,-1.78068,110.765,3.46216,-3.04409,172.589,1.3673,0.897749,-1.26342,-0.0128381
130.09,-3.23636,-0.023024,78.4266,1.89035,-1.6104,83.1484,-1.23328,2.90127,-1.58738,-0.0128381
86.3993,0.201734,-2.1847,69.0572,-2.93481,-2.15712,84.5206,-0.236033,0.349407,-0.0275877,0.0128381
226.085,1.58225,1.14654,117.92,-3.77238,2.85852,219.422,-0.23184,-1.65409,-1.71198,-0.0128381
164.531,-3.68682,2.56917,74.7196,3.34991,2.32675,150.547,-0.276465,-0.649608,-0.242419,-0.0128381
167.524,-2.59728,-0.132948,54.0115,1.80452,1.47934,117.203,0.697972,-3.00005,1.61229,0.0128381
165.218,-1.13578,-2.33383,126.895,2.43604,1.67749,79.2866,1.71216,-0.668664,-2.27186,-0.0128381
201.663,3.11535,-0.766797,143.668,-1.93836,-2.62263,102.104,-0.0366352,1.7747,1.85583,0.0128381
86.7676,-3.14174,-2.2287,48.5777,3.33905,-1.23034,66.9785,-1.86019,1.33021,0.998366,0.0128381
129.215,2.0241,2.94173,65.0693,-1.83792,2.20354,87.763,-1.28011,-0.380895,0.73819,-0.0128381
145.678,1.53355,1.68736,80.9917,-2.78639,2.65308,179.697,-0.100058,-1.0318,-0.965711,-0.0128381
81.1373,2.32098,-1.96607,64.6241,-3.26976,-2.23004,130.515,-0.0185243,1.20701,0.263974,0.0128381
191.342,-1.07332,3.01084,178.222,2.08134,0.780935,98.4378,0.673233,-1.97322,-2.2299,-0.0128381
103.22,0.473721,-0.739713,88.8054,-2.87275,-2.56904,82.5077,-0.622916,1.96164,1.82933,0.0128381
134.816,2.05147,2.4435,54.0646,-3.90562,-1.58582,75.8299,-1.92869,-0.343579,-2.25387,-0.0128381
186.148,-0.727744,1.45271,131.821,2.80424,-1.2651,22.7172,1.54248,-2.57283,-2.71781,-0.0128381
105.961,-1.68989,1.68175,93.8427,1.55571,2.72275,142.876,0.423951,-0.937949,1.04099,0.0128381
103.355,1.13014,-2.3142,64.6323,-4.00602,2.78853,125.251,-1.14412,0.558494,1.18045,0.0128381
126.413,1.69162,-2.80595,74.7643,-2.24726,-2.3065,141.657,-0.382814,0.326018,-0.499451,-0.0128381
104.661,2.78283,0.528378,35.3621,-3.35138,2.11072,60.5393,2.49717,-2.86308,-1.58234,0.0128381
158.928,-1.59211,0.672336,141.313,2.3563,-0.909486,183.726,2.02765,2.87505,-1.58182,-0.0128381
138.14,-1.54774,0.5331,75.0405,3.17561,-2.65651,123.486,0.631253,-2.44783,3.09357,0.0128381
108.778,1.2578,-2.73821,45.9394,-3.22126,2.08403,106.476,0.654265,-0.133155,1.46095,-0.0128381
188.149,-2.64927,-3.0352,51.0681,4.04035,-2.40298,148.125,0.084086,0.22534,0.63222,0.0128381
127.085,2.48544,2.17208,76.0766,-3.98016,3.10436,109.112,0.61198,-0.565621,-0.932285,-0.0128381
193.491,-2.49226,1.84023,184.055,0.524814,-1.43185,119.061,-1.88047,-3.13987,3.01111,-0.0128381
87.5682,-2.21719,-2.22133,68.8316,3.94973,2.60811,97.8061,0.165721,0.3089,-1.45374,-0.0128381
185.187,-2.86884,1.90205,78.992,2.98699,-3.05911,101.735,0.35835,-1.21903,1.32203,0.0128381
172.496,2.64945,-0.123554,150.125,-1.37908,-0.814208,111.026,0.192527,2.86021,0.690655,0.0128381
142.617,-2.98262,1.2789,73.1124,2.419,2.61908,137.027,-1.05658,-1.83386,1.34018,0.0128381
78.3518,2.77377,1.19887,72.21,-1.59046,1.08671,100.361,-1.36879,-1.77279,0.112158,-0.0128381
178.331,-2.24059,0.247748,170.824,1.06271,2.29985,114.136,-1.32941,-1.79314,2.0521,0.0128381
143.177,-1.08874,1.05009,41.711,4.63469,2.39098,155.918,-0.121444,-1.76849,1.34089,0.0128381
138.638,-0.834023,0.754402,51.8109,2.39292,-1.96797,54.6418,0.0413623,-3.08893,-2.72237,-0.0128381
210.813,3.01313,-2.57169,45.1361,-3.46004,2.93274,157.184,-0.401168,0.795453,0.778759,0.0128381
119.886,0.260167,2.13793,37.2065,-4.4026,-2.85206,140.304,-2.06972,-0.973399,-1.29319,-0.0128381
281.605,1.26907,-1.20054,183.337,-2.91061,2.96848,97.8875,-0.156906,1.22761,2.11416,0.0128381
246.157,-2.31347,2.14532,60.0285,1.50129,-1.98702,178.254,-0.956863,-0.761796,2.15085,0.0128381
202.282,2.74126,-0.836891,122.226,-0.774953,-0.4688,267.093,2.28905,2.44301,-0.368091,0.0128381
239.916,2.3891,-1.75418,137.107,-1.77597,0.0832517,122.925,1.34939,1.52356,-1.83743,-0.0128381
153.921,-2.90322,-2.50527,124.796,2.14246,1.89107,124.404,0.737922,0.56072,-1.88684,-0.0128381
140.373,2.14559,-1.74258,111.55,-1.30496,-2.67111,245.004,0.0612802,1.41752,0.928529,0.0128381
138.314,-1.7373,-1.69753,88.9394,1.91378,-0.829937,114.588,0.523664,1.56377,0.867593,0.0128381
162.957,0.795378,2.58382,128.133,-3.591,1.27441,141.031,-0.349323,-1.15022,1.30941,0.0128381
145.866,1.80891,1.4864,96.0676,-2.5627,0.163775,131.953,1.08516,-2.13727,1.32262,0.0128381
286.713,2.33929,2.18456,72.0156,-1.35402,-2.1398,103.341,1.73215,-0.883624,-1.95882,-0.0128381
268.208,-1.48082,-1.81895,111.993,2.70282,1.80708,94.3533,0.610587,0.975943,-2.65715,-0.0128381
64.6397,1.85633,1.30246,38.0716,-3.38866,-0.767158,52.1162,0.0516039,-2.0153,2.06961,0.0128381
75.8179,-2.24794,-1.9896,49.0851,2.58237,2.6738,67.4441,-0.504624,0.684395,-1.61978,-0.0128381
194.843,-0.960437,-0.699771,50.7954,2.27299,2.43968,120.01,-0.388564,2.63963,3.13945,0.0128381
146.037,-1.38787,0.292209,64.3942,3.95968,-1.25861,66.1979,0.0506228,3.13297,-1.55082,-0.0128381
181.501,-3.13814,-2.53381,150.396,0.319016,2.49244,262.664,-1.95704,0.0808603,-1.25694,-0.0128381
227.986,-1.9459,-2.90762,99.3367,3.33163,0.835577,104.595,0.462674,0.562911,-2.53999,-0.0128381
170.243,1.95982,-0.373837,164.455,-1.42028,-1.56726,232.844,-0.0740698,2.19692,1.19342,0.0128381
134.937,-3.18002,2.16481,32.9959,1.96539,3.12867,104.169,0.294253,-0.796835,0.963858,0.0128381
50.9405,2.72787,-1.42374,32.7014,-3.90736,3.11202,33.8316,-1.56601,1.61466,1.74743,0.0128381
123.912,2.34681,2.46451,42.0356,-1.81169,1.18705,102.139,1.43366,-0.800984,1.27746,0.0128381
181.866,-0.307604,-2.18919,117.392,2.73403,-1.24377,223.295,0.595967,1.22179,0.94542,0.0128381
146.025,-2.6181,0.340947,125.689,1.20082,-2.84326,39.6518,-1.59107,2.30556,3.09897,-0.0128381
140.566,0.977643,2.37634,111.918,-3.44232,0.620543,156.125,-0.402489,-1.63562,1.75579,0.0128381
163.682,-2.87814,0.0995184,45.309,1.18156,2.25064,106.43,-1.819,-2.80301,2.15112,0.0128381
89.454,1.51786,-1.30174,85.2955,-1.80608,-2.68995,30.9063,-1.34254,1.01723,1.38821,0.0128381
136.502,-2.47495,0.932415,112.13,2.70778,-0.27414,220.364,-1.59574,-2.12103,-1.20655,-0.0128381
361.545,-1.45173,1.00362,74.6497,1.85724,2.80028,336.772,0.307355,-2.03884,1.79667,0.0128381
128.054,2.67677,0.0575806,86.2761,-1.28686,0.111046,164.31,-0.919711,-2.92448,-0.0534658,0.0128381
107.04,2.20924,-1.30541,50.7562,-2.26369,-2.88321,98.7517,0.766889,1.30041,1.5778,0.0128381
145.439,-1.01874,-0.874341,53.3191,3.63114,-0.388765,74.9127,0.942167,2.68429,0.485575,0.0128381
180.6,-0.828273,2.06083,163.989,3.12445,0.5971,109.301,0.924556,-2.43711,-1.46373,-0.0128381
145.207,1.64611,-2.03084,120.74,-2.98069,1.79738,74.8938,-1.07112,-0.148345,2.45496,0.0128381
210.994,2.3298,-0.956508,52.0992,-4.01554,-3.09107,134.747,0.0749977,1.90293,2.13456,0.0128381
151.77,2.41499,-2.55794,109.175,-1.46802,1.85638,98.7001,-0.73189,-0.190965,1.86886,0.0128381
194.382,-2.20431,1.98563,64.4728,2.01515,-2.34082,117.921,-0.780753,-0.70788,1.95674,0.0128381
77.113,2.78622,3.10183,34.2976,-3.95583,-2.58761,46.4338,-2.15421,-0.282284,-0.593745,-0.0128381
123.198,2.73103,-1.72698,39.9657,-1.40339,-2.74526,113.986,-0.350971,1.12728,1.01828,0.0128381
173.872,-2.6832,0.0626402,79.6774,2.94794,2.04765,102.925,0.602619,-2.64508,1.98501,0.0128381
117.98,0.170885,1.96779,109.012,-3.32248,-2.0486,54.8494,-0.941301,0.0926483,-2.2668,-0.0128381
150.299,2.68002,-0.134938,96.968,-1.19397,0.488394,101.596,1.94052,2.66499,-0.623332,0.0128381
186.407,1.24077,2.68876,44.1736,-3.03062,-1.91528,92.8058,-2.0693,0.066523,-1.67914,-0.0128381
132.485,0.634262,0.214246,49.9362,-3.77111,2.30427,65.1924,-1.34222,-2.09632,-2.09003,-0.0128381
121.123,-2.26407,3.05043,90.8089,1.51691,-1.82279,181.939,0.209833,0.652081,1.40997,0.0128381
175.195,-1.978,-1.46873,114.324,3.34557,0.149214,154.562,0.315184,2.10984,1.61794,0.0128381
97.9108,-2.1856,-0.243324,46.2127,1.74239,-1.97777,66.1837,0.10586,2.33215,-1.73445,-0.0128381
110.4,0.829678,1.28807,78.4873,-3.37797,2.71532,199.81,-0.539969,-1.13253,-1.42725,-0.0128381
223.995,2.3521,2.84567,60.2425,-3.57524,2.1668,267.087,0.871168,-0.643128,0.67887,0.0128381
215.939,-3.28526,-0.470297,213.569,2.48535,-2.3278,201.95,-1.95661,1.9192,-1.8575,-0.0128381
126.07,2.90704,2.90334,66.9434,-0.886996,-1.94337,104.66,0.213505,0.638695,-1.43648,-0.0128381
103.334,-2.48607,2.2832,60.4756,2.47621,-3.06039,84.5649,-0.219677,-0.458551,0.939595,0.0128381
288.921,-0.963113,1.52747,83.7236,2.19282,-0.492603,105.443,0.543215,-2.10683,-2.02007,-0.0128381
188.772,-3.04379,-0.461282,161.924,0.832884,1.64629,98.9258,-1.43659,-2.21564,2.10757,0.0128381
211.131,1.54861,2.49261,91.4455,-3.43942,-2.25161,278.304,0.879099,-0.225005,-1.53896,-0.0128381
165.178,-1.8427,-1.70278,99.3934,2.41267,-0.938836,215.087,-0.0595185,1.54904,0.763942,0.0128381
340.037,2.48183,-0.999169,114.206,-1.18652,-2.48956,133.897,-0.148378,1.64265,1.49039,0.0128381
187.437,2.6483,0.231981,100.873,-3.29623,3.02323,78.0173,1.81781,-2.27693,-2.79125,-0.0128381
231.65,2.62326,1.58741,89.5961,-1.74125,-2.03618,59.2702,0.761486,-0.843995,-2.65959,-0.0128381
112.283,-2.21717,0.761126,81.3058,3.57211,-1.53974,47.2876,1.08034,-2.85226,-2.30086,-0.0128381
143.278,-1.48019,2.03441,116.096,1.73524,0.509615,147.024,-0.184414,-1.68872,-1.52479,-0.0128381
135.079,2.46336,1.06997,66.855,-3.46581,-0.81813,108.869,1.26394,-2.39624,1.8881,0.0128381
192.188,2.65188,2.18756,100.849,-0.464634,1.20031,134.468,1.02675,-1.34466,0.987252,0.0128381
383.967,-1.27086,-0.335998,185.369,2.24797,1.77997,208.786,-0.976868,-2.98076,2.11596,0.0128381
93.6051,-1.98511,-0.767126,83.3714,1.84825,0.596491,85.264,-0.168134,2.84275,1.36362,0.0128381
367.111,1.3138,2.95517,147.826,-2.60324,-2.1341,183.5,0.00996463,0.0744168,-1.19391,-0.0128381
95.6736,1.3233,2.63426,56.7722,-2.53733,2.5542,125.88,0.117859,-0.763717,0.0800626,0.0128381
91.1589,-1.99306,0.908231,87.6398,1.15429,-0.151218,42.391,0.288006,-2.47294,-1.05945,-0.0128381
281.397,2.51394,-0.155197,69.671,-2.38912,1.30742,107.42,0.0661901,-3.06614,-1.46262,-0.0128381
87.8174,-0.345364,-1.53834,64.6876,2.81656,-0.379639,125.387,0.848855,1.67469,1.1587,0.0128381
473.939,-2.16848,-1.14467,79.8911,1.20097,0.768519,373.711,0.088132,2.16503,1.91319,0.0128381
231.684,-0.653029,0.172476,91.3861,2.35921,-0.677905,290.801,0.624386,3.13616,-0.850381,-0.0128381
114.024,2.32004,2.36578,43.3268,-1.68816,-2.48698,92.1461,1.04645,-0.56742,-1.43043,-0.0128381
101.524,-2.5344,2.20448,57.193,2.89244,-3.14068,75.9707,0.923849,-0.0554878,0.938021,0.0128381
182.399,-1.70629,1.45872,134.844,2.77508,-0.276339,189.545,-0.282388,-2.44748,-1.73506,-0.0128381
275.674,-3.01882,1.95241,112.324,0.971167,0.713084,198.836,-0.567623,-1.49779,-1.23932,-0.0128381
112.949,3.12366,-0.23455,42.0066,-2.08108,-1.76255,97.9024,0.0607729,2.78574,1.528,0.0128381
103.117,1.15575,-1.33658,89.4184,-3.21786,-2.68184,50.7073,-1.378,0.969049,1.34526,0.0128381
301.691,-2.00819,-0.777407,64.1518,1.98564,0.92639,140.589,0.982409,2.51108,1.7038,-0.0128381
234.325,-3.12386,1.93316,145.028,1.90573,-2.87137,156.665,-0.513193,-0.653996,1.47866,0.0128381
170.263,-2.3445,1.82856,138.617,1.4708,-0.8788,96.8072,0.801637,2.9168,-2.70736,-0.0128381
123.84,-2.00226,0.058991,36.9639,4.09085,-2.55193,77.1313,0.370557,3.00117,-2.61092,-0.0128381
191.676,2.37536,-1.65999,79.8887,-2.15159,2.72757,160.717,-0.180312,1.04865,1.89563,0.0128381
304.868,2.86767,-0.51842,75.5289,-3.04667,-2.43967,270.481,0.597432,2.36985,1.92125,0.0128381
368.286,-1.85282,1.26255,46.2747,2.7012,-0.308236,196.022,0.804629,-1.93941,-1.57078,0.0128381
250.014,-2.35653,-0.254803,222.477,3.15653,-1.83256,272.382,2.00981,1.54759,-1.57776,-0.0128381
104.036,-2.84536,-3.0143,45.6316,1.80582,0.870427,45.3784,0.958279,-0.240066,-2.39846,-0.0128381
211.119,2.10978,-0.302491,172.96,-1.22124,-2.46817,116.733,1.29779,1.75521,2.16568,0.0128381
107.944,3.17893,-3.05399,84.8636,-1.40708,2.30417,151.804,2.36119,-0.281022,0.925027,0.0128381
404.987,-0.0952635,1.2619,141.173,2.98482,-2.62122,282.245,0.515536,-1.22018,2.40006,0.0128381
117.362,1.94516,-1.40449,61.81,-1.69958,0.504903,103.1,-0.300334,2.24143,-1.90939,-0.0128381
245.549,-0.608547,-3.10727,49.2844,4.29966,-1.11545,149.882,0.873009,0.181896,1.99182,0.0128381
152.759,-1.83452,2.90511,148.614,2.55936,-1.25809,141.5,-0.0457464,0.464259,2.11998,0.0128381
174.398,1.52505,1.64852,154.932,-2.34572,0.993881,148.636,-0.664835,-1.99127,0.654644,0.0128381
260.514,-2.08523,2.25531,53.0194,3.70713,-1.30022,167.375,-0.508519,-0.639468,2.72765,0.0128381
113.109,-2.9766,-2.34321,97.7328,3.15943,-1.26116,121.107,0.773108,1.24706,1.08205,0.0128381
377.718,1.88052,-1.62841,92.7685,-2.16656,-0.243519,315.909,0.630159,1.717,-1.38489,-0.0128381
112.096,0.349192,-1.3805,46.6317,-3.41096,-1.46996,110.437,-1.03664,1.82476,0.0894629,0.0128381
166.279,2.68226,2.52856,110.872,-0.652228,2.45107,148.199,0.478435,-0.447649,0.0774896,0.0128381
375.327,-1.78354,0.58151,87.0644,2.28198,1.85622,161.4,-0.106824,-2.41374,1.27471,0.0128381
209.204,-2.03033,-3.04506,103.8,2.74359,-1.80787,223.956,-0.716626,0.357709,1.23719,0.0128381
416.754,2.14941,1.49396,172.889,-3.37509,-1.96789,88.4511,1.06231,-1.71565,-2.82133,-0.0128381
185.73,2.11977,-0.253515,32.5859,-2.32062,0.518523,83.7168,1.04413,2.84853,-0.772038,-0.0128381
161.373,1.48281,-2.35387,109.172,-2.02242,-3.01555,142.251,-0.354881,0.272954,0.661682,0.0128381
140.958,0.103407,-1.08611,88.2301,-4.367,0.594624,68.7532,-1.6129,2.03435,-1.68073,-0.0128381
165.149,-2.0689,-1.27421,126.861,1.16735,0.605884,151.831,-0.0293478,2.69667,1.88009,0.0128381
117.939,2.53178,2.82016,76.7494,-3.54433,-2.83968,106.982,-1.65336,0.200149,-0.623347,-0.0128381
124.812,1.62648,-1.55161,106.755,-2.46701,-2.84824,108.691,-0.623625,0.979857,1.29663,0.0128381
179.817,-1.97446,2.74681,66.9385,3.58076,0.158584,151.31,0.0155295,-0.553421,-2.58823,-0.0128381
114.236,1.34002,2.69408,88.0945,-2.84038,2.40929,155.765,-0.501152,-0.666645,0.284791,0.0128381
181.891,2.70176,1.47628,89.7861,-1.54479,2.54631,215.295,-0.848581,-1.30522,-1.07003,-0.0128381
215.89,-2.62526,3.02451,114.017,2.42065,-1.66534,179.009,0.524293,0.232731,1.59334,0.0128381
453.71,1.24067,2.10324,172.252,-2.73027,0.212053,174.021,-2.14829,-1.39079,1.89119,0.0128381
62.6574,-3.30235,1.19095,55.1655,1.44876,2.79209,48.4559,-1.4888,-1.5304,1.60114,0.0128381
112.486,-2.13129,-1.05579,56.657,3.63016,2.22541,40.9019,-2.08497,2.082,-3.00199,-0.0128381
157.34,-1.43818,1.75656,51.5475,3.89121,2.59897,188.389,1.2861,-0.988572,0.84241,0.0128381
120.258,1.92696,1.8415,113.198,-3.64475,2.05366,167.943,-2.0836,-1.0254,-0.212155,-0.0128381
70.8028,2.91923,-1.45516,56.0895,-3.46452,-2.01092,56.9151,-0.0588302,1.41041,0.555758,0.0128381
168.487,0.208832,-1.72152,61.4392,-3.75726,0.0830286,102.729,-1.85696,1.7494,-1.80455,-0.0128381
67.413,-2.72406,2.13652,42.7574,1.03758,-0.0179273,27.0378,-1.1876,-1.56633,-2.15445,-0.0128381
121.675,3.55888,-2.1166,93.2627,-2.72668,2.01301,49.4484,1.14925,0.123929,2.15358,0.0128381
111.052,-1.62062,-0.082442,83.5762,3.51591,-2.76253,113.161,-0.6011,2.48108,-2.68009,-0.0128381
254.862,2.39114,-0.937795,167.393,-2.22528,0.522107,91.2481,1.0618,2.35203,-1.4599,-0.0128381
113.755,2.14593,-1.99088,111.902,-3.31903,-0.395989,124.435,-0.530768,1.96912,-1.59489,0.0128381
152.17,2.76338,0.773139,49.9205,-1.17109,-3.13302,94.167,1.13772,-2.1433,-2.37703,-0.0128381
232.156,-2.15323,-0.73207,36.5032,4.6521,0.437436,125.55,-1.35002,2.58129,1.16951,0.0128381
220.948,-1.76762,3.10122,173.862,3.39934,1.53107,153.965,0.0173017,-0.64295,-1.57014,-0.0128381
141.719,-3.03316,-2.60349,95.7687,3.96031,2.97722,47.8305,0.961182,0.0940766,-0.702468,-0.0128381
170.306,2.74207,1.66527,127.907,-1.17552,2.51854,149.088,-0.847237,-1.01141,-0.853276,-0.0128381
42.9482,3.45191,-0.892293,38.5659,-2.72609,0.782844,39.2291,-2.27744,3.13344,-1.67514,-0.0128381
358.217,0.865611,0.193981,35.6842,-3.87252,1.5806,152.823,-0.779468,-2.97596,-1.38662,-0.0128381
215.103,0.240484,2.76402,99.3035,-3.07887,0.424165,121.504,-2.14181,-0.827937,2.33986,0.0128381
235.432,1.03707,-2.35195,59.2882,-4.39672,-3.06316,329.657,-0.845745,0.692615,0.711209,0.0128381
104.765,2.72831,1.20492,95.4922,-2.29371,-2.21594,99.179,0.936016,-1.75225,-2.86233,-0.0128381
75.0058,1.68945,2.70704,46.5399,-3.78217,-1.85048,68.6998,0.356767,-0.383738,-1.72567,-0.0128381
105.774,-1.42303,-2.20977,53.8724,4.40683,-1.92008,96.1756,1.01144,1.03422,0.289686,0.0128381
203.863,3.2154,-2.55489,152.186,-2.9075,-0.296674,122.115,-0.392175,1.85328,-2.25822,-0.0128381
153.373,2.87621,0.476184,117.87,-2.97183,2.472,85.4716,-1.15038,-2.39898,-1.99581,-0.0128381
151.19,2.03423,-0.766789,96.4733,-2.9079,1.17455,121.867,-0.687288,2.83337,-1.94134,-0.0128381
79.6568,1.52011,-2.228,77.3242,-2.14488,2.11418,54.4388,-0.943163,-0.562744,1.941,0.0128381
174.606,-2.00109,0.00888364,68.5593,1.75942,0.843852,83.8719,-1.40704,-3.02853,0.834968,0.0128381
173.055,1.13881,-1.68473,156.871,-2.16511,-0.124453,130.736,0.00500522,1.90269,-1.56028,-0.0128381
425.136,1.64081,1.59606,96.89,-1.97252,0.849196,383.019,-0.577593,-1.55283,0.746859,-0.0128381
432.102,0.85398,-2.92512,113.971,-3.1979,1.49427,139.142,-0.19131,0.160825,1.8638,0.0128381
127.756,2.39042,0.633333,57.575,-3.17352,-0.520319,74.4715,-1.29282,-2.97315,1.15365,0.0128381
64.5914,2.05102,0.0788582,30.5299,-4.20509,-2.57784,30.6261,-1.57951,1.66443,2.6567,0.0128381
231.39,-1.81311,0.896386,45.0519,2.14828,2.464,210.141,1.1121,-2.05298,1.56761,0.0128381
67.9991,1.38224,-0.411761,67.5212,-3.4861,-1.94562,36.0752,-2.59632,2.05064,1.53386,0.0128381
86.7676,2.17402,-2.52192,73.6073,-3.3033,-2.26958,161.733,-1.05733,1.10719,-0.252336,-0.0128381
132.638,-2.49261,1.55124,101.345,3.68577,0.498221,200.269,-1.00788,-2.16942,-1.05302,-0.0128381
278.137,2.51348,1.15274,93.4618,-1.03293,-0.803135,154.949,-0.175493,-2.37038,1.95588,0.0128381
124.685,-0.799966,0.215583,105.598,2.61801,-1.31217,171.688,1.10159,2.93031,-1.52775,-0.0128381
137.052,-0.991901,-0.423342,69.259,2.53906,-0.795576,103.276,0.596317,2.22854,-0.372234,-0.0128381
220.644,1.19966,1.67898,143.612,-2.7584,-2.17449,96.9005,-0.773321,-0.517904,-2.42972,-0.0128381
171.338,-2.6702,-1.24203,87.5086,1.68165,2.47279,67.159,-1.00287,1.77853,-2.56836,-0.0128381
146.36,2.21622,2.12423,78.8713,-1.63959,-0.783415,80.5451,0.724827,-0.232054,2.90764,-0.0128381
143.419,-2.31675,1.29056,60.6522,1.25048,1.79462,108.945,-1.32357,-1.64782,0.504061,0.0128381
141.513,-3.00996,-2.45174,93.209,0.852673,-0.918689,93.6236,0.625648,1.30389,1.53305,0.0128381
160.305,1.01986,2.9045,66.6964,-3.10952,-1.88404,156.386,0.376802,-0.259634,-1.49465,-0.0128381
100.472,-2.57648,1.78651,86.4922,3.14366,1.85875,166.898,-0.676506,-0.955078,0.0722398,0.0128381
91.5948,1.94146,0.206074,62.0892,-3.15128,-1.24887,58.9931,-0.936056,3.08723,1.45494,0.0128381
136.195,1.47525,2.79561,83.455,-3.49093,1.55935,117.471,-0.320084,-0.63557,1.23626,0.0128381
185.279,-2.53834,-1.64115,169.992,1.38572,0.572293,69.878,0.334091,2.88757,2.21344,0.0128381
136.437,1.51103,2.66096,97.3733,-3.75426,-0.979511,59.2159,-1.91022,-0.272865,-2.64271,-0.0128381
138.569,-3.2112,1.53201,82.4715,1.51561,-0.000522294,92.8577,0.96319,-2.34281,-1.53253,-0.0128381
146.29,-0.906881,0.431147,105.383,2.72544,-0.975083,158.763,0.696974,2.68329,-1.40623,-0.0128381
123.103,2.19148,0.96424,33.5249,-2.38655,-1.27808,41.9991,-0.36322,-2.10698,2.24232,0.0128381
286.766,1.65852,-2.27273,136.147,-2.32812,2.76493,174.827,-0.153242,0.50951,1.24552,0.0128381
138.053,2.06934,2.77708,86.5833,-2.20472,-1.13733,79.8527,0.940216,0.165208,-2.36877,-0.0128381
93.2692,1.60864,-3.05017,72.4301,-2.30774,-0.508106,55.744,1.02447,1.35822,-2.54206,-0.0128381
145.05,-2.49026,2.92265,95.4925,1.9161,0.947143,105.994,-1.1112,-0.962706,-1.9755,-0.0128381
603.791,1.65399,-2.6429,123.028,-2.66444,1.09393,427.004,1.14888,0.37051,2.54636,0.0128381
119.899,-0.676073,1.44455,106.946,3.56732,1.91523,222.064,0.828884,-1.5842,0.470677,0.0128381
111.344,-1.6383,0.398843,69.3491,4.06131,-0.314613,81.3849,1.00831,-2.85882,-0.713455,-0.0128381
209.579,2.64721,1.23532,30.9017,-0.808984,-0.730406,107.101,2.19579,-2.21006,1.96572,0.0128381
88.3076,-1.95441,0.171885,42.5914,2.46899,-1.22528,74.2382,-1.45732,2.92632,-1.39717,-0.0128381
427.199,-1.59758,2.42564,183.476,1.47268,-1.32257,108.386,0.51898,-0.910316,2.53498,-0.0128381
193.553,1.03269,3.00155,68.8444,-3.60174,-2.03892,141.153,0.307626,0.156609,-1.24272,-0.0128381
184.396,1.91781,-1.96975,120.948,-3.01493,-0.190291,98.2865,0.570894,2.10004,-1.77946,-0.0128381
237.922,-2.12509,1.49421,103.511,1.67324,-2.8066,88.7324,0.703263,-1.515,1.98238,0.0128381
78.0847,-3.90931,2.62149,68.3794,2.98764,-2.32761,61.6735,0.646346,0.262545,1.33408,0.0128381
198.006,-1.62943,-0.713592,72.2447,3.45189,0.851072,147.985,1.51724,2.76976,1.56466,0.0128381
177.719,-1.97856,-1.25548,47.1991,2.72378,-0.921967,205.747,1.47523,2.04021,0.333512,0.0128381
78.0387,-1.15361,-2.47391,48.3965,3.00472,-1.274,78.6593,0.190993,1.02582,1.1999,0.0128381
145.622,1.84741,0.0509628,38.4019,-3.85286,1.87361,33.7341,0.830873,-3.01765,-1.82265,-0.0128381
106.873,0.568559,-2.86736,75.5439,-3.73641,2.18488,95.1172,-1.89687,-0.112751,1.23095,0.0128381
152.327,2.14395,0.415705,71.1003,-2.26015,2.26784,81.6516,-0.323738,-2.45652,-1.85214,-0.0128381
126.387,3.25966,2.01599,35.1752,-2.66422,0.616055,40.0498,1.95125,-1.61587,1.39994,0.0128381
274.673,2.79779,0.863302,84.6412,-2.16998,2.33951,128.331,-0.460714,-2.19068,-1.4762,-0.0128381
145.254,0.56625,-2.36962,113.912,-2.55405,2.33085,133.448,-0.0972164,-0.00868931,1.58271,0.0128381
146.42,-2.04981,-2.59036,112.741,1.26563,1.06523,82.3708,-0.137551,0.132493,-2.6276,0.0128381
293.334,1.91816,1.00453,66.8441,-2.28068,2.28587,158.122,-0.00258046,-1.908,-1.28135,-0.0128381
123.185,2.22508,-2.49183,96.1367,-3.29235,1.6552,101.535,1.09215,0.210254,2.13616,0.0128381
183.236,-2.55167,-1.50835,156.57,2.21152,2.99964,146.046,-0.351151,0.917569,-1.7752,-0.0128381
305.84,-0.242481,-1.09206,118.481,3.4664,0.319942,279.866,1.26709,2.51371,1.412,0.0128381
331.38,-0.958338,0.472153,191.951,2.79878,-0.904673,122.199,0.377141,3.1107,-1.37683,-0.0128381
178.106,1.96625,3.11515,139.408,-2.56473,-1.82511,122.598,0.322186,0.696211,-1.34292,-0.0128381
148.919,1.42238,0.608782,34.3142,-3.09205,-1.05425,56.0414,-1.44669,-2.93162,1.66303,0.0128381
300.332,1.75368,-1.73448,105.559,-3.26444,1.13925,142.971,1.03,1.66549,-2.87373,-0.0128381
183.222,-1.49925,2.93286,173.039,2.4517,-2.53644,244.6,0.618553,0.295166,0.813877,0.0128381
139.613,-3.7598,0.00160601,120.013,1.31863,1.84782,78.2317,-1.78033,-2.18962,1.84621,0.0128381
227.886,2.04302,0.0228684,86.2084,-2.18865,1.98216,136.456,0.355964,-2.83257,-1.95929,-0.0128381
134.991,-3.05283,2.98684,131.622,3.06496,1.9187,121.085,0.700065,-0.803486,-1.06813,-0.0128381
214.096,-2.6603,-1.3099,54.1675,2.1698,2.15184,98.3144,-0.285386,1.84585,-2.82145,-0.0128381
230.88,-2.29136,-1.15826,103.23,1.94169,-2.71122,154.788,-1.02006,1.87501,-1.55296,-0.0128381
150.268,2.00884,-3.06839,112.624,-2.15671,-1.98614,195.424,0.0307292,0.503953,-1.08225,-0.0128381
123.207,-2.21428,-1.28746,43.6566,2.73906,-0.683599,127.28,-1.80007,2.21724,0.603861,-0.0128381
98.436,2.44797,0.947405,31.58,-3.92257,2.67318,44.95,-1.86831,-2.05985,-1.72578,-0.0128381
338.937,-0.440298,-0.291654,160.876,3.06126,0.545063,306.06,-0.00535147,3.09934,0.836718,0.0128381
234.121,-2.08024,-2.21401,51.4483,4.34975,1.12666,108.46,2.3237,0.816787,-2.94252,0.0128381
53.0612,3.4492,1.89412,48.1698,-2.21829,0.712864,56.2982,0.677278,-1.49541,1.18126,0.0128381
100.422,-3.13265,3.06936,63.4743,2.3042,1.62274,44.4424,1.43231,-0.783542,-1.44662,-0.0128381
78.0193,-3.25814,-0.261617,36.5506,4.11599,0.590005,79.934,-0.650483,2.7017,0.851622,0.0128381
99.4911,3.15077,-0.738645,97.9453,-2.40225,-2.43959,51.7509,0.781549,0.41449,1.70094,0.0128381
143.247,2.58917,-0.497642,120.421,-1.26107,1.3126,78.7664,-1.20239,3.06898,-1.81024,-0.0128381
120.881,0.726342,0.0692395,45.4396,-2.39853,-1.2089,73.212,-0.637598,2.8081,1.27814,0.0128381
160.562,2.49654,-0.157031,59.8414,-2.3934,1.33639,147.344,1.0077,-3.03657,-1.49342,-0.0128381
82.8384,-3.06329,-0.610942,72.1857,3.58186,-2.4661,59.3829,-0.218237,1.70357,-1.85516,-0.0128381
122.998,-2.63833,2.28278,70.6348,1.93856,-2.43665,112.004,-1.10599,-0.452188,1.56375,0.0128381
96.8416,2.26726,2.24254,48.1293,-3.10849,2.91905,73.6421,1.56211,-0.849888,-0.676511,-0.0128381
199.699,0.902591,1.50247,125.933,-2.44316,0.219953,189.005,0.341111,-2.16246,1.28252,0.0128381
144.771,-2.28444,1.70365,65.6349,1.88103,0.816748,164.085,-0.215539,-1.5992,-0.886905,-0.0128381
178.323,-0.752211,1.46889,148.728,2.56875,-1.14878,97.5316,1.24971,-2.09533,-2.61767,-0.0128381
251.74,-1.45393,0.0481618,93.5784,3.32242,-2.28992,59.4183,1.40057,2.75541,-2.33808,-0.0128381
266.295,-2.64683,0.578855,74.5187,2.27052,-0.520677,185.719,1.01264,-2.91632,-1.09953,-0.0128381
115.887,3.07962,1.4822,36.0592,-4.16873,2.65049,92.3617,-0.857171,-1.49581,-1.16829,-0.0128381
73.7198,-1.73411,1.49466,69.7675,1.6751,1.09249,107.434,0.166149,-2.40079,-0.402171,0.0128381
187.703,1.70128,-2.55151,69.8819,-2.72223,1.33317,106.875,0.0236967,0.0184602,2.39851,0.0128381
185.772,0.839578,-2.45599,130.966,-3.76451,-0.472687,91.322,-0.926183,1.43858,-1.9833,-0.0128381
140.847,-1.81946,0.0393453,139.268,2.88049,-1.84712,134.211,-0.615423,2.49884,-1.88647,-0.0128381
250.629,1.38979,-0.334836,175.038,-1.93229,-2.65138,54.8052,-0.848087,1.84788,2.31654,0.0128381
348.771,2.71839,-2.73974,92.364,-3.12351,3.13587,152.01,-0.28723,-0.0215901,0.407579,0.0128381
185.842,2.29682,-0.861717,104.189,-2.14591,0.883561,82.8021,1.25602,2.9076,-1.74528,-0.0128381
135.002,3.16071,-3.09904,117.568,-2.10267,0.610694,54.721,1.72621,-0.908635,2.57345,0.0128381
101.658,-3.42523,0.320324,43.2744,2.32994,-1.90054,52.1702,1.07485,2.52605,-2.22087,-0.0128381
211.045,2.29469,-0.406837,63.9426,-2.74471,1.62747,166.058,0.490683,2.87497,-2.0343,-0.0128381
494.383,1.17796,-2.74238,118.164,-2.38157,1.66875,130.253,-1.9447,0.212219,1.87206,0.0128381
52.9385,-2.66419,0.941226,41.1267,3.54644,-3.0053,47.0795,0.812116,-1.17661,2.33666,0.0128381
167.437,-0.0503715,0.54004,58.279,3.76985,1.28604,109.426,1.2221,-2.32111,0.746001,0.0128381
87.5775,1.65575,-2.87672,66.1036,-2.38654,-1.5704,84.3852,0.961095,1.11748,-1.30632,-0.0128381
91.2325,3.9493,0.506994,89.7281,-1.79749,-1.72175,39.8783,-1.65362,2.76379,2.22874,0.0128381
125.066,-1.24169,-2.30628,63.7849,3.69995,1.74208,53.3663,-1.3721,-0.612243,-2.23482,-0.0128381
154.176,2.60824,2.27766,102.755,-2.86499,1.79044,182.972,-1.08745,-0.48947,0.487215,0.0128381
286.844,-2.77212,2.70847,270.902,2.45655,1.61793,439.016,0.220608,-1.0892,-1.09054,-0.0128381
145.183,-3.52107,2.25985,54.0737,1.87289,-2.85173,108.103,0.174414,-0.5807,1.1716,0.0128381
91.4669,3.79955,-0.874463,49.011,-1.48085,0.701637,63.9518,0.322592,2.59515,-1.5761,-0.0128381
148.2,-3.37512,0.761646,142.392,1.57936,2.49862,112.191,0.422689,-1.917,1.73698,0.0128381
274.484,1.83139,-0.480036,94.0852,-1.96424,1.93572,135.387,-0.699774,3.03666,-2.41575,-0.0128381
121.25,-1.14332,2.31232,53.709,3.75302,1.53024,115.008,0.464698,-0.848956,-0.782088,-0.0128381
435.855,-2.23788,1.605,83.5116,2.40325,1.3431,443.857,-0.393365,-1.84123,-0.2619,-0.0128381
106.644,-1.92399,-1.53751,60.9384,2.01107,2.59771,119.038,0.465716,1.07622,-2.14796,-0.0128381
316.118,-2.32001,2.17973,111.809,1.68399,-2.40228,134.867,0.943234,-0.564195,1.70118,0.0128381
232.558,-1.14031,-1.00354,42.3324,2.51607,1.46225,128.711,-0.50553,2.15972,2.46579,0.0128381
145.729,0.850243,-3.11782,85.7633,-3.90457,-1.23316,119.419,-0.483371,0.248618,-1.88466,-0.0128381
172.465,-2.63094,-0.83714,77.0732,3.4133,-1.50914,260.302,-0.944033,1.99529,-0.671998,-0.0128381
90.4732,1.58258,1.3366,61.3254,-2.51644,-0.533144,78.7754,1.5138,-2.1346,1.86975,0.0128381
147.541,-2.88382,-0.751628,37.9291,1.93428,0.274567,58.1717,-2.14653,3.06973,1.02619,0.0128381
261.557,-3.07979,2.34157,47.2262,1.94222,0.948344,197.973,-0.023929,-0.782743,-1.39322,-0.0128381
240.855,-2.17602,-1.68009,167.663,1.19621,-0.220071,232.546,-1.84283,2.18916,1.46002,0.0128381
157.107,2.15253,2.06169,99.6125,-2.53966,1.20657,193.23,0.266016,-1.59869,0.855125,0.0128381
214.182,-2.2279,-2.82341,81.0737,1.26873,-0.593124,51.2053,-0.662043,0.581609,2.23028,0.0128381
150.031,2.34348,2.96965,77.6419,-2.6545,0.890751,113.624,0.821751,-0.71084,2.0789,0.0128381
145.362,1.35266,1.17373,47.6217,-3.05921,-1.61043,39.658,-0.165715,-2.91355,2.78416,0.0128381
119.272,-0.663658,-2.9981,99.1092,3.55775,-1.32527,160.877,0.524111,0.444608,1.67283,0.0128381
175.482,3.0273,0.608605,162.909,-2.0345,-1.12027,102.63,-0.156568,2.55433,1.72888,0.0128381
50.0407,-2.76738,0.255434,44.4206,3.2917,2.42488,77.7601,-0.568469,-1.63363,2.16945,0.0128381
103.386,-2.00441,-1.11898,87.0887,2.97369,-0.736549,127.313,0.83888,1.63012,0.382429,-0.0128381
130.517,-2.81453,0.343512,79.9785,4.1533,-1.04347,104.249,1.37503,3.01491,-1.38698,-0.0128381
226.48,1.83623,0.846049,90.7957,-1.37862,-1.43008,108.697,-0.546962,3.08748,2.27613,0.0128381
250.009,-2.31731,1.88212,55.5332,2.1794,3.00729,254.327,0.35308,-0.929166,1.12517,0.0128381
262.658,-2.64044,-0.484669,83.5708,1.32033,2.9066,120.964,-1.66747,2.99569,-2.89192,-0.0128381
174.813,2.84983,0.829121,118.23,-3.01424,1.48646,136.483,-0.807096,-1.8541,-0.657335,-0.0128381
104.414,3.04974,-2.37375,43.4142,-1.4431,-1.1354,61.092,0.893618,0.353546,-1.23835,-0.0128381
94.4136,-3.15302,0.566245,78.9252,1.74036,-2.63272,57.2536,1.3149,-2.22322,3.08422,0.0128381
90.7763,-1.38253,-1.18697,84.4271,3.40976,-0.635325,40.3858,1.31296,1.74355,0.551646,0.0128381
318.798,1.03601,-1.71071,309.148,-2.66876,2.92042,178.995,0.147367,0.532579,1.65206,0.0128381
429.054,-2.08641,3.01479,75.6997,3.74564,1.58058,80.0781,0.25288,-0.270282,-1.43421,-0.0128381
209.317,-3.54269,0.39104,115.677,3.24168,1.68662,54.797,-0.878188,-1.973,1.29558,0.0128381
191.082,-1.03114,2.76719,78.3386,3.10059,-0.750098,98.3294,1.673,0.195427,2.7659,0.0128381
170.056,1.42934,-0.810314,107.964,-2.66392,-2.10749,194.579,-0.458241,1.7559,1.29717,0.0128381
233.509,-1.43768,1.2257,143.225,1.58401,2.50977,243.177,0.350884,-1.51029,1.28407,0.0128381
155.961,-1.86863,-2.21616,116.43,1.19174,-0.145721,63.2223,-0.234402,2.75013,2.07044,0.0128381
220.033,1.37381,-0.688631,49.627,-3.14444,-0.289898,211.759,0.855376,2.66929,-0.398733,-0.0128381
112.497,1.76618,1.44545,42.7115,-2.376,0.383714,106.043,-0.23771,-1.65282,1.06174,0.0128381
217.087,2.71138,-0.455368,156.556,-1.50045,3.07638,68.1367,-0.159354,1.53421,2.75143,0.0128381
101.335,-1.53665,-1.09723,58.2445,3.7799,2.91328,52.8503,1.5624,1.56032,-2.27267,-0.0128381
122.223,-2.21173,-0.659088,114.346,1.6815,-2.44642,94.5717,-1.17258,1.3139,-1.78734,-0.0128381
124.267,-0.33957,2.64691,62.2121,4.03538,3.03984,67.8339,1.99408,-0.416443,0.392937,0.0128381
285.047,1.53365,-0.70242,30.3646,-3.3057,-0.0111497,201.991,-0.0794443,2.58551,-0.691271,0.0128381
208.567,1.61905,-1.68447,144.449,-2.89577,-1.50067,181.98,-0.843766,1.72911,-0.183794,0.0128381
86.371,-1.21631,-1.62326,72.13,3.33222,0.377964,84.1986,0.41404,2.06829,2.00122,0.0128381
138.533,2.25205,-1.37288,44.731,-1.40386,-2.61122,88.2227,1.56734,1.52112,1.23834,0.0128381
79.9832,-0.754406,-0.665501,41.3785,2.86072,1.44684,32.569,2.96691,-2.51026,2.11234,0.0128381
342.769,1.23066,-2.87263,217.927,-1.79371,0.722276,180.906,0.325992,-0.90801,2.68828,0.0128381
173.328,-2.63842,-2.69883,81.1433,1.05192,-1.14861,161.03,-0.779548,1.16369,1.55022,0.0128381
246.733,1.84228,-2.36272,68.9702,-2.56704,2.05065,222.307,-0.815062,0.426133,1.86982,0.0128381
182.416,1.13105,-0.49792,49.8611,-2.41384,-2.35186,62.8113,-0.180627,2.71326,1.85394,-0.0128381
74.6285,-2.00046,-0.834658,68.3319,1.4528,0.468889,86.283,-1.06945,3.01225,1.30355,0.0128381
250.695,-0.736556,2.89781,172.168,3.9564,1.01042,96.759,-0.186622,-1.26443,-1.8874,-0.0128381
70.1618,-2.34563,1.25929,41.9472,1.9107,-0.14226,70.986,-0.35117,-2.55361,-1.40155,-0.0128381
95.6187,-2.6042,0.64334,94.4469,1.37664,-0.910416,149.977,-1.52405,2.70386,-1.55376,-0.0128381
97.6749,-2.32613,-0.977248,39.0253,2.49471,1.05148,69.6208,-1.09414,2.64959,2.02873,0.0128381
200.331,1.94777,-0.276366,54.079,-1.4576,-1.5211,170.632,0.688991,2.3863,1.24473,0.0128381
229.188,2.37979,2.42158,192.842,-1.62501,0.845477,304.83,0.166677,-0.877316,1.5761,0.0128381
192.102,-1.49271,-1.14167,86.9292,2.10683,0.0498258,170.234,1.08535,2.35636,1.1915,0.0128381
252.108,2.31231,2.68266,41.8694,-0.755806,-0.500793,98.5211,1.78466,-0.399792,-3.09974,-0.0128381
72.118,-2.90975,-0.820775,37.815,3.58235,0.150921,44.1213,1.02868,2.65901,0.971696,0.0128381
169.859,0.66567,1.40487,101.167,-3.13533,2.34923,151.168,-0.816203,-1.18274,-0.944367,-0.0128381
248.465,2.82916,2.26884,146.185,-2.46843,-2.01005,96.6506,-0.0251033,-0.157869,-2.00429,-0.0128381
273.846,2.11579,-0.64404,73.8992,-3.00359,-2.01047,258.539,-1.44853,2.25453,1.36643,0.0128381
182.75,1.94555,1.08194,30.3985,-2.96412,2.651,159.003,-0.844887,-1.60275,-1.56906,-0.0128381
124.954,-2.68331,-0.598792,67.372,3.50793,-1.84165,169.032,-0.519253,1.93111,-1.24285,-0.0128381
154.197,-2.88898,0.659906,75.9146,2.38478,-0.234535,106.263,0.792157,-2.4753,-0.894441,-0.0128381
118.788,1.41061,-1.32395,78.7065,-2.23839,-1.19254,69.2786,0.0631859,1.98227,-0.131408,0.0128381
105.188,0.783977,-2.66782,65.7017,-2.89123,-0.915003,102.518,-1.06854,0.811075,-1.75282,-0.0128381
175.341,3.1124,-0.826686,83.8415,-0.958248,-0.0189303,216.297,0.199867,2.56057,-0.807755,-0.0128381
99.2518,1.16425,1.75449,91.4778,-2.65907,-2.13463,71.8024,0.389067,0.0332815,-2.39407,-0.0128381
98.6783,2.48184,-3.12589,50.0226,-1.1433,-2.46319,63.5847,0.300361,0.514912,-0.662694,-0.0128381
108.466,-1.07385,0.921347,35.8706,2.73607,-0.561379,55.996,0.762914,-2.56053,-1.48273,-0.0128381
203.962,-3.11062,-2.50223,81.107,1.37552,1.73792,156.129,-0.93096,0.254186,-2.04303,-0.0128381
195.012,-0.72688,1.06067,154.57,3.3956,2.04071,175.506,0.397413,-1.83657,0.980049,0.0128381
98.0385,2.44726,2.0887,55.3845,-1.3508,3.09648,111.222,1.5916,-0.738562,-1.00778,-0.0128381
91.3605,-2.50107,-0.994819,43.0114,3.3226,-0.408651,68.7039,-0.233938,2.54013,0.586169,0.0128381
137.4,2.27703,2.09431,73.3151,-1.26136,3.05654,200.453,1.12085,-0.807647,-0.962237,-0.0128381
174.129,2.54208,-2.10796,51.9049,-0.985532,2.40356,73.016,1.80191,0.704424,1.77167,0.0128381
240.179,1.92333,-0.221191,50.0566,-1.89796,1.23021,66.8344,-0.651441,3.00107,-1.4514,-0.0128381
124.914,-3.17774,3.03867,112.248,1.04053,-2.35255,139.4,-1.47699,0.187873,0.89196,0.0128381
183.077,-0.288752,2.33503,132.374,2.96935,-2.57633,119.994,1.68881,-0.806622,1.37182,0.0128381
222.232,2.70395,0.0172094,163.608,-2.57284,2.06818,99.5205,0.75593,-2.65442,-2.05097,-0.0128381
61.9333,2.95233,-0.408492,35.1244,-4.05589,-0.83244,31.2931,-0.592261,2.19687,0.423948,0.0128381
139.711,-2.51727,-0.0914501,82.5065,1.243,-1.61933,129.426,-1.29842,2.41955,-1.52788,-0.0128381
386.71,2.67152,-2.14798,117.625,-2.9269,-1.42252,285.49,-0.194782,1.15923,-0.725454,-0.0128381
212.397,1.91455,-2.35501,47.6642,-1.22367,-0.328042,139.465,1.29671,0.772114,-2.02696,-0.0128381
156.542,1.35459,-1.28981,48.1927,-1.81693,0.922192,38.8905,-0.318385,1.94772,-2.212,-0.0128381
248.961,1.42985,-3.10169,53.2757,-3.38228,-1.46306,146.336,-0.97481,0.27505,-1.63863,-0.0128381
103.349,-3.09735,2.05842,60.5908,3.45418,-1.86774,56.4,1.97899,-1.37025,2.35702,0.0128381
170.251,-1.68172,2.18854,54.0936,2.93377,0.5045,144.532,1.61645,-1.32127,-1.68404,-0.0128381
120.142,2.48393,-0.377731,107.33,-2.61931,1.073,71.0334,0.345292,-2.72083,-1.45073,-0.0128381
263.959,-2.27377,-2.70827,39.8385,3.09277,-2.86447,79.6438,1.64088,0.134887,-0.1562,-0.0128381
111.959,2.71554,0.919838,89.9308,-2.02467,-3.03716,62.0272,-1.33544,-1.74708,-2.32619,-0.0128381
203.139,1.39257,2.52475,183.133,-1.72056,0.768048,208.37,0.786642,-1.44922,1.75671,0.0128381
126.274,1.60848,0.125779,54.6321,-3.04114,-1.05577,126.495,0.960563,2.9743,1.18155,0.0128381
182.301,2.83796,-1.24459,96.0855,-1.57801,-2.43852,150.916,1.45691,1.40827,1.19392,0.0128381
123.598,2.44372,-1.27539,87.8772,-4.17574,-1.81692,109.419,0.999386,1.28525,0.54154,0.0128381
68.0363,-2.01907,-2.50081,59.7707,3.13088,-3.10988,77.2898,-1.80529,0.279577,-0.609068,-0.0128381
159.289,1.28736,1.51715,101.42,-1.87582,-0.919194,67.9617,-1.1002,-1.72375,2.43635,0.0128381
145.457,-2.36105,-2.75945,39.1007,1.96176,-1.09126,107.595,-0.856711,0.44057,1.66819,0.0128381
161.931,-1.38308,1.38018,36.0303,3.55713,3.02688,67.7383,1.39951,-1.70877,1.6467,0.0128381
144.218,1.95659,-2.71357,136.048,-1.63397,-0.678002,94.1607,-0.439133,1.39525,-2.03557,-0.0128381
114.047,-0.922938,1.83813,56.7217,2.47534,2.79216,96.6782,0.605432,-0.734644,0.954028,0.0128381
76.9849,-1.56504,2.53582,74.7328,2.18259,3.09964,87.2449,1.08744,-0.404174,0.563824,0.0128381
112.368,1.7847,0.201597,83.0114,-3.19347,1.92718,82.9781,-2.63174,-3.01507,-1.72558,-0.0128381
156.515,-1.56984,-2.83672,69.8355,1.43198,1.69459,106.263,0.376705,0.135033,-1.75188,-0.0128381
144.733,-1.98122,-2.9152,87.0038,1.19505,2.48194,90.8685,-1.24325,-0.300935,-0.886043,-0.0128381
153.823,-1.90667,0.277213,117.933,2.48437,2.25539,236.898,-0.955762,-2.17741,1.97817,0.0128381
176.02,-1.12908,-2.17355,51.1957,3.71262,-0.926041,160.909,0.59924,1.20824,1.2475,0.0128381
68.4757,-3.25146,-3.08744,31.1138,3.5894,-1.60314,25.5315,-2.35761,0.751759,1.4843,0.0128381
158.31,-2.68722,1.01184,31.2728,2.78282,-1.52132,42.5477,0.307647,-2.68725,-2.53316,-0.0128381
89.9092,2.00959,2.3225,83.8444,-1.58382,2.95034,95.9991,0.396172,-0.377851,-0.627836,0.0128381
191.587,1.1085,-1.90906,129.322,-1.89795,-1.06242,165.129,1.06881,1.5021,-0.846639,-0.0128381
181.601,-3.34158,3.12405,55.6481,0.947821,-1.83137,110.86,-1.08674,0.0187046,1.32777,0.0128381
97.0346,-3.27382,1.75451,75.0063,4.20519,0.653403,77.6328,1.23308,-1.93398,-1.10111,0.0128381
371.606,1.96383,-0.266095,115.48,-3.65188,-1.89203,113.742,0.46189,2.59418,1.62593,0.0128381
230.433,3.25458,-0.968894,156.556,-2.24544,-1.89347,48.8357,0.0826238,1.63673,0.924579,0.0128381
375.076,-1.50407,-2.36775,151.06,2.84018,1.44031,203.805,0.310392,0.208496,-2.47513,-0.0128381
101.446,2.67985,-1.24641,62.3804,-1.53716,-2.63497,67.8744,2.90795,1.40963,1.38856,0.0128381
118.807,-3.13168,0.504485,36.4576,0.417082,1.30067,69.5026,-0.2788,-1.81331,0.796185,0.0128381
235.578,-2.32871,-0.37464,119.246,3.36636,-1.52598,183.705,-0.503458,2.26954,-1.15134,-0.0128381
107.271,1.89488,-3.12655,100.93,-2.85953,0.956208,57.8376,-1.3663,-0.907815,2.20042,0.0128381
68.1554,-3.80135,2.3071,55.7776,3.5149,2.93466,58.4768,-0.65626,-0.563356,0.627557,0.0128381
241.715,-0.925347,0.109092,101.88,2.26443,-2.09587,137.362,1.39965,2.88729,-2.20497,-0.0128381
390.375,-1.25859,0.753064,183.917,2.21764,-2.67412,139.514,-0.946863,-1.96471,2.856,0.0128381
239.297,1.57021,2.95502,96.3778,-3.60664,-0.131761,97.4191,-0.331477,-0.353973,3.08678,-0.0128381
134.958,2.45687,2.1338,108.876,-0.689932,-1.95949,134.568,0.60607,-0.894857,-2.1899,-0.0128381
119.627,-1.65896,-0.773608,106.449,1.83583,2.92482,76.4309,-0.272334,1.96917,-2.58476,-0.0128381
222.966,0.437195,1.53617,30.4115,-4.07512,-0.767452,92.0998,-1.52364,-1.7302,2.30362,0.0128381
53.0702,-0.529694,1.01576,48.2114,3.77231,-0.667781,52.0077,0.501448,-2.47294,-1.68354,-0.0128381
68.3917,2.70484,1.12267,61.2209,-2.75031,0.113473,68.7818,-1.10167,-2.056,1.00919,0.0128381
157.468,1.23662,0.717796,140.574,-2.14325,-1.06505,189.411,-0.115441,2.90638,1.78285,0.0128381
215.818,2.38541,-0.292207,159.868,-2.67249,2.04626,91.6832,-1.83494,-2.66096,-2.33847,-0.0128381
113.986,-1.71619,2.97565,72.7495,2.66821,2.25952,92.1173,0.655849,-0.500411,-0.716127,-0.0128381
162.967,-1.24883,-2.3638,43.6623,2.65437,2.40956,125.615,-0.600805,0.679305,-1.50983,-0.0128381
83.3978,1.62047,1.81319,72.869,-1.61093,1.16832,69.3659,0.478216,-1.18947,0.644871,0.0128381
92.2275,0.153855,1.18419,39.767,-3.96577,2.83793,75.7048,-2.52864,-1.91462,-1.65374,-0.0128381
263.412,-2.05045,-1.89068,35.233,3.6593,-1.52576,170.029,-0.115872,1.30277,0.364924,-0.0128381
133.37,-0.243989,1.87472,74.8787,3.7402,-2.89978,121.603,1.79954,-1.04994,1.50868,0.0128381
61.3608,0.52856,-0.36563,33.1213,-4.05384,-0.0834006,40.6206,-1.1665,2.93136,-0.28223,0.0128381
162.251,2.54265,2.91861,82.414,-3.86925,0.946455,125.22,-1.33021,-0.599871,1.97215,0.0128381
109.029,-2.63759,-0.697058,70.1423,1.54557,-1.63018,76.0377,-0.585649,1.83951,-0.933127,-0.0128381
162.467,1.39355,-0.958443,79.0883,-2.14509,1.09249,124.864,1.33935,2.83019,-2.05093,-0.0128381
83.5664,-3.20737,-0.979681,82.805,1.30152,-1.68475,76.4576,0.853243,1.73437,-0.705071,0.0128381
103.121,3.09288,0.609337,52.6263,-2.51364,2.51543,86.7341,1.67704,-1.8918,-1.9061,-0.0128381
242.659,-2.44339,-2.93783,134.125,2.87883,1.60993,239.214,-0.31494,-0.144228,-1.73542,-0.0128381
189.942,0.911857,2.14132,64.6949,-4.39925,0.367158,48.7585,-0.479177,-1.14719,1.77416,-0.0128381
162.376,2.17412,1.10388,54.622,-0.869038,0.627642,81.4719,0.00221258,-2.07631,0.476237,0.0128381
110.716,3.85164,-0.242995,42.4736,-2.09411,-1.05996,81.4486,-1.04151,2.75094,0.81697,0.0128381
104.418,-3.17673,0.748591,93.9431,2.08158,2.65634,78.6626,0.494841,-0.994676,1.90775,0.0128381
221.267,-1.31635,0.788523,91.0971,3.86672,-0.163811,194.676,0.187486,-2.61333,-0.952335,-0.0128381
94.8503,1.99983,2.74174,52.3647,-2.00092,0.43668,29.152,0.987063,-1.08537,2.30506,0.0128381
149.895,-2.7082,1.64777,107.062,2.17833,-0.134932,68.0529,-0.702692,-1.97351,-1.7827,-0.0128381
155.264,0.812179,2.48804,48.2237,-4.20762,1.25199,106.089,0.542042,-0.740592,1.23605,0.0128381
146.688,-1.42828,1.98253,96.9186,2.24409,-2.35268,68.4067,-0.324631,-0.581656,1.94798,0.0128381
340.615,2.33587,-2.38312,209.384,-1.13039,2.14482,206.786,1.09854,0.105868,1.75525,0.0128381
303.588,-1.4664,3.05926,133.001,3.69991,1.72477,207.626,-0.134953,-0.5755,-1.33449,-0.0128381
66.1175,2.58491,-0.777275,59.3826,-4.32886,-2.66155,35.7003,0.315737,1.04118,1.88428,0.0128381
140.465,-2.72648,0.907324,91.1392,0.333926,1.7362,98.7053,-0.596026,-1.70111,0.828871,0.0128381
290.639,1.32374,-2.46781,51.8042,-2.80168,1.27459,69.9074,-2.16089,0.282087,2.54078,0.0128381
181.148,2.08854,1.07925,73.1852,-2.93304,-3.13563,73.7832,-1.85388,-2.04058,-2.06831,-0.0128381
256.885,0.748917,2.91861,57.7086,-3.161,-0.135316,149.085,-0.313028,-0.326204,3.05392,0.0128381
212.342,-2.34832,-0.453157,65.3878,0.760086,2.90531,67.253,-1.31796,1.76006,-2.92472,-0.0128381
169.804,1.10125,2.27207,128.23,-4.04888,0.443507,76.9261,-0.452788,-1.47397,1.82856,0.0128381
61.4176,-3.95385,2.48003,44.3488,0.340605,-2.41902,55.5626,-1.42196,0.41017,1.38414,0.0128381
168.65,0.649555,-1.43529,79.3668,-3.85193,2.54713,99.0662,-0.29418,1.85837,2.30077,0.0128381
104.399,-1.5652,-0.617011,65.6679,2.35723,1.28513,35.465,-1.94354,2.63032,1.90214,0.0128381
121.808,0.534555,-0.643648,100.587,-2.91056,0.599661,161.66,-1.28571,2.93327,-1.24331,-0.0128381
108.21,-1.85475,-0.145233,43.9347,3.78628,-0.160222,120.581,-0.575406,2.56681,-0.0149892,-0.0128381
74.6865,2.57726,-2.95392,42.3287,-3.30132,-0.546371,46.9578,-1.01652,1.18232,-2.40755,-0.0128381
180.175,1.685,-1.43254,76.3256,-1.96943,0.947451,121.822,1.26734,2.1127,-2.37999,-0.0128381
251.447,2.00199,0.610698,183.42,-2.32131,-0.904978,179.528,0.186064,-3.02775,1.51568,0.0128381
177.284,1.94309,2.91544,171.776,-1.3521,1.99444,165.255,-0.303232,-0.990423,0.921001,0.0128381
137.702,-1.85343,2.39059,43.4778,2.49685,0.250681,153.167,0.654377,-1.10859,-2.13991,-0.0128381
77.8739,-2.05424,0.111622,55.5137,2.69907,-0.500696,113.406,0.873909,2.93762,-0.612318,-0.0128381
321.025,1.61029,-1.99676,63.3221,-3.08315,0.443479,258.087,-0.80793,1.30741,-2.44024,-0.0128381
175.098,-2.90038,0.485181,78.9765,3.14177,1.51627,169.863,0.653658,-2.17588,1.03109,0.0128381
121.136,-1.65872,1.34636,76.8084,1.48572,-0.479232,103.624,0.455183,-2.38682,-1.82559,-0.0128381
202.82,2.12417,-2.79281,47.2478,-3.5138,-1.13307,74.2872,0.405804,0.591976,-1.65974,-0.0128381
348.481,-0.763339,0.795405,54.1804,3.34801,-0.920875,217.97,-0.503415,-2.52072,-1.71628,-0.0128381
194.871,1.99763,0.408391,172.946,-2.51506,1.95771,202.43,0.488071,-2.0889,-1.54932,-0.0128381
99.5183,-2.26157,-2.74893,68.4348,3.02254,1.43813,98.6332,0.6051,-0.493042,-2.09612,-0.0128381
216.348,-2.25727,-1.53956,213.2,1.77296,2.32485,102.295,0.160679,-0.842326,-2.41877,-0.0128381
140.398,1.82795,0.332012,41.8419,-2.81842,1.88712,106.109,-0.626296,-2.46221,-1.55511,-0.0128381
140.872,1.86166,0.837958,121.403,-2.04888,1.87325,207.523,-0.472172,-1.89838,-1.03529,-0.0128381
151.62,-0.063176,1.4381,78.938,4.77717,-0.257556,103.302,1.77099,-2.20088,-1.69565,-0.0128381
227.32,2.29392,-2.95871,121.019,-1.94279,-1.5646,59.8973,1.40359,0.497038,-1.39411,-0.0128381
75.3217,2.23347,2.95175,69.4298,-3.65217,-1.50738,82.0007,0.282846,0.717263,-1.82405,-0.0128381
102.979,-1.74089,-0.866645,47.7354,1.97581,1.30729,37.1814,-1.30209,2.54151,2.17394,0.0128381
241.38,2.35966,-3.04964,141.009,-1.37642,-2.36825,57.4609,0.289301,0.609768,-0.681383,-0.0128381
351.117,2.00715,2.85813,224.247,-2.51318,-1.37008,215.809,-1.25069,0.72745,-2.05497,-0.0128381
114.264,3.20792,1.58574,37.6673,-3.13995,0.455386,81.1398,0.283205,-1.87605,1.13036,0.0128381
258.419,1.17395,-2.72562,101.184,-3.31727,2.00032,189.664,-2.34038,0.257344,1.55725,0.0128381
152.032,-0.504093,-1.45353,94.6103,2.95924,0.973714,54.5742,0.4335,2.4957,2.42724,0.0128381
43.2596,-3.84225,-1.52332,43.1653,2.84612,-2.99749,41.3419,-0.270034,0.929726,-1.47417,0.0128381
117.95,3.08082,2.12604,62.0504,-4.24337,-2.84931,75.2987,-1.40473,-0.738877,-1.30784,-0.0128381
262.551,1.63023,-1.39196,68.0179,-3.60111,0.932502,92.8753,-0.388356,2.04627,-2.32447,-0.0128381
193.289,-2.45949,1.70211,142.516,3.57113,2.89552,207.757,-0.734596,-1.12047,1.19341,0.0128381
201.15,-3.12951,1.85938,111.288,0.273,-2.18509,136.414,-1.05827,-0.889423,2.23871,0.0128381
217.293,-1.27848,0.25163,204.019,2.34455,-0.392926,236.704,0.462933,3.03158,-0.644556,-0.0128381
118.129,2.18194,1.69656,92.8607,-2.24203,0.112704,83.7986,-0.278625,-2.15003,1.58385,0.0128381
302.259,-1.85773,-1.96044,47.8164,2.76487,0.74613,176.924,0.274002,1.28751,2.70657,0.0128381
267.754,1.05618,0.991087,87.4372,-2.09296,3.02295,179.017,0.204509,-1.97544,-2.03186,-0.0128381
139.202,2.49504,-3.05998,94.3974,-1.66181,-0.927059,74.6786,1.70291,0.276809,-2.13292,0.0128381
439.115,-1.55307,2.09396,83.7769,4.27761,-0.0923827,174.601,-0.810754,-1.48901,-2.18635,-0.0128381
152.039,0.408471,-0.82739,47.8695,-4.33462,0.68451,114.287,-0.648669,2.39472,-1.5119,-0.0128381
87.4953,-2.13939,-3.01989,45.8784,2.62054,-1.29226,38.6203,1.05894,-0.675481,1.72764,0.0128381
93.757,2.3607,-1.52804,40.7628,-2.62375,3.11383,64.6357,-1.76728,0.22618,1.64131,0.0128381
273.065,-2.0041,1.14835,156.06,3.34545,-2.62283,87.4032,-0.851086,-1.59823,2.51201,0.0128381
176.883,-2.18232,-1.70494,40.2431,4.07117,2.27143,119.941,1.59501,1.42537,-2.30682,-0.0128381
119.603,-0.466495,-1.50969,104.886,2.61107,-0.395538,196.24,1.51854,2.12341,1.11416,-0.0128381
259.397,-1.28166,0.696287,42.119,4.62897,-0.304277,105.033,1.87539,-2.55335,-1.00056,-0.0128381
271.277,-1.78951,2.51665,38.5669,3.05748,0.217297,239.339,-1.1089,-0.733439,-2.29935,-0.0128381
229.656,2.41147,1.69431,73.9833,-0.828618,1.94909,196.482,1.83101,-1.30023,-0.254774,-0.0128381
155.209,1.76059,-2.97315,37.7763,-3.10489,-2.33325,113.272,-0.757682,0.335872,-0.639901,-0.0128381
96.6482,2.40224,-2.16572,81.7613,-1.11922,-1.35465,139.192,0.225376,1.3975,-0.811078,-0.0128381
270.33,-2.36518,-0.661453,144.878,1.56224,-3.00963,133.578,0.725392,1.70168,-2.34818,-0.0128381
142.609,-2.53637,-1.10599,72.5397,2.01892,-1.85841,105.633,0.318598,1.91332,-0.75242,0.0128381
95.7241,1.72456,-0.33617,48.9547,-1.91187,-1.34519,87.1659,0.581719,2.65803,1.00902,0.0128381
175.3,-2.97486,1.55049,66.0666,2.91624,2.30585,77.336,-0.539362,-1.39485,0.755367,0.0128381
201.058,-2.17336,1.72163,138.342,1.3461,-1.64124,47.0497,0.568829,-1.813,2.92031,-0.0128381
95.5808,-2.68399,2.95843,77.498,3.2554,0.483079,81.4068,1.44884,-1.14216,-2.47535,-0.0128381
92.2192,3.89113,0.53431,90.2068,-2.53548,-0.806297,62.5637,-0.573766,-2.78581,1.34061,0.0128381
288.665,1.81197,-0.883144,277.985,-2.00531,-1.9739,341.559,0.227358,1.5658,1.09075,0.0128381
117.371,-1.86041,0.209638,33.2629,1.81029,-1.46135,90.9137,-0.175659,3.13203,-1.67099,0.0128381
172.067,3.06779,-2.57363,52.9185,-2.37808,-1.60679,154.664,-0.167638,0.608593,-0.966843,-0.0128381
215.483,-1.36843,-0.0816115,85.424,2.68708,-2.14546,142.314,0.281008,2.37609,-2.06385,-0.0128381
179.173,0.70931,1.59527,71.9012,-2.74972,-1.16968,122.78,-0.119933,-1.7765,2.76495,0.0128381
254.064,1.4441,1.83208,39.9687,-3.68745,2.18235,189.116,1.05564,-1.16087,-0.350276,-0.0128381
144.529,-1.33701,-0.577032,128.322,1.87765,1.47129,97.0636,-0.110251,-2.67546,2.04832,0.0128381
115.002,-2.85016,0.57954,33.4895,1.61766,3.13833,55.0692,-0.461423,-2.48215,2.55879,0.0128381
128.179,3.01582,-2.39444,109.625,-2.28004,-0.623667,102.766,1.31337,1.65743,-1.77077,-0.0128381
444.841,1.12423,-0.65867,70.0831,-2.07016,-2.75704,319.114,0.482678,2.04794,2.09837,0.0128381
152.7,0.704939,-0.0861612,54.3489,-4.2448,-2.58039,43.0078,-2.0531,2.03686,2.49423,0.0128381
284.125,2.17421,0.640432,49.2088,-3.28331,1.18484,71.9067,-0.896138,-2.44559,-0.544405,0.0128381
136.147,-2.29606,0.605307,92.9864,2.9781,3.11306,66.0066,-0.0318678,-1.51183,2.50775,0.0128381
196.378,-2.00551,0.808094,133.295,2.45095,0.286434,214.504,0.267131,-2.43919,-0.521661,-0.0128381
69.1224,-3.22319,-0.049734,68.143,1.00209,1.5163,75.5188,-0.436248,-2.93553,1.56604,0.0128381
360.622,0.789922,2.99758,213.218,-2.72397,2.56948,271.258,-0.65,-0.416689,0.4281,0.0128381
107.301,1.53971,1.38665,54.1102,-2.02782,1.98636,117.432,0.0221635,-1.53355,-0.599713,-0.0128381
199.508,1.13591,-0.362758,185.262,-2.3608,-2.72179,64.9218,1.15094,1.3964,2.35904,0.0128381
116.445,-2.5387,0.425842,61.3449,2.88372,-1.12032,104.644,0.183211,2.94248,-1.54616,-0.0128381
243.634,1.93622,1.43866,124.801,-2.00203,2.73553,252.808,0.307169,-1.21443,-1.29686,-0.0128381
215.733,1.69079,-1.32942,113.76,-2.25309,2.36882,65.4635,-1.43074,1.43264,2.58495,0.0128381
138.836,-2.1504,-2.71451,54.7996,1.32083,2.99753,62.5644,-1.00652,0.22966,-0.571148,-0.0128381
339.851,-1.41039,0.364101,95.0492,3.38321,-2.21804,161.551,1.41835,-3.1174,-2.58214,-0.0128381
187.248,-3.17089,-1.91838,77.0983,1.72888,2.88249,138.577,1.22793,1.06658,-1.48232,-0.0128381
385.537,-2.85189,-0.76542,63.4632,1.96483,0.16802,167.359,0.237244,2.40885,0.93344,0.0128381
162.749,3.38813,-1.80402,37.5388,-2.04092,-2.43673,122.155,1.92883,0.845713,0.632704,-0.0128381
383.605,1.8675,-2.54416,56.0227,-3.12415,2.0337,359.603,-0.173095,0.424567,1.70532,0.0128381
207.608,-2.73264,1.20085,42.0817,3.5529,-0.339556,196.108,1.17935,-2.24817,-1.5404,-0.0128381
151.846,2.25751,-0.536562,76.2069,-3.01243,1.81703,49.8857,-0.193027,2.71392,-2.35359,0.0128381
104.753,0.871469,-1.74497,65.5993,-3.01162,2.01218,38.846,-0.892051,0.374287,2.52604,0.0128381
95.6898,3.73002,2.33442,94.336,-2.09264,-2.85609,136.693,-0.791641,-0.167857,-1.09267,0.0128381
190.799,-0.646138,1.4436,142.541,3.48349,-0.250144,185.901,1.29187,-2.43642,-1.69374,-0.0128381
153.989,-2.77802,2.60857,97.9289,1.91342,0.111512,33.5272,1.1367,-1.03772,-2.49705,-0.0128381
116.728,2.65868,2.22618,108.369,-2.11901,0.902516,167.863,-0.997268,-1.28966,1.32366,0.0128381
110.876,1.40586,0.408414,95.2302,-3.54506,-2.71505,44.3305,0.412911,1.85147,3.12347,0.0128381
310.695,-1.51108,-1.40933,64.8072,2.84218,2.24217,247.647,-0.0905332,1.5499,-2.63169,-0.0128381
72.9259,-2.38776,2.10549,69.4564,1.09942,-3.07199,97.3344,1.2688,-0.530286,1.10571,0.0128381
250.945,1.99168,-0.922115,62.5629,-2.95831,2.7058,116.325,0.579728,1.9977,2.65527,0.0128381
385.415,-1.41722,-0.991372,152.434,1.92883,0.752679,284.509,0.399922,2.62345,1.74405,0.0128381
180.79,0.873444,2.68303,122.104,-2.7249,1.5404,213.315,-0.409376,-1.11643,1.14263,0.0128381
155.532,2.52837,1.52722,64.4853,-2.30079,-2.86978,105.155,1.77909,-1.13846,-1.88619,-0.0128381
168.236,-3.03796,-2.00464,45.3702,2.83186,-0.295885,117.853,0.199727,1.54759,1.70875,0.0128381
213.318,-2.05523,1.54976,52.2158,3.58287,0.378892,169.411,-0.852491,-2.03072,-1.17086,-0.0128381
178.285,1.68379,1.47546,117.475,-2.91017,2.69272,176.946,0.105117,-1.25716,-1.21727,-0.0128381
88.8071,2.43561,2.04752,60.5876,-2.9487,-0.495706,27.4027,1.26245,-1.62353,2.54323,0.0128381
108.117,2.91496,-1.307,75.9684,-2.30757,-3.07197,89.0982,0.37693,1.19121,1.76497,0.0128381
74.4757,-2.77166,-1.90572,39.7438,2.81405,2.6517,83.6174,-1.46622,1.04684,-1.72577,-0.0128381
88.6976,3.18112,0.62009,34.5776,-2.92375,0.511569,41.4837,0.428624,-2.15268,0.108521,-0.0128381
161.477,-1.47808,-2.98974,98.87,2.56254,3.03827,147.955,-0.704729,-0.0691588,-0.255174,0.0128381
140.032,1.41614,3.10586,68.1043,-2.26988,1.57596,106.547,-1.77,-0.594145,1.5299,0.0128381
96.1534,2.46092,0.340602,38.597,-4.38818,1.96107,71.3021,2.00254,-2.15995,-1.62047,-0.0128381
112.45,1.9814,-2.84036,106.339,-3.93481,2.92462,166.089,1.02407,0.11542,0.518205,0.0128381
86.5849,-0.89098,-0.437758,74.1214,3.18332,1.40201,27.2605,0.162762,2.84833,1.83977,0.0128381
260.56,-0.968413,1.36666,119.716,2.79802,-0.127319,200.295,0.896697,-2.17892,-1.49398,-0.0128381
264.553,-2.34341,0.258612,77.9727,1.79028,-2.2115,175.619,-0.862511,-2.93871,-2.47011,-0.0128381
382.452,0.335337,2.35713,30.5924,-2.68824,-2.61955,245.068,-1.23278,-0.551642,-1.3065,-0.0128381
280.409,-2.55989,-2.60094,63.9528,1.51117,-0.636407,87.6376,-0.0736615,1.09487,1.96453,0.0128381
187.1,-2.37746,2.59883,84.2912,2.26007,2.13862,306.631,-0.377019,-0.556681,-0.460209,-0.0128381
62.1706,1.84485,1.83116,40.3679,-2.56594,0.267278,73.1074,1.43082,-1.16714,1.56389,-0.0128381
164.782,-1.43856,-0.558407,53.5885,2.50305,2.9237,93.4445,0.800856,2.164,-2.80107,0.0128381
99.1562,1.65465,0.493154,91.1218,-2.92578,1.74158,88.0152,-2.6977,-2.34702,-1.24842,-0.0128381
147.247,2.99918,-2.86974,123.194,-2.25948,-1.89181,91.5016,0.196679,0.621404,-0.977928,-0.0128381
65.8791,1.2517,-0.419218,32.028,-4.72274,0.872848,31.9435,-0.661997,2.38878,-1.29207,-0.0128381
104.7,-2.8974,0.829442,85.564,3.25089,0.5465,97.4765,-0.85472,-2.36607,-0.282942,-0.0128381
117.778,0.0620738,2.92758,76.0349,-3.25761,0.966946,36.6222,-2.71416,-0.334779,1.96063,0.0128381
153.11,-3.24856,-2.41407,89.1688,3.01484,0.508334,37.7308,-0.0312155,0.856915,2.92241,0.0128381
124.979,-2.78097,-0.0984223,74.6333,3.59659,-1.69453,75.6746,2.19619,2.5832,-1.59611,-0.0128381
172.963,-1.33953,1.97706,99.8724,2.11004,1.10551,191.906,-0.130269,-1.42911,-0.871546,-0.0128381
310.904,1.57507,-1.19089,130.158,-3.04753,0.629724,148.162,0.933469,2.41871,-1.82061,-0.0128381
284.95,2.69666,-3.09808,229.495,-1.98112,0.709248,137.596,-0.949638,-0.915155,2.47586,0.0128381
228.116,-0.472965,-0.0907211,55.5618,3.69465,0.993229,116.197,0.854706,-2.98954,1.08395,0.0128381
67.7217,-2.05766,1.06758,46.5303,1.56063,-1.49731,42.2409,0.960651,2.72165,-2.56488,-0.0128381
174.877,-1.53674,1.12669,42.7691,2.21321,2.55913,59.5685,-1.64028,-2.35431,1.43244,0.0128381
56.7098,-3.6969,2.01875,44.2648,3.60273,-1.90971,49.3021,-1.07115,0.660279,2.35472,0.0128381
106.623,0.939033,1.90563,63.753,-2.66517,2.63561,136.753,-0.358337,-1.06021,-0.72998,-0.0128381
221.661,-2.36291,1.63143,45.5152,2.92666,-0.456795,87.8394,-1.3097,-2.04818,-2.08822,-0.0128381
114.771,2.65415,2.91677,63.367,-1.84622,1.66389,48.6267,1.53138,-0.535368,1.25288,0.0128381
89.5132,-0.993671,0.434743,66.4245,4.28948,-1.50199,65.0651,2.60405,2.63194,-1.93673,-0.0128381
336.85,2.44449,-1.58057,202.827,-0.958117,0.856326,172.329,0.749085,2.00974,-2.43689,-0.0128381
52.8068,-3.07184,2.53465,44.3997,3.12156,0.757724,51.1144,1.08445,-0.846126,-1.77693,-0.0128381
93.5589,-1.48691,-0.466296,67.5019,1.8258,0.205927,101.933,0.461239,2.74001,0.672223,0.0128381
131.688,1.88641,-1.22649,76.9626,-3.32097,-2.96644,65.4639,0.0574192,0.937704,1.73995,0.0128381
163.493,2.80301,2.21691,96.6301,-1.40749,1.8584,68.6001,-0.0626333,-0.869778,0.358506,0.0128381
163.936,-1.77407,1.8339,79.7828,1.40946,1.34301,240.284,0.292995,-1.60134,-0.49089,-0.0128381
93.3638,2.78134,-1.18084,42.0276,-1.3338,-2.95336,75.3904,1.64528,1.55644,1.77252,0.0128381
87.8625,1.66051,2.62398,64.4977,-3.60076,2.60484,88.8248,-1.22365,-0.115631,0.0191488,0.0128381
115.74,-2.90519,0.304677,41.526,0.978458,-0.734343,116.056,-1.25632,-2.83967,-1.03902,0.0128381
303.872,-1.18146,-2.33051,158.8,2.86831,1.85217,225.139,-0.951076,0.700567,-2.10051,0.0128381
80.9391,2.73048,-2.35281,77.5043,-2.43001,2.06714,82.2299,-0.892714,-0.454744,1.86324,-0.0128381
99.6707,-2.28965,2.57313,89.6197,1.6724,0.586834,58.7978,-1.51263,-2.02604,-1.9863,-0.0128381
98.926,-1.88331,-2.08615,61.5004,1.91806,-2.75568,49.6455,-0.835852,1.17477,-0.669527,-0.0128381
128.966,2.43641,2.68795,96.2486,-2.8293,0.897302,124.923,0.386032,-1.27241,1.79065,0.0128381
152.465,-0.128162,3.09902,61.1249,3.57022,-0.58847,79.9081,1.74233,0.00805562,2.59569,0.0128381
126.354,-3.60677,1.45237,72.0465,2.7006,-0.025307,90.9824,-0.492382,-2.36519,-1.47767,-0.0128381
130.165,-0.938016,-1.98933,50.3803,4.58667,-2.61702,206.33,1.19613,1.07289,-0.627682,-0.0128381
200.696,0.599666,-2.74277,96.362,-2.4234,1.91528,97.8071,-0.791182,0.0508925,1.62513,0.0128381
135.303,-1.68717,1.2862,43.0771,2.73496,-1.96829,80.9168,2.014,-2.48598,3.02869,0.0128381
208.418,-1.77969,1.67667,111.38,2.46803,0.598832,162.609,-0.902443,-1.80634,-1.07784,-0.0128381
140.691,-1.68607,-1.58317,73.048,3.35319,1.95377,50.214,-1.25523,1.28095,-2.74625,-0.0128381
225.204,1.73856,-0.224955,222.118,-2.23858,2.37208,68.5684,-1.92258,-2.23071,-2.59703,-0.0128381
76.2434,3.16036,1.37698,71.7486,-1.69942,1.29497,104.178,0.816582,-1.10662,0.0820138,0.0128381
144.571,0.50911,-0.372031,30.0331,-4.28271,-2.1468,191.424,-1.26236,2.59202,1.77477,0.0128381
107.894,1.13246,0.268027,107.453,-2.86595,1.67794,145.962,0.317419,-2.29105,-1.40991,-0.0128381
148.899,3.14257,0.760192,39.6124,-2.51568,1.11926,121.469,2.13359,-2.42163,-0.359071,-0.0128381
191.787,-0.624396,-0.673107,65.3929,3.87517,-0.187775,194.999,0.857826,2.72512,0.485333,0.0128381
211.442,-2.46373,0.509062,110.945,1.09592,1.9438,114.313,0.292655,-2.01756,1.43474,0.0128381
190.115,-3.06782,0.560595,183.948,0.538136,-0.453741,299.164,-0.790209,2.91376,-1.01434,-0.0128381
141.279,-1.81096,1.29778,128.259,2.17444,1.8558,156.497,-0.539337,-1.83799,0.558026,0.0128381
220.395,1.73294,0.957566,113.14,-2.78899,-2.32428,77.4141,-0.791468,-1.90571,-3.00134,-0.0128381
117.16,2.06953,-3.03155,95.8659,-1.47102,1.42346,117.558,-0.283381,-0.914478,1.82817,0.0128381
76.3181,3.07389,-2.17109,30.2079,-2.89303,-3.05009,95.2154,-0.903546,0.608267,0.878997,0.0128381
164.334,2.08169,1.48017,45.3039,-3.00254,-3.05232,105.468,1.30122,-1.41258,-1.7507,-0.0128381
206.612,-2.27353,-1.80979,55.5445,0.888602,1.999,107.064,-2.19876,1.24456,-2.47439,-0.0128381
230.075,-0.696935,-0.805992,82.7361,2.91082,0.0566094,292.558,1.40751,2.64793,0.862602,0.0128381
93.7353,-3.4284,-0.0881079,65.7144,2.35431,-1.99916,53.5531,-0.537887,2.58206,-1.91106,-0.0128381
304.911,2.03497,-1.76124,52.6698,-1.75025,2.96987,183.697,1.01739,1.38221,1.55207,0.0128381
84.7424,2.2287,-2.33685,81.7156,-2.81456,-3.02601,52.1971,0.14923,0.720772,0.68916,0.0128381
132.594,-0.989436,-0.0975392,42.6205,2.44563,1.06934,146.153,0.831423,-2.95388,1.16688,0.0128381
102.241,-2.32158,1.01495,101.87,1.92491,-1.0923,85.3016,-0.231586,2.97321,-2.10725,-0.0128381
164.237,0.97162,1.42613,44.0731,-3.46075,-0.213668,79.8876,-1.88566,-1.62996,1.6398,0.0128381
55.5973,-2.63219,2.68754,45.1785,2.52394,1.04086,44.5131,0.162947,-0.977269,-1.64668,-0.0128381
88.5134,2.05654,2.76136,72.634,-2.8024,1.5688,127.215,-0.0722915,-0.889708,1.19256,0.0128381
101.762,-2.67775,0.161127,79.7502,3.91034,0.508603,115.774,0.502761,-2.86625,0.347476,-0.0128381
86.1963,-0.777149,-1.87066,62.2422,4.66598,2.97496,122.042,1.03647,0.492656,-1.43757,0.0128381
164.614,2.62364,-0.428098,55.9842,-2.70063,0.784472,137.857,-1.90085,-3.11647,-1.21257,-0.0128381
134.934,3.10341,-0.564366,90.6884,-2.42858,-1.35398,98.293,-0.0158485,2.45174,0.789618,0.0128381
292.181,2.13695,-1.03286,98.97,-3.60913,-2.75051,293.895,-0.071768,1.63745,1.71764,0.0128381
96.9891,-4.13581,1.66084,35.2727,0.0949904,0.277566,37.2591,-2.18671,-2.55085,-1.38327,-0.0128381
271.295,-1.60345,0.976549,144.148,2.33695,-0.575424,137.828,-0.543777,-2.55283,-1.55197,-0.0128381
150.93,2.75975,-3.01638,142.401,-1.66288,-2.64519,132.041,0.6016,0.372794,-0.371196,-0.0128381
294.569,-1.15438,0.66521,50.1639,2.86707,2.12229,161.954,1.98237,-2.52291,1.45708,0.0128381
215.677,1.33071,-2.48502,101.35,-2.96831,-1.61106,193.262,-1.69216,1.09904,-0.873961,-0.0128381
87.1443,-3.28582,-1.82946,37.687,2.07691,2.00206,30.7364,-2.15339,0.944542,-2.45167,-0.0128381
408.928,2.0485,-1.29517,68.5584,-2.99788,1.11929,205.782,1.7295,2.00074,-2.41446,-0.0128381
229.925,-2.05783,-1.04063,155.927,1.04414,1.85102,77.5752,-1.35614,2.70806,2.89166,0.0128381
76.1853,1.50249,-2.10648,71.0081,-2.33911,0.562357,33.042,-1.0489,-3.09508,-2.66884,-0.0128381
313.395,-1.3039,1.69645,114.991,2.37039,-0.831165,102.744,-0.633066,-1.67468,-2.52761,-0.0128381
121.53,2.10511,1.51689,47.8539,-1.56507,0.235989,91.0081,-0.280175,-2.05181,1.2809,0.0128381
250.885,1.99818,-2.00982,116.546,-2.98218,-0.445357,174.896,0.295225,1.37362,-1.56447,-0.0128381
143.241,0.536863,-2.20503,66.0808,-2.73292,-1.06453,89.7444,-0.786289,1.31075,-1.14049,-0.0128381
74.3363,1.7143,3.11506,71.787,-1.56172,1.11331,41.0647,-0.428735,-0.639306,2.00175,0.0128381
176.142,-1.35618,1.05,159.057,2.46552,2.01571,129.171,1.81316,-1.49305,0.965711,0.0128381
126.076,-1.45404,-0.0115212,94.6415,2.81932,2.11058,63.2282,0.637523,-1.83792,2.1221,0.0128381
129.235,-2.57301,-0.305703,48.4529,1.36902,-1.1435,75.002,-0.491398,2.91757,-0.837798,-0.0128381
83.723,2.52765,1.60774,67.8928,-2.7216,2.51864,94.6262,-0.862505,-0.812985,-0.910907,-0.0128381
160.306,-3.07389,-1.26425,98.7239,0.90609,-0.892763,168.773,-0.0302623,2.29702,0.371486,0.0128381
166.638,-2.85854,1.09191,157.594,2.36049,-3.12052,101.166,-0.290114,-1.13889,2.07075,0.0128381
226.001,-1.62201,-2.55865,182.559,1.47471,1.686,212.665,0.0383553,-0.652807,-2.03854,-0.0128381
87.0232,-1.97004,0.81572,40.7504,3.76621,-0.025291,69.4668,1.17751,-2.7042,-0.841011,-0.0128381
247.302,-1.55512,0.255612,55.0855,2.65518,-1.93055,180.419,1.26117,-3.09954,-2.18616,-0.0128381
296.457,0.773766,2.71608,50.1923,-3.80914,0.830923,123.299,-0.871041,-0.553444,1.88516,0.0128381
390.648,-1.22992,2.575,164.036,2.60233,0.810749,140.721,-0.187249,-1.25568,-1.76425,-0.0128381
153.203,-0.942327,-0.113014,55.3416,2.1403,-2.55287,40.9011,1.25951,2.68397,-2.43986,-0.0128381
176,-2.51278,3.01656,102.901,2.5523,-1.02241,79.393,0.346956,0.339312,2.24422,0.0128381
187.09,3.05641,3.07908,32.5658,-0.641459,-1.87471,150.388,0.504958,0.00667254,-1.3294,-0.0128381
255.844,-2.08034,2.28332,75.9696,3.11134,1.27558,97.8541,1.1981,-0.763803,-1.00774,-0.0128381
286.32,1.56292,1.47686,41.7322,-1.86532,-1.91243,38.3656,-1.12462,-2.1238,-2.8939,-0.0128381
486.359,0.718247,0.576253,174.44,-2.90032,-1.5812,224.54,-1.54348,2.93987,2.15745,0.0128381
73.2658,0.495131,1.10317,38.0916,-3.94491,0.626936,71.7589,-1.76669,-2.64622,0.476238,0.0128381
257.479,-1.75048,-2.87299,119.477,3.21633,-0.629868,65.3701,-1.14145,0.742319,2.24312,0.0128381
111.307,-1.88751,-2.3616,39.25,3.74334,-3.13005,58.4988,0.705688,1.62669,-0.768444,-0.0128381
99.8552,2.20701,0.538001,65.2785,-2.27076,2.20528,59.5953,2.01983,-2.04864,-1.66728,-0.0128381
112.266,1.64971,-0.588761,49.0813,-4.04698,1.03108,92.6244,-1.51108,2.96494,-1.61985,-0.0128381
140.678,-2.34032,-2.63114,77.08,2.41206,-0.802662,111.107,0.276796,1.07172,1.82848,0.0128381
142.014,-1.94659,-2.68398,44.8738,1.75938,2.99111,117.243,0.561647,0.182319,-0.60809,-0.0128381
118.52,-2.37283,2.69099,60.8747,1.32175,2.65468,130.516,0.0897722,-0.716188,-0.0363162,-0.0128381
94.7725,-1.12089,2.95006,88.6933,2.23697,1.02799,44.313,0.0513145,-0.224604,-1.92206,-0.0128381
121.25,1.7053,0.166222,72.2685,-1.7609,-0.820352,87.4284,0.4613,2.79534,0.986574,0.0128381
289.069,2.61531,2.26954,84.0809,-1.32357,2.67202,437.507,-0.0316,-0.670092,-0.402488,-0.0128381
113.126,-2.18986,-1.98919,67.5546,3.14388,0.39223,94.9142,1.08577,1.96724,2.38142,0.0128381
145.989,2.39959,1.16558,134.14,-2.86208,-0.162701,158.491,-0.112276,-3.00529,1.32828,0.0128381
73.6313,3.82888,-0.591214,50.7144,-1.83924,0.410828,91.0899,2.27862,-3.12144,-1.00204,-0.0128381
125.229,1.58442,0.763753,66.0755,-2.28282,-0.0622858,91.8621,-0.491765,-2.77881,0.826039,0.0128381
342.519,2.4804,2.8832,66.3129,-1.43604,-0.182821,143.603,0.959514,-0.173152,3.06602,0.0128381
338.888,1.93378,-0.596054,151.464,-3.42229,0.0206438,110.997,-0.241969,2.77834,-0.616698,-0.0128381
91.8523,1.81578,-1.95036,86.967,-2.36203,-0.536975,112.17,-0.31703,1.82595,-1.41339,-0.0128381
122.849,-0.841676,-0.447098,69.1196,3.37169,-1.23432,173.749,1.67001,2.46034,-0.787225,-0.0128381
229.856,-1.83136,-1.37779,38.2378,3.97504,3.09164,134.918,0.345549,1.4316,-1.81376,0.0128381
323.994,-2.08966,-2.35346,146.315,1.976,1.96786,164.981,-0.034697,0.294654,-1.96186,-0.0128381
181.441,1.95098,-2.3564,178.399,-2.58077,-1.01331,99.5438,0.186723,1.19728,-1.3431,-0.0128381
294.024,2.42905,0.874181,121.872,-1.27942,-2.23263,106.382,0.731522,-2.49352,3.10681,0.0128381
202.699,2.46109,-0.132748,46.3265,-1.26481,0.261569,110.466,1.61199,3.06815,-0.394317,-0.0128381
121.586,0.457317,0.83239,61.0629,-3.25766,2.32606,76.5185,-1.50922,-2.07268,-1.49367,-0.0128381
206.776,0.827791,0.429553,179.509,-3.19929,-0.452702,148.704,-0.988502,-2.87889,0.882255,0.0128381
261.422,2.2545,-0.512118,133.831,-4.34468,-1.54465,110.351,0.0940843,2.2847,1.03253,0.0128381
167.204,1.60463,2.725,100.823,-1.67657,-2.21695,154.438,0.720959,-0.0113984,-1.34123,-0.0128381
107.294,-1.76345,-1.58435,81.945,2.77925,-1.65426,161.521,0.970113,1.51602,-0.0699075,0.0128381
106.72,2.47291,0.866472,62.7007,-2.02359,0.73112,99.306,1.16621,-2.56841,0.135352,0.0128381
121.149,0.513493,0.375444,40.4182,-3.60974,-1.55954,87.2331,0.196441,-2.70257,1.93498,0.0128381
164.685,1.67168,-0.76436,127.544,-2.99671,-2.61396,101.613,-0.126354,1.64457,1.8496,-0.0128381
290.427,2.25811,0.536695,147.618,-2.35775,2.70545,230.235,1.11745,-2.44816,-2.16875,-0.0128381
135.147,2.50136,-2.37538,65.373,-1.18648,-0.846432,93.3901,1.08073,1.3651,-1.52894,-0.0128381
109.749,2.73289,-2.70193,91.736,-3.75935,3.06484,64.0508,0.293107,0.254985,0.516417,0.0128381
82.0291,-1.98087,0.603528,41.575,1.94175,1.46824,103.706,-0.560074,-2.25758,0.864712,0.0128381
69.3967,0.499485,-1.85651,55.4182,-3.57476,-0.740768,62.079,-1.37635,1.9449,-1.11575,-0.0128381
127.857,1.98261,3.08799,72.9018,-3.39821,-3.12609,140.08,-2.03759,0.0908436,-0.0691088,-0.0128381
137.969,-0.723021,-1.30145,84.5013,2.99477,0.9434,79.961,0.305566,1.96125,2.24485,0.0128381
124.281,3.26323,-0.259064,90.8028,-0.83228,0.490508,75.2606,1.62735,-2.68678,-0.749573,-0.0128381
232.451,-0.997026,-0.47064,144.263,3.03183,-1.30895,146.416,1.21632,2.29289,-0.838312,-0.0128381
358.589,2.46841,-3.03621,282.707,-1.05246,0.806372,117.741,-0.0157461,-0.657776,2.4406,0.0128381
104.094,2.76444,-2.54498,91.9366,-1.81539,0.0137719,39.2199,0.35775,1.51479,-2.55875,-0.0128381
123.076,1.58127,1.0985,65.9802,-2.47496,-2.96392,55.4681,-0.76176,-1.99517,-2.22076,-0.0128381
129.345,-2.4984,1.42813,107.26,2.67702,0.122622,65.7334,-0.365818,-1.61849,-1.30551,-0.0128381
103.28,-3.11217,2.8825,96.0158,2.28281,-1.61018,80.1981,-0.185138,0.791378,1.7905,0.0128381
148.215,2.56253,2.16563,110.753,-1.37671,1.70354,153.34,1.52366,-1.07017,0.462088,0.0128381
198.594,-2.53383,3.04777,88.6761,2.45065,1.42746,160.307,1.00791,-0.511403,-1.6203,-0.0128381
161.018,-1.28341,-2.50299,113.136,2.59855,-0.559847,114.004,-0.685538,1.2662,1.94314,0.0128381
240.026,0.810813,2.94421,60.3424,-2.84788,-1.21925,222.776,-0.3624,0.118398,-2.11972,0.0128381
160.072,-1.38602,-2.44,154.915,1.67086,-1.67723,121.127,-0.591186,1.02979,0.762768,0.0128381
198.486,2.53493,-0.555238,72.8911,-1.75152,-2.07909,118.748,1.09395,2.16312,1.52385,0.0128381
269.816,1.41958,-1.66411,42.7363,-2.71932,-2.43416,295.911,-0.917377,1.42453,0.77005,0.0128381
234.063,-3.05187,0.939601,35.9032,0.165938,2.64209,199.546,-1.29678,-2.16963,1.70249,0.0128381
160.984,-2.62974,2.63149,42.3321,0.46061,-0.366723,82.5713,-1.18672,0.0801555,-2.99821,0.0128381
109.939,-2.60802,-2.51966,62.3294,3.62644,-3.08281,102.535,-0.845919,0.259573,-0.56315,-0.0128381
113.116,-2.88899,-2.77022,53.9567,2.15023,-2.42667,114.364,-0.821987,0.481669,0.343553,-0.0128381
188.638,0.867822,0.621118,47.2481,-3.26608,-0.674007,130.359,-0.486915,-3.04312,1.29513,0.0128381
155.029,-2.93428,-3.08108,129.445,3.58293,0.812414,73.3772,-1.41975,-0.884794,-2.38969,-0.0128381
72.3935,1.54111,-2.81636,51.318,-2.57713,-1.2248,74.451,-0.546987,1.31464,-1.59156,-0.0128381
120.881,-3.14961,2.2109,103.732,2.22108,-2.86106,139.327,-1.64074,0.570729,1.21122,0.0128381
214.168,-3.01751,-0.851315,142.097,1.78937,2.88331,74.0509,1.51094,1.92549,-2.54856,0.0128381
261.567,-1.68118,-3.08374,93.2544,3.55416,0.825488,136.992,1.17083,-0.353893,-2.37396,-0.0128381
221.999,-2.08009,-2.23197,155.58,2.51194,-0.821127,213.544,0.465246,1.44051,1.41085,0.0128381
257.008,-3.07247,-0.259693,56.7305,0.617408,-1.68414,110.304,-1.21525,2.87879,-1.42444,-0.0128381
154.285,-2.59775,-0.887259,89.683,1.74459,-2.36396,173.863,-0.588072,1.57285,-1.4767,-0.0128381
151.031,2.93888,0.0771525,78.3482,-3.62163,-1.78758,112.859,0.54763,2.76072,1.86473,0.0128381
97.8561,-0.899494,1.10588,90.5921,3.46254,-0.387479,99.4925,1.58237,-2.67825,-1.49336,-0.0128381
138.841,-2.44369,-0.310045,120.812,0.588876,1.11771,109.98,-1.55761,-2.53005,1.42775,0.0128381
138.519,2.51422,1.82282,87.3721,-1.51771,-2.70027,63.3304,1.2543,-0.277389,-1.7601,-0.0128381
77.9323,3.36906,2.97087,70.3447,-1.98097,0.196584,60.5109,2.12606,-1.57843,2.77429,0.0128381
88.8637,1.78162,2.80504,61.4766,-2.11362,0.384333,67.728,1.68694,-0.753742,2.42071,0.0128381
167.135,2.12872,2.65148,117.258,-3.00203,-1.65925,169.776,-0.139831,0.0771867,-1.97246,-0.0128381
337.425,-2.77378,-2.02692,119.094,1.91809,0.0216444,265.624,0.109851,1.66222,2.04856,0.0128381
120.592,1.83354,0.936577,93.1063,-2.62606,-0.87011,137.642,-1.69716,2.75432,1.80669,0.0128381
235.07,1.28872,-0.0733011,197.708,-2.00655,-0.759958,140.015,-0.130273,2.83976,0.686657,0.0128381
120.676,-2.36618,2.38786,54.1233,1.34587,-2.48413,68.9863,0.592485,-0.334891,1.41119,0.0128381
386.171,-1.95686,-1.9145,190.385,1.47645,1.92942,197.361,-0.178601,0.865082,-2.43926,-0.0128381
343.389,1.46011,-2.30394,71.7721,-2.08599,0.233198,62.3601,0.0137038,1.30399,-2.53713,-0.0128381
102.418,2.99051,3.0015,69.632,-1.3396,-2.69762,76.7435,0.879658,-0.0260641,-0.58406,-0.0128381
170.636,-1.05128,-1.09278,65.83,3.97347,-2.61228,63.5766,0.727011,1.87335,-1.5195,0.0128381
506.097,1.11343,1.63214,83.5586,-3.01138,-1.91734,140.079,0.190487,-1.28147,-2.73371,-0.0128381
234.345,1.52311,-1.78797,117.622,-2.45038,-0.665498,158.937,-1.20086,1.77278,-1.12247,-0.0128381
292.352,-1.2464,2.74201,247.887,2.65676,0.848122,146.689,1.58836,-1.21202,-1.89389,-0.0128381
95.1499,-2.1275,2.86854,83.3938,1.41611,2.05969,63.4382,-2.10847,-0.0281356,-0.808849,-0.0128381
168.477,2.73768,-2.43919,72.1461,-2.34089,2.60251,168.558,-1.45081,0.281536,1.24148,0.0128381
228.119,0.606058,-0.439569,88.5276,-3.74626,-0.543673,163.871,-0.163064,2.52994,0.104104,0.0128381
401.048,1.22694,-0.138994,60.9369,-2.30437,2.07849,171.528,0.348964,3.13992,-2.21749,-0.0128381
143.918,-1.81759,1.02083,88.7309,3.54195,2.45287,156.572,-1.06074,-1.4597,1.43204,0.0128381
139.33,2.73093,0.276101,107.541,-1.77046,0.97802,51.2424,-0.416643,-3.11543,-0.701919,0.0128381
265.903,-1.94574,1.71201,146.739,1.81877,-0.789422,109.011,-1.05151,-1.55209,-2.50143,-0.0128381
288.761,-2.9502,2.29821,32.2575,0.735606,0.295602,154.938,-1.36419,-0.979516,-2.00261,-0.0128381
129.353,0.829697,-0.30519,55.4061,-4.4344,-0.468668,90.0759,0.0499448,3.08813,0.163479,0.0128381
301.68,-2.44659,0.0045845,49.8036,3.00079,-1.52948,243.273,0.266835,3.06315,-1.53407,-0.0128381
229.62,1.70296,2.89332,66.3457,-2.89328,-1.42845,95.4128,1.27732,-0.231407,-1.96141,-0.0128381
148.082,1.52148,-0.103014,68.7571,-3.13658,1.03293,128.527,-1.52291,-2.91497,-1.13595,-0.0128381
420.827,1.95417,1.01778,31.853,-3.14897,2.8765,108.092,-0.553922,-1.98151,-1.85871,-0.0128381
352.31,0.969678,-1.13586,62.4484,-2.75374,1.86381,116.424,0.63026,1.98841,-2.99967,-0.0128381
114.825,-2.13979,-1.56364,81.4004,3.62321,0.108371,145.04,1.13184,2.00114,1.67201,0.0128381
246.67,2.21409,3.13055,43.3612,-3.76468,-1.24603,145.22,1.27717,0.367653,-1.90661,-0.0128381
77.8601,-3.2289,-1.84227,76.548,1.35373,2.30748,47.8387,-0.69391,0.738154,-2.13343,-0.0128381
187.637,-1.55993,2.07236,126.807,2.75537,0.179132,139.443,0.702874,-1.46133,-1.89323,-0.0128381
204.332,-1.65611,0.804358,95.5533,2.40101,-0.273365,188.678,1.63899,-2.75835,-1.07772,-0.0128381
81.9167,-0.205441,-2.61039,64.4222,3.23652,0.402368,41.0598,1.04332,1.33734,3.01276,0.0128381
134.026,-1.40235,0.817691,95.4338,2.11749,2.82992,95.7497,-0.662695,-1.47633,2.01223,0.0128381
165.99,-1.93609,2.54464,74.1197,1.45612,2.95737,96.2964,-0.850411,-0.0539215,0.412726,0.0128381
154.872,1.77394,2.129,58.0393,-2.76283,-0.238977,90.9252,-0.334637,-1.20954,2.36798,0.0128381
114.282,-1.92308,-0.388645,51.8577,4.44283,-1.97629,41.0856,1.24811,2.15282,-1.58764,-0.0128381
146.642,-3.05525,-0.311039,120.274,3.00495,0.876896,173.959,1.35161,-2.98639,1.18794,0.0128381
77.3226,2.54676,-1.99831,63.3527,-1.95867,-0.634116,42.9407,0.775202,2.41654,-1.36419,-0.0128381
143.363,1.75577,-2.87211,51.3473,-2.76712,-1.62076,114.91,-0.268936,0.354037,-1.25135,-0.0128381
108.977,2.89163,1.22747,89.7293,-0.244753,-2.95215,82.9363,2.58665,-1.44863,-2.10356,-0.0128381
101.713,-3.22398,-3.0347,92.0145,1.94403,-2.73365,123.653,0.790602,0.648687,0.301042,0.0128381
79.5774,1.87128,-1.32841,69.1625,-3.44775,2.84456,37.4437,0.335964,2.33251,2.11022,-0.0128381
140.207,2.84369,-3.0895,57.2302,-2.38672,1.71436,82.6732,0.132644,-0.191243,1.47933,0.0128381
150.875,-1.73107,1.32712,141.666,2.53817,1.81512,117.529,1.08556,-1.54402,0.488003,0.0128381
150.058,2.11341,2.54741,119.401,-3.1401,-2.59412,181.083,-0.0927191,-0.0386218,-1.14166,-0.0128381
77.8533,-3.06849,-2.17411,44.8576,0.764362,-2.73441,52.6062,-2.09396,0.24376,-0.560296,-0.0128381
161.119,-1.42713,3.1337,100.262,2.77948,-2.16904,224.627,-0.547758,0.256116,0.980444,0.0128381
204.016,-2.35608,0.985696,111.061,3.49993,2.30643,157.368,-1.22967,-1.67363,1.32074,-0.0128381
193.73,-1.45989,0.773812,86.1624,2.55327,-0.54038,190.379,1.29815,-3.01124,-1.31419,-0.0128381
163.47,2.15514,-0.979218,116.086,-2.46456,-3.0834,58.3032,-2.07836,1.74629,2.10418,0.0128381
206.516,2.44332,1.21055,60.7405,-2.94484,0.35234,158.344,0.635578,-2.14729,0.858208,0.0128381
98.4754,-1.75363,2.48789,53.3812,3.14416,0.187748,37.6667,-1.54686,-0.314843,-2.30015,-0.0128381
145.472,2.04743,-0.155957,93.8786,-1.73401,-1.95126,54.9718,-1.43571,2.4282,1.79531,0.0128381
217.158,-2.80595,2.20785,132.809,1.92875,1.46506,152.697,0.289517,-1.06682,-0.742787,-0.0128381
281.115,-1.8263,-1.72405,42.9175,2.08547,-2.37978,120.425,-0.673031,1.25113,-0.65573,0.0128381
206.712,1.30141,-1.72289,74.0899,-1.89616,2.46002,173.002,-0.654103,1.14864,2.10028,0.0128381
146.363,2.94763,1.84796,118.025,-2.11353,-0.00235885,102.76,2.23955,-1.99413,1.85032,0.0128381
194.194,-1.25855,-0.237045,181.193,2.43313,2.21517,102.039,1.10848,-2.40249,2.45221,0.0128381
332.219,1.69334,-2.21242,212.891,-1.59443,-0.471332,219.615,0.60793,1.50693,-1.74109,-0.0128381
126.304,2.26941,1.93589,51.641,-1.02603,0.443748,114.268,0.674509,-1.14879,1.49214,-0.0128381
59.6978,-3.61641,-3.06632,38.8593,2.25337,2.64783,58.7354,1.50037,-0.277715,-0.569039,-0.0128381
71.4148,1.97709,1.82435,69.4772,-3.64034,0.583304,86.7983,-1.75742,-1.8819,1.24104,0.0128381
97.9059,-2.92513,-1.93848,83.6035,3.12371,-0.605636,68.1216,0.437303,1.72383,1.33284,0.0128381
329.984,-2.06458,-1.14058,129.817,3.86417,-0.295126,230.805,0.263577,2.3213,0.845456,0.0128381
107.219,-3.02437,-0.290295,76.1875,0.24369,0.593591,135.422,-2.5384,-2.71476,0.883886,0.0128381
258.573,-1.94894,0.0558276,157.54,2.1076,-0.48231,142.143,0.0407656,2.90727,-0.538137,-0.0128381
240.4,2.25572,-1.31789,47.8567,-3.20058,2.44224,117.181,0.640003,2.07161,2.52305,0.0128381
137.403,1.86022,1.70024,78.0219,-3.07356,2.9476,62.9008,-0.158761,-0.77472,-1.24736,-0.0128381
110.412,-1.46705,1.43162,50.9844,3.92732,1.89746,130.136,0.491978,-1.67345,0.46584,-0.0128381
116.339,-0.720238,1.47656,56.145,2.78164,2.95387,100.77,0.0493332,-1.40742,1.4773,0.0128381
268.412,2.0729,3.10708,152.046,-3.06786,-0.945752,130.92,-0.368941,0.160733,-2.23035,-0.0128381
193.826,-1.35898,-2.89998,88.992,3.66715,0.85362,84.7973,2.18063,-0.691322,-2.52958,-0.0128381
175.894,-1.96456,-2.17668,104.477,2.39166,-1.18961,169.995,-0.500821,1.15592,0.987067,0.0128381
208.659,2.09452,-1.27675,144.933,-1.57352,-2.92691,83.4946,0.847218,1.44758,1.65016,-0.0128381
147.823,1.88495,-1.46202,56.5938,-2.08753,2.37731,80.2426,-0.687177,1.74104,2.44386,-0.0128381
115.986,-2.35047,-1.8638,88.9176,3.60524,-0.408587,119.296,0.73109,1.92787,1.45522,0.0128381
183.381,-2.81468,-0.200535,32.3892,2.28822,-1.53912,134.047,-0.307895,2.84457,-1.33859,-0.0128381
154.723,-0.573432,-3.08567,88.4805,3.47249,2.16451,205.278,1.57916,-0.237304,-1.03301,-0.0128381
117.985,-2.84469,-2.46236,44.561,2.91132,1.35052,50.0736,1.4145,-0.0850268,-2.4703,0.0128381
185.805,0.949109,1.00073,132.399,-3.16108,2.21592,104.01,-0.774472,-1.75051,-1.2152,-0.0128381
130.36,-2.82271,2.3763,84.9436,1.66398,1.13527,144.331,-1.05765,-1.16085,-1.24103,-0.0128381
151.78,-1.43952,-1.69669,147.893,2.32272,-0.256849,122.438,-0.449918,2.36849,1.43984,0.0128381
109.583,3.08714,2.159,31.1823,-4.1922,0.823388,82.0729,0.21576,-1.74741,1.33561,0.0128381
255.182,1.58807,-1.32449,96.2985,-2.5124,-2.34483,197.077,-1.12221,1.52817,1.02034,0.0128381
82.285,1.23501,-2.53413,63.6076,-3.2913,1.75452,74.6955,-2.5621,-1.09661,1.99454,0.0128381
216.714,0.830059,2.1288,158.393,-2.31671,-2.01658,88.4243,-0.765783,-0.995424,-2.1378,-0.0128381
91.5708,2.18414,-2.78566,56.5922,-2.54808,2.16725,104.17,0.617244,-0.156776,1.33028,0.0128381
102.632,2.74595,0.841683,33.9106,-3.10698,-1.23443,57.0522,-1.94299,-1.99435,2.07611,0.0128381
347.517,-0.871589,-0.963827,199.689,2.38184,-2.09917,382.577,0.883619,1.78517,-1.13534,-0.0128381
160.733,2.96965,-2.57167,72.3013,-0.722371,-0.326993,97.2489,1.19777,1.12745,-2.24468,-0.0128381
105.994,-0.840959,-0.11855,89.6622,2.45467,0.97988,116.695,1.98992,-2.99297,1.09843,0.0128381
86.7513,-2.79928,-0.312869,60.8452,4.15787,1.77608,31.2585,-1.29311,-2.26199,2.08895,0.0128381
96.4459,0.789422,0.0395966,55.7413,-2.56125,-2.52873,40.3416,-1.73835,2.25511,2.56832,0.0128381
119.75,3.04537,-1.3336,75.1224,-2.12187,-0.444415,138.797,-0.686075,1.84813,-0.889181,-0.0128381
157.121,0.855014,1.20159,87.8013,-3.92043,2.0955,148.997,-0.958558,-1.60801,-0.893913,-0.0128381
266.742,2.36314,-0.42449,147.524,-1.15665,1.6143,132.549,0.877437,-3.00642,-2.03879,-0.0128381
275.79,-2.79053,0.844166,62.476,1.74768,-0.713578,133.841,-2.41647,-2.65853,-1.55774,0.0128381
266.259,1.51241,-1.23072,87.4369,-2.61834,0.244032,159.005,-0.601533,2.38361,-1.47475,-0.0128381
69.1328,-3.69369,-2.72208,40.3444,1.37868,-0.410766,45.4949,-1.10543,1.03722,2.31131,0.0128381
88.3648,1.76661,1.07946,49.2526,-4.11539,-0.527762,53.7542,-0.424866,3.12067,1.60722,-0.0128381
171.524,2.40484,-1.32084,91.8037,-1.37351,-2.36123,142.373,0.0546793,1.55904,1.04039,0.0128381
184.788,2.45675,0.370356,96.0997,-1.67628,-0.889454,222.78,-0.449807,2.92459,1.25981,0.0128381
206.714,2.24577,-0.636359,102.097,-1.51312,0.980896,126.087,1.06964,3.11079,-1.61726,-0.0128381
171.146,3.65605,-2.85274,47.1859,-1.13606,1.60286,58.4008,1.17122,0.0371103,1.82759,0.0128381
137.667,-2.35356,1.50093,54.8168,2.40117,1.93192,138.411,1.42568,-1.51332,0.430991,0.0128381
112.614,-4.0044,0.406012,53.2868,1.14809,-1.86089,71.4663,0.33126,-2.78447,-2.2669,-0.0128381
102.027,3.68118,2.58096,72.4576,-0.860237,-1.99471,164.124,1.00875,0.51089,-1.70752,-0.0128381
268.955,2.27443,1.95544,115.701,-2.95194,-2.27023,85.9742,-1.45393,-0.430051,-2.05751,-0.0128381
183.436,-2.8046,-0.021968,120.034,2.46514,0.816355,272.724,0.0413611,-2.95198,0.838323,0.0128381
148.529,-1.90982,1.54674,78.5161,3.79933,0.526573,144.745,-0.205868,-2.04401,-1.02017,-0.0128381
141.887,-2.33738,-2.16111,116.373,1.76822,-1.06335,107.004,0.348664,1.69538,1.09776,0.0128381
224.212,0.775547,2.78541,113.447,-3.62814,-2.35698,149.823,-1.22471,0.0918904,-1.14079,-0.0128381
112.741,3.03087,-1.06434,87.5151,-1.58182,-2.13042,118.228,-0.3362,1.17158,1.06607,0.0128381
51.0618,-2.33651,-1.97495,33.6318,2.69942,0.681473,48.1081,-1.39512,-0.243212,2.65642,-0.0128381
319.361,-1.67848,1.69356,115.206,1.58462,2.10369,264.722,-0.0811159,-1.20308,0.410133,0.0128381
119.463,-2.41235,-1.03323,55.5531,1.40165,-0.136245,90.7397,-1.08311,2.59289,0.896986,0.0128381
149.661,1.52661,1.59318,113.792,-2.82054,-0.29835,110.768,-0.18748,-2.62198,1.89153,0.0128381
404.44,0.037507,3.07818,82.9869,-3.48723,2.37263,269.863,-1.0113,-0.177303,0.705548,0.0128381
236.554,-2.48355,-1.29193,109.55,1.64689,-2.5773,172.763,-1.54875,1.4403,-1.28537,-0.0128381
179.726,0.537246,2.49479,37.7332,-2.47124,-1.2551,49.371,-1.61063,-0.713031,-2.5333,0.0128381
216.782,-2.01885,-2.51549,81.4527,1.40487,-0.450272,133.794,-0.180327,0.951724,2.06522,0.0128381
108.864,-3.71965,-2.04073,56.6512,1.72763,-2.89695,87.3759,-0.104412,1.41555,-0.856215,-0.0128381
112.262,-2.43718,-3.01372,75.0105,2.5362,2.75127,142.392,1.25893,-0.108441,-0.518195,-0.0128381
93.7831,1.34518,2.74352,33.0728,-4.2426,-1.44633,70.4702,-2.01024,0.304837,-2.09334,-0.0128381
288.817,2.19106,0.422288,190.86,-0.868396,-1.01482,310.08,0.796492,-2.77604,1.43711,0.0128381
112.695,-2.8542,2.1616,38.0187,3.19779,-2.26016,49.228,-1.50872,-0.424702,1.86142,0.0128381
311.833,1.43896,1.54237,57.2554,-2.24327,0.512293,326.345,0.298214,-1.7606,1.03007,0.0128381
192.25,-1.19475,2.59827,115.59,4.07711,0.877761,152.462,0.270027,-1.18428,-1.72051,-0.0128381
131.913,1.96263,-1.05825,95.5654,-3.4516,2.31672,55.7867,-0.367823,2.2396,2.90822,0.0128381
153.489,1.49165,0.586935,34.77,-2.89364,0.0289505,160.429,1.05541,-2.48865,0.557984,0.0128381
218.198,1.14705,2.97373,90.4247,-2.98224,-1.94906,96.3896,-1.36155,-0.0309373,-1.3604,-0.0128381
334.13,-0.458682,-1.21998,95.026,2.65337,-2.70958,127.171,0.86767,1.50115,-1.4896,-0.0128381
82.0326,-2.70135,2.95101,41.828,3.06852,-1.18858,67.8869,0.176947,0.163292,2.1436,0.0128381
103.637,1.32939,-2.02824,31.5244,-2.5195,1.43884,93.2498,0.0810693,0.99954,2.81611,0.0128381
274.094,-1.05251,-1.50554,93.7861,2.38725,1.81813,104.842,1.65956,1.31969,-2.95952,-0.0128381
143.339,1.87085,-0.12438,126.432,-2.88178,0.0624751,158.332,-2.13393,-3.03903,-0.186855,-0.0128381
180.585,-0.987286,3.09983,161.661,3.23034,1.27904,112.95,1.99411,-0.68878,-1.82078,-0.0128381
221.053,0.870056,-1.96824,32.9515,-4.25783,2.02297,181.516,-0.0131449,1.03319,2.29198,0.0128381
223.053,-1.65894,2.17993,147.645,1.93649,2.1217,216.7,-0.0324975,-1.0298,-0.0582304,-0.0128381
149.37,2.16264,0.654484,81.7475,-1.53949,-1.0928,92.9437,2.12153,-3.125,1.74728,0.0128381
162.516,2.68094,-2.02814,136.639,-2.81234,1.89222,58.9497,0.0744691,0.231442,2.36283,0.0128381
133.099,-1.7792,-1.16105,86.349,2.27862,-2.50126,120.02,0.00569346,1.31894,-1.34021,-0.0128381
90.4949,-2.52638,0.25575,82.159,1.92419,1.68115,89.6182,-0.757201,-2.18225,1.4254,0.0128381
139.268,0.591625,-1.06192,70.3644,-3.55726,0.657864,80.6093,-0.975418,2.53561,-1.71978,-0.0128381
81.9463,-3.50818,-2.17633,33.0257,0.313592,-0.198756,70.886,-1.71096,1.14387,1.97758,0.0128381
195.274,-1.08964,-1.2438,49.9684,2.00048,-2.00812,153.403,-0.00294847,1.63875,-0.764321,-0.0128381
144.824,2.54541,-1.12559,118.89,-0.977774,-0.579693,205.628,-0.287125,1.91583,-0.5459,0.0128381
76.3654,0.503199,2.13247,43.8887,-3.57017,0.129589,49.7797,-2.09494,-1.4846,2.00288,0.0128381
100.956,2.47221,2.31149,58.7387,-3.67324,1.80951,98.2516,0.0794727,-1.02018,0.501982,0.0128381
150.065,1.44359,1.31901,126.695,-2.2594,-2.36859,51.8754,1.0975,-0.900087,-2.59559,-0.0128381
80.7707,-3.17243,-0.485444,50.0137,2.71449,0.82154,49.3492,0.741839,2.86124,1.30698,0.0128381
64.0869,4.31861,-0.123548,41.9041,-1.77704,-1.93721,56.7227,-0.408604,2.39975,1.81366,0.0128381
72.9171,-3.22198,2.08239,42.9524,2.44024,2.07456,62.4994,0.361993,-0.0266042,-0.00783443,-0.0128381
131.25,-2.36864,3.03571,106.671,2.1874,1.62016,156.562,-2.10205,-0.686432,-1.41555,-0.0128381
192.689,-0.406282,1.01189,45.7149,2.62926,2.16498,147.256,-0.211316,-1.843,1.15309,0.0128381
109.778,-2.7657,-2.64501,94.0918,1.52141,1.03789,59.0342,-0.31547,-0.592086,-2.60028,-0.0128381
221.998,-1.0419,1.18278,67.4553,3.89401,2.50912,100.531,2.19999,-1.93111,1.32634,0.0128381
242.796,-2.95975,2.59163,100.382,0.959007,-2.19507,67.1251,-1.81538,-0.762752,1.49649,0.0128381
198.424,2.66535,0.870091,38.6225,-3.51144,-0.259458,90.7256,0.473423,-2.772,1.12955,0.0128381
140.301,-2.94466,-1.25359,48.3986,1.13552,-2.72609,108.621,-2.08869,1.80111,-1.4725,-0.0128381
101.379,2.43627,-2.79171,84.2534,-3.66982,-1.17234,111.185,1.0311,1.13643,-1.61937,-0.0128381
201.171,-2.92572,3.09538,47.0251,2.91265,0.856515,137.289,-0.905832,-0.212516,-2.23886,-0.0128381
175.268,2.13203,-0.367391,61.6334,-1.99943,1.29682,104.795,0.66584,3.09483,-1.66421,-0.0128381
94.8232,-0.269195,0.439821,37.279,3.59667,-1.2096,69.316,0.600772,-2.917,-1.64942,-0.0128381
289.609,-1.33407,2.25615,99.115,2.77217,0.434211,87.0228,1.12447,-1.35118,-1.82194,-0.0128381
123.867,-3.22374,-0.714284,33.3068,2.95786,0.999767,83.9793,-0.633047,2.44409,1.71405,0.0128381
96.5924,-2.20059,1.62607,85.9297,1.73766,1.183,176.06,0.262692,-2.02803,-0.443066,-0.0128381
162.498,2.4781,-2.18587,117.956,-0.549828,-3.11079,143.682,1.94696,0.689332,0.924922,0.0128381
98.1869,2.20128,2.85742,34.5637,-2.70734,-0.801445,68.1506,-0.376641,-0.169625,-2.62431,-0.0128381
426.363,0.328597,2.39818,124.264,-3.01746,0.334697,189.234,-0.257627,-1.10894,2.06349,0.0128381
248.286,-2.50313,-1.65728,67.7868,3.26087,2.68526,168.997,0.14743,1.9953,-1.94065,0.0128381
225.318,3.08013,1.55437,30.8556,-1.2667,-1.78152,73.1908,0.624288,-1.70261,-2.9473,0.0128381
192.087,1.17046,-0.498388,133.99,-1.95401,-1.72159,184.946,-1.13922,2.16676,1.2232,0.0128381
138.776,2.52297,1.44648,109.508,-1.88988,2.07956,57.9414,0.350548,-0.593015,-0.633083,0.0128381
116.794,-3.0084,0.177127,110.581,1.04258,0.755263,126.232,0.579458,-2.76202,0.578137,0.0128381
111.213,-0.850219,-1.46945,90.313,2.28559,2.67936,58.4282,0.336313,0.647599,-2.13437,-0.0128381
171.222,-0.756443,-3.10327,97.0786,3.59431,0.950051,37.7849,1.58317,-0.966057,-2.22987,-0.0128381
178.119,-1.89273,-0.601918,89.1585,2.96158,-2.73991,124.443,-1.81591,2.01906,-2.138,-0.0128381
143.226,2.75491,1.83018,111.715,-1.02749,0.285599,97.1873,0.205597,-1.40627,1.54458,-0.0128381
451.114,-2.2855,-0.798616,91.8212,2.80959,2.75751,322.404,-1.48028,2.18516,-2.72706,-0.0128381
201.846,2.33687,-0.528468,56.3354,-1.66704,2.99529,60.0474,-0.89999,2.09583,2.75943,0.0128381
262.775,-0.0780003,0.348626,121.506,2.93436,1.16862,222.406,1.99827,-2.52877,0.819996,0.0128381
208.434,-1.36318,2.71365,195.457,2.05665,-1.78422,124.325,0.540922,0.417154,1.78532,0.0128381
150.039,-2.73811,2.8231,32.8699,0.590324,-0.981006,74.5866,-1.13692,-0.583284,2.47908,-0.0128381
240.878,1.39071,-2.54317,44.6441,-2.10568,-0.636454,149.235,-0.584294,0.662737,-1.90672,-0.0128381
122.733,-1.40791,2.20155,91.4296,2.08176,1.77203,73.0667,1.12825,-1.03897,-0.429513,-0.0128381
292.411,-1.53558,1.23929,251.302,2.72706,-0.975831,105.88,-0.78897,-2.84415,-2.21512,-0.0128381
158.139,3.48689,-0.918359,72.1824,-2.06114,-0.00665377,111.006,1.48554,2.73661,-0.911705,-0.0128381
181.496,-0.590295,-0.453554,32.6268,2.84175,1.45204,125.028,1.47349,2.73301,1.9056,0.0128381
116.237,3.17201,-2.73672,44.0383,-0.0644205,1.32374,44.324,1.94008,-0.358368,2.22273,0.0128381
71.9078,-2.24535,3.11149,58.1325,1.33215,-0.84437,35.6378,-1.43181,0.661122,2.32732,0.0128381
139.028,-3.05503,-0.202018,134.956,1.95312,0.0468062,104.358,-2.44234,-3.11781,0.248825,0.0128381
203.672,2.49164,2.93003,103.448,-2.90393,2.70452,237.7,0.214455,-0.307258,0.22551,0.0128381
172.832,-2.1095,-2.35989,160.556,3.34137,3.03403,80.2401,-0.0110496,0.318797,-0.889265,-0.0128381
95.9171,1.75315,-0.878518,47.9247,-1.75545,0.876346,85.2141,1.53508,2.70008,-1.75486,-0.0128381
76.8724,-3.08908,-1.69361,43.7651,3.63725,0.507349,52.5075,-2.57842,2.2146,2.20096,0.0128381
113.885,-1.72672,-0.0420721,112.302,2.1618,-0.801026,111.547,1.13495,-3.13898,-0.758954,-0.0128381
351.257,-1.81954,-2.38277,51.6696,2.26601,2.89509,277.768,0.761097,0.730994,-1.00532,-0.0128381
234.256,-2.58418,-1.23259,141.526,2.23006,2.32403,107.328,-1.79367,1.58151,-2.72657,-0.0128381
324.63,2.10398,-2.37662,89.07,-3.79629,0.291696,41.7044,0.0696394,0.554498,-2.66831,-0.0128381
141.417,-3.5505,-3.01509,49.3005,1.09973,-1.86859,104.295,-1.81001,0.482983,1.1465,0.0128381
105.18,-4.01363,2.66712,40.8839,3.88178,-1.507,34.5785,-0.923869,-1.06551,2.10907,0.0128381
116.063,1.88904,-1.39519,54.207,-1.14644,0.967234,89.5266,1.33333,2.1168,-2.36242,-0.0128381
180.683,-1.7426,-2.86591,57.8878,2.41687,2.11845,164.744,2.03913,0.164248,-1.29882,-0.0128381
147.821,1.78667,-2.19321,135.684,-1.88205,0.324998,89.5855,-0.371414,2.06146,-2.51821,-0.0128381
169.949,-0.913961,1.11712,154.157,2.85289,-0.865468,122.878,2.12692,-2.83154,-1.98259,-0.0128381
159.81,1.8532,-0.420238,40.1186,-4.56691,-2.52913,142.327,0.407398,2.50969,2.10889,0.0128381
161.987,0.478555,-3.08723,158.884,-2.78904,-0.858858,128.98,-0.64955,0.286062,-2.22837,-0.0128381
466.767,-2.25843,-2.57418,56.7498,1.95901,3.02836,185.54,-0.946711,0.523816,-0.680642,-0.0128381
99.7035,-4.05704,0.501527,69.517,0.913705,-1.55284,68.6142,-1.90652,-3.05347,-2.05437,-0.0128381
144.024,-1.79431,3.08734,91.7693,1.87469,1.84036,133.349,-0.914433,-0.204992,-1.24697,-0.0128381
154.201,1.65039,-0.619718,49.5484,-1.70004,1.97539,120.646,0.357987,2.85122,-2.59511,-0.0128381
176.398,2.22994,0.473501,121.208,-2.04906,-0.890535,119.012,-0.494712,3.08729,1.36404,0.0128381
125.113,-2.55236,2.45768,34.3147,2.15927,1.5913,112.481,-1.04277,-0.905848,-0.866376,-0.0128381
165.534,1.42647,0.0276588,40.4246,-3.04671,-1.01802,165.533,-0.404612,2.95084,1.04568,0.0128381
290.189,1.09587,1.69658,174.108,-3.15046,-1.92899,112.276,0.945868,-0.888137,-2.65761,-0.0128381
465.546,0.907686,0.45988,102.471,-2.72371,-1.29576,243.251,0.145422,-2.96094,1.75564,0.0128381
183.341,-2.68137,1.58623,151.373,2.62756,-1.91422,67.7034,1.75836,-0.586014,2.78274,0.0128381
106.878,1.98367,1.24055,93.1752,-2.95764,-0.840832,70.6717,-0.36536,-2.93032,2.08139,0.0128381
322.997,0.76643,0.227625,108.199,-2.80378,2.38376,259.514,-0.100437,-2.32362,-2.15613,-0.0128381
197.464,0.54625,1.14178,43.7166,-3.19426,2.93922,83.6848,-1.76954,-1.93805,-1.79744,-0.0128381
154.551,-1.45662,-0.426602,126.172,1.7422,1.1485,150.25,-0.880427,-2.9826,1.57511,0.0128381
147.156,0.797631,1.87227,81.1071,-2.22195,-1.53222,47.2669,-1.25573,-0.621847,-2.87869,-0.0128381
157.554,2.11621,-2.64458,62.0472,-1.69708,-0.386614,86.8156,0.158969,0.907207,-2.25797,-0.0128381
190.721,-1.65999,0.672719,67.255,1.96012,2.35315,78.7601,0.820629,-1.78962,1.68043,0.0128381
119.747,3.205,-0.0592645,84.3687,-2.70734,1.13677,75.1724,-1.3009,-2.49304,-1.19603,-0.0128381
147.061,2.88937,2.67963,67.0549,-2.59908,0.154655,94.1652,-0.679647,-0.441658,2.52498,0.0128381
146.83,-3.1858,1.64746,59.9955,2.83774,2.75256,149.033,0.402223,-1.17708,1.1051,-0.0128381
78.14,2.33237,0.895536,56.7146,-4.05015,-1.0525,82.1707,-0.650066,2.95665,1.94804,0.0128381
103.684,-1.52455,-0.976522,33.2661,2.99158,-2.89233,85.993,0.894871,1.59592,-1.91581,0.0128381
183.173,2.34021,-0.329315,49.2918,-2.5185,-1.16115,176.889,1.0661,2.63552,0.831838,0.0128381
93.8022,-0.337678,1.9478,58.7335,4.23245,-2.77977,80.0401,1.05123,-0.457665,1.55561,0.0128381
135.761,-3.19452,2.81379,50.9861,0.963919,-2.34229,138.405,-2.02226,-0.0784762,1.12711,0.0128381
74.5195,-2.46358,-1.38768,74.4991,3.71621,-2.93633,82.3857,-0.949915,-0.438761,-1.54866,-0.0128381
72.1162,-1.24527,2.11612,55.0906,2.7077,0.0860809,90.679,2.00107,-2.21403,-2.03004,-0.0128381
91.5046,-2.79893,0.862601,33.2716,1.06834,-1.62122,57.7966,-0.564781,-2.73091,-2.48382,-0.0128381
177.788,-2.06539,0.39763,153.812,1.75306,-0.822375,163.436,0.535115,2.78042,-1.22001,-0.0128381
96.467,2.94433,-2.7563,56.7599,-3.49491,-1.98636,93.0609,0.371278,0.437928,-0.76994,-0.0128381
313.171,-0.39585,-0.357572,92.6864,3.10619,-1.42828,99.0369,1.27818,2.4782,-1.0707,-0.0128381
139.993,-1.91183,-2.94628,48.7589,3.01246,-1.55676,60.9057,0.835074,0.424637,1.38951,0.0128381
126.422,-2.33579,2.28262,125.671,2.79998,0.850594,101.581,-1.80052,-2.30344,-1.43202,0.0128381
153.796,-1.21491,-2.52043,126.191,2.84918,0.831346,72.1494,-0.695752,1.91404,-2.93141,0.0128381
135.338,-1.46368,-0.897725,52.6666,3.93508,-1.67823,89.5112,0.356967,2.09723,-0.78051,-0.0128381
212.247,-2.86677,-0.0581601,116.715,1.51151,-1.44881,119.688,-0.21378,2.72194,-1.39065,-0.0128381
146.83,2.03655,2.8029,46.4389,-3.41082,1.26586,80.6444,-0.552079,-0.23163,1.53704,0.0128381
203.257,-1.69423,-0.662983,71.6704,2.4058,0.420238,219.46,0.537029,2.68371,1.08322,0.0128381
126.659,2.68847,1.59492,50.699,-0.381526,0.0537296,81.5769,1.83443,-1.9995,1.54119,0.0128381
179.686,1.45605,-2.02785,80.1743,-2.55017,-3.06973,203.658,0.137754,0.915419,1.04188,0.0128381
424.688,1.70856,2.39884,201.831,-2.51963,-1.91171,129.547,0.20975,-0.66314,-1.97264,-0.0128381
192.42,-2.12951,3.01664,95.1444,2.7027,-2.26978,110.431,-1.14104,-0.658928,0.99676,-0.0128381
168.543,3.6356,-0.92778,83.4946,-0.766935,-2.6275,115.195,2.10042,1.87832,1.69972,0.0128381
172.353,-2.85725,0.709701,86.141,1.28401,-1.58838,153.244,-0.542048,-2.61412,-2.29808,-0.0128381
277.414,1.88372,1.45746,198.728,-1.87557,-2.71043,225.574,0.667203,-0.8592,-2.11529,-0.0128381
231.119,-1.05747,0.224279,176.606,3.77984,1.82427,201.487,1.24093,-2.10603,1.59999,0.0128381
233.655,-0.979768,-0.454111,72.5616,3.1091,-1.08857,130.44,0.37463,2.52017,-0.634463,-0.0128381
161.389,1.45828,-0.816069,55.5216,-1.61204,1.87813,81.0666,-0.97074,-3.08214,-2.6942,-0.0128381
166.884,-2.16971,2.80303,123.343,1.35884,0.880566,100.298,-0.882868,-0.877396,-1.92247,-0.0128381
185.258,-2.17277,1.35498,45.797,2.19581,-0.108966,132.292,-1.44461,-2.27777,-1.46394,-0.0128381
337.847,-3.07743,-0.453283,141.701,1.26856,0.875362,364.113,0.0903843,3.05064,1.32864,0.0128381
476.764,0.858833,2.67296,117.443,-2.92105,0.287145,218.188,0.0268446,-0.61649,2.38582,0.0128381
173.252,-2.89739,0.637941,59.5171,3.68826,1.99786,166.392,0.134024,-1.93895,1.35992,0.0128381
244.918,1.01641,2.53718,195.77,-2.05069,1.56636,213.854,-0.672895,-0.980184,0.970816,0.0128381
347.257,-1.89063,-0.425942,219.308,1.12342,-2.58218,116.337,0.225847,2.20344,-2.15624,-0.0128381
89.3369,3.00959,2.952,76.6347,-2.45212,-2.85519,89.5603,0.116141,0.418283,-0.476003,-0.0128381
99.1787,2.32604,0.107479,75.5014,-3.47097,1.3016,152.688,-0.710562,-2.66418,-1.19412,0.0128381
105.163,2.35349,-0.495173,44.7495,-2.26881,0.955699,98.6848,1.72961,2.64197,-1.45087,-0.0128381
55.1487,-4.12618,-2.17194,49.3694,0.443114,1.76954,26.855,-1.8586,-0.144069,-2.34171,-0.0128381
339.355,-1.63432,0.934485,73.5811,2.59082,2.35658,222.231,-0.757597,-2.11704,1.4221,-0.0128381
332.05,1.86804,-2.8197,245.581,-1.87424,2.04309,226.748,-0.58799,0.000913042,1.4204,0.0128381
201.92,2.49385,-1.13553,39.4704,-3.07473,-2.62653,244.307,-0.10959,1.82986,1.491,0.0128381
44.6652,-4.45601,1.80255,34.3205,0.422391,0.916478,66.5194,-1.3177,-2.30845,-0.886074,-0.0128381
153.754,-1.40205,-0.744553,119.18,1.68977,1.99523,83.8389,-0.228402,-2.85644,2.73978,0.0128381
295.962,-1.35607,-3.03212,123.856,2.93715,2.48789,287.01,1.0428,-0.045945,-0.763175,-0.0128381
202.282,-2.64139,0.110627,88.0431,3.74315,-1.76447,80.5589,-2.12673,2.6677,-1.8751,-0.0128381
90.0008,-3.25436,1.78565,30.7374,2.2405,-0.431851,90.1494,0.288213,-1.35184,-2.2175,-0.0128381
157.645,-1.07647,-0.492995,140.042,2.1945,0.00980169,270.023,1.27322,2.97815,0.502797,-0.0128381
161.489,-2.55159,1.70258,75.8462,2.01747,-2.84377,101.726,-1.14165,-0.929001,1.73683,0.0128381
86.5954,-1.23231,-0.446994,42.9341,3.55912,-2.97422,82.9826,0.374249,2.90824,-2.52722,-0.0128381
194.09,-0.929393,2.97926,91.8357,2.60352,-1.26881,87.1284,1.34979,0.824144,2.03512,0.0128381
187.119,-2.47436,-0.415115,55.9185,1.34445,1.16102,157.902,-1.26292,3.07684,1.57614,0.0128381
98.9393,-0.724863,0.680919,98.5991,2.98238,2.28421,43.9234,0.660847,-0.677628,1.6033,0.0128381
241.582,-1.69911,-2.09957,102.385,3.28045,-1.30461,260.141,0.101952,1.12825,0.794954,0.0128381
163.371,1.38825,-2.49806,81.0864,-3.05517,-2.85701,163.918,0.406817,0.277293,0.358949,0.0128381
166.465,1.52967,-1.99778,55.7985,-3.38921,0.764727,85.6505,-0.692473,1.40422,-2.76251,-0.0128381
163.236,1.33893,2.66537,140.817,-3.26141,-1.88894,129.23,-1.79176,1.06092,-1.72887,-0.0128381
157.617,-1.98371,1.76948,133.069,2.11478,1.39194,171.7,-1.10965,-1.33225,-0.377539,-0.0128381
347.206,1.23753,0.496501,32.6847,-2.00181,1.72499,134.016,-1.47402,-2.73486,-1.22849,-0.0128381
502.198,-2.36155,2.86953,232.1,1.78769,0.124317,181.108,0.237449,-0.809576,-2.74522,-0.0128381
114.139,1.33082,2.70382,104.695,-2.75828,-2.12356,111.997,0.0405168,0.265619,-1.45581,-0.0128381
262.044,-2.30992,0.776849,55.5372,1.57455,2.83662,161.597,0.550934,-2.05693,2.05978,0.0128381
248.874,-3.19676,2.6481,70.3177,1.6101,-1.74951,238.82,0.190986,0.0773465,1.88558,0.0128381
165.178,2.69327,-2.97559,91.0141,-0.484091,-0.23447,76.219,1.97362,0.561282,-2.74112,-0.0128381
260.781,1.16525,-2.80037,36.5771,-4.0945,-0.16344,73.1832,0.64435,0.372709,-2.63693,-0.0128381
101.552,-0.898358,-1.97209,49.1679,2.63769,-1.22265,67.0918,-0.0840899,1.69662,0.749436,0.0128381
234.683,-2.719,0.219274,112.683,1.49655,-1.01636,83.556,-0.915234,-2.94835,-1.23563,-0.0128381
140.762,2.24227,-1.48453,81.0074,-0.795978,2.70154,85.4091,1.7654,0.997483,2.09712,0.0128381
162.987,-2.92356,-0.19014,76.5209,3.00253,-2.73087,39.7992,0.57703,1.73446,-2.54073,-0.0128381
197.036,2.50936,1.33806,158.132,-3.14035,-0.57048,117.637,-0.801629,-2.55056,1.90854,0.0128381
255.933,-1.1484,-3.02849,70.7865,3.01934,1.2037,145.239,0.979036,-0.0671793,-2.05099,-0.0128381
147.068,-2.15951,-2.56868,99.7696,2.8164,2.61803,126.804,0.875838,0.178706,-1.09648,-0.0128381
151.228,3.78091,0.520939,128.072,-2.32126,0.0923793,147.046,1.19602,-2.86159,0.42856,0.0128381
191.601,-2.1436,2.33082,174.731,2.07545,-0.150992,151.387,-0.791842,-1.76469,-2.48182,-0.0128381
173.078,1.04349,-2.94339,38.4547,-3.24186,2.32429,106.013,0.490674,-0.143462,1.0155,0.0128381
202.409,2.24488,-0.0118171,64.3586,-2.64323,1.99559,66.5699,-2.3032,-2.22017,-2.00741,-0.0128381
134.986,1.93652,2.33447,74.8092,-3.07436,-2.26778,108.926,-0.453921,-0.195037,-1.68094,-0.0128381
102.94,3.66813,2.47363,96.3251,-1.52882,1.43681,128.527,1.17266,-1.42127,1.03682,0.0128381
132.374,-1.89251,1.62631,67.7906,3.98012,-0.439953,71.0162,0.220281,-2.95218,-2.06627,-0.0128381
72.3616,2.44185,0.669116,49.0475,-1.12335,1.90462,48.1955,2.18825,-2.2089,-1.23551,-0.0128381
260.53,-1.94838,1.30027,71.0302,4.07651,2.34894,286.091,1.69759,-1.61232,1.04866,-0.0128381
269.795,-1.26802,-1.51787,240.979,2.19528,0.257366,272.913,0.261183,2.59152,1.77524,0.0128381
84.8466,-2.56751,0.599401,80.5987,1.35382,-2.99103,52.3565,1.19612,-0.837972,2.69275,0.0128381
210.631,1.14004,1.39517,103.006,-2.50606,-2.44272,44.794,0.617659,-1.27082,-2.4453,-0.0128381
111.24,2.55887,-0.969231,39.6824,-4.4733,-1.6199,144.715,-1.82057,1.91202,0.650673,0.0128381
149.81,-0.667955,-0.292126,51.1261,3.35523,-2.29394,84.0724,1.56469,2.63303,-2.00181,-0.0128381
190.045,-1.73873,0.593861,89.2429,2.72422,-1.7998,111.578,0.771684,-2.87303,-2.39366,-0.0128381
106.216,3.29412,-2.99975,102.133,-1.251,2.87289,96.2417,2.50937,0.370829,0.410547,-0.0128381
220.699,0.536229,-2.97092,116.092,-3.58716,1.9168,185.434,-1.8959,-0.476175,1.39547,0.0128381
221.545,-2.22373,0.918377,38.8434,0.921056,-0.810691,219.623,-1.44297,-2.5365,-1.72907,-0.0128381
391.562,-2.10102,-0.045146,76.3198,3.73023,2.61993,223.901,-1.06691,-2.93119,2.66508,0.0128381
168.637,-2.89942,-0.861616,122.613,2.37086,0.864386,151.34,0.424942,2.86644,1.726,0.0128381
318.76,-2.60376,2.35592,39.8775,2.9239,-1.9353,241.712,-0.942194,-0.468049,1.99197,0.0128381
171.261,-1.41456,-2.49993,120.93,3.86059,2.75431,129.191,-0.335794,0.580681,-1.02895,-0.0128381
267.826,2.16689,2.24637,195.267,-2.06101,1.26673,173.074,-0.637334,-1.57009,0.979648,0.0128381
100.236,1.87712,-2.81567,80.121,-3.61819,2.4127,61.2536,1.53006,0.0785387,1.05481,0.0128381
102.223,-1.64827,1.9108,55.5623,2.79222,1.18994,77.7593,0.0873341,-1.05838,-0.720861,-0.0128381
273.2,-1.17495,-0.171119,54.0383,3.25303,0.911988,219.652,0.469683,3.01948,1.08311,0.0128381
88.0965,2.99715,-1.17461,47.5818,-1.83613,-2.00504,78.4052,1.19567,1.65038,0.830428,0.0128381
154.131,2.24086,-0.659346,113.737,-2.98676,1.69703,85.589,1.43915,2.80753,-2.35638,-0.0128381
124.512,2.29943,1.22418,46.3322,-3.87785,2.71803,124.173,-1.9836,-1.26303,-1.49384,0.0128381
92.038,3.41539,-1.98557,69.1953,-4.27637,-0.407475,37.5425,0.320231,2.74054,-1.57809,-0.0128381
119.763,-3.31315,-1.16298,89.6593,2.22296,0.983352,25.6273,-1.5598,-2.26018,2.14633,0.0128381
114.965,-2.47409,2.31555,59.8552,2.6988,-2.6381,88.1312,-0.513697,-0.603105,1.32954,0.0128381
144.936,0.391296,1.27495,37.7399,-2.92024,-0.291377,124.03,-0.458062,-2.04456,1.56633,0.0128381
114.267,-1.40631,-1.32485,104.719,2.13567,0.0426436,149.824,0.79834,2.92237,1.3675,0.0128381
214.106,2.9562,-2.20646,62.2193,-3.83207,-2.48436,162.229,-1.21961,0.688009,0.277893,0.0128381
220.935,0.267585,-0.669132,38.7415,-3.48966,1.36474,138.974,-2.37164,2.49724,-2.03388,-0.0128381
124.628,0.738092,2.11627,31.4927,-2.96135,-2.26071,45.0034,-1.26691,-1.57275,-1.9062,0.0128381
275.692,2.48655,-1.09705,199.097,-2.08714,1.40829,142.338,1.85785,2.81351,-2.50534,-0.0128381
311.357,0.587544,-1.58955,69.7699,-3.51442,-0.852006,210.329,-1.33035,1.66184,-0.737539,-0.0128381
139.666,2.06307,-2.23662,76.2469,-1.95265,2.1914,109.904,-0.55257,0.271805,1.85517,0.0128381
178.691,2.36263,1.68562,144.301,-3.33717,0.327411,91.2316,0.829431,-1.84899,1.35821,0.0128381
105.253,1.95534,1.63015,92.5258,-3.5676,1.07587,151.851,-1.82336,-1.57676,0.554277,0.0128381
315.38,2.24342,-1.4951,61.4104,-3.69931,-0.421373,209.149,-0.931143,1.78663,-1.07373,-0.0128381
138.1,-2.25826,-0.490697,56.1536,0.75946,2.57456,75.9819,-1.04527,2.24952,3.06525,0.0128381
116.527,-2.8874,-2.50867,94.2962,2.1581,-2.75238,151.395,-1.54409,0.222768,-0.243717,-0.0128381
163.312,-0.931668,-0.377949,73.4452,4.28407,-1.77653,194.008,-0.810342,2.52351,-1.39858,-0.0128381
57.1113,-0.0588345,-0.140248,31.0179,4.19818,0.323796,55.4939,1.33769,-2.95905,0.464044,0.0128381
79.3824,-2.57155,0.610477,63.2371,1.29492,-0.140815,101.175,0.30713,-3.03821,-0.751292,-0.0128381
272.458,-0.857447,1.90281,89.8295,3.21136,-0.396648,146.239,0.675163,-1.34134,-2.29946,-0.0128381
269.122,1.05809,1.53961,45.4215,-3.02414,0.160956,225.85,-1.13247,-1.66374,1.37866,0.0128381
131.053,-1.09652,1.24621,98.9582,4.18518,1.96137,144.499,0.258623,-1.48881,0.715159,0.0128381
126.147,2.20797,1.25946,30.7677,-1.83814,0.645196,94.2238,2.15416,-2.12006,0.614269,0.0128381
61.2812,-3.11224,-2.18384,47.2385,1.84389,2.82866,58.9051,0.0894515,-0.191998,-1.27068,-0.0128381
263.79,-2.61102,-2.36916,90.4154,2.5277,1.36686,110.765,-1.17351,0.293638,-2.54717,-0.0128381
270.941,-3.08882,1.56403,94.9745,2.50118,0.0634813,226.812,-0.101628,-1.82135,-1.50055,-0.0128381
105.71,-3.41925,1.83993,95.5968,1.78627,0.607897,91.1261,0.27987,-1.92336,-1.23203,-0.0128381
89.3129,3.03614,-2.87822,46.7849,-2.66812,1.58266,73.6182,2.12279,-0.00337941,1.82231,0.0128381
215.025,2.54341,-1.30909,37.9304,-4.5802,-2.33201,222.817,0.394459,1.73741,1.02291,0.0128381
154.149,1.49408,-2.12254,85.3493,-2.35715,-0.663493,116.32,0.488315,1.50151,-1.45905,-0.0128381
116.424,-2.58289,1.02882,73.8305,0.765269,0.161946,136.439,-1.20572,-2.48393,-0.866869,-0.0128381
188.906,2.48341,0.734991,35.8151,-3.352,2.28402,137.005,1.03078,-2.06144,-1.54903,-0.0128381
95.1016,0.796714,0.285414,64.4356,-2.44117,0.351602,126.345,-1.30832,-2.9201,-0.0661883,0.0128381
156.716,2.08078,0.305483,43.2812,-3.26544,2.20426,134.409,-0.265182,-2.77945,-1.89877,-0.0128381
208.145,0.30829,-1.79879,115.588,-2.78148,1.61266,66.3349,-2.35482,1.08368,2.87173,0.0128381
210.884,-2.67938,2.2064,60.548,2.75473,-2.32155,111.206,-0.823313,-1.13216,1.75523,0.0128381
287.851,1.35366,-2.32868,33.4133,-4.73392,0.547229,113.836,0.873452,0.701957,-2.87591,-0.0128381
109.088,2.9505,-1.82452,89.9665,-0.884004,2.15442,95.1114,1.2289,0.833733,2.30424,0.0128381
314.844,-0.28504,-0.0147168,88.6938,3.37498,-1.66648,146.37,0.195893,2.94715,-1.65176,-0.0128381
178.279,2.9799,0.557183,155.682,-1.70585,2.22302,65.237,0.188671,-1.83723,-1.66584,-0.0128381
70.001,-0.478241,-0.525466,62.3381,3.36207,0.715716,122.697,0.803641,2.97955,1.24118,-0.0128381
130.197,-1.08813,0.577998,87.5458,4.02548,-0.544222,109.759,1.3053,3.04378,-1.12222,-0.0128381
226.873,-2.67819,2.22253,84.1454,0.95745,-1.64763,99.5087,-2.5727,-0.614677,2.41303,0.0128381
89.063,3.12872,-0.770215,80.2285,-2.46826,-1.56039,127.172,1.59522,2.36504,0.790173,0.0128381
307.156,2.20546,0.797778,94.7681,-1.73569,2.98007,129.971,-0.985402,-2.33937,-2.18229,-0.0128381
212.236,-0.425671,-0.356483,62.8378,3.03799,-1.9766,133.828,1.36662,2.53711,-1.62012,-0.0128381
134.487,1.92295,1.96273,128.314,-3.52004,3.03659,238.608,-1.16513,-0.281581,-1.07386,-0.0128381
248.143,-2.1997,1.86466,42.7988,3.20534,1.28422,210.274,0.9697,-1.38771,-0.580445,-0.0128381
241.331,-2.67801,-2.35892,69.0511,3.77561,-1.16905,230.836,0.464809,1.08526,1.18987,0.0128381
179.771,-1.44196,1.79968,96.0305,2.47337,2.41787,125.719,-0.0143285,-1.14871,0.618196,0.0128381
101.146,2.81038,2.25776,100.202,-1.03767,0.180454,86.2603,0.893636,-1.93418,2.07731,0.0128381
119.472,-2.90343,0.919453,40.1902,3.01448,-0.433129,142.695,0.326307,-2.37779,-1.35258,-0.0128381
98.4638,-2.59591,-0.561434,91.6033,2.92334,-0.15368,38.5938,-0.885906,2.98472,0.407754,0.0128381
110.133,-1.74572,-0.762255,56.4382,3.85969,3.00478,41.594,-0.754122,2.11896,-2.51615,-0.0128381
82.2105,-2.51746,2.1462,81.8412,3.26809,-1.71488,83.5365,-0.12436,0.324938,2.42211,0.0128381
236.649,1.77357,1.46316,51.4368,-3.94943,3.07482,201.645,-1.89858,-1.53316,-1.61166,-0.0128381
107.705,-2.47589,1.49405,101.266,3.80751,0.0185336,130.907,-0.0361483,-2.64193,-1.47552,-0.0128381
100.886,2.34418,-0.41821,58.9953,-2.21607,-1.9476,78.3983,-0.34047,1.7231,1.52939,0.0128381
281.685,-1.88343,0.827029,81.9286,2.51512,-2.96494,179.907,0.178753,-2.04133,2.49121,0.0128381
85.4176,1.469,3.1041,49.153,-3.63232,0.389717,58.5134,-0.234515,-0.340405,2.71438,0.0128381
180.849,2.21826,-0.268832,38.2912,-2.27128,2.28753,117.653,-0.985557,2.7844,-2.55636,-0.0128381
102.444,-1.55241,0.379565,101.302,2.7698,2.2996,72.8151,-0.0902487,-1.48541,1.92003,0.0128381
159.188,-1.86603,0.58189,62.0415,1.7112,-0.694993,61.0097,-0.458145,3.08784,-1.27688,-0.0128381
146.829,-1.65676,0.168989,119.978,2.46429,-1.43536,156.399,0.86434,2.37898,-1.60435,-0.0128381
72.3143,-2.06709,-1.08708,69.3597,1.89252,-2.05958,90.3039,1.10849,1.22734,-0.972506,-0.0128381
308.317,-2.1199,0.452995,43.4558,2.78167,-0.167504,285.791,-0.136045,-2.86011,-0.620499,-0.0128381
93.1775,-1.2468,-3.07066,60.9397,3.31297,1.89625,67.1896,0.559046,-0.81851,-1.31628,-0.0128381
83.1229,-2.83279,0.516566,76.9433,1.96734,1.80489,93.4092,0.65023,-2.05099,1.28833,0.0128381
178.968,1.57859,2.35984,87.3745,-1.60971,2.99971,179.53,0.812934,-0.688958,-0.639874,-0.0128381
146.104,-2.37559,-0.377213,133.629,1.44222,0.581439,71.0577,0.413416,-3.0101,0.958652,0.0128381
119.591,1.65013,1.73702,73.9551,-3.78052,-0.626277,63.4387,-1.07327,-2.44051,2.3633,0.0128381
226.224,2.4238,1.83852,177.459,-1.12906,-0.0663772,282.971,1.22123,-1.60265,1.9049,0.0128381
80.188,-1.48972,1.90699,33.2963,3.22506,0.121675,52.328,-0.903721,-1.3742,-1.78531,-0.0128381
72.2633,-1.8242,-2.03715,44.3038,2.5707,-2.85908,37.781,-1.46081,1.20296,-0.821931,-0.0128381
219.992,1.35326,0.239056,143.815,-2.84147,-1.91269,73.8755,-0.854398,3.05626,2.15174,0.0128381
389.805,2.07064,1.48894,181.589,-2.31606,-1.37783,172.551,1.29605,-2.02454,2.86677,0.0128381
321.615,1.51476,-0.1621,100.588,-2.87479,-2.4284,141.655,0.803623,3.02858,2.2663,0.0128381
219.878,-1.91609,2.05108,89.529,2.91153,-2.14408,82.7571,0.833812,-0.702167,2.08802,0.0128381
105.585,-2.68433,-0.800792,87.6331,1.50696,-1.60973,103.355,-1.63925,2.00158,-0.808937,-0.0128381
91.9847,2.55836,2.49341,82.6309,-2.31601,2.05591,152.161,0.552464,-0.944374,0.437502,0.0128381
207.624,-1.30247,1.6314,45.6596,1.85854,-2.05463,35.2949,0.613767,-1.27265,2.59716,0.0128381
389.246,-2.51394,-2.13851,107.467,2.50245,-0.774182,224.724,0.82241,1.37962,1.36432,0.0128381
146.348,0.590767,-3.08959,56.4768,-3.45621,-0.6072,60.6705,-1.45281,-0.443954,-2.48239,0.0128381
218.176,0.452256,0.914265,42.069,-2.83425,-0.545754,172.414,-1.38907,-2.38353,1.46002,0.0128381
137.078,-0.574693,2.72973,57.9256,3.08073,-0.189356,40.9526,2.03994,-0.905684,-2.91909,0.0128381
95.5344,-1.07723,0.764355,68.3005,3.35631,2.00879,117.781,0.353803,-1.91303,1.24443,0.0128381
44.7152,2.23349,0.288649,38.3675,-3.12071,1.19025,25.6028,2.35444,-2.3366,-0.901601,-0.0128381
177.967,-1.28992,-2.89803,85.406,2.59849,2.09031,220.085,1.16833,-0.239845,-1.29485,-0.0128381
79.1884,0.593502,-2.56935,57.1654,-3.94652,-1.90191,107.145,-1.92054,1.15054,-0.667437,-0.0128381
210.047,-2.58332,-0.56208,98.7402,3.59311,-0.910669,257.307,0.206845,2.52602,-0.348589,-0.0128381
91.7232,-1.67877,-0.744777,55.7992,3.7509,-2.04369,88.8268,-0.454016,1.49958,-1.29891,-0.0128381
154.886,2.27051,1.24797,139.156,-1.74506,2.56926,107.987,0.613545,-1.13925,-1.3213,-0.0128381
119.248,2.60307,1.852,105.821,-1.81616,2.82786,151.572,0.124448,-0.623244,-0.975864,-0.0128381
312.013,-1.44503,-1.90158,192.523,2.6167,0.905662,139.691,0.040949,2.28648,2.80724,0.0128381
115.092,-0.454456,-2.34893,96.8228,2.81068,1.48834,65.1259,0.325302,0.561557,-2.44592,-0.0128381
192.31,-2.38163,0.339027,44.8604,2.10619,-1.34911,156.688,-0.595312,3.09938,-1.68813,-0.0128381
231.642,2.13197,-1.82308,40.5298,-1.26721,-2.94165,138.188,0.954323,1.61809,1.11857,0.0128381
133.517,0.545074,2.11599,130.997,-3.64058,-2.38961,108.754,-1.08131,-0.35952,-1.77759,-0.0128381
177.816,1.361,-0.519189,38.8662,-2.8792,1.62699,117.302,-0.0655751,2.91585,-2.14618,-0.0128381
200.296,0.634121,2.40128,34.2984,-4.14853,-0.305675,85.6532,-0.212381,-0.955541,2.70695,0.0128381
221.479,-2.9778,-0.265497,128.625,2.70837,1.94003,93.6079,-1.92107,-2.99327,2.20553,0.0128381
123.078,1.72767,-1.88802,82.0911,-2.65711,-0.627201,153.288,0.364474,1.90787,-1.26081,-0.0128381
64.4839,2.48234,-2.43118,36.3119,-3.60402,-0.846851,50.328,-1.35974,1.5845,-1.58433,-0.0128381
295.527,2.30236,1.99395,72.8246,-3.85743,0.51573,247.601,0.559333,-1.81171,1.47822,0.0128381
125.004,-1.74222,-1.56994,85.1969,2.94384,-2.87046,193.683,1.00503,1.01083,-1.30052,-0.0128381
127.505,1.84944,0.608332,61.0022,-3.84423,-0.543584,113.671,-1.82203,-2.5641,1.15192,0.0128381
173.472,1.37138,-0.632386,50.2716,-2.66956,-1.9281,151.427,-0.691142,2.22777,1.29572,0.0128381
120.146,1.40252,-2.92008,90.9339,-3.18328,1.59327,122.002,0.47339,-0.580075,1.76984,0.0128381
44.6217,-3.5626,2.37494,36.633,2.0384,-3.05969,46.0984,-0.591848,0.118249,0.848559,0.0128381
112.02,1.48384,2.24782,53.7969,-1.55952,0.410899,106.547,-0.249553,-1.82491,1.83692,0.0128381
77.7317,1.36936,-2.03259,32.5024,-4.04765,-1.23643,97.3845,-1.12551,1.32739,-0.796166,-0.0128381
175.881,-2.13851,-0.644744,154.023,1.45409,-2.78799,79.009,0.132809,1.05777,-2.14325,-0.0128381
59.3611,1.0836,-2.67234,54.3357,-2.673,-1.58627,72.2637,-1.1885,0.529758,-1.08608,-0.0128381
145.107,2.66515,-0.4551,139.157,-1.50947,-1.20579,70.0131,1.34177,2.2581,0.750692,0.0128381
165.471,3.13809,0.483321,144.239,-1.07316,-0.528501,158.45,-0.180578,2.64621,1.01182,0.0128381
63.9282,2.45103,1.7343,30.3696,-3.14015,2.48789,41.1382,-2.10404,-1.62321,-0.753591,-0.0128381
240.689,2.86533,-2.27934,62.9614,-2.9413,-1.36093,159.517,0.123221,1.19427,-0.918411,-0.0128381
194.44,2.86848,-1.71011,55.7168,-3.81625,-0.109335,166.517,-0.0831633,1.54002,-1.60077,-0.0128381
97.1429,2.22028,-1.38377,37.6279,-3.69966,-0.680055,99.3959,1.78192,2.13782,-0.703719,-0.0128381
79.4985,2.7158,-1.42716,66.3074,-1.76183,-0.787084,63.4856,0.583878,1.55791,-0.640076,-0.0128381
127.742,-1.95795,2.75286,96.3566,1.64141,1.03039,69.8838,-0.0118904,-1.38088,-1.72247,-0.0128381
124.505,1.08056,2.99812,60.4515,-4.13365,0.451666,157.049,-0.83592,-0.718806,2.54646,0.0128381
171.107,3.0997,0.753073,53.1677,-3.61731,2.90544,113.444,0.777983,-2.1037,-2.15237,-0.0128381
92.6728,2.38478,-0.702969,63.4798,-3.26713,-2.82252,48.0087,-0.00423226,1.87515,2.11955,0.0128381
149.286,1.85072,1.11182,38.496,-3.12076,0.0907998,79.2149,-0.443007,-1.8269,1.02102,0.0128381
362.902,-1.706,1.5109,53.7093,2.70963,-0.14357,155.572,0.0270799,-1.90563,-1.65447,-0.0128381
171.897,-2.74862,2.51193,75.0532,0.762341,-2.43252,112.083,-0.978436,-0.492475,1.33874,0.0128381
131.806,3.1693,2.80056,100.334,-1.14554,-2.98653,137.963,-0.0109634,0.0425966,-0.4961,-0.0128381
164.848,-2.44995,2.28516,106.534,1.31176,1.95754,176.558,-0.54036,-1.33749,-0.327623,-0.0128381
301.429,2.2538,-1.03353,62.9924,-2.2144,-1.35433,290.278,-1.08976,2.16283,0.320802,0.0128381
124.39,1.95294,1.81583,121.478,-2.51352,-3.08335,98.031,-0.958031,-0.535649,-1.384,-0.0128381
187.095,-0.557995,2.165,162.109,3.42881,-2.44971,219.937,-0.0191795,-0.106472,1.66847,0.0128381
291.761,2.1629,0.197492,82.4902,-4.04571,-0.579221,128.287,0.162243,-3.13802,0.776713,0.0128381
150.956,1.4369,-1.54443,92.2775,-2.19857,-0.173352,103.16,-0.201011,2.19709,-1.37108,-0.0128381
107.409,-0.832519,1.96181,76.1432,3.18127,1.15659,79.7744,1.33227,-1.32438,-0.805219,-0.0128381
340.83,0.86249,0.405467,157.504,-3.17797,2.51003,83.3671,-1.12224,-2.26296,-2.10457,-0.0128381
333.682,1.63708,0.442234,49.1447,-2.63899,1.10441,327.433,-0.697932,-2.71614,-0.66218,-0.0128381
91.0814,-2.10379,2.92967,49.7222,2.11878,-2.41028,92.9529,0.940219,0.0824913,0.943233,0.0128381
286.266,-1.04161,1.26994,198.373,2.20779,-0.202774,253.864,0.794127,-2.494,-1.47271,-0.0128381
137.35,-2.85396,-3.08478,118.264,3.27388,0.709747,46.1803,-1.11849,-0.975357,-2.48866,-0.0128381
200.735,1.61305,0.0987317,183.391,-1.52466,1.5918,115.095,-0.281419,-2.22704,-1.49307,-0.0128381
79.5848,-1.03907,-0.380224,35.0782,4.03769,1.23213,86.7288,-0.463509,3.00034,1.61236,0.0128381
73.542,2.45379,-0.0512609,41.9507,-3.62346,0.839926,19.795,1.50207,-1.86209,-0.891187,0.0128381
126.51,2.74501,-3.10783,85.4778,-2.39583,-0.444397,58.4958,0.861977,1.71098,-2.66343,-0.0128381
227.227,-2.04667,-1.67345,50.9728,2.69726,-1.2543,129.897,0.368662,1.47542,0.419153,0.0128381
117.663,-0.66074,2.01023,35.6799,2.89904,1.53997,109.998,0.510668,-1.28646,-0.47026,-0.0128381
90.3063,-1.54018,1.75344,69.3589,3.59972,-2.76711,100.415,2.04183,-0.988721,1.76263,0.0128381
151.984,-1.59152,-0.170832,83.2216,2.23132,-1.46504,188.251,-0.505705,2.50526,-1.2942,-0.0128381
101.803,-0.843825,0.848696,66.6828,4.38283,-1.75512,51.958,1.73626,2.93776,-2.60381,-0.0128381
115.185,-2.57255,-1.6721,60.8603,0.707654,0.661125,59.0688,-1.01535,2.17724,2.33322,0.0128381
264.19,0.212198,2.89872,41.6646,-4.00424,-1.43869,162.935,-0.168167,-0.538791,-1.94578,0.0128381
195.321,2.04617,3.04372,169.178,-1.97591,0.998958,133.261,0.432512,-0.866481,2.04476,0.0128381
70.8532,1.50141,-1.43447,50.302,-2.29099,-2.78456,61.3161,0.534697,0.539023,1.3501,0.0128381
286.361,1.84974,-0.897585,93.364,-2.63741,0.88134,208.963,-0.669682,2.75676,-1.77892,-0.0128381
200.398,0.631717,-1.90321,81.4735,-3.96712,-0.293125,83.9747,0.129049,1.83012,-1.61009,-0.0128381
75.2101,2.12101,-1.05543,69.5598,-2.30003,-0.52264,130.817,0.448212,2.93162,-0.532793,-0.0128381
149.186,-2.934,-1.99369,59.0105,2.04076,0.205959,40.0274,-0.862102,1.75406,2.19965,0.0128381
142.222,2.29183,-2.00808,32.7163,-2.56921,-0.81205,138.085,-0.593978,1.46319,-1.19603,-0.0128381
135.211,-2.266,1.50335,93.7644,1.80805,2.10726,105,0.349805,-1.60907,0.603909,0.0128381
122.569,-1.24518,2.82442,118.392,3.41056,1.56687,75.4358,1.3269,-1.38156,-1.25755,-0.0128381
300.362,-1.64353,-1.84614,73.7859,2.20471,0.855168,171.306,-0.650099,1.3282,2.70131,0.0128381
125.115,2.03185,2.17353,88.2165,-3.34694,-3.05898,189.664,0.234044,-0.677325,-1.05068,-0.0128381
174.413,-1.78327,1.44292,39.2027,2.16069,-0.49222,75.9022,1.53627,-1.79972,-1.93514,-0.0128381
230.81,2.00117,1.89132,78.4627,-3.08955,-0.656346,187.354,0.537221,-1.88197,2.54766,0.0128381
250.589,-2.08702,2.17017,72.6548,3.64113,-2.15299,99.541,-0.323876,-0.850194,1.96003,0.0128381
212.305,-2.57105,-1.91474,87.2878,2.46205,-2.90737,223.531,-0.247775,1.00603,-0.992632,-0.0128381
372.71,2.13259,-1.96757,192.13,-1.56973,2.70063,237.487,-0.507833,0.65823,1.61498,0.0128381
136.441,-2.19076,1.00895,32.4609,3.42662,-2.63356,66.0161,-1.13034,-1.98155,2.64068,0.0128381
255.189,1.65779,1.13374,156.132,-2.37282,-1.51329,164.999,0.339229,-2.53609,2.64703,0.0128381
235.834,1.33323,-2.89304,102.046,-1.68925,0.549555,70.6353,0.433128,0.354485,2.84059,0.0128381
253.219,-1.9221,0.552198,60.9214,1.2817,-1.99478,198.055,-1.0426,-2.86222,-2.54697,-0.0128381
104.511,3.56739,0.537511,53.0349,-0.184587,1.21173,90.7586,1.96426,-1.88031,-0.674218,-0.0128381
277.426,-2.11916,-2.50306,166.27,1.11585,-1.76857,142.502,-0.740088,1.25323,0.734494,0.0128381
77.8147,1.78798,-0.149189,34.3969,-3.22987,1.51655,62.0854,-2.57385,-2.58444,-1.66574,-0.0128381
355.772,-2.71856,0.179028,60.8164,0.615515,-0.769712,153.677,-2.01863,-2.98316,-0.94874,0.0128381
219.666,1.26174,-0.636743,31.0219,-4.22759,1.29524,235.318,-0.779955,2.79316,-1.93198,-0.0128381
240.176,-3.00783,1.86119,118.577,2.42312,1.05899,197.573,0.199263,-1.65127,-0.802206,-0.0128381
101.364,-0.680501,-1.50553,83.2827,2.89279,-0.844316,69.7324,1.19173,1.73438,0.661213,0.0128381
131.503,-2.39786,0.961717,101.183,1.49046,2.26422,44.387,-0.623649,-2.26908,1.3025,0.0128381
265.196,2.35519,2.35504,175.617,-1.78696,0.154218,101.205,-0.455778,-1.83569,2.20082,0.0128381
266.518,-2.24956,-1.28656,101.179,2.10498,1.16073,125.201,-0.933012,2.469,2.44729,0.0128381
213.371,-1.4524,2.95972,94.9731,1.97236,-2.14561,218.033,-0.762226,0.000423257,1.17786,0.0128381
79.3021,-1.21466,0.0930299,45.5812,2.87121,-1.84294,55.9134,0.00336572,2.89627,-1.93597,-0.0128381
274.471,-2.33671,-2.37497,98.6898,2.0335,-0.317395,170.934,-1.12706,1.27593,2.05757,0.0128381
189.274,-2.88909,1.13973,45.0268,3.4901,2.91604,179.071,-1.68158,-1.82803,1.77632,0.0128381
124.765,-2.04017,0.990289,116.082,1.65548,1.59628,114.397,-0.610642,-2.09249,0.605988,0.0128381
181.422,1.75142,2.83303,71.8747,-2.23741,2.13422,151.291,0.01799,-0.36613,0.69881,0.0128381
46.8267,4.56931,-1.26208,40.3029,-3.50598,-3.07649,64.6818,1.13928,0.517177,1.81441,0.0128381
161.069,-2.18266,2.4343,109.103,2.90405,-2.30377,177.599,-0.831486,0.0309923,1.54512,0.0128381
129.157,0.668338,-2.37926,109.596,-3.6735,2.5699,145.057,-1.62996,0.24962,1.33403,0.0128381
168.749,-2.16053,-0.745047,60.4369,3.58793,0.590569,47.2028,1.64812,-2.11885,1.33562,0.0128381
235.133,-1.15538,3.03848,189.878,2.45398,1.24748,171.623,-0.00301055,-1.18825,-1.791,-0.0128381
181.618,2.91614,-1.05037,124.801,-2.71469,-2.3014,66.196,-0.140468,1.35967,1.25102,0.0128381
298.771,-2.88614,-1.78887,99.4657,1.84763,0.0380881,257.508,-0.944679,1.61128,1.82696,0.0128381
114.309,-1.77132,-2.57309,94.259,1.75106,-1.03465,70.9117,1.26126,1.0006,1.53845,0.0128381
133.879,-1.47305,0.532353,97.2731,3.17575,1.40478,47.8849,0.950095,-2.43883,0.872424,0.0128381
178.429,2.09929,-1.50967,82.733,-2.95235,0.793416,38.4883,-1.86635,2.24873,-2.30309,-0.0128381
111.695,2.00477,0.429903,105.577,-3.85085,1.51875,111.391,0.260439,-2.11032,-1.08885,-0.0128381
75.1047,-2.56244,-1.34673,54.5591,3.66228,-0.751629,99.145,2.24499,2.09355,0.595101,0.0128381
147.492,1.89743,0.38568,139.416,-2.00067,-1.40772,170.258,0.133497,2.59804,1.7934,0.0128381
206.396,0.793327,1.14248,31.0521,-2.93605,1.84099,152.372,-0.56964,-1.86,-0.698517,-0.0128381
84.6411,2.93174,1.33613,74.4129,-2.44972,1.82961,140.013,0.0725259,-1.5475,-0.493482,-0.0128381
208.159,-2.38713,0.670135,126.208,1.54936,-0.650001,224.344,-0.789347,3.09507,-1.32014,-0.0128381
146.673,1.33773,-0.0930573,110.811,-2.24857,2.07316,53.6386,-2.03307,-2.46411,-2.16621,-0.0128381
238.345,1.6249,0.471809,70.067,-3.72801,-2.03773,142.464,-0.684355,-3.14064,2.50954,0.0128381
261.078,-1.76272,1.51558,157.247,1.48732,0.870085,333.294,0.150481,-1.89283,-0.64549,-0.0128381
231.024,2.43069,-1.01467,32.0843,-1.77513,0.648092,132.644,1.37379,2.27341,-1.66276,-0.0128381
173.847,-1.62647,-2.96648,38.7531,2.4164,-3.10262,67.1135,-0.813344,-0.185916,-0.136148,0.0128381
116.671,-2.43737,0.332746,62.5056,3.1512,1.82274,116.512,2.07783,-2.1956,1.49,0.0128381
115.865,-1.25734,-1.1835,74.9051,2.37093,-1.75811,102.756,0.833464,1.6155,-0.574617,-0.0128381
183.573,-1.86207,1.5335,66.2334,1.79537,1.05142,233.009,-0.569168,-1.54851,-0.48208,-0.0128381
155.887,-3.04434,-0.263023,58.4171,1.59025,0.82438,146.36,0.703037,-2.8431,1.0874,0.0128381
335.188,2.24536,-1.03802,60.8463,-3.93704,0.131087,218.783,0.857846,2.18988,-1.16911,-0.0128381
104.144,-2.66202,-1.08909,98.9602,2.04339,1.16867,69.4337,-1.39596,2.87437,2.25776,0.0128381
197.262,-1.77945,-0.949883,79.6555,2.19632,1.17306,145.423,-0.859272,2.45782,2.12295,0.0128381
220.185,-1.8183,-1.28133,60.2299,1.93105,0.735693,189.384,-1.04702,2.01983,2.01703,0.0128381
273.431,-2.03357,1.45907,152.219,2.238,-0.108802,197.861,0.764005,-1.96441,-1.56788,-0.0128381
71.3027,-4.09654,2.30731,59.9527,1.42672,3.10963,124.876,-1.18149,0.0767347,0.802318,0.0128381
90.3862,-1.27015,-2.13692,37.6473,2.7082,-1.3074,98.2552,0.829142,1.13506,0.829519,0.0128381
208.731,-2.39742,0.245413,76.0179,3.59227,1.27805,138.488,-1.65625,-2.14561,1.03264,0.0128381
83.3672,-1.00306,-0.641256,56.2277,2.56397,1.15586,60.9993,0.494063,2.56004,1.79712,0.0128381
100.186,-1.44797,-2.18921,53.8878,2.72339,-0.0940235,42.0619,2.8533,1.33144,2.09519,0.0128381
126.643,-2.92431,-0.985538,61.3671,1.43142,0.0532555,93.1841,-0.96541,2.54377,1.03879,0.0128381
175.059,1.85489,-1.85447,162.305,-2.23226,2.31624,171.356,-0.529118,0.234718,2.11248,0.0128381
124.064,1.61737,2.66467,98.3066,-2.82095,-2.95817,121.85,-0.282911,-0.509714,-0.66035,-0.0128381
161.501,3.19498,-0.633748,37.8759,-1.50629,1.21281,77.7191,-0.284146,2.3789,-1.84656,-0.0128381
372.665,-1.3999,2.35613,67.5727,2.50086,0.598429,223.228,-0.795401,-1.14872,-1.7577,-0.0128381
534.905,-0.652641,2.49457,50.7907,2.78766,0.41046,168.037,0.57546,-0.678906,-2.08411,-0.0128381
113.569,-1.46889,-1.30572,95.951,2.14792,-1.68882,162.884,0.363643,1.56184,-0.383097,-0.0128381
158.498,-2.52228,1.47607,128.97,0.824298,-2.19146,74.0199,-0.0397417,-0.376818,2.61566,0.0128381
322.095,0.791721,-0.391737,48.2443,-3.0574,-0.705435,253.65,-0.113682,2.8354,0.313698,-0.0128381
168.84,-0.772005,0.509183,108.835,2.6238,1.87788,123.246,0.924673,-1.77935,1.3687,0.0128381
116.109,3.02609,1.494,33.3356,-2.85817,-1.96144,62.8523,1.91126,-1.4939,-2.82775,-0.0128381
340.144,-0.855431,1.08013,54.6117,2.63088,-0.261486,200.612,0.552429,-2.21911,-1.34162,0.0128381
122.114,1.82091,-2.11446,53.8784,-2.79281,-0.112795,62.4307,0.496246,1.39068,-2.00167,-0.0128381
126.657,-2.62842,-0.827506,106.315,2.58742,0.565321,111.067,0.0125014,2.91581,1.39283,0.0128381
167.965,2.54588,1.69196,144.24,-0.710403,-2.69684,205.539,1.40408,-0.434804,-1.89438,-0.0128381
259.094,-2.99224,-2.05963,79.3348,3.36396,-1.2194,169.759,-0.850041,1.08852,0.840233,0.0128381
203.143,1.01464,2.10103,96.674,-3.60247,-0.129227,119.526,-1.89277,-1.72255,2.23026,0.0128381
169.25,-1.85311,-1.83982,49.4618,2.24971,-2.8287,127.956,-0.030679,0.949834,-0.988883,-0.0128381
104.633,-2.02098,-2.30464,87.6135,1.38334,-0.639634,71.6089,-0.853807,1.94075,1.665,0.0128381
136.511,1.65409,0.362211,93.7117,-1.35722,0.632864,153.056,0.796695,-3.00871,-0.270653,0.0128381
247.436,-2.45044,-1.06388,123.773,0.637509,-0.170438,335.631,-0.644689,2.49495,0.893442,0.0128381
202.459,2.89852,2.13515,45.5743,-0.612915,1.98853,196.146,1.67259,-0.939776,0.146617,-0.0128381
157.124,2.57122,-2.99011,52.2291,-0.756926,-0.814474,80.8797,-0.537568,0.392606,-2.17563,-0.0128381
241.651,0.0316112,1.63952,71.1609,-3.12181,2.69744,75.9078,-1.09897,-1.50996,-1.05792,-0.0128381
261.783,1.94025,-2.00596,134.598,-1.86571,3.05405,238.244,0.540057,0.825368,1.22317,0.0128381
278.484,-1.63329,-1.89417,88.3081,2.07618,-2.97718,105.836,-0.304225,0.978455,-1.08301,-0.0128381
249.215,-1.63016,-0.667574,115.744,1.97847,0.913381,206.348,0.585915,2.23378,1.58096,0.0128381
322.387,-0.153978,0.985626,124.563,3.35328,-0.165126,160.801,2.07666,-2.4631,-1.15075,-0.0128381
231.986,1.39121,-1.77544,96.4314,-3.2184,2.08428,127.137,-0.281345,0.864774,2.42346,0.0128381
102.958,3.38829,0.0770975,44.2463,-3.0716,2.05729,63.8289,-1.46255,3.01927,-1.98019,0.0128381
285.268,1.85071,-0.237208,134.25,-2.02464,-2.51112,91.7427,0.288951,-2.68649,2.27392,-0.0128381
269.772,-0.779256,-1.97669,70.5809,2.40827,0.0909898,148.629,1.32647,1.62751,2.06768,0.0128381
113.495,-1.74171,2.24373,77.7978,3.1373,3.04682,121.929,0.135112,-0.635502,0.803092,0.0128381
125.027,-2.98884,1.89445,108.384,0.581714,-2.20276,149.569,-1.90931,-0.968697,2.18598,0.0128381
173.397,2.62723,0.687697,48.3506,-3.14945,3.01501,84.7712,0.652671,-2.67552,-2.32732,-0.0128381
69.0695,3.06732,-1.14333,66.6772,-1.23049,1.38105,33.8877,0.356041,-3.06519,-2.52438,-0.0128381
315.19,-1.96307,-0.745737,65.9337,3.62179,0.986245,238.515,0.624582,2.64788,1.73198,0.0128381
158.686,0.714067,-0.641251,135.446,-3.10717,0.216392,133.33,0.0496102,2.8792,-0.857643,-0.0128381
110.723,3.97661,2.39539,55.7328,-2.2724,0.621314,85.9267,-1.22395,-1.67247,1.77407,0.0128381
199.579,-2.48402,1.36999,49.9076,3.88267,-1.18777,110.38,0.854658,-2.08593,-2.55776,-0.0128381
155.274,-2.37394,0.30313,86.3978,3.39744,2.33493,61.8946,-0.861443,-1.89477,2.0318,0.0128381
283.403,1.03804,-2.9147,75.7769,-3.48826,2.11842,205.466,-0.630423,0.183014,1.25006,0.0128381
117.367,-0.996574,-2.81794,111.941,2.07911,1.13605,137.568,0.604156,-0.711543,-2.3292,-0.0128381
88.9452,2.94499,-0.915831,46.4913,-1.64998,-2.04565,56.2043,-0.0472106,1.97295,1.12982,0.0128381
108.111,-0.616981,2.35474,61.4062,3.19459,3.04552,122.036,0.175854,-0.385201,0.690778,0.0128381
139.412,-3.68435,1.61987,53.194,1.77805,2.06672,93.9062,-1.37243,-1.33012,0.446849,0.0128381
270.967,1.4493,1.37986,65.4361,-3.26328,-1.0067,86.9528,-1.36255,-1.73867,2.38655,0.0128381
70.2411,-1.9936,-2.06525,62.022,2.0049,1.31843,53.7153,0.156257,1.14006,-2.89951,0.0128381
121.011,-2.77959,1.88839,101.491,1.57875,-1.60474,53.8007,-2.05836,-0.193958,2.79006,0.0128381
274.114,-2.00641,-0.585558,220.852,1.22602,0.863403,288.997,0.023995,-3.12956,1.44896,0.0128381
252.271,3.01547,-0.640504,56.7434,-2.14958,-1.25192,153.914,0.783383,2.33927,0.611412,0.0128381
192.64,-2.65977,0.236516,73.588,1.46491,-1.15074,132.64,-0.0390337,3.13828,-1.38725,-0.0128381
329.654,-2.48488,2.6552,61.8705,4.16763,1.94287,210.993,0.6823,-0.774885,-0.712327,-0.0128381
161.361,-1.28664,2.40139,78.0451,2.86926,-2.63447,145.698,0.0485379,0.259451,1.24733,0.0128381
179.348,3.62455,0.583125,120.337,-2.35149,2.86117,81.2285,-0.789137,-2.09248,-2.27804,-0.0128381
178.798,3.12275,-1.33615,118.847,-1.5522,0.788667,135.918,2.58971,2.52395,-2.12482,-0.0128381
285.353,2.03866,-1.12222,187.681,-2.33373,-0.0207144,184.604,1.08186,2.67863,-1.10151,-0.0128381
125.039,-2.64481,-0.821957,112.342,2.5413,-0.312427,175.013,0.404421,2.47387,0.50953,0.0128381
252.479,0.989473,1.15046,40.8437,-4.43073,-1.10869,77.0657,0.458742,-1.98302,2.25915,0.0128381
145.232,2.0017,-2.98961,55.6438,-3.54099,-2.95742,113.683,-1.63958,0.255372,-0.032186,-0.0128381
78.2349,1.41031,2.1534,42.3238,-3.24321,2.98228,75.942,-1.1836,-0.171918,-0.828885,-0.0128381
134.806,-3.179,-1.52636,40.5897,0.89608,-0.893318,201.662,-0.202949,1.98768,0.633043,0.0128381
145.494,-2.38461,2.37311,70.5782,1.72003,-2.05182,94.1248,0.633086,-0.559596,1.85826,0.0128381
83.0283,-3.96044,-0.564786,58.914,0.810125,0.755677,94.4661,-0.0762762,2.95453,1.32046,0.0128381
206.304,-0.772471,2.23448,134.254,2.68785,-0.0119345,143.167,0.936747,-1.55209,-2.24642,-0.0128381
133.817,-3.31412,-0.608245,128.429,1.74199,0.748332,103.068,0.759819,-3.08748,1.35658,-0.0128381
191.093,1.77862,2.5953,179.34,-2.07862,2.25311,217.374,0.687116,-0.766055,0.342196,0.0128381
224.679,-2.14418,1.63327,135.789,2.19179,-0.713345,129.707,0.994143,-2.78319,-2.34661,-0.0128381
240.514,-2.32598,1.2903,97.259,2.19171,2.19288,191.93,-0.29607,-1.67552,0.902581,0.0128381
139.981,1.68611,1.47045,71.3208,-1.52171,-1.06181,152.847,-0.156475,-1.94847,2.53226,0.0128381
97.4252,1.5441,2.25717,46.9266,-3.8543,0.536712,63.8869,-2.31794,-1.67364,1.72046,0.0128381
134.777,1.2966,-1.52863,79.9151,-3.1307,2.9863,70.1415,1.06087,1.37658,1.76826,0.0128381
113.21,-0.232921,2.62159,110.638,2.99425,1.60014,145.231,1.01283,-0.574582,-1.02145,-0.0128381
194.16,-1.93085,2.85235,104.076,1.91355,1.59929,177.691,0.00496597,-0.650783,-1.25306,-0.0128381
126.072,-3.59413,0.240084,51.3286,3.16964,-1.0515,129.31,0.156095,2.87309,-1.29158,-0.0128381
347.899,0.610267,1.60653,74.2346,-3.5376,-0.158518,114.623,-0.491436,-1.73884,1.76505,0.0128381
162.778,-1.7351,-0.421457,49.8194,3.05658,1.89969,119.274,-0.107667,3.08418,2.32114,0.0128381
175.07,2.43603,-2.16726,84.4893,-2.44704,-0.736079,184.314,1.43858,1.41643,-1.43118,-0.0128381
118.313,-2.8892,-2.48471,64.8789,4.02649,-2.07638,182.23,1.33344,0.937995,0.408335,-0.0128381
108.067,-1.43789,0.870897,101.006,3.32987,-2.4558,101.474,1.80631,-2.74132,2.95649,-0.0128381
94.4868,-1.85036,2.16238,85.8776,2.14071,-1.87767,65.134,0.159209,-0.333478,2.24313,0.0128381
158.929,2.35464,-2.28415,131.905,-2.67733,-2.12291,199.643,-0.156553,1.17593,-0.161232,0.0128381
404.244,-1.25107,1.38013,56.4012,2.69553,-1.25972,241.516,-0.103247,-1.63263,-2.63986,-0.0128381
239.385,-1.60714,-0.0735568,37.9317,2.46547,0.991524,73.1968,-0.251307,2.86614,1.06508,0.0128381
84.0332,-0.520616,0.318485,76.1111,2.94388,-0.881161,62.4368,1.88675,2.8491,-1.19965,-0.0128381
189.265,-0.688429,-0.955386,81.4235,4.01798,-2.33588,212.792,-0.273601,1.90392,-1.3805,-0.0128381
227.229,3.04946,-1.96319,83.4191,-2.53247,2.56794,148.969,-0.359579,1.10829,1.75206,0.0128381
275.764,-0.900386,1.77644,88.6132,3.42991,-0.418599,148.006,1.6009,-1.80712,-2.19504,-0.0128381
122.828,-2.43044,-2.50127,53.4419,0.571703,1.78443,78.3676,-1.97128,0.646319,-1.99749,-0.0128381
90.573,-2.9489,-0.103877,82.4101,3.17075,0.613158,80.3906,-0.0790556,-2.28332,0.717035,0.0128381
268.587,-2.40907,-0.095478,56.1932,2.83689,1.71001,211.598,1.00005,-3.02041,1.80549,0.0128381
98.807,1.46945,-0.217009,76.564,-3.40194,-0.83904,85.839,-1.03745,2.44635,0.622031,0.0128381
183.032,2.6287,-1.56149,117.419,-2.81679,-0.459722,221.276,-0.987707,1.88044,-1.10177,-0.0128381
245.844,2.79691,-1.15942,173.234,-1.96848,2.52131,208.619,1.55387,1.79481,2.60246,0.0128381
70.6003,-4.3079,2.52899,45.0567,3.40115,-1.15496,29.9368,-1.57516,-0.0155781,2.59923,0.0128381
226.225,-2.43014,-1.26223,66.5899,1.57294,-2.10801,65.3184,0.175014,1.69464,-0.84578,0.0128381
117.783,-2.38697,-0.313407,88.5758,2.46442,-2.62589,63.2412,-0.628152,1.82884,-2.31248,-0.0128381
154.536,-2.19225,0.0537518,93.2489,2.05145,-2.10146,74.0903,2.28833,2.31577,-2.15521,-0.0128381
99.5635,3.17633,0.773025,63.3079,-1.36341,0.992683,74.6358,-0.0275767,-2.16275,-0.219658,-0.0128381
290.759,0.389434,1.77794,67.2285,-2.9131,-2.38514,142.515,-0.633324,-1.05161,-2.12011,-0.0128381
117.326,2.74213,-1.59067,99.8878,-1.47126,-0.621515,112.78,1.19481,2.08579,-0.969159,-0.0128381
106.277,2.00403,0.953668,42.0883,-2.88808,-3.11201,72.512,0.427476,-2.12046,-2.2175,-0.0128381
259.17,0.869642,1.01272,40.3658,-3.27593,1.2529,250.645,0.159615,-1.91681,-0.240179,0.0128381
78.9623,-3.87099,-1.28708,35.8109,2.26132,0.0746929,54.1812,-0.361064,1.70003,1.36177,0.0128381
194.707,0.544523,-0.422505,32.771,-2.87331,-1.72955,92.3913,0.112704,2.26607,1.30704,0.0128381
395.374,-1.28413,-2.63977,44.0809,4.23677,-1.10234,289.587,0.291772,0.617936,1.53743,0.0128381
164.991,-0.312677,-1.65301,108.649,3.36623,0.625228,66.8982,1.40241,2.16569,2.27824,0.0128381
113.01,2.1027,1.94849,73.5961,-3.12598,0.263301,69.4549,-0.286258,-1.82335,1.68519,0.0128381
239.878,-2.11437,1.79655,34.5891,3.41345,-2.36677,63.6667,0.566882,-1.44384,2.11986,0.0128381
133.143,3.66574,-1.66415,122.032,-0.593594,-2.9112,120.278,0.816988,0.550656,1.24706,0.0128381
451.613,0.565643,0.543761,95.0935,-2.55118,2.50544,175.492,0.274631,-2.64869,-1.96168,-0.0128381
301.579,1.86132,-0.174408,73.8996,-2.28821,1.49769,89.8443,0.137484,-2.85382,-1.6721,-0.0128381
106.082,-1.12887,0.0853436,71.1991,3.49398,1.18928,122.156,1.08102,-2.52277,1.10394,0.0128381
321.318,2.50177,2.5985,76.6531,-1.62495,-2.53077,233.071,-0.594452,-0.213795,-1.15391,-0.0128381
83.815,0.855383,-1.68821,76.7106,-4.50032,-2.41072,115.726,-0.136936,1.44296,0.722509,0.0128381
165.874,1.28926,2.18658,103.513,-2.05554,-2.01492,82.4853,1.05303,-0.0464209,-2.08169,-0.0128381
54.202,2.7463,2.72419,43.7521,-2.0539,0.642981,49.5491,1.01223,-1.47657,2.0812,0.0128381
64.1681,3.27192,1.67066,47.5182,-1.94747,2.68474,83.0998,1.50123,-0.887865,-1.01407,-0.0128381
124.814,-3.06885,-3.0927,107.854,2.29144,-2.0156,160.052,-1.40594,0.465741,1.07709,0.0128381
114.628,-2.00714,0.704437,81.4022,2.67085,-0.806156,95.8708,0.802443,-2.92767,-1.51059,-0.0128381
90.1814,-2.51862,-2.73423,74.1044,3.72531,-1.31865,88.5218,0.78977,1.5189,1.41558,0.0128381
97.268,1.55154,2.24902,30.1641,-2.86924,-2.3557,84.8191,-1.41041,-0.452987,-1.67847,-0.0128381
76.3684,1.01955,-2.98154,51.5016,-3.60947,1.99184,96.669,-0.20445,-0.472728,1.30981,0.0128381
94.9729,3.35833,-0.865078,80.1747,-3.10826,-1.49162,47.6613,2.01115,1.38472,0.626537,0.0128381
299,2.36224,1.45866,172.738,-1.87076,0.160075,421.118,-0.926351,-1.96916,1.29859,-0.0128381
139.605,2.99257,2.80924,62.2366,-3.08298,1.92948,92.7092,0.870096,-0.574929,0.87976,0.0128381
193.079,1.18482,1.18205,176.269,-2.46387,-0.00818316,96.0118,0.321435,-2.53316,1.19023,0.0128381
320.517,-1.53986,1.31463,92.4531,3.11572,-2.58418,183.338,-0.861627,-2.05481,2.38438,-0.0128381
86.7467,0.0179761,1.57606,60.7116,-3.2149,0.115419,64.1406,-2.55985,-2.55336,1.46064,0.0128381
53.3083,2.69651,2.33746,32.2423,-2.29852,-2.60258,38.1416,1.45876,-0.705596,-1.34315,-0.0128381
330.342,-1.78161,1.46162,46.8328,1.78582,-2.70718,126.682,0.196791,-1.68379,2.11439,0.0128381
94.0065,0.688891,-2.79958,41.8553,-4.06239,0.187696,54.0734,0.930029,1.24584,-2.98727,-0.0128381
83.4784,2.60682,-1.00948,61.6914,-1.58268,-3.05917,65.4644,1.5948,0.809089,2.0497,0.0128381
151.537,1.95922,2.4066,46.1863,-1.15708,-2.74463,138.472,-0.148079,-0.432831,-1.13195,-0.0128381
209.022,-3.32686,2.39653,69.6012,1.2596,1.51973,162.685,-1.30722,-0.966386,-0.876801,-0.0128381
136.037,1.16879,1.0041,68.7724,-2.78701,-1.46699,85.8754,-2.39861,-2.88116,2.47109,0.0128381
135.968,1.94703,-0.203144,112.112,-2.07326,-2.4311,82.2741,0.0494383,1.75088,2.22796,0.0128381
103.392,-1.87564,-1.28114,69.1191,1.24049,-1.48956,115.331,0.42804,1.75326,-0.208421,-0.0128381
81.4388,1.11366,-1.45505,62.0073,-3.78427,-2.16972,73.5961,-1.71232,2.13369,0.714666,0.0128381
120.029,-2.08893,-2.65278,74.557,1.75833,-0.63507,154.073,0.669827,1.04158,2.01771,0.0128381
153.08,1.31922,1.61179,101.513,-2.14104,-2.20129,107.269,-0.349011,-0.570652,-2.47011,-0.0128381
115.099,-2.91313,1.62674,56.096,2.43163,2.79743,45.1519,0.305952,-1.80299,1.17069,-0.0128381
143.736,-2.40788,0.427193,112.024,1.73126,-2.16593,52.1361,0.892553,2.28367,-2.59312,-0.0128381
122.745,0.611538,1.11754,37.3715,-4.53712,1.47079,130.105,-1.21621,-1.70986,-0.353247,-0.0128381
60.944,-3.53867,-1.65193,53.1805,1.52037,-2.28808,98.6443,-1.16452,1.39915,-0.636147,-0.0128381
197.502,-0.17132,1.23915,43.1073,4.19993,-1.37167,138.486,0.723361,-2.07301,-2.61082,-0.0128381
128.805,-2.91122,-0.770148,66.0098,1.92634,-1.99429,109.357,-0.29078,1.69968,-1.22414,0.0128381
253.218,1.64515,-2.36105,146.921,-3.15034,-0.819253,81.669,-1.94457,1.51422,-1.54179,-0.0128381
195.708,-1.96556,-3.00854,68.9011,1.9904,-0.262319,75.5481,-0.262325,-0.095098,2.74622,0.0128381
237.466,-1.24026,-1.5449,43.8134,2.41649,1.33509,97.694,-0.455261,1.6346,2.87998,-0.0128381
149.249,-1.67578,2.47771,75.8066,1.71734,-2.01047,90.2514,0.478394,0.10178,1.795,0.0128381
119.013,1.01935,1.80237,47.9206,-2.41854,3.02228,126.418,0.701773,-1.09377,-1.21991,-0.0128381
235.993,2.02365,-2.08226,84.6707,-2.30792,1.72048,69.3311,1.19189,1.2339,2.48045,0.0128381
128.59,-2.72708,2.36896,93.0614,3.66467,1.13181,68.7424,-0.493915,-1.46484,-1.23715,-0.0128381
134.911,-2.87432,-0.862117,134.216,2.35452,-1.87378,48.8677,-1.33433,1.71376,-1.01166,-0.0128381
355.257,1.23757,-0.261349,133.02,-3.65441,1.494,146.401,-1.24243,2.82772,-1.75535,-0.0128381
217.062,1.51919,1.22969,147.212,-2.97212,-2.50262,86.5096,-1.20543,-1.18862,-2.55088,-0.0128381
180.032,-1.48063,2.70269,83.2346,3.04642,-1.63958,155.303,0.19696,-0.272526,1.94092,0.0128381
84.0732,-3.09261,3.03662,33.5381,1.79649,-0.780865,32.9398,1.39797,1.48372,2.4657,0.0128381
73.41,2.99798,-2.29955,58.4144,-3.12124,-0.319147,48.424,1.75086,2.38119,-1.98041,-0.0128381
48.23,0.385282,-2.5522,42.1066,-4.41218,-0.490483,47.5895,-0.330181,1.6795,-2.06172,-0.0128381
188.599,-0.554839,2.85718,63.2438,3.26846,-0.18098,104.13,0.941638,-0.687942,-3.03816,-0.0128381
287.364,0.411112,-2.67502,35.6108,-2.67869,-3.02323,199.49,-0.819677,0.478697,0.348204,0.0128381
253.187,3.1114,-2.97791,73.5121,-2.76764,2.20257,213.124,-0.716061,-0.342785,1.10271,0.0128381
195.81,1.04156,2.88787,94.0412,-3.56298,-1.61138,169.855,-1.70462,0.206746,-1.78393,-0.0128381
131.316,-2.3176,-2.10297,65.3598,3.111,2.35724,111.937,-0.32838,0.491147,-1.82297,-0.0128381
186.794,-3.26788,-2.07822,81.0002,3.12735,3.09838,140.209,-0.65078,0.449859,-1.10658,-0.0128381
150.23,2.3974,-2.2334,146.792,-2.36173,1.66519,51.7659,-0.36338,1.01444,2.38459,0.0128381
197.76,-1.73511,0.136948,31.5841,2.71266,2.48738,94.9232,-0.341956,-2.82266,2.35043,0.0128381
198.745,-1.39271,-1.79271,58.2606,2.25004,2.46146,128.415,1.42143,0.934487,-2.02902,-0.0128381
176.903,-0.550317,2.98733,58.6984,4.05015,-2.2822,162.956,0.939454,0.0399579,1.01365,0.0128381
145.147,2.16848,2.9285,77.8381,-3.94916,0.901786,112.86,0.830958,-1.26402,2.02671,0.0128381
136.799,3.07837,-1.35722,128.059,-4.05873,-2.25566,155.268,-1.16956,1.20279,0.898446,0.0128381
88.8804,1.94287,1.65086,67.0547,-1.8912,-2.83535,49.3146,-1.27549,-1.13727,-1.79698,-0.0128381
57.342,1.69974,-1.36985,35.9898,-3.9961,-0.0498408,59.5146,1.83504,1.91465,-1.32001,-0.0128381
238.023,-1.37569,0.73876,226.358,1.95685,-0.0985177,237.205,-0.708,-2.67448,-0.837278,-0.0128381
101.948,-0.123595,2.25008,75.668,3.55455,-0.0452715,37.3954,1.27581,-2.48533,-2.29536,-0.0128381
285.698,2.94671,2.60087,96.1154,-0.717494,0.629481,232.557,0.828857,-0.898578,1.97139,0.0128381
85.9193,2.12558,0.015761,63.3621,-2.12497,0.0875631,103.399,-0.282691,-3.02945,-0.0718022,-0.0128381
205.29,1.78365,2.12405,57.4149,-2.17396,-1.79694,158.753,-0.601272,-0.79251,-2.36219,-0.0128381
168.817,1.7054,1.33348,58.394,-3.46405,-0.900119,105.204,-0.593534,-2.11469,2.2336,0.0128381
325.981,-0.661667,0.464556,44.2657,2.67717,-1.186,241.773,1.56178,-2.86767,-1.65056,-0.0128381
105.121,1.07817,1.83675,80.1875,-2.93902,-1.01053,60.5095,-1.70513,3.13212,2.84728,0.0128381
123.361,2.52469,-0.426106,75.8951,-2.5465,1.36188,74.2278,-0.584641,-2.62876,-1.78799,-0.0128381
138.75,-0.706114,0.277703,126.909,3.4598,-1.2469,83.0344,0.37055,2.65291,-1.5246,-0.0128381
220.708,2.03912,-1.02232,65.572,-1.9148,3.06757,150.901,-0.0461717,1.79606,2.19329,0.0128381
64.7116,3.29039,-1.10746,48.3689,-1.89424,2.83092,49.2118,1.13698,0.892719,2.34481,0.0128381
151.365,2.15927,-1.26422,143.61,-1.93932,1.27178,44.6614,1.11439,3.09553,-2.536,-0.0128381
217.197,2.06562,0.408119,125.3,-2.24839,-0.415644,194.8,1.69429,3.11346,0.823763,0.0128381
446.154,2.45901,0.562556,163.46,-1.38918,-1.62446,322.232,1.07072,-2.92743,2.18702,0.0128381
244.934,2.0207,1.01473,152.508,-3.04041,1.06588,188.829,-0.371459,-1.81166,-0.0511509,-0.0128381
149.975,-1.3319,2.01974,54.7952,3.49114,-1.12592,81.2374,2.31982,-0.864127,3.13752,0.0128381
57.704,3.78125,-0.268595,46.0163,-4.37783,0.425427,83.1128,-0.174332,-2.68104,-0.694022,-0.0128381
222.943,1.88933,2.29446,91.756,-1.7463,0.253616,116.89,0.265166,-1.35183,2.04084,0.0128381
335.365,-2.15602,0.0955894,44.6616,1.27419,-0.3475,260.43,-1.40191,3.02815,-0.443089,-0.0128381
268.756,1.73529,-1.99581,185.667,-2.95596,2.96536,133.249,-1.01683,0.686362,1.32201,0.0128381
102.893,-1.70038,-0.434069,37.2171,2.94474,-1.30264,128.76,-1.12295,2.27942,-0.86857,-0.0128381
182.849,0.455618,-0.0169038,86.7301,-2.73003,-0.681484,94.7329,-1.01671,2.45528,0.66458,0.0128381
387.626,-1.8671,-0.281531,297.007,2.06454,2.23007,245.535,-1.22657,-3.08895,2.5116,0.0128381
143.382,-1.63222,0.960034,81.8509,3.06415,3.05472,100.81,0.570575,-1.1269,2.09469,0.0128381
112.92,-2.19456,1.12863,111.705,3.05187,1.55833,185.725,2.18136,-1.9219,0.429702,0.0128381
71.3821,1.95922,0.493067,48.6224,-3.55172,-1.64912,59.6286,-1.99863,-3.07874,2.14219,0.0128381
161.645,-3.20182,-2.67545,77.715,0.944652,2.77909,59.0306,-1.50718,-0.55127,-0.828643,-0.0128381
274.724,2.32621,-0.561884,153.499,-2.5793,-2.26227,179.203,-0.253193,2.22325,1.70039,0.0128381
101.585,-0.854527,1.95592,77.9387,2.6672,1.27881,72.9139,-0.786138,-1.36475,-0.677112,-0.0128381
122.177,-2.98073,0.443445,114.684,2.9566,-0.181141,216.135,2.20156,-3.04631,-0.624587,-0.0128381
170.137,-2.14731,-2.3346,87.2189,2.82016,-2.5969,215.267,0.557961,0.815409,-0.262302,0.0128381
108.89,1.39277,1.78684,76.078,-1.93835,-2.50619,61.5024,1.74038,-0.753758,-1.99015,-0.0128381
397.858,-1.1724,0.978145,328.888,2.32365,-1.40484,170.376,1.29902,3.10757,-2.38299,-0.0128381
283.711,1.67753,-1.79351,123.471,-1.98042,-2.96375,239.814,0.955358,0.667364,1.17024,0.0128381
135.381,-1.45574,-0.19787,72.5347,3.05052,-1.86883,86.0932,1.49117,2.36029,-1.67096,-0.0128381
408.335,-1.17562,0.505592,221.307,2.13182,-0.850916,323.271,-0.413901,-2.80907,-1.35651,-0.0128381
84.5596,-2.90269,-2.19608,33.9656,3.13005,-2.96451,67.2557,2.19368,0.931707,-0.768436,-0.0128381
83.3912,-0.11956,-2.63129,83.3587,3.14884,-1.86862,43.9647,0.9484,0.0801656,0.762669,-0.0128381
